# Directed graph (each unordered pair of nodes is saved once): web-NotreDame.txt 
# University of Notre Dame web graph from 1999 by Albert, Jeong and Barabasi
# Nodes: 7500 Edges: 12492
# FromNodeId	ToNodeId
0	0
0	1
0	2
0	3
0	4
0	5
0	6
0	7
0	8
0	9
0	10
0	11
0	12
0	13
0	14
0	15
0	16
1	0
1	7
1	17
1	18
1	19
1	20
1	21
1	22
1	23
1	24
1	25
1	26
1	27
1	28
1	29
1	30
1	31
1	32
1	33
1	34
1	35
1	36
1	37
1	38
1	39
3	0
3	14
3	40
3	41
3	42
3	43
4	0
4	11
4	14
4	40
4	44
4	45
4	46
4	47
4	48
4	49
4	50
4	51
4	52
4	53
4	54
4	55
4	56
4	57
4	58
4	59
4	60
4	61
4	62
4	63
4	64
4	65
4	66
4	67
4	68
4	69
4	70
4	71
4	72
4	73
4	74
4	75
4	76
4	77
4	78
4	79
4	80
4	81
4	82
5	0
5	83
5	84
5	85
5	86
5	87
5	88
6	0
6	14
6	37
6	38
6	39
6	89
6	90
6	91
6	92
6	93
6	94
6	95
6	96
6	97
6	98
6	99
6	100
6	101
6	102
6	103
6	104
6	105
6	106
6	107
6	108
6	109
6	110
6	111
6	112
6	113
6	114
6	115
6	116
6	117
6	118
6	119
6	120
6	121
6	122
6	123
7	0
7	6
7	8
7	14
7	25
7	33
7	37
7	45
7	80
7	82
7	121
7	124
7	125
7	126
7	127
7	128
7	129
7	130
7	131
7	132
7	133
7	134
7	135
7	136
7	137
7	138
7	139
7	140
7	141
7	142
7	143
7	144
7	145
7	146
7	147
7	148
7	149
7	150
7	151
7	152
8	0
8	3
8	14
8	40
8	46
8	70
8	141
8	150
8	153
8	154
8	155
8	156
9	0
9	12
9	14
9	131
9	134
9	157
9	158
9	159
9	160
9	161
9	162
9	163
9	164
9	165
9	166
9	167
9	168
10	0
10	4
10	6
10	9
10	14
10	15
10	16
10	33
10	35
10	37
10	38
10	40
10	44
10	46
10	51
10	63
10	70
10	71
10	72
10	74
10	134
10	140
10	141
10	144
10	145
10	169
10	170
10	171
10	172
10	173
10	174
10	175
10	176
10	177
10	178
10	179
10	180
10	181
10	182
10	183
10	184
10	185
10	186
10	187
10	188
10	189
10	190
10	191
10	192
10	193
10	194
10	195
10	196
10	197
10	198
10	199
10	200
10	201
10	202
10	203
10	204
10	205
10	206
10	207
10	208
10	209
10	210
10	211
10	212
10	213
10	214
10	215
10	216
10	217
10	218
10	219
10	220
11	0
11	6
11	9
11	14
11	36
11	40
11	44
11	46
11	51
11	63
11	68
11	69
11	70
11	72
11	73
11	74
11	103
11	107
11	111
11	136
11	137
11	138
11	151
11	152
11	153
11	155
11	156
11	162
11	163
11	171
11	189
11	202
11	205
11	206
11	210
11	212
11	214
11	215
11	216
11	217
11	221
11	222
11	223
11	224
11	225
11	226
11	227
11	228
11	229
11	230
11	231
11	232
11	233
11	234
11	235
12	236
12	237
13	238
13	239
14	0
15	0
15	4
15	70
15	141
15	169
15	202
15	240
15	241
15	242
15	243
15	244
15	245
15	246
16	247
16	248
16	249
16	250
16	251
16	252
16	253
16	254
16	255
16	256
16	257
17	1
17	258
17	259
17	260
17	261
17	262
17	263
17	264
17	265
17	266
18	1
18	267
18	268
19	0
19	1
19	17
19	19
19	20
19	21
19	23
19	24
19	25
19	27
19	29
19	269
19	270
19	271
19	272
19	273
19	274
19	275
19	276
19	277
19	278
19	279
19	280
19	281
19	282
19	283
19	284
19	285
19	286
19	287
19	288
19	289
19	290
19	291
19	292
19	293
19	294
19	295
19	296
19	297
19	298
19	299
19	300
19	301
19	302
19	303
19	304
19	305
19	306
19	307
19	308
19	309
19	310
19	311
19	312
19	313
19	314
19	315
19	316
19	317
19	318
19	319
19	320
19	321
19	322
19	323
19	324
19	325
19	326
19	327
19	328
19	329
19	330
19	331
19	332
19	333
19	334
19	335
19	336
19	337
19	338
19	339
19	340
19	341
19	342
19	343
19	344
19	345
19	346
19	347
19	348
19	349
19	350
19	351
20	0
20	17
20	19
20	20
20	21
20	23
20	24
20	25
20	27
20	29
20	352
20	353
20	354
20	355
20	356
20	357
20	358
20	359
20	360
20	361
20	362
20	363
20	364
20	365
20	366
20	367
20	368
20	369
20	370
20	371
20	372
20	373
20	374
20	375
20	376
20	377
20	378
20	379
20	380
20	381
20	382
20	383
20	384
20	385
20	386
20	387
20	388
20	389
20	390
20	391
20	392
20	393
20	394
20	395
20	396
20	397
20	398
20	399
20	400
20	401
20	402
20	403
20	404
20	405
20	406
20	407
20	408
20	409
20	410
20	411
20	412
20	413
20	414
20	415
20	416
20	417
20	418
20	419
20	420
20	421
20	422
20	423
20	424
20	425
20	426
20	427
20	428
20	429
20	430
20	431
20	432
20	433
20	434
20	435
20	436
20	437
20	438
20	439
20	440
20	441
20	442
20	443
20	444
20	445
20	446
20	447
20	448
20	449
20	450
20	451
20	452
20	453
20	454
20	455
20	456
20	457
20	458
20	459
20	460
20	461
20	462
20	463
20	464
20	465
20	466
20	467
20	468
20	469
20	470
20	471
20	472
20	473
20	474
20	475
20	476
20	477
20	478
20	479
20	480
20	481
20	482
20	483
20	484
20	485
20	486
20	487
20	488
20	489
20	490
20	491
20	492
20	493
20	494
20	495
20	496
20	497
20	498
20	499
20	500
20	501
20	502
20	503
20	504
20	505
20	506
20	507
20	508
20	509
20	510
20	511
20	512
20	513
20	514
20	515
20	516
20	517
20	518
20	519
20	520
20	521
20	522
20	523
20	524
20	525
20	526
20	527
20	528
20	529
20	530
20	531
20	532
20	533
20	534
20	535
20	536
20	537
20	538
20	539
20	540
20	541
20	542
20	543
20	544
20	545
20	546
20	547
20	548
20	549
20	550
20	551
20	552
20	553
20	554
20	555
20	556
20	557
20	558
20	559
20	560
20	561
20	562
20	563
20	564
20	565
20	566
20	567
20	568
20	569
20	570
20	571
20	572
20	573
20	574
20	575
20	576
20	577
20	578
20	579
20	580
20	581
20	582
21	0
21	1
21	21
21	583
21	584
21	585
21	586
21	587
21	588
21	589
21	590
21	591
22	592
22	593
23	0
23	1
23	17
23	19
23	20
23	21
23	23
23	24
23	25
23	27
23	29
23	594
23	595
23	596
24	0
24	1
24	17
24	19
24	20
24	21
24	23
24	24
24	25
24	27
24	29
24	597
24	598
24	599
25	0
25	1
25	17
25	19
25	20
25	21
25	23
25	24
25	25
25	27
25	29
25	600
25	601
25	602
25	603
25	604
25	605
25	606
25	607
25	608
25	609
25	610
25	611
25	612
25	613
25	614
26	0
26	1
26	17
26	19
26	20
26	21
26	23
26	24
26	25
26	27
26	29
27	0
27	1
27	17
27	19
27	20
27	21
27	23
27	24
27	25
27	27
27	29
27	615
27	616
28	1
29	0
29	1
29	617
29	618
29	619
29	620
29	621
29	622
29	623
29	624
29	625
29	626
29	627
29	628
29	629
29	630
30	0
30	1
30	18
30	631
30	632
31	633
32	0
32	132
32	634
32	635
32	636
32	637
32	638
32	639
32	640
33	176
33	641
33	642
33	643
33	644
33	645
34	0
34	34
34	163
34	646
34	647
34	648
34	649
35	0
35	267
35	650
35	651
35	652
35	653
35	654
35	655
35	656
35	657
35	658
36	0
36	1
36	4
36	69
36	156
36	202
36	659
36	660
36	661
36	662
36	663
36	664
37	267
37	665
37	666
37	667
37	668
37	669
37	670
40	0
40	14
40	40
40	73
40	157
40	160
40	161
40	173
40	205
40	210
40	216
40	217
40	235
40	671
40	672
40	673
40	674
40	675
40	676
40	677
40	678
40	679
40	680
40	681
40	682
40	683
40	684
40	685
40	686
40	687
40	688
40	689
40	690
40	691
40	692
40	693
40	694
40	695
40	696
40	697
40	698
40	699
40	700
40	701
40	702
40	703
40	704
40	705
40	706
40	707
40	708
40	709
40	710
40	711
40	712
40	713
40	714
40	715
40	716
40	717
40	718
40	719
40	720
40	721
40	722
40	723
40	724
40	725
40	726
40	727
40	728
40	729
40	730
40	731
40	732
40	733
40	734
40	735
40	736
40	737
40	738
40	739
40	740
40	741
40	742
40	743
40	744
40	745
40	746
40	747
40	748
40	749
40	750
40	751
40	752
40	753
40	754
40	755
40	756
40	757
40	758
40	759
40	760
40	761
40	762
40	763
40	764
40	765
40	766
40	767
40	768
40	769
40	770
40	771
40	772
40	773
40	774
40	775
40	776
40	777
40	778
40	779
40	780
40	781
40	782
40	783
40	784
40	785
40	786
40	787
40	788
40	789
40	790
40	791
40	792
40	793
40	794
40	795
40	796
40	797
40	798
40	799
40	800
40	801
40	802
41	0
41	803
41	804
41	805
41	806
41	807
42	0
42	808
42	809
42	810
42	811
42	812
42	813
42	814
42	815
42	816
42	817
42	818
42	819
42	820
42	821
43	822
43	823
43	824
44	825
44	826
45	827
45	828
45	829
46	14
46	267
46	732
46	830
46	831
46	832
46	833
46	834
46	835
46	836
46	837
46	838
46	839
46	840
46	841
46	842
46	843
46	844
46	845
46	846
46	847
46	848
46	849
46	850
46	851
47	0
47	80
47	81
47	82
47	852
47	853
47	854
47	855
47	856
47	857
47	858
47	859
47	860
47	861
48	0
48	49
48	862
48	863
48	864
48	865
48	866
48	867
48	868
49	0
49	48
49	862
49	863
49	865
49	869
49	870
49	871
49	872
49	873
49	874
49	875
49	876
49	877
50	50
50	55
50	64
50	189
50	878
50	879
51	51
51	189
51	803
51	880
51	881
51	882
51	883
51	884
51	885
51	886
52	52
52	170
52	172
52	189
52	194
52	204
52	649
52	887
52	888
52	889
52	890
52	891
52	892
52	893
52	894
52	895
52	896
52	897
52	898
52	899
53	0
53	900
53	901
53	902
53	903
53	904
53	905
53	906
54	0
54	55
54	907
54	908
54	909
55	0
55	54
55	71
55	910
55	911
55	912
55	913
55	914
55	915
55	916
55	917
55	918
56	0
56	55
56	57
56	913
56	919
57	0
57	55
57	56
57	57
57	913
58	0
58	58
58	59
58	862
58	920
58	921
58	922
58	923
58	924
58	925
58	926
58	927
58	928
58	929
59	58
59	59
59	879
59	920
59	927
60	58
60	59
60	60
60	920
60	927
60	930
60	931
60	932
60	933
60	934
60	935
60	936
60	937
61	0
61	62
61	862
61	938
61	939
61	940
61	941
61	942
61	943
61	944
61	945
61	946
62	0
62	61
62	862
62	947
62	948
62	949
62	950
63	951
63	952
63	953
63	954
64	0
64	67
64	955
64	956
64	957
64	958
64	959
64	960
64	961
64	962
64	963
64	964
64	965
64	966
64	967
64	968
64	969
64	970
64	971
65	64
65	960
65	972
65	973
66	64
67	64
67	75
67	76
67	974
67	975
67	976
67	977
67	978
68	0
68	1
68	4
68	68
68	69
68	156
68	202
68	659
68	660
68	661
68	662
68	663
68	664
69	0
69	1
69	4
69	36
69	68
69	69
69	74
69	107
69	156
69	189
69	202
69	206
69	212
69	228
69	229
69	230
69	231
69	232
69	659
69	660
69	661
69	662
69	663
69	664
69	808
69	979
69	980
69	981
69	982
69	983
69	984
69	985
69	986
69	987
69	988
69	989
69	990
69	991
69	992
69	993
70	0
70	15
70	53
70	55
70	64
70	70
70	169
70	240
70	242
70	243
70	246
70	862
70	994
70	995
70	996
70	997
71	0
71	55
71	998
71	999
71	1000
71	1001
71	1002
71	1003
71	1004
71	1005
71	1006
71	1007
72	1008
72	1009
72	1010
73	1011
73	1012
73	1013
74	1014
74	1015
84	0
84	5
84	85
85	0
85	5
85	84
86	0
86	86
86	1016
86	1017
86	1018
90	0
90	90
90	91
90	92
90	93
90	94
90	95
90	96
90	97
90	98
90	99
90	100
90	1019
90	1020
91	0
91	90
91	91
91	1021
92	0
92	39
92	90
92	92
92	97
92	1022
92	1023
93	0
93	90
93	93
94	0
94	90
94	94
94	111
94	767
94	1024
94	1025
94	1026
94	1027
95	0
95	90
95	95
95	111
95	1028
95	1029
96	1030
96	1031
96	1032
97	0
97	90
97	92
97	96
97	97
97	1033
97	1034
97	1035
97	1036
98	0
98	39
98	45
98	90
98	98
98	108
98	109
98	135
98	162
98	167
98	203
98	1037
98	1038
98	1039
98	1040
98	1041
99	0
99	90
99	99
99	1042
99	1043
100	0
100	90
100	91
100	92
100	93
100	94
100	97
100	98
100	99
100	100
100	1019
100	1024
100	1044
101	0
101	11
101	63
101	103
101	105
101	106
101	111
101	144
101	147
101	163
101	176
101	214
101	1045
101	1046
101	1047
101	1048
101	1049
101	1050
101	1051
101	1052
101	1053
101	1054
101	1055
102	0
102	102
102	103
102	224
102	1054
102	1056
102	1057
102	1058
102	1059
102	1060
102	1061
102	1062
103	0
103	103
103	224
103	1054
103	1057
103	1058
103	1061
103	1062
103	1063
103	1064
103	1065
103	1066
103	1067
103	1068
103	1069
103	1070
103	1071
103	1072
103	1073
103	1074
103	1075
103	1076
103	1077
103	1078
103	1079
103	1080
103	1081
103	1082
103	1083
103	1084
103	1085
103	1086
103	1087
103	1088
103	1089
103	1090
103	1091
103	1092
105	162
106	0
106	994
106	1093
106	1094
106	1095
106	1096
106	1097
106	1098
106	1099
106	1100
106	1101
106	1102
106	1103
106	1104
106	1105
106	1106
106	1107
106	1108
106	1109
106	1110
106	1111
107	0
107	1
107	4
107	69
107	107
107	156
107	202
107	659
107	660
107	661
107	662
107	663
107	664
107	906
107	1112
109	108
109	1041
109	1113
109	1114
110	0
110	140
110	950
110	1115
110	1116
110	1117
110	1118
111	1119
111	1120
112	1121
113	688
113	689
113	710
113	730
113	753
113	754
113	758
113	761
113	767
113	768
113	800
113	1122
113	1123
113	1124
113	1125
113	1126
113	1127
113	1128
113	1129
113	1130
114	1131
115	1132
116	214
116	1133
116	1134
116	1135
116	1136
116	1137
116	1138
116	1139
116	1140
116	1141
116	1142
116	1143
124	0
124	124
124	1144
124	1145
124	1146
124	1147
124	1148
124	1149
124	1150
125	1151
125	1152
126	0
126	14
126	1153
127	0
127	135
127	1154
127	1155
127	1156
127	1157
127	1158
127	1159
127	1160
131	0
131	132
131	634
131	635
131	636
131	637
131	638
131	639
131	640
132	1161
132	1162
132	1163
133	0
133	7
133	33
133	176
133	1164
133	1165
133	1166
133	1167
133	1168
133	1169
134	1170
134	1171
134	1172
134	1173
134	1174
134	1175
134	1176
134	1177
134	1178
134	1179
135	0
135	1180
135	1181
135	1182
135	1183
135	1184
135	1185
135	1186
135	1187
135	1188
135	1189
135	1190
135	1191
135	1192
135	1193
136	199
136	1194
136	1195
136	1196
136	1197
136	1198
137	199
137	200
137	1199
137	1200
137	1201
137	1202
137	1203
137	1204
137	1205
137	1206
137	1207
138	109
138	267
138	1208
138	1209
138	1210
138	1211
139	162
139	171
139	205
139	214
139	215
139	1211
139	1212
139	1213
140	0
140	35
140	39
140	205
140	210
140	995
140	1214
140	1215
140	1216
140	1217
140	1218
140	1219
140	1220
140	1221
140	1222
140	1223
140	1224
140	1225
140	1226
140	1227
140	1228
140	1229
140	1230
140	1231
140	1232
140	1233
140	1234
140	1235
140	1236
141	0
141	39
141	40
141	47
141	53
141	55
141	64
141	127
141	141
141	144
141	169
141	189
141	193
141	195
141	201
141	862
141	994
141	996
141	997
141	1237
141	1238
141	1239
141	1240
141	1241
141	1242
141	1243
141	1244
141	1245
141	1246
141	1247
141	1248
141	1249
141	1250
141	1251
141	1252
141	1253
142	0
142	135
142	140
142	144
142	1254
142	1255
143	0
143	140
143	1249
143	1256
144	0
144	1257
144	1258
144	1259
145	1260
145	1261
145	1262
145	1263
145	1264
145	1265
145	1266
145	1267
146	149
146	1268
146	1269
146	1270
146	1271
146	1272
153	14
153	1273
153	1274
153	1275
153	1276
153	1277
153	1278
153	1279
153	1280
153	1281
153	1282
153	1283
153	1284
153	1285
153	1286
153	1287
153	1288
153	1289
153	1290
153	1291
153	1292
153	1293
153	1294
153	1295
153	1296
153	1297
153	1298
153	1299
153	1300
153	1301
153	1302
154	1303
154	1304
154	1305
155	0
155	11
155	1306
157	1307
157	1308
157	1309
157	1310
158	1311
158	1312
158	1313
158	1314
158	1315
158	1316
158	1317
158	1318
158	1319
158	1320
159	0
159	1321
159	1322
159	1323
159	1324
159	1325
159	1326
159	1327
159	1328
159	1329
159	1330
160	267
160	1331
160	1332
160	1333
160	1334
160	1335
160	1336
160	1337
160	1338
160	1339
160	1340
160	1341
160	1342
160	1343
160	1344
160	1345
161	779
161	1330
161	1346
161	1347
161	1348
161	1349
161	1350
161	1351
161	1352
161	1353
161	1354
161	1355
161	1356
161	1357
161	1358
161	1359
161	1360
161	1361
161	1362
161	1363
161	1364
161	1365
161	1366
161	1367
161	1368
161	1369
161	1370
161	1371
161	1372
161	1373
161	1374
161	1375
161	1376
161	1377
161	1378
161	1379
161	1380
161	1381
161	1382
161	1383
161	1384
161	1385
161	1386
161	1387
162	0
162	105
162	163
162	1388
162	1389
162	1390
162	1391
162	1392
162	1393
162	1394
162	1395
162	1396
162	1397
162	1398
162	1399
162	1400
162	1401
162	1402
162	1403
162	1404
162	1405
162	1406
162	1407
162	1408
162	1409
162	1410
162	1411
162	1412
162	1413
162	1414
162	1415
162	1416
162	1417
162	1418
162	1419
162	1420
162	1421
162	1422
162	1423
162	1424
162	1425
162	1426
162	1427
162	1428
162	1429
162	1430
163	1431
163	1432
164	1433
164	1434
164	1435
164	1436
164	1437
164	1438
164	1439
164	1440
164	1441
164	1442
164	1443
164	1444
164	1445
164	1446
165	1447
165	1448
165	1449
165	1450
165	1451
165	1452
166	1453
167	0
167	105
167	162
167	167
167	1409
167	1454
167	1455
167	1456
168	1457
168	1458
168	1459
168	1460
168	1461
168	1462
168	1463
168	1464
168	1465
168	1466
168	1467
168	1468
169	0
169	86
169	1469
169	1470
169	1471
169	1472
169	1473
169	1474
169	1475
169	1476
169	1477
169	1478
169	1479
169	1480
169	1481
170	0
170	147
170	1482
170	1483
170	1484
170	1485
170	1486
170	1487
170	1488
170	1489
170	1490
170	1491
170	1492
170	1493
170	1494
170	1495
170	1496
170	1497
170	1498
170	1499
170	1500
170	1501
170	1502
170	1503
170	1504
170	1505
170	1506
170	1507
170	1508
170	1509
170	1510
170	1511
170	1512
170	1513
170	1514
170	1515
170	1516
170	1517
170	1518
171	0
171	171
171	1519
172	1520
172	1521
173	1522
173	1523
174	0
174	15
174	198
174	202
174	1524
174	1525
174	1526
174	1527
174	1528
175	175
175	191
175	880
175	1529
175	1530
175	1531
175	1532
175	1533
175	1534
175	1535
176	0
176	11
176	33
176	101
176	133
177	1536
177	1537
177	1538
177	1539
177	1540
177	1541
178	0
178	179
178	180
178	181
178	182
178	183
178	184
178	185
178	1542
178	1543
178	1544
178	1545
178	1546
179	0
179	1547
179	1548
179	1549
179	1550
180	0
180	1551
180	1552
180	1553
181	0
181	155
181	1554
181	1555
181	1556
181	1557
181	1558
181	1559
182	0
182	1560
182	1561
183	0
183	1562
183	1563
184	0
184	71
184	175
184	1564
184	1565
184	1566
184	1567
184	1568
184	1569
184	1570
184	1571
184	1572
184	1573
184	1574
184	1575
185	0
185	181
185	1576
185	1577
185	1578
186	0
186	994
187	238
189	50
189	51
189	52
189	181
189	267
189	878
189	1579
190	51
190	189
190	212
190	267
191	0
191	41
191	86
191	138
191	175
191	191
191	197
191	238
191	880
191	1274
191	1580
191	1581
191	1582
191	1583
191	1584
191	1585
191	1586
191	1587
191	1588
191	1589
191	1590
191	1591
191	1592
191	1593
191	1594
191	1595
191	1596
191	1597
191	1598
191	1599
191	1600
191	1601
191	1602
191	1603
191	1604
191	1605
191	1606
191	1607
191	1608
191	1609
191	1610
191	1611
191	1612
191	1613
191	1614
191	1615
191	1616
191	1617
191	1618
191	1619
192	1620
193	1621
193	1622
194	0
194	204
194	1623
194	1624
194	1625
194	1626
194	1627
194	1628
194	1629
194	1630
194	1631
194	1632
194	1633
194	1634
194	1635
195	1636
196	1637
196	1638
197	1639
197	1640
198	0
198	196
198	198
198	1258
198	1641
199	0
199	136
199	137
199	200
199	1642
199	1643
199	1644
199	1645
199	1646
199	1647
199	1648
199	1649
199	1650
199	1651
200	1652
200	1653
200	1654
200	1655
200	1656
200	1657
200	1658
201	0
201	15
201	43
201	957
201	1659
201	1660
201	1661
201	1662
201	1663
201	1664
201	1665
201	1666
201	1667
201	1668
201	1669
201	1670
201	1671
201	1672
201	1673
201	1674
201	1675
201	1676
201	1677
201	1678
201	1679
201	1680
201	1681
201	1682
201	1683
201	1684
201	1685
201	1686
201	1687
201	1688
201	1689
201	1690
201	1691
201	1692
201	1693
201	1694
201	1695
201	1696
201	1697
201	1698
201	1699
202	0
202	1
202	4
202	36
202	69
202	107
202	156
202	228
202	232
202	659
202	660
202	661
202	662
202	663
202	664
202	1700
202	1701
203	1702
203	1703
203	1704
204	0
204	194
204	1633
204	1634
204	1705
204	1706
204	1707
204	1708
206	1709
206	1710
206	1711
206	1712
206	1713
206	1714
207	1715
207	1716
207	1717
208	0
208	15
208	70
208	164
208	169
208	208
208	240
208	243
208	246
208	1718
208	1719
208	1720
208	1721
208	1722
208	1723
208	1724
208	1725
209	0
209	209
209	1726
210	1727
211	1728
212	155
212	181
212	267
212	1729
212	1730
212	1731
212	1732
212	1733
212	1734
212	1735
212	1736
213	1737
213	1738
213	1739
214	0
214	116
214	214
214	1138
214	1740
214	1741
214	1742
214	1743
214	1744
214	1745
214	1746
214	1747
214	1748
214	1749
214	1750
214	1751
215	1752
215	1753
215	1754
216	1755
216	1756
216	1757
216	1758
216	1759
216	1760
216	1761
216	1762
216	1763
216	1764
216	1765
216	1766
217	1767
218	218
218	1768
218	1769
218	1770
218	1771
218	1772
218	1773
218	1774
218	1775
218	1776
218	1777
218	1778
218	1779
218	1780
218	1781
218	1782
218	1783
218	1784
218	1785
218	1786
218	1787
218	1788
218	1789
219	0
219	1660
219	1790
219	1791
219	1792
219	1793
219	1794
219	1795
219	1796
219	1797
219	1798
219	1799
219	1800
219	1801
219	1802
219	1803
219	1804
219	1805
219	1806
219	1807
219	1808
219	1809
219	1810
219	1811
219	1812
219	1813
219	1814
219	1815
219	1816
219	1817
219	1818
219	1819
219	1820
219	1821
219	1822
219	1823
219	1824
219	1825
219	1826
219	1827
219	1828
219	1829
219	1830
219	1831
219	1832
221	0
221	14
221	53
221	55
221	64
221	671
221	862
221	994
221	996
221	997
221	1274
221	1833
221	1834
221	1835
221	1836
221	1837
221	1838
221	1839
221	1840
221	1841
221	1842
221	1843
221	1844
221	1845
221	1846
221	1847
221	1848
221	1849
221	1850
221	1851
221	1852
221	1853
221	1854
222	14
222	222
222	267
222	1855
222	1856
222	1857
223	0
223	1858
223	1859
223	1860
224	0
224	103
224	224
224	1054
224	1057
224	1058
224	1061
224	1062
224	1063
224	1861
224	1862
224	1863
224	1864
224	1865
224	1866
224	1867
224	1868
224	1869
224	1870
226	1871
226	1872
226	1873
226	1874
226	1875
226	1876
226	1877
227	0
227	227
227	1470
227	1473
227	1474
227	1477
227	1479
227	1480
227	1481
227	1878
227	1879
227	1880
228	0
228	1
228	4
228	7
228	69
228	156
228	202
228	659
228	660
228	661
228	662
228	663
228	664
228	1881
228	1882
228	1883
228	1884
228	1885
228	1886
228	1887
228	1888
228	1889
228	1890
228	1891
228	1892
228	1893
228	1894
228	1895
228	1896
228	1897
228	1898
228	1899
229	0
229	1
229	4
229	69
229	156
229	202
229	659
229	660
229	661
229	662
229	663
229	664
231	0
231	1
231	4
231	69
231	156
231	202
231	659
231	660
231	661
231	662
231	663
231	664
232	0
232	1
232	4
232	69
232	107
232	156
232	202
232	232
232	659
232	660
232	661
232	662
232	663
232	664
232	1900
233	1017
233	1901
233	1902
233	1903
233	1904
233	1905
233	1906
233	1907
233	1908
233	1909
233	1910
233	1911
233	1912
233	1913
233	1914
233	1915
233	1916
234	1017
234	1917
236	1918
236	1919
236	1920
237	1921
237	1922
237	1923
237	1924
237	1925
237	1926
237	1927
238	0
238	13
238	239
238	1928
238	1929
238	1930
238	1931
238	1932
238	1933
238	1934
239	238
240	0
240	15
240	70
240	169
240	240
240	242
240	243
240	246
240	1935
240	1936
240	1937
240	1938
240	1939
240	1940
240	1941
240	1942
241	0
241	4
241	15
241	141
241	202
241	241
241	244
241	245
241	1943
242	0
242	15
242	70
242	163
242	169
242	176
242	192
242	208
242	240
242	243
242	246
242	1719
242	1721
242	1944
242	1945
242	1946
242	1947
242	1948
242	1949
242	1950
242	1951
242	1952
242	1953
242	1954
242	1955
242	1956
242	1957
242	1958
242	1959
243	0
243	15
243	70
243	169
243	201
243	240
243	242
243	243
243	246
243	957
243	1661
243	1662
243	1663
243	1664
243	1668
243	1669
243	1670
243	1671
243	1672
243	1695
243	1960
244	0
244	4
244	15
244	70
244	141
244	202
244	241
244	244
244	245
244	1961
244	1962
245	0
245	4
245	7
245	12
245	15
245	32
245	33
245	36
245	37
245	38
245	40
245	41
245	46
245	53
245	55
245	64
245	74
245	101
245	103
245	107
245	110
245	119
245	121
245	141
245	144
245	156
245	163
245	164
245	169
245	174
245	176
245	192
245	201
245	202
245	203
245	213
245	221
245	233
245	234
245	241
245	244
245	245
245	804
245	862
245	957
245	994
245	995
245	996
245	997
245	1017
245	1237
245	1250
245	1661
245	1662
245	1663
245	1664
245	1668
245	1669
245	1670
245	1671
245	1672
245	1718
245	1719
245	1720
245	1721
245	1897
245	1935
245	1936
245	1937
245	1942
245	1945
245	1948
245	1949
245	1951
245	1952
245	1953
245	1954
245	1955
245	1956
245	1957
245	1958
245	1959
245	1960
245	1963
245	1964
245	1965
245	1966
245	1967
245	1968
245	1969
245	1970
245	1971
245	1972
245	1973
246	0
246	15
246	36
246	53
246	55
246	70
246	74
246	156
246	169
246	202
246	208
246	240
246	243
246	246
246	1974
246	1975
246	1976
246	1977
246	1978
247	254
247	1979
247	1980
247	1981
247	1982
247	1983
247	1984
247	1985
247	1986
248	254
248	1987
248	1988
249	16
249	249
249	250
249	251
249	254
249	1989
249	1990
249	1991
249	1992
249	1993
249	1994
249	1995
250	16
250	254
251	16
251	254
252	1996
252	1997
253	16
253	254
253	1998
253	1999
254	16
254	1979
254	1985
255	16
255	2000
255	2001
255	2002
255	2003
255	2004
255	2005
256	254
256	2006
256	2007
256	2008
256	2009
257	16
257	1470
257	2010
258	17
258	258
258	259
258	260
258	261
258	262
258	2011
258	2012
258	2013
258	2014
258	2015
258	2016
263	1
263	258
263	259
263	260
263	261
263	262
263	264
263	265
263	2017
264	17
264	258
264	259
264	260
264	261
264	262
264	2013
267	0
267	14
268	2018
268	2019
268	2020
268	2021
268	2022
268	2023
268	2024
268	2025
268	2026
268	2027
269	0
269	1
269	18
269	2028
269	2029
270	0
270	1
270	18
270	2030
270	2031
271	0
271	1
271	18
271	2032
271	2033
272	0
272	1
272	18
272	2034
272	2035
273	0
273	1
273	18
273	2036
273	2037
274	0
274	1
274	18
274	2038
274	2039
275	0
275	1
275	18
275	2040
275	2041
276	0
276	1
276	18
276	2042
276	2043
277	0
277	1
277	18
277	2044
277	2045
278	0
278	1
278	18
278	2046
278	2047
279	0
279	1
279	18
279	2048
279	2049
280	0
280	1
280	18
280	2050
280	2051
281	0
281	1
281	18
281	2052
281	2053
282	0
282	1
282	18
282	2054
282	2055
283	0
283	1
283	18
283	2056
283	2057
285	0
285	1
285	18
285	2058
285	2059
286	0
286	1
286	18
286	2060
286	2061
287	0
287	1
287	18
287	2062
287	2063
288	0
288	1
288	18
288	2064
288	2065
289	0
289	1
289	18
289	2066
289	2067
290	0
290	1
290	18
290	2068
290	2069
291	0
291	39
291	2070
291	2071
291	2072
292	0
292	1
292	18
292	2073
292	2074
293	0
293	1
293	18
293	2075
293	2076
294	0
294	1
294	18
294	2077
294	2078
295	0
295	1
295	18
295	2079
295	2080
296	0
296	1
296	18
296	2081
296	2082
297	0
297	1
297	18
297	2083
297	2084
298	0
298	1
298	18
298	2085
298	2086
299	0
299	1
299	18
299	2087
299	2088
300	0
300	1
300	18
300	2089
300	2090
301	0
301	1
301	18
301	2091
301	2092
302	0
302	1
302	18
302	2093
302	2094
303	2095
303	2096
303	2097
303	2098
304	0
304	1
304	18
304	2099
304	2100
305	0
305	1
305	18
305	581
305	2101
305	2102
306	0
306	1
306	18
306	2103
306	2104
307	0
307	1
307	18
307	2105
307	2106
308	0
308	1
308	18
308	2107
308	2108
309	0
309	1
309	18
309	2109
309	2110
310	0
310	1
310	18
310	2111
310	2112
311	0
311	1
311	18
311	2113
311	2114
312	2115
312	2116
313	0
313	1
313	18
313	2117
313	2118
314	2119
314	2120
315	0
315	1
315	18
315	2121
315	2122
316	0
316	1
316	18
316	2123
316	2124
317	0
317	1
317	18
317	2125
317	2126
317	2127
318	0
318	1
318	18
318	2128
318	2129
319	0
319	1
319	18
319	2130
319	2131
320	0
320	1
320	18
320	2132
320	2133
321	0
321	1
321	18
321	2134
321	2135
322	0
322	1
322	18
322	2136
322	2137
323	0
323	1
323	2138
323	2139
323	2140
323	2141
324	0
324	1
324	18
324	2142
324	2143
325	0
325	1
325	18
325	2144
325	2145
326	0
326	1
326	18
326	2146
326	2147
327	1
327	17
327	2148
327	2149
327	2150
327	2151
327	2152
327	2153
327	2154
328	0
328	1
328	18
328	2155
328	2156
329	0
329	1
329	18
329	2157
329	2158
330	0
330	1
330	18
330	2159
330	2160
331	0
331	1
331	18
331	2161
331	2162
332	0
332	1
332	18
332	2163
332	2164
333	0
333	1
333	18
333	2165
333	2166
334	0
334	1
334	18
334	2167
334	2168
335	0
335	1
335	18
335	2169
335	2170
335	2171
335	2172
336	0
336	1
336	18
336	2173
336	2174
338	0
338	1
338	18
338	2175
338	2176
338	2177
339	0
339	1
339	18
339	2178
339	2179
340	340
340	2180
340	2181
340	2182
340	2183
340	2184
340	2185
340	2186
341	2187
341	2188
342	2189
342	2190
342	2191
343	2192
343	2193
344	2194
344	2195
344	2196
344	2197
345	2198
345	2199
346	0
346	1
346	18
346	2200
346	2201
347	0
347	64
347	2202
347	2203
347	2204
348	2205
348	2206
348	2207
349	0
349	1
349	18
349	2208
349	2209
352	0
352	2210
353	2211
353	2212
353	2213
353	2214
353	2215
353	2216
353	2217
354	2218
358	0
358	358
358	2219
358	2220
358	2221
358	2222
358	2223
358	2224
359	0
359	1
359	19
359	20
359	2225
359	2226
360	0
360	1
360	19
360	20
360	2227
360	2228
361	0
361	1
361	19
361	20
361	2229
361	2230
362	0
362	1
362	19
362	20
362	2231
362	2232
363	0
363	1
363	19
363	20
363	2233
363	2234
364	1259
364	2235
364	2236
364	2237
364	2238
364	2239
364	2240
365	0
365	1
365	19
365	20
365	2241
365	2242
366	195
366	2243
366	2244
366	2245
366	2246
366	2247
366	2248
366	2249
366	2250
366	2251
366	2252
366	2253
366	2254
366	2255
366	2256
366	2257
366	2258
367	0
367	1
367	19
367	20
367	2259
367	2260
368	0
368	1
368	19
368	20
368	2261
368	2262
369	2263
369	2264
369	2265
370	0
370	1
370	19
370	20
370	2266
370	2267
371	0
371	1
371	19
371	20
371	2268
371	2269
372	0
372	1
372	19
372	20
372	2270
372	2271
373	0
373	1
373	19
373	20
373	2272
373	2273
374	0
374	1
374	19
374	20
374	2274
374	2275
375	0
375	1
375	19
375	20
375	2276
375	2277
376	0
376	376
376	2278
376	2279
376	2280
376	2281
377	0
377	195
377	2282
377	2283
377	2284
377	2285
379	0
379	1
379	19
379	20
379	2286
379	2287
380	0
380	1
380	19
380	20
380	2288
380	2289
381	0
381	1
381	19
381	20
381	2290
381	2291
382	0
382	1
382	19
382	20
382	2292
382	2293
383	0
383	1
383	19
383	20
383	2294
383	2295
384	0
384	1
384	19
384	20
384	2296
384	2297
385	0
385	1
385	19
385	20
385	2298
385	2299
386	0
386	1
386	18
386	2300
386	2301
387	0
387	1
387	19
387	20
387	2302
387	2303
388	0
388	1
388	19
388	20
388	2304
388	2305
389	0
389	1
389	19
389	20
389	2306
389	2307
390	0
390	1
390	19
390	20
390	2308
390	2309
391	0
391	1
391	391
391	2310
391	2311
391	2312
391	2313
391	2314
391	2315
391	2316
391	2317
391	2318
391	2319
392	0
392	1
392	19
392	20
392	2320
392	2321
393	393
393	2322
393	2323
394	2324
394	2325
394	2326
395	0
395	39
395	2327
395	2328
395	2329
395	2330
395	2331
395	2332
395	2333
395	2334
395	2335
395	2336
395	2337
395	2338
395	2339
395	2340
396	0
396	1
396	19
396	20
396	2341
396	2342
397	0
397	1
397	19
397	20
397	2343
397	2344
398	0
398	1
398	19
398	20
398	2345
398	2346
399	0
399	1
399	19
399	20
399	2347
399	2348
400	0
400	1
400	19
400	20
400	2349
400	2350
401	0
401	1
401	19
401	20
401	2351
401	2352
402	0
402	1
402	19
402	20
402	2353
402	2354
403	0
403	1
403	19
403	20
403	2355
403	2356
404	0
404	1
404	19
404	20
404	2357
404	2358
405	0
405	1
405	19
405	20
405	405
405	2359
405	2360
405	2361
405	2362
406	0
406	1
406	19
406	20
406	2363
406	2364
407	0
407	1
407	19
407	20
407	2365
407	2366
408	0
408	1
408	18
408	2367
408	2368
409	0
409	1
409	19
409	20
409	2369
409	2370
410	0
410	1
410	19
410	20
410	2371
410	2372
411	0
411	1
411	19
411	20
411	2373
411	2374
412	0
412	1
412	19
412	20
412	2375
412	2376
413	0
413	1
413	19
413	20
413	2377
413	2378
414	0
414	1
414	19
414	20
414	2379
414	2380
416	0
416	1
416	19
416	20
416	717
416	2381
416	2382
417	0
417	1
417	19
417	20
417	2383
417	2384
418	0
418	1
418	19
418	20
418	2385
418	2386
419	0
419	1
419	19
419	20
419	2387
419	2388
420	0
420	1
420	19
420	20
420	2389
420	2390
421	0
421	1
421	19
421	20
421	2391
421	2392
422	0
422	1
422	19
422	20
422	2393
422	2394
423	0
423	1
423	19
423	20
423	2395
423	2396
424	0
424	1
424	19
424	20
424	2397
424	2398
425	0
425	1
425	19
425	20
425	2399
425	2400
425	2401
426	0
426	1
426	19
426	20
426	2402
426	2403
427	0
427	1
427	19
427	20
427	2404
427	2405
428	0
428	1
428	19
428	20
428	2406
428	2407
429	0
429	1
429	19
429	20
429	2408
429	2409
430	0
430	1
430	19
430	20
430	2410
430	2411
431	0
431	1
431	19
431	20
431	2412
431	2413
432	0
432	1
432	19
432	20
432	2414
432	2415
433	0
433	1
433	19
433	20
433	2416
433	2417
435	0
435	1
435	19
435	20
435	2418
435	2419
436	0
436	1
436	19
436	20
436	2420
436	2421
437	0
437	1
437	19
437	20
437	2422
437	2423
438	0
438	1
438	19
438	20
438	2424
438	2425
439	0
439	1
439	19
439	20
439	2426
439	2427
440	2428
441	0
441	1
441	19
441	20
441	2429
441	2430
442	0
442	1
442	19
442	20
442	2431
442	2432
443	0
443	1
443	19
443	20
443	2433
443	2434
444	0
444	1
444	19
444	20
444	2435
444	2436
445	0
445	1
445	19
445	20
445	2437
445	2438
446	0
446	1
446	19
446	20
446	2439
446	2440
447	0
447	1
447	19
447	20
447	2441
447	2442
448	0
448	1
448	19
448	20
448	2443
448	2444
450	0
450	1
450	900
450	1038
450	2445
450	2446
450	2447
450	2448
450	2449
450	2450
450	2451
451	0
451	1
451	19
451	20
451	2452
451	2453
452	0
452	1
452	18
452	2454
452	2455
453	0
453	2456
453	2457
453	2458
453	2459
453	2460
453	2461
453	2462
453	2463
453	2464
453	2465
453	2466
453	2467
453	2468
453	2469
454	0
454	1
454	19
454	20
454	2470
454	2471
455	0
455	1
455	19
455	20
455	2472
455	2473
456	0
456	1
456	19
456	20
456	2474
456	2475
457	0
457	1
457	19
457	20
457	2476
457	2477
458	0
458	2478
458	2479
459	0
459	1
459	19
459	20
459	2480
459	2481
460	0
460	1
460	19
460	20
460	2482
460	2483
462	0
462	1
462	19
462	20
462	2484
462	2485
463	0
463	1
463	19
463	20
463	2486
463	2487
464	0
464	20
464	2488
464	2489
464	2490
464	2491
464	2492
464	2493
464	2494
464	2495
464	2496
465	0
465	1
465	19
465	20
465	2497
465	2498
466	0
466	1
466	19
466	20
466	2499
466	2500
467	0
467	1
467	19
467	20
467	2501
467	2502
468	0
468	1
468	19
468	20
468	2503
468	2504
469	0
469	1
469	19
469	20
469	2505
469	2506
469	2507
469	2508
469	2509
469	2510
469	2511
469	2512
469	2513
469	2514
470	0
470	1
470	19
470	20
470	2515
470	2516
471	0
471	1
471	19
471	20
471	2517
471	2518
472	2519
472	2520
472	2521
473	0
473	1
473	19
473	20
473	2522
473	2523
474	0
474	1
474	19
474	20
474	2524
474	2525
475	0
475	1
475	19
475	20
475	2526
475	2527
476	0
476	1
476	19
476	20
476	2528
476	2529
477	0
477	1
477	19
477	20
477	2530
477	2531
478	0
478	1
478	19
478	20
478	2532
478	2533
479	2534
479	2535
479	2536
480	0
480	1
480	19
480	20
480	2537
480	2538
481	0
481	1
481	19
481	20
481	2539
481	2540
482	0
482	1
482	19
482	20
482	2541
482	2542
483	0
483	1
483	19
483	20
483	2543
483	2544
484	0
484	1
484	19
484	20
484	2545
484	2546
485	0
485	1
485	19
485	20
485	2547
485	2548
486	486
487	0
487	1
487	19
487	20
487	2549
487	2550
488	0
488	2551
488	2552
488	2553
488	2554
488	2555
488	2556
488	2557
488	2558
488	2559
489	0
489	1
489	19
489	20
489	2560
489	2561
490	2562
490	2563
490	2564
491	0
491	1
491	19
491	20
491	2565
491	2566
492	0
492	1
492	19
492	20
492	2567
492	2568
493	0
493	1
493	19
493	20
493	2569
493	2570
494	0
494	1
494	19
494	20
494	2571
494	2572
495	0
495	1
495	19
495	20
495	2573
495	2574
496	0
496	1
496	19
496	20
496	2575
496	2576
498	0
498	1
498	19
498	20
498	2577
498	2578
499	0
499	1
499	19
499	20
499	2579
499	2580
500	0
500	1
500	19
500	20
500	2581
500	2582
501	2583
501	2584
502	2585
502	2586
503	0
503	1
503	19
503	20
503	2587
503	2588
504	0
504	1
504	19
504	20
504	2589
504	2590
505	0
505	1
505	19
505	20
505	2591
505	2592
506	0
506	1
506	19
506	20
506	2593
506	2594
507	0
507	1
507	19
507	20
507	2595
507	2596
508	2597
508	2598
509	2018
509	2019
509	2020
509	2021
509	2022
509	2023
509	2024
509	2025
509	2026
509	2027
510	0
510	1
510	19
510	20
510	2599
510	2600
511	0
511	1
511	19
511	20
511	2601
511	2602
512	0
512	1
512	19
512	20
512	2603
512	2604
513	0
513	1
513	19
513	20
513	2605
513	2606
514	0
514	1
514	19
514	20
514	2607
514	2608
515	0
515	1
515	19
515	20
515	2609
515	2610
516	2611
516	2612
516	2613
516	2614
516	2615
516	2616
516	2617
516	2618
516	2619
516	2620
516	2621
516	2622
517	0
517	1
517	19
517	20
517	2623
517	2624
518	0
518	1
518	19
518	20
518	2625
518	2626
519	0
519	1
519	19
519	20
519	2627
519	2628
520	520
521	0
521	521
521	2629
521	2630
521	2631
521	2632
521	2633
521	2634
521	2635
521	2636
521	2637
522	0
522	1
522	19
522	20
522	2638
522	2639
523	0
523	1
523	19
523	20
523	2640
523	2641
524	0
524	1
524	19
524	20
524	2642
524	2643
525	0
525	1
525	19
525	20
525	2644
525	2645
526	526
527	0
527	1
527	19
527	20
527	2646
527	2647
528	2648
528	2649
528	2650
528	2651
529	0
529	1
529	19
529	20
529	2652
529	2653
530	0
530	1
530	19
530	20
530	2654
530	2655
531	2656
531	2657
532	0
532	1
532	19
532	20
532	2658
532	2659
533	0
533	1
533	19
533	20
533	2660
533	2661
534	0
534	1
534	19
534	20
534	2662
534	2663
535	0
535	1
535	19
535	20
535	2664
535	2665
537	0
537	1
537	19
537	20
537	2666
537	2667
538	0
538	1
538	19
538	20
538	2668
538	2669
539	0
539	1
539	19
539	20
539	2670
539	2671
540	0
540	1
540	19
540	20
540	2672
540	2673
541	0
541	1
541	19
541	20
541	2674
541	2675
542	0
542	1
542	19
542	20
542	2676
542	2677
544	0
544	1
544	19
544	20
544	2678
544	2679
545	0
545	1
545	19
545	20
545	2680
545	2681
546	0
546	1
546	19
546	20
546	2682
546	2683
547	0
547	1
547	19
547	20
547	2684
547	2685
548	0
549	0
549	1
549	19
549	20
549	2686
549	2687
550	0
550	1
550	19
550	20
550	2688
550	2689
552	0
552	1
552	19
552	20
552	2690
552	2691
553	0
553	1
553	19
553	20
553	2692
553	2693
554	0
554	1
554	19
554	20
554	2694
554	2695
555	0
555	555
555	2696
555	2697
555	2698
555	2699
555	2700
556	0
556	1
556	19
556	20
556	2701
556	2702
557	557
557	2703
557	2704
557	2705
557	2706
557	2707
557	2708
557	2709
557	2710
558	0
559	559
559	2711
559	2712
559	2713
559	2714
559	2715
559	2716
559	2717
559	2718
559	2719
560	0
560	39
560	560
560	2720
560	2721
560	2722
560	2723
560	2724
560	2725
560	2726
560	2727
560	2728
560	2729
560	2730
560	2731
560	2732
560	2733
560	2734
560	2735
560	2736
560	2737
560	2738
560	2739
560	2740
561	2741
561	2742
562	2743
562	2744
562	2745
563	2746
563	2747
563	2748
564	0
564	2749
564	2750
565	2751
565	2752
566	2753
566	2754
567	567
567	2755
567	2756
567	2757
568	2758
568	2759
569	0
569	577
569	580
569	2760
569	2761
569	2762
569	2763
569	2764
569	2765
569	2766
570	2767
570	2768
570	2769
572	2770
572	2771
572	2772
574	2773
574	2774
574	2775
575	2776
576	576
576	2777
576	2778
576	2779
576	2780
576	2781
576	2782
576	2783
576	2784
576	2785
576	2786
576	2787
576	2788
583	0
583	1
583	21
583	583
583	584
583	585
583	586
583	587
583	588
583	589
583	590
583	591
583	2789
584	0
584	1
584	21
584	583
584	584
584	585
584	586
584	587
584	588
584	589
584	590
584	591
584	2789
584	2790
584	2791
585	0
585	1
585	21
585	583
585	584
585	585
585	586
585	587
585	588
585	589
585	590
585	591
585	2789
585	2790
585	2791
585	2792
585	2793
586	0
586	1
586	21
586	583
586	584
586	585
586	586
586	587
586	588
586	589
586	590
586	591
586	2789
586	2794
586	2795
587	0
587	1
587	21
587	583
587	584
587	585
587	586
587	587
587	588
587	589
587	590
587	591
587	2789
587	2796
587	2797
588	0
588	1
588	21
588	583
588	584
588	585
588	586
588	587
588	588
588	589
588	590
588	591
588	2789
589	0
589	1
589	21
589	583
589	584
589	585
589	586
589	587
589	588
589	589
589	590
589	591
589	2789
589	2798
589	2799
589	2800
590	0
590	1
590	21
590	583
590	584
590	585
590	586
590	587
590	588
590	589
590	590
590	591
590	2789
590	2801
590	2802
590	2803
591	0
591	1
591	21
591	583
591	584
591	585
591	586
591	587
591	588
591	589
591	590
591	591
591	2789
591	2796
591	2797
591	2801
591	2804
592	2805
592	2806
592	2807
593	0
593	1
594	0
594	1
594	17
594	19
594	20
594	21
594	23
594	24
594	25
594	27
594	29
594	594
594	595
594	596
594	2808
594	2809
594	2810
594	2811
594	2812
595	0
595	1
595	23
595	2813
595	2814
595	2815
595	2816
595	2817
595	2818
595	2819
595	2820
595	2821
595	2822
596	2823
596	2824
596	2825
597	0
597	1
597	17
597	19
597	20
597	21
597	23
597	24
597	25
597	27
597	29
598	0
598	1
598	17
598	19
598	20
598	21
598	23
598	24
598	25
598	27
598	29
600	0
600	1
600	17
600	19
600	20
600	21
600	23
600	24
600	25
600	27
600	29
600	600
600	608
600	2826
600	2827
600	2828
600	2829
600	2830
600	2831
600	2832
600	2833
600	2834
600	2835
600	2836
601	0
601	1
601	17
601	19
601	20
601	21
601	23
601	24
601	25
601	27
601	29
601	601
601	608
601	2826
601	2827
601	2828
601	2829
601	2830
601	2831
601	2832
601	2833
601	2834
601	2835
601	2836
602	0
602	1
602	17
602	19
602	20
602	21
602	23
602	24
602	25
602	27
602	29
602	602
602	608
602	2826
602	2827
602	2828
602	2829
602	2830
602	2831
602	2832
602	2833
602	2834
602	2835
602	2836
603	0
603	1
603	17
603	19
603	20
603	21
603	23
603	24
603	25
603	27
603	29
603	603
603	604
603	605
603	606
603	608
603	609
603	610
603	611
603	612
603	613
603	614
603	2837
603	2838
604	0
604	1
604	17
604	19
604	20
604	21
604	23
604	24
604	25
604	27
604	29
604	603
604	604
604	605
604	606
604	608
604	609
604	610
604	611
604	612
604	613
604	614
605	0
605	1
605	17
605	19
605	20
605	21
605	23
605	24
605	25
605	27
605	29
605	603
605	604
605	605
605	606
605	608
605	609
605	610
605	611
605	612
605	613
605	614
605	2839
605	2840
605	2841
606	0
606	1
606	17
606	19
606	20
606	21
606	23
606	24
606	25
606	27
606	29
606	603
606	604
606	605
606	606
606	608
606	609
606	610
606	611
606	612
606	613
606	614
607	0
607	1
607	17
607	19
607	20
607	21
607	23
607	24
607	25
607	27
607	29
607	603
607	604
607	605
607	606
607	608
607	609
607	610
607	611
607	612
607	613
607	614
608	0
608	1
608	17
608	19
608	20
608	21
608	23
608	24
608	25
608	27
608	29
609	0
609	1
609	17
609	19
609	20
609	21
609	23
609	24
609	25
609	27
609	29
609	603
609	604
609	605
609	606
609	608
609	609
609	610
609	611
609	612
609	613
609	614
610	0
610	1
610	17
610	19
610	20
610	21
610	23
610	24
610	25
610	27
610	29
610	603
610	604
610	605
610	606
610	608
610	609
610	610
610	611
610	612
610	613
610	614
610	2842
610	2843
610	2844
611	0
611	1
611	17
611	19
611	20
611	21
611	23
611	24
611	25
611	27
611	29
611	603
611	604
611	605
611	606
611	608
611	609
611	610
611	611
611	612
611	613
611	614
612	0
612	1
612	17
612	19
612	20
612	21
612	23
612	24
612	25
612	27
612	29
612	603
612	604
612	605
612	606
612	608
612	609
612	610
612	611
612	612
612	613
612	614
613	0
613	1
613	25
613	603
613	604
613	605
613	606
613	608
613	609
613	610
613	611
613	612
613	613
613	614
614	0
614	1
614	17
614	19
614	20
614	21
614	23
614	24
614	25
614	27
614	29
614	603
614	604
614	605
614	606
614	608
614	609
614	610
614	611
614	612
614	613
614	614
615	0
615	1
615	17
615	19
615	20
615	21
615	23
615	24
615	25
615	27
615	29
615	615
615	616
616	0
616	1
616	17
616	19
616	20
616	21
616	23
616	24
616	25
616	27
616	29
616	615
616	616
617	0
617	1
617	29
617	618
617	619
617	620
617	623
617	624
617	625
617	628
618	0
618	1
618	29
618	162
618	163
618	617
618	619
618	620
618	623
618	624
618	625
618	628
618	2845
619	0
619	1
619	29
619	617
619	618
619	620
619	623
619	624
619	625
619	628
620	0
620	1
620	29
620	617
620	618
620	619
620	622
620	623
620	624
620	625
620	628
620	2846
620	2847
621	0
621	1
621	29
621	617
621	618
621	619
621	620
621	623
621	624
621	625
621	628
621	2847
621	2848
621	2849
621	2850
622	0
622	1
622	29
622	617
622	618
622	619
622	620
622	623
622	624
622	625
622	628
622	2851
622	2852
622	2853
622	2854
622	2855
622	2856
622	2857
623	0
623	1
623	29
623	617
623	618
623	619
623	620
623	621
623	622
623	624
623	625
623	628
623	2846
623	2847
623	2851
623	2858
623	2859
623	2860
623	2861
624	0
624	1
624	29
624	617
624	618
624	619
624	620
624	623
624	625
624	628
625	0
625	1
625	29
625	618
625	619
625	620
625	623
625	624
625	628
625	2862
625	2863
625	2864
625	2865
625	2866
625	2867
625	2868
625	2869
628	0
628	1
628	29
628	617
628	618
628	619
628	620
628	623
628	624
628	625
628	626
628	627
628	629
628	2870
628	2871
628	2872
628	2873
628	2874
628	2875
628	2876
628	2877
630	2878
630	2879
635	131
636	2880
636	2881
636	2882
637	131
638	2883
638	2884
638	2885
640	2886
640	2887
640	2888
641	33
641	176
641	643
641	644
641	645
643	33
643	176
643	641
643	644
643	645
644	33
644	176
644	641
644	643
644	645
645	33
645	176
645	641
645	643
645	644
646	34
647	34
647	2889
647	2890
647	2891
647	2892
650	35
650	267
650	2893
650	2894
650	2895
650	2896
650	2897
650	2898
650	2899
650	2900
650	2901
650	2902
650	2903
650	2904
650	2905
650	2906
651	35
652	35
652	658
652	2907
652	2908
652	2909
652	2910
652	2911
652	2912
652	2913
652	2914
652	2915
652	2916
652	2917
652	2918
652	2919
653	35
654	656
656	35
657	35
658	35
658	652
659	15
660	0
660	1
660	4
660	36
660	69
660	119
660	156
660	202
660	659
660	660
660	661
660	662
660	663
660	664
660	808
660	990
660	992
660	2920
661	0
661	1
661	4
661	36
661	68
661	69
661	74
661	107
661	156
661	174
661	198
661	202
661	206
661	228
661	229
661	230
661	231
661	232
661	659
661	660
661	661
661	662
661	663
661	664
661	979
661	981
661	982
661	983
661	984
661	985
661	988
661	990
661	991
661	992
661	993
661	2921
661	2922
661	2923
661	2924
662	0
662	1
662	4
662	69
662	156
662	202
662	659
662	660
662	661
662	662
662	663
662	664
663	0
663	1
663	4
663	46
663	53
663	55
663	68
663	69
663	107
663	156
663	202
663	229
663	231
663	232
663	659
663	660
663	661
663	662
663	663
663	664
663	808
663	982
663	985
663	990
663	992
663	2925
663	2926
664	0
664	1
664	4
664	36
664	68
664	69
664	107
664	156
664	202
664	206
664	229
664	231
664	232
664	659
664	660
664	661
664	662
664	663
664	664
664	808
664	980
664	985
664	986
664	987
664	988
664	989
664	990
664	992
664	993
664	1969
664	2920
664	2921
664	2922
664	2923
664	2924
664	2925
664	2927
665	2928
665	2929
666	2930
666	2931
666	2932
666	2933
666	2934
670	37
670	2935
671	14
671	671
671	1273
671	2936
671	2937
671	2938
671	2939
671	2940
671	2941
671	2942
671	2943
671	2944
672	0
672	14
672	222
672	1903
672	2937
672	2945
672	2946
672	2947
672	2948
672	2949
672	2950
672	2951
672	2952
673	0
673	673
673	2953
673	2954
673	2955
673	2956
673	2957
673	2958
673	2959
673	2960
673	2961
673	2962
673	2963
674	170
674	1273
674	2964
674	2965
674	2966
674	2967
674	2968
674	2969
674	2970
674	2971
675	2972
675	2973
675	2974
676	2975
676	2976
676	2977
676	2978
676	2979
676	2980
677	2981
677	2982
677	2983
677	2984
677	2985
678	2986
678	2987
679	0
679	2988
679	2989
679	2990
679	2991
679	2992
679	2993
679	2994
680	2995
681	0
682	2996
682	2997
683	0
683	39
683	683
683	2998
683	2999
683	3000
683	3001
683	3002
684	0
684	3003
684	3004
685	2993
685	3005
685	3006
685	3007
685	3008
685	3009
685	3010
685	3011
686	0
687	0
688	3012
688	3013
689	3014
689	3015
690	58
690	3016
690	3017
690	3018
690	3019
690	3020
691	740
692	3021
692	3022
692	3023
692	3024
692	3025
692	3026
692	3027
693	0
694	3028
694	3029
695	3030
695	3031
696	3032
696	3033
696	3034
696	3035
696	3036
696	3037
696	3038
696	3039
696	3040
696	3041
696	3042
696	3043
696	3044
696	3045
696	3046
696	3047
697	0
697	3048
697	3049
697	3050
697	3051
697	3052
697	3053
698	698
698	3054
698	3055
698	3056
698	3057
698	3058
698	3059
698	3060
698	3061
698	3062
699	3063
699	3064
700	3065
700	3066
700	3067
700	3068
700	3069
701	0
701	3070
701	3071
701	3072
701	3073
701	3074
702	0
704	0
704	704
704	3075
704	3076
704	3077
704	3078
704	3079
704	3080
705	0
706	0
707	3081
707	3082
707	3083
708	3084
709	0
709	709
709	1040
709	1191
709	3085
709	3086
709	3087
710	0
710	113
710	3088
710	3089
710	3090
710	3091
710	3092
710	3093
710	3094
710	3095
710	3096
710	3097
710	3098
710	3099
710	3100
711	3101
711	3102
711	3103
712	0
713	3104
713	3105
713	3106
713	3107
713	3108
714	0
715	3109
715	3110
715	3111
715	3112
716	3113
716	3114
717	3115
718	0
719	3116
719	3117
719	3118
721	3119
721	3120
721	3121
721	3122
721	3123
721	3124
721	3125
721	3126
721	3127
721	3128
721	3129
721	3130
721	3131
721	3132
722	1273
722	3133
722	3134
722	3135
722	3136
722	3137
723	3138
723	3139
723	3140
723	3141
723	3142
723	3143
724	0
725	0
726	0
727	0
727	3144
727	3145
728	0
729	0
730	3146
730	3147
730	3148
730	3149
730	3150
731	3151
731	3152
731	3153
731	3154
731	3155
731	3156
731	3157
731	3158
731	3159
731	3160
731	3161
731	3162
731	3163
732	3164
732	3165
732	3166
732	3167
732	3168
732	3169
732	3170
732	3171
733	0
734	3172
734	3173
734	3174
734	3175
734	3176
734	3177
735	3178
735	3179
735	3180
735	3181
735	3182
735	3183
735	3184
735	3185
735	3186
735	3187
735	3188
735	3189
736	3190
736	3191
736	3192
737	3193
737	3194
738	0
739	0
739	3195
739	3196
739	3197
739	3198
739	3199
739	3200
740	0
740	6
740	155
740	201
740	205
740	740
740	1542
740	3201
740	3202
740	3203
740	3204
740	3205
740	3206
740	3207
740	3208
740	3209
741	740
743	743
743	3210
743	3211
743	3212
743	3213
743	3214
743	3215
743	3216
743	3217
743	3218
744	0
745	0
746	3219
746	3220
747	3221
747	3222
748	3223
748	3224
749	0
749	3225
749	3226
749	3227
749	3228
749	3229
749	3230
749	3231
749	3232
749	3233
749	3234
749	3235
750	0
751	1152
751	3236
751	3237
751	3238
751	3239
752	0
753	3240
753	3241
753	3242
753	3243
753	3244
753	3245
753	3246
753	3247
755	45
755	103
755	149
755	206
755	1037
755	1153
755	3248
755	3249
755	3250
755	3251
755	3252
755	3253
755	3254
755	3255
755	3256
755	3257
755	3258
755	3259
755	3260
755	3261
755	3262
755	3263
755	3264
755	3265
755	3266
755	3267
755	3268
755	3269
755	3270
755	3271
755	3272
755	3273
755	3274
755	3275
755	3276
755	3277
755	3278
755	3279
755	3280
755	3281
755	3282
755	3283
755	3284
755	3285
756	3286
757	0
758	3287
758	3288
758	3289
758	3290
758	3291
758	3292
758	3293
758	3294
758	3295
758	3296
758	3297
758	3298
759	0
759	3299
759	3300
759	3301
760	3302
761	3303
761	3304
762	3305
762	3306
763	0
764	3307
764	3308
765	0
765	3309
765	3310
765	3311
765	3312
765	3313
765	3314
765	3315
765	3316
765	3317
766	766
766	3318
766	3319
766	3320
766	3321
766	3322
766	3323
766	3324
766	3325
766	3326
766	3327
766	3328
766	3329
766	3330
766	3331
766	3332
766	3333
766	3334
766	3335
766	3336
766	3337
766	3338
766	3339
767	767
767	3340
767	3341
767	3342
767	3343
767	3344
767	3345
767	3346
767	3347
768	0
768	3348
768	3349
768	3350
768	3351
768	3352
768	3353
768	3354
768	3355
768	3356
768	3357
768	3358
768	3359
768	3360
768	3361
769	0
770	0
772	0
773	3362
773	3363
773	3364
773	3365
773	3366
774	0
775	0
776	3367
776	3368
776	3369
776	3370
776	3371
776	3372
776	3373
776	3374
777	0
778	0
779	779
779	3133
779	3375
779	3376
779	3377
779	3378
779	3379
779	3380
780	3381
780	3382
781	0
782	0
783	0
784	3383
785	0
786	3384
786	3385
786	3386
786	3387
786	3388
787	0
787	3389
787	3390
787	3391
787	3392
787	3393
787	3394
787	3395
787	3396
787	3397
787	3398
787	3399
787	3400
787	3401
787	3402
787	3403
788	0
790	3404
790	3405
790	3406
790	3407
790	3408
791	0
792	0
793	0
793	793
793	996
793	3409
793	3410
793	3411
793	3412
793	3413
794	1273
794	3414
794	3415
794	3416
794	3417
794	3418
794	3419
795	740
796	0
797	0
797	797
797	3420
797	3421
797	3422
797	3423
797	3424
797	3425
797	3426
797	3427
797	3428
798	3429
798	3430
799	0
800	0
800	3431
800	3432
800	3433
800	3434
800	3435
800	3436
800	3437
800	3438
800	3439
800	3440
800	3441
800	3442
800	3443
801	0
802	3444
803	41
803	51
803	803
803	3445
804	41
805	3446
806	3447
808	0
808	1
808	4
808	69
808	156
808	202
808	659
808	660
808	661
808	662
808	663
808	664
812	3448
813	0
820	3449
820	3450
820	3451
820	3452
820	3453
820	3454
822	1660
822	1686
822	3455
822	3456
822	3457
822	3458
822	3459
822	3460
824	3461
825	0
825	55
825	826
825	3462
825	3463
825	3464
825	3465
825	3466
825	3467
825	3468
825	3469
825	3470
825	3471
825	3472
825	3473
826	2742
826	3462
826	3463
826	3465
826	3466
826	3468
826	3469
826	3471
826	3474
826	3475
826	3476
826	3477
826	3478
826	3479
826	3480
826	3481
826	3482
826	3483
826	3484
829	3485
829	3486
829	3487
829	3488
829	3489
829	3490
829	3491
829	3492
829	3493
829	3494
829	3495
829	3496
829	3497
829	3498
829	3499
829	3500
829	3501
829	3502
829	3503
829	3504
829	3505
829	3506
829	3507
829	3508
829	3509
829	3510
829	3511
829	3512
829	3513
829	3514
829	3515
829	3516
829	3517
829	3518
829	3519
829	3520
829	3521
829	3522
829	3523
829	3524
829	3525
829	3526
829	3527
829	3528
829	3529
829	3530
829	3531
829	3532
829	3533
829	3534
829	3535
829	3536
829	3537
829	3538
829	3539
829	3540
829	3541
829	3542
829	3543
829	3544
829	3545
829	3546
829	3547
829	3548
829	3549
829	3550
829	3551
829	3552
829	3553
829	3554
829	3555
829	3556
829	3557
829	3558
829	3559
829	3560
829	3561
829	3562
829	3563
829	3564
829	3565
829	3566
829	3567
829	3568
829	3569
829	3570
829	3571
829	3572
829	3573
829	3574
829	3575
829	3576
829	3577
829	3578
829	3579
829	3580
829	3581
829	3582
829	3583
829	3584
829	3585
829	3586
829	3587
829	3588
829	3589
829	3590
829	3591
829	3592
829	3593
829	3594
829	3595
830	46
830	3596
830	3597
830	3598
830	3599
830	3600
830	3601
831	3602
831	3603
832	831
832	3604
832	3605
832	3606
832	3607
832	3608
832	3609
832	3610
832	3611
832	3612
832	3613
832	3614
833	3615
834	0
834	3616
834	3617
834	3618
834	3619
834	3620
834	3621
834	3622
834	3623
835	835
835	2730
835	3624
835	3625
835	3626
835	3627
835	3628
835	3629
835	3630
836	3631
836	3632
836	3633
837	1150
837	3634
837	3635
837	3636
838	0
838	3637
838	3638
838	3639
838	3640
838	3641
839	3642
839	3643
839	3644
839	3645
840	3646
840	3647
840	3648
840	3649
841	0
841	3650
841	3651
841	3652
841	3653
841	3654
841	3655
842	3656
843	3657
844	3658
845	3659
846	3660
847	3661
847	3662
848	3663
848	3664
849	3665
849	3666
849	3667
849	3668
849	3669
849	3670
849	3671
849	3672
850	3673
850	3674
851	3675
851	3676
862	0
862	3677
862	3678
863	0
863	49
863	862
863	875
863	3679
863	3680
863	3681
863	3682
863	3683
863	3684
865	0
865	49
865	862
865	863
865	3685
865	3686
865	3687
865	3688
865	3689
865	3690
865	3691
865	3692
870	0
870	49
870	862
870	863
871	0
871	49
871	195
871	862
871	863
871	3681
872	0
872	49
872	862
872	863
873	0
873	49
873	862
873	863
873	874
874	0
874	862
874	863
874	3682
874	3693
874	3694
875	0
875	862
875	863
875	874
875	3684
875	3695
876	0
876	49
876	862
876	863
877	0
877	49
877	862
877	863
878	189
878	649
878	889
878	890
878	891
878	892
878	895
878	897
878	899
878	3696
878	3697
878	3698
878	3699
878	3700
879	58
879	59
879	879
879	920
879	927
879	3701
879	3702
879	3703
879	3704
879	3705
879	3706
879	3707
879	3708
879	3709
879	3710
879	3711
879	3712
879	3713
879	3714
879	3715
879	3716
879	3717
879	3718
879	3719
879	3720
879	3721
879	3722
879	3723
879	3724
879	3725
880	3726
887	189
888	189
901	47
901	997
901	3727
901	3728
901	3729
901	3730
902	900
902	904
902	906
902	3731
902	3732
903	906
903	3733
903	3734
904	3735
904	3736
904	3737
904	3738
904	3739
904	3740
904	3741
904	3742
905	155
905	904
905	3728
905	3730
905	3731
905	3743
906	0
906	1
906	4
906	69
906	107
906	156
906	202
906	659
906	660
906	661
906	662
906	663
906	664
906	906
906	1112
907	0
907	54
907	55
907	908
907	3744
907	3745
908	0
908	54
908	55
908	907
908	909
908	3744
908	3745
908	3746
909	0
909	54
909	55
909	74
909	908
911	0
911	44
911	55
911	3747
911	3748
911	3749
911	3750
911	3751
912	0
912	55
912	3752
912	3753
912	3754
912	3755
912	3756
912	3757
912	3758
912	3759
912	3760
912	3761
912	3762
912	3763
912	3764
913	0
913	55
913	56
913	57
913	919
913	3765
913	3766
913	3767
913	3768
914	0
914	55
914	3756
914	3759
914	3760
914	3761
914	3762
914	3764
914	3765
914	3767
914	3769
914	3770
914	3771
914	3772
914	3773
914	3774
914	3775
914	3776
914	3777
914	3778
914	3779
914	3780
915	0
915	55
915	1238
915	3781
915	3782
915	3783
915	3784
915	3785
915	3786
915	3787
915	3788
915	3789
915	3790
915	3791
915	3792
915	3793
915	3794
915	3795
915	3796
915	3797
915	3798
915	3799
915	3800
915	3801
915	3802
915	3803
915	3804
915	3805
915	3806
915	3807
916	0
916	55
916	3808
917	0
917	55
917	918
917	3752
918	0
918	55
918	917
918	3752
918	3779
918	3780
918	3809
919	0
919	55
919	56
919	913
919	3767
920	58
920	59
920	64
920	189
920	206
920	207
920	863
920	920
920	1542
920	3684
920	3810
920	3811
921	58
921	59
921	920
921	921
921	3812
922	58
922	59
922	920
922	922
922	3813
923	58
923	59
923	920
923	923
923	1214
927	58
927	59
927	60
927	879
927	920
927	927
927	3814
927	3815
927	3816
927	3817
927	3818
927	3819
927	3820
927	3821
927	3822
927	3823
928	58
928	59
928	920
928	927
928	928
928	3823
930	58
930	59
930	60
930	920
930	927
930	930
931	58
931	59
931	60
931	920
931	927
931	931
932	58
932	59
932	60
932	920
932	927
932	932
933	58
933	59
933	60
933	189
933	920
933	927
933	933
934	58
934	59
934	60
934	649
934	920
934	927
934	934
935	58
935	59
935	60
935	189
935	920
935	927
935	935
936	58
936	59
936	60
936	920
936	927
936	936
937	58
937	59
937	60
937	920
937	927
937	937
938	0
938	61
938	862
939	0
939	61
939	862
940	0
940	61
940	862
941	0
941	61
941	862
942	0
942	61
942	862
943	0
943	61
943	862
944	0
944	61
944	862
945	0
945	61
945	862
946	0
946	61
946	862
946	939
951	3636
951	3824
951	3825
951	3826
951	3827
952	3636
952	3827
952	3828
952	3829
952	3830
953	3636
953	3827
953	3831
953	3832
953	3833
955	0
955	3
955	14
956	955
956	3834
956	3835
956	3836
956	3837
956	3838
956	3839
956	3840
956	3841
956	3842
956	3843
956	3844
956	3845
956	3846
956	3847
956	3848
956	3849
957	0
957	64
957	201
957	3455
957	3850
957	3851
957	3852
957	3853
958	64
958	958
958	3854
958	3855
958	3856
959	64
959	960
959	3857
959	3858
959	3859
959	3860
959	3861
959	3862
959	3863
959	3864
959	3865
960	64
960	3866
960	3867
960	3868
961	2707
961	3869
962	64
962	3870
962	3871
962	3872
962	3873
962	3874
962	3875
962	3876
962	3877
962	3878
962	3879
962	3880
962	3881
962	3882
962	3883
962	3884
962	3885
962	3886
962	3887
962	3888
962	3889
962	3890
962	3891
962	3892
962	3893
962	3894
962	3895
962	3896
962	3897
962	3898
962	3899
963	64
965	65
965	66
965	960
965	3900
965	3901
965	3902
965	3903
967	64
967	956
967	3904
967	3905
967	3906
967	3907
967	3908
967	3909
968	3910
968	3911
969	64
969	3912
969	3913
970	0
970	9
970	39
970	40
970	64
970	103
970	156
970	205
970	1156
970	3914
970	3915
970	3916
970	3917
979	0
979	1
979	4
979	69
979	156
979	202
979	660
979	661
979	662
979	664
979	3918
979	3919
980	0
980	1
980	4
980	69
980	156
980	202
980	659
980	660
980	661
980	662
980	663
980	664
980	3920
981	0
981	1
981	4
981	69
981	156
981	202
981	660
981	661
981	662
981	664
981	3918
981	3919
982	0
982	1
982	4
982	69
982	156
982	202
982	659
982	660
982	661
982	662
982	663
982	664
983	0
983	1
983	4
983	69
983	156
983	202
983	659
983	660
983	661
983	662
983	663
983	664
983	984
983	2742
983	3921
983	3922
983	3923
983	3924
983	3925
983	3926
983	3927
983	3928
983	3929
983	3930
983	3931
985	0
985	1
985	4
985	69
985	156
985	202
985	659
985	660
985	661
985	662
985	663
985	664
985	1601
985	3932
985	3933
986	0
986	1
986	4
986	69
986	156
986	202
986	659
986	660
986	661
986	662
986	663
986	664
987	0
987	1
987	4
987	69
987	156
987	202
987	659
987	660
987	661
987	662
987	663
987	664
988	0
988	1
988	4
988	53
988	68
988	69
988	156
988	202
988	212
988	229
988	659
988	660
988	661
988	662
988	663
988	664
989	0
989	1
989	4
989	69
989	156
989	202
989	659
989	660
989	661
989	662
989	663
989	664
992	0
992	1
992	4
992	69
992	156
992	202
992	659
992	660
992	661
992	662
992	663
992	664
993	0
993	1
993	4
993	69
993	156
993	202
993	659
993	660
993	661
993	662
993	663
993	664
994	3727
994	3934
994	3935
995	0
995	678
995	995
995	1661
995	3936
995	3937
995	3938
995	3939
995	3940
995	3941
997	0
997	1958
997	1959
997	3200
997	3335
997	3942
997	3943
997	3944
997	3945
997	3946
997	3947
997	3948
997	3949
997	3950
997	3951
997	3952
997	3953
998	0
998	71
998	1007
998	3954
998	3955
998	3956
998	3957
998	3958
998	3959
998	3960
998	3961
998	3962
998	3963
998	3964
998	3965
998	3966
998	3967
998	3968
999	0
999	71
999	1007
999	3969
999	3970
999	3971
999	3972
999	3973
999	3974
999	3975
999	3976
999	3977
999	3978
1000	0
1000	71
1000	1006
1000	1007
1000	3953
1000	3979
1000	3980
1000	3981
1000	3982
1000	3983
1000	3984
1000	3985
1000	3986
1000	3987
1000	3988
1001	0
1001	71
1001	1007
1001	3989
1002	0
1002	71
1002	3990
1002	3991
1002	3992
1002	3993
1002	3994
1002	3995
1002	3996
1002	3997
1002	3998
1002	3999
1002	4000
1002	4001
1002	4002
1003	0
1003	71
1003	101
1003	1007
1003	4003
1003	4004
1003	4005
1004	0
1004	71
1004	3970
1004	3971
1004	3973
1004	4006
1004	4007
1004	4008
1004	4009
1004	4010
1005	0
1005	71
1005	1005
1005	1564
1005	3338
1005	4011
1005	4012
1005	4013
1005	4014
1005	4015
1005	4016
1005	4017
1005	4018
1005	4019
1005	4020
1005	4021
1005	4022
1005	4023
1005	4024
1005	4025
1005	4026
1005	4027
1005	4028
1005	4029
1005	4030
1005	4031
1005	4032
1005	4033
1005	4034
1005	4035
1005	4036
1005	4037
1005	4038
1005	4039
1007	0
1007	71
1007	998
1007	999
1007	1000
1007	1001
1007	1002
1007	1004
1007	1005
1007	3953
1007	3967
1007	3979
1007	3980
1007	3982
1007	3983
1007	3984
1007	3985
1007	3986
1007	3987
1007	3988
1007	3989
1007	3991
1007	3993
1007	3995
1007	3997
1007	3998
1007	3999
1007	4000
1007	4001
1007	4002
1007	4006
1007	4008
1007	4009
1007	4040
1007	4041
1007	4042
1007	4043
1007	4044
1007	4045
1007	4046
1007	4047
1008	0
1008	4048
1008	4049
1008	4050
1008	4051
1008	4052
1008	4053
1011	803
1011	4054
1011	4055
1011	4056
1011	4057
1011	4058
1012	73
1012	235
1012	4059
1014	1014
1014	1015
1014	4060
1015	4061
1015	4062
1015	4063
1015	4064
1015	4065
1015	4066
1015	4067
1015	4068
1015	4069
1015	4070
1015	4071
1015	4072
1015	4073
1015	4074
1015	4075
1015	4076
1015	4077
1015	4078
1015	4079
1015	4080
1015	4081
1015	4082
1015	4083
1015	4084
1015	4085
1015	4086
1015	4087
1015	4088
1015	4089
1015	4090
1015	4091
1015	4092
1015	4093
1015	4094
1015	4095
1015	4096
1015	4097
1015	4098
1015	4099
1015	4100
1015	4101
1015	4102
1015	4103
1015	4104
1015	4105
1015	4106
1015	4107
1016	0
1016	86
1016	1469
1016	1470
1016	1471
1016	1472
1016	1473
1016	1474
1016	1475
1016	1476
1016	1477
1016	1478
1016	1479
1016	1480
1016	1481
1017	0
1017	233
1017	1016
1017	1017
1017	1901
1017	2000
1017	2742
1017	4108
1017	4109
1017	4110
1017	4111
1017	4112
1017	4113
1017	4114
1017	4115
1017	4116
1017	4117
1017	4118
1017	4119
1017	4120
1017	4121
1017	4122
1017	4123
1018	0
1018	1273
1018	4124
1018	4125
1018	4126
1018	4127
1018	4128
1018	4129
1018	4130
1018	4131
1018	4132
1018	4133
1018	4134
1022	0
1022	39
1022	90
1022	92
1022	1022
1022	4135
1022	4136
1023	0
1023	39
1023	90
1023	92
1023	1023
1023	4135
1024	4137
1024	4138
1026	0
1026	111
1026	4139
1029	1029
1029	4140
1030	0
1030	90
1030	1031
1030	1032
1030	3087
1030	4141
1030	4142
1030	4143
1030	4144
1030	4145
1030	4146
1030	4147
1031	1031
1032	1032
1033	0
1033	90
1033	92
1033	96
1033	97
1033	1033
1033	1034
1033	1035
1033	1036
1034	0
1034	90
1034	92
1034	96
1034	97
1034	1033
1034	1034
1034	1035
1034	1036
1037	0
1037	4148
1037	4149
1037	4150
1037	4151
1037	4152
1038	45
1038	103
1038	147
1038	1153
1038	1518
1038	3264
1038	3269
1038	3276
1038	3281
1038	4153
1038	4154
1038	4155
1038	4156
1040	709
1040	4157
1047	0
1048	0
1049	0
1049	4158
1050	0
1050	4159
1051	0
1051	4160
1052	0
1052	176
1053	0
1053	4161
1054	0
1054	102
1054	103
1054	224
1054	1054
1054	1057
1054	1058
1054	1061
1054	1062
1054	4162
1054	4163
1054	4164
1057	0
1057	103
1057	224
1057	1054
1057	1057
1057	1058
1057	1061
1057	1062
1057	4162
1057	4165
1057	4166
1057	4167
1057	4168
1057	4169
1057	4170
1057	4171
1057	4172
1057	4173
1057	4174
1057	4175
1057	4176
1057	4177
1057	4178
1057	4179
1057	4180
1057	4181
1057	4182
1057	4183
1057	4184
1057	4185
1057	4186
1057	4187
1058	0
1058	103
1058	224
1058	1054
1058	1057
1058	1058
1058	1061
1058	1062
1058	4168
1058	4188
1058	4189
1061	0
1061	103
1061	224
1061	1057
1061	1058
1061	1061
1061	1062
1061	4153
1063	4163
1064	103
1064	224
1064	1054
1064	1057
1064	1058
1064	1061
1064	1062
1064	4185
1064	4190
1064	4191
1093	0
1093	106
1093	994
1093	1107
1093	1108
1093	1109
1093	1110
1093	4192
1093	4193
1094	0
1094	106
1094	994
1094	1093
1094	1094
1094	1095
1094	1096
1094	1097
1094	1098
1094	1099
1094	1100
1094	1101
1094	1102
1094	1107
1094	1108
1094	1109
1094	1110
1094	4194
1094	4195
1095	0
1095	106
1095	994
1095	1093
1095	1094
1095	1095
1095	1096
1095	1097
1095	1098
1095	1099
1095	1100
1095	1101
1095	1102
1095	1107
1095	1108
1095	1109
1095	1110
1095	4196
1095	4197
1095	4198
1095	4199
1095	4200
1095	4201
1096	0
1096	106
1096	994
1096	1093
1096	1094
1096	1095
1096	1096
1096	1097
1096	1098
1096	1099
1096	1100
1096	1101
1096	1102
1096	1107
1096	1108
1096	1109
1096	1110
1096	4202
1096	4203
1096	4204
1096	4205
1096	4206
1096	4207
1096	4208
1097	0
1097	106
1097	994
1097	1093
1097	1094
1097	1095
1097	1096
1097	1097
1097	1098
1097	1099
1097	1100
1097	1101
1097	1102
1097	1107
1097	1108
1097	1109
1097	1110
1097	4209
1097	4210
1097	4211
1097	4212
1097	4213
1098	0
1098	106
1098	994
1098	1093
1098	1094
1098	1095
1098	1096
1098	1097
1098	1098
1098	1099
1098	1100
1098	1101
1098	1102
1098	1107
1098	1108
1098	1109
1098	1110
1098	4214
1099	0
1099	106
1099	994
1099	1093
1099	1094
1099	1095
1099	1096
1099	1097
1099	1098
1099	1099
1099	1100
1099	1101
1099	1102
1099	1107
1099	1108
1099	1109
1099	1110
1099	4215
1099	4216
1099	4217
1099	4218
1099	4219
1099	4220
1100	0
1100	106
1100	994
1100	1093
1100	1094
1100	1095
1100	1096
1100	1097
1100	1098
1100	1099
1100	1100
1100	1101
1100	1102
1100	1107
1100	1108
1100	1109
1100	1110
1100	4221
1100	4222
1100	4223
1100	4224
1100	4225
1100	4226
1100	4227
1100	4228
1100	4229
1100	4230
1100	4231
1100	4232
1101	0
1101	106
1101	994
1101	1093
1101	1094
1101	1095
1101	1096
1101	1097
1101	1098
1101	1099
1101	1100
1101	1101
1101	1102
1101	1107
1101	1108
1101	1109
1101	1110
1101	4233
1101	4234
1101	4235
1101	4236
1101	4237
1101	4238
1101	4239
1101	4240
1101	4241
1102	0
1102	106
1102	994
1102	1093
1102	1094
1102	1095
1102	1096
1102	1097
1102	1098
1102	1099
1102	1100
1102	1101
1102	1102
1102	1107
1102	1108
1102	1109
1102	1110
1103	0
1103	106
1103	994
1103	1093
1103	1103
1103	1107
1103	1108
1103	1109
1103	1110
1103	4242
1103	4243
1103	4244
1103	4245
1103	4246
1103	4247
1103	4248
1103	4249
1103	4250
1103	4251
1103	4252
1103	4253
1103	4254
1103	4255
1103	4256
1103	4257
1103	4258
1103	4259
1104	0
1104	695
1104	994
1104	1093
1104	1104
1104	1109
1104	4260
1104	4261
1104	4262
1104	4263
1104	4264
1104	4265
1104	4266
1105	0
1105	106
1105	994
1105	1093
1105	1105
1105	1107
1105	1108
1105	1109
1105	1110
1105	4267
1105	4268
1105	4269
1105	4270
1105	4271
1105	4272
1105	4273
1105	4274
1105	4275
1105	4276
1105	4277
1105	4278
1105	4279
1105	4280
1105	4281
1105	4282
1105	4283
1105	4284
1105	4285
1105	4286
1105	4287
1105	4288
1105	4289
1105	4290
1105	4291
1105	4292
1105	4293
1105	4294
1105	4295
1105	4296
1105	4297
1105	4298
1105	4299
1105	4300
1105	4301
1105	4302
1106	4303
1107	0
1107	106
1107	994
1107	1093
1107	1108
1107	1109
1107	1110
1107	4304
1107	4305
1107	4306
1107	4307
1107	4308
1107	4309
1107	4310
1107	4311
1107	4312
1107	4313
1107	4314
1107	4315
1108	0
1108	106
1108	994
1108	1093
1108	1107
1108	1109
1108	1110
1108	4316
1108	4317
1108	4318
1108	4319
1109	0
1109	106
1109	158
1109	160
1109	165
1109	695
1109	787
1109	797
1109	994
1109	1093
1109	1107
1109	1108
1109	1109
1109	1110
1109	1155
1109	4261
1109	4320
1110	0
1110	106
1110	994
1110	1093
1110	1107
1110	1108
1110	1109
1110	1110
1110	4321
1110	4322
1110	4323
1110	4324
1110	4325
1110	4326
1110	4327
1110	4328
1110	4329
1110	4330
1110	4331
1110	4332
1110	4333
1110	4334
1110	4335
1110	4336
1110	4337
1110	4338
1110	4339
1110	4340
1110	4341
1110	4342
1112	0
1112	1
1112	4
1112	69
1112	107
1112	156
1112	202
1112	659
1112	660
1112	661
1112	662
1112	663
1112	664
1112	906
1112	1112
1115	0
1115	140
1117	0
1117	140
1119	0
1119	39
1119	90
1119	112
1119	113
1119	114
1119	115
1119	1120
1119	4343
1119	4344
1120	4345
1120	4346
1120	4347
1120	4348
1120	4349
1120	4350
1120	4351
1125	1125
1125	1126
1125	1127
1125	1128
1125	1129
1126	1125
1126	1126
1126	1127
1126	1128
1126	1129
1127	1125
1127	1126
1127	1127
1127	1128
1127	1129
1128	1125
1128	1126
1128	1127
1128	1128
1128	1129
1129	1125
1129	1126
1129	1127
1129	1128
1129	1129
1130	4352
1133	214
1133	1133
1133	4353
1134	214
1134	1134
1135	171
1135	214
1135	1743
1135	4354
1135	4355
1135	4356
1135	4357
1135	4358
1135	4359
1135	4360
1135	4361
1135	4362
1135	4363
1136	214
1136	4364
1136	4365
1136	4366
1136	4367
1136	4368
1136	4369
1136	4370
1136	4371
1136	4372
1136	4373
1137	214
1137	1136
1138	214
1138	1138
1139	116
1139	214
1140	214
1140	1140
1140	4374
1140	4375
1140	4376
1140	4377
1141	214
1141	4378
1141	4379
1141	4380
1141	4381
1141	4382
1141	4383
1141	4384
1141	4385
1141	4386
1141	4387
1142	214
1142	4388
1143	214
1143	4389
1143	4390
1144	0
1144	4391
1144	4392
1144	4393
1144	4394
1144	4395
1144	4396
1144	4397
1144	4398
1144	4399
1144	4400
1144	4401
1144	4402
1145	0
1145	124
1145	1144
1145	1145
1145	1147
1145	1148
1145	1149
1148	124
1148	1144
1148	1146
1148	1147
1148	1149
1148	4399
1148	4403
1148	4404
1148	4405
1148	4406
1148	4407
1148	4408
1148	4409
1148	4410
1148	4411
1148	4412
1148	4413
1148	4414
1148	4415
1148	4416
1148	4417
1148	4418
1148	4419
1148	4420
1148	4421
1148	4422
1148	4423
1148	4424
1148	4425
1148	4426
1148	4427
1149	4428
1151	1152
1151	3236
1151	3237
1151	3238
1151	3239
1152	127
1152	751
1152	3236
1152	4429
1152	4430
1152	4431
1152	4432
1152	4433
1152	4434
1152	4435
1152	4436
1152	4437
1152	4438
1152	4439
1152	4440
1152	4441
1152	4442
1152	4443
1152	4444
1152	4445
1152	4446
1152	4447
1152	4448
1152	4449
1152	4450
1152	4451
1152	4452
1152	4453
1152	4454
1152	4455
1152	4456
1152	4457
1152	4458
1152	4459
1152	4460
1152	4461
1152	4462
1152	4463
1152	4464
1152	4465
1153	45
1153	128
1153	129
1153	130
1153	4466
1154	0
1154	14
1154	169
1154	4467
1155	1152
1155	3237
1155	3238
1155	3239
1155	4468
1160	0
1160	124
1160	1144
1160	1145
1160	1146
1160	1147
1160	1148
1160	1149
1160	1150
1161	131
1161	4469
1161	4470
1161	4471
1161	4472
1161	4473
1161	4474
1161	4475
1161	4476
1161	4477
1164	0
1164	176
1165	0
1165	176
1165	4478
1165	4479
1165	4480
1165	4481
1166	0
1166	176
1167	0
1167	176
1168	0
1168	176
1169	0
1169	176
1170	134
1170	1170
1170	1171
1170	1172
1170	1173
1170	1174
1170	1175
1170	1176
1170	4482
1170	4483
1170	4484
1170	4485
1171	0
1171	134
1171	147
1171	148
1171	167
1171	168
1171	1170
1171	1171
1171	1172
1171	1173
1171	1174
1171	1175
1171	1176
1171	1177
1171	4486
1171	4487
1171	4488
1171	4489
1171	4490
1171	4491
1171	4492
1171	4493
1171	4494
1171	4495
1171	4496
1171	4497
1171	4498
1171	4499
1171	4500
1171	4501
1171	4502
1171	4503
1171	4504
1171	4505
1171	4506
1171	4507
1171	4508
1171	4509
1171	4510
1171	4511
1171	4512
1171	4513
1171	4514
1171	4515
1171	4516
1172	134
1172	1170
1172	1171
1172	1172
1172	1173
1172	1174
1172	1175
1172	1176
1172	1177
1173	134
1173	1170
1173	1171
1173	1172
1173	1173
1173	1174
1173	1175
1173	1176
1173	4517
1173	4518
1173	4519
1173	4520
1174	134
1174	1170
1174	1171
1174	1172
1174	1173
1174	1174
1174	1175
1174	1176
1174	1177
1174	4486
1175	134
1175	1170
1175	1171
1175	1172
1175	1173
1175	1174
1175	1175
1175	1177
1175	4482
1175	4483
1175	4484
1175	4485
1175	4521
1175	4522
1175	4523
1175	4524
1175	4525
1175	4526
1175	4527
1176	134
1176	1170
1176	1171
1176	1172
1176	1173
1176	1174
1176	1175
1176	1176
1176	1177
1176	4528
1176	4529
1176	4530
1176	4531
1176	4532
1176	4533
1176	4534
1176	4535
1176	4536
1176	4537
1176	4538
1176	4539
1176	4540
1176	4541
1176	4542
1176	4543
1176	4544
1176	4545
1176	4546
1176	4547
1176	4548
1176	4549
1176	4550
1176	4551
1176	4552
1176	4553
1177	134
1177	1170
1177	1171
1177	1172
1177	1173
1177	1174
1177	1175
1177	1177
1180	135
1180	4554
1180	4555
1182	1180
1182	1182
1182	1183
1182	1188
1182	1189
1182	1190
1182	1193
1182	4556
1182	4557
1183	1180
1183	1182
1183	1188
1183	1189
1183	1190
1183	1193
1183	4558
1184	1193
1185	1180
1185	1182
1185	1183
1185	1185
1185	1188
1185	1189
1185	1190
1185	1193
1185	4558
1186	135
1186	4559
1186	4560
1186	4561
1186	4562
1186	4563
1186	4564
1186	4565
1186	4566
1186	4567
1186	4568
1186	4569
1186	4570
1186	4571
1186	4572
1186	4573
1186	4574
1186	4575
1186	4576
1186	4577
1186	4578
1186	4579
1186	4580
1186	4581
1186	4582
1186	4583
1186	4584
1186	4585
1186	4586
1186	4587
1186	4588
1186	4589
1186	4590
1186	4591
1186	4592
1186	4593
1186	4594
1187	135
1187	4595
1187	4596
1187	4597
1187	4598
1187	4599
1187	4600
1187	4601
1187	4602
1187	4603
1187	4604
1187	4605
1187	4606
1187	4607
1187	4608
1187	4609
1187	4610
1187	4611
1187	4612
1187	4613
1187	4614
1187	4615
1187	4616
1187	4617
1187	4618
1187	4619
1187	4620
1187	4621
1187	4622
1187	4623
1187	4624
1187	4625
1187	4626
1187	4627
1187	4628
1187	4629
1187	4630
1187	4631
1188	1180
1188	1181
1188	1189
1188	1190
1188	4557
1188	4632
1189	135
1189	4633
1189	4634
1189	4635
1189	4636
1189	4637
1189	4638
1189	4639
1189	4640
1189	4641
1189	4642
1189	4643
1189	4644
1189	4645
1189	4646
1189	4647
1189	4648
1189	4649
1189	4650
1189	4651
1189	4652
1189	4653
1189	4654
1189	4655
1189	4656
1189	4657
1189	4658
1189	4659
1189	4660
1189	4661
1189	4662
1189	4663
1189	4664
1189	4665
1189	4666
1189	4667
1189	4668
1189	4669
1189	4670
1189	4671
1189	4672
1189	4673
1189	4674
1189	4675
1189	4676
1189	4677
1189	4678
1189	4679
1189	4680
1189	4681
1189	4682
1189	4683
1189	4684
1189	4685
1189	4686
1189	4687
1189	4688
1189	4689
1189	4690
1189	4691
1189	4692
1189	4693
1189	4694
1189	4695
1189	4696
1189	4697
1189	4698
1189	4699
1189	4700
1189	4701
1189	4702
1189	4703
1189	4704
1189	4705
1189	4706
1189	4707
1189	4708
1189	4709
1189	4710
1189	4711
1189	4712
1189	4713
1189	4714
1189	4715
1189	4716
1189	4717
1189	4718
1189	4719
1189	4720
1189	4721
1189	4722
1189	4723
1189	4724
1189	4725
1189	4726
1189	4727
1189	4728
1189	4729
1189	4730
1189	4731
1189	4732
1189	4733
1189	4734
1189	4735
1189	4736
1189	4737
1189	4738
1189	4739
1189	4740
1189	4741
1189	4742
1189	4743
1189	4744
1189	4745
1189	4746
1189	4747
1189	4748
1189	4749
1189	4750
1189	4751
1189	4752
1189	4753
1189	4754
1189	4755
1189	4756
1189	4757
1189	4758
1189	4759
1189	4760
1189	4761
1189	4762
1189	4763
1189	4764
1189	4765
1189	4766
1189	4767
1189	4768
1189	4769
1192	39
1192	4770
1192	4771
1193	1192
1193	4772
1194	136
1195	136
1196	136
1197	136
1198	136
1199	137
1200	137
1201	137
1202	137
1203	137
1204	137
1205	137
1206	137
1207	137
1209	4773
1212	225
1212	267
1212	4774
1212	4775
1216	0
1216	140
1216	1229
1216	1230
1216	1231
1216	1232
1216	1233
1216	1234
1216	1830
1216	1898
1216	1899
1216	1979
1216	3942
1216	4776
1216	4777
1216	4778
1216	4779
1216	4780
1216	4781
1216	4782
1216	4783
1216	4784
1216	4785
1216	4786
1216	4787
1216	4788
1216	4789
1216	4790
1216	4791
1216	4792
1216	4793
1216	4794
1216	4795
1216	4796
1216	4797
1216	4798
1216	4799
1216	4800
1216	4801
1216	4802
1216	4803
1216	4804
1216	4805
1216	4806
1216	4807
1216	4808
1216	4809
1216	4810
1216	4811
1216	4812
1216	4813
1216	4814
1216	4815
1216	4816
1216	4817
1216	4818
1216	4819
1216	4820
1216	4821
1216	4822
1216	4823
1216	4824
1216	4825
1216	4826
1216	4827
1216	4828
1216	4829
1216	4830
1216	4831
1216	4832
1216	4833
1216	4834
1216	4835
1216	4836
1216	4837
1216	4838
1216	4839
1216	4840
1216	4841
1216	4842
1216	4843
1216	4844
1216	4845
1216	4846
1216	4847
1216	4848
1216	4849
1216	4850
1216	4851
1216	4852
1216	4853
1216	4854
1216	4855
1216	4856
1216	4857
1216	4858
1216	4859
1216	4860
1216	4861
1216	4862
1216	4863
1216	4864
1216	4865
1216	4866
1216	4867
1216	4868
1216	4869
1216	4870
1216	4871
1216	4872
1216	4873
1216	4874
1216	4875
1216	4876
1216	4877
1216	4878
1216	4879
1216	4880
1216	4881
1216	4882
1216	4883
1216	4884
1216	4885
1216	4886
1216	4887
1216	4888
1216	4889
1216	4890
1216	4891
1216	4892
1216	4893
1216	4894
1216	4895
1216	4896
1216	4897
1216	4898
1216	4899
1216	4900
1216	4901
1216	4902
1216	4903
1216	4904
1216	4905
1216	4906
1216	4907
1216	4908
1216	4909
1216	4910
1216	4911
1216	4912
1216	4913
1216	4914
1216	4915
1216	4916
1216	4917
1216	4918
1216	4919
1216	4920
1216	4921
1216	4922
1216	4923
1216	4924
1216	4925
1216	4926
1216	4927
1216	4928
1216	4929
1216	4930
1216	4931
1216	4932
1216	4933
1216	4934
1216	4935
1216	4936
1216	4937
1216	4938
1216	4939
1216	4940
1216	4941
1216	4942
1216	4943
1216	4944
1216	4945
1216	4946
1216	4947
1216	4948
1216	4949
1216	4950
1216	4951
1216	4952
1216	4953
1216	4954
1216	4955
1216	4956
1216	4957
1216	4958
1216	4959
1216	4960
1216	4961
1216	4962
1216	4963
1216	4964
1216	4965
1216	4966
1216	4967
1216	4968
1216	4969
1216	4970
1216	4971
1216	4972
1216	4973
1216	4974
1216	4975
1216	4976
1216	4977
1216	4978
1216	4979
1216	4980
1216	4981
1216	4982
1216	4983
1216	4984
1216	4985
1216	4986
1216	4987
1216	4988
1216	4989
1216	4990
1216	4991
1216	4992
1216	4993
1216	4994
1216	4995
1216	4996
1216	4997
1216	4998
1216	4999
1216	5000
1216	5001
1216	5002
1216	5003
1216	5004
1216	5005
1216	5006
1216	5007
1216	5008
1216	5009
1216	5010
1216	5011
1216	5012
1216	5013
1216	5014
1216	5015
1216	5016
1216	5017
1216	5018
1216	5019
1216	5020
1216	5021
1216	5022
1216	5023
1216	5024
1216	5025
1216	5026
1216	5027
1216	5028
1216	5029
1216	5030
1216	5031
1216	5032
1216	5033
1216	5034
1216	5035
1216	5036
1216	5037
1216	5038
1216	5039
1216	5040
1216	5041
1216	5042
1216	5043
1216	5044
1216	5045
1216	5046
1216	5047
1216	5048
1216	5049
1216	5050
1216	5051
1216	5052
1216	5053
1216	5054
1216	5055
1229	0
1229	140
1230	0
1230	140
1231	0
1231	140
1232	0
1232	140
1233	0
1233	140
1234	0
1234	140
1235	0
1235	71
1235	140
1235	1944
1235	1945
1235	1957
1235	3953
1235	5056
1235	5057
1235	5058
1235	5059
1235	5060
1235	5061
1235	5062
1235	5063
1235	5064
1235	5065
1235	5066
1235	5067
1235	5068
1235	5069
1235	5070
1236	0
1236	140
1237	170
1237	172
1237	194
1237	204
1237	267
1237	1634
1238	163
1238	164
1238	176
1238	267
1238	1237
1238	1718
1238	1719
1238	1720
1238	1945
1238	1948
1238	1951
1238	1952
1238	1953
1238	1954
1238	1955
1238	1956
1238	1957
1238	1963
1239	0
1239	71
1239	671
1239	1144
1239	1154
1239	1274
1239	1968
1239	5058
1239	5071
1239	5072
1239	5073
1239	5074
1239	5075
1239	5076
1239	5077
1239	5078
1239	5079
1239	5080
1239	5081
1239	5082
1239	5083
1240	0
1240	1251
1241	0
1241	1251
1242	0
1242	1251
1243	0
1243	1251
1244	0
1244	1251
1245	0
1245	1251
1246	0
1246	1251
1247	0
1247	1251
1248	0
1248	1251
1249	0
1249	140
1250	218
1250	1768
1250	1769
1250	1770
1250	1771
1250	1772
1250	1773
1250	1776
1250	1779
1250	1780
1250	1781
1250	1782
1250	1785
1250	1786
1250	1787
1250	1788
1250	1789
1250	5084
1250	5085
1250	5086
1250	5087
1250	5088
1250	5089
1250	5090
1250	5091
1250	5092
1250	5093
1250	5094
1250	5095
1250	5096
1250	5097
1250	5098
1250	5099
1250	5100
1250	5101
1250	5102
1250	5103
1250	5104
1250	5105
1250	5106
1250	5107
1250	5108
1256	0
1256	140
1257	0
1257	5109
1257	5110
1257	5111
1257	5112
1257	5113
1257	5114
1257	5115
1257	5116
1257	5117
1257	5118
1257	5119
1260	145
1261	145
1262	145
1263	145
1264	145
1265	145
1266	145
1267	145
1269	5120
1269	5121
1269	5122
1269	5123
1269	5124
1269	5125
1269	5126
1269	5127
1270	5121
1270	5128
1270	5129
1270	5130
1270	5131
1270	5132
1270	5133
1270	5134
1270	5135
1270	5136
1270	5137
1270	5138
1270	5139
1270	5140
1270	5141
1270	5142
1270	5143
1270	5144
1270	5145
1270	5146
1271	5147
1271	5148
1271	5149
1273	0
1273	14
1274	0
1274	14
1274	222
1274	1903
1274	2937
1274	2945
1274	2946
1274	2947
1274	2948
1274	2949
1274	2950
1274	2951
1274	2952
1275	153
1275	755
1275	3071
1275	5150
1275	5151
1275	5152
1275	5153
1275	5154
1275	5155
1275	5156
1275	5157
1275	5158
1275	5159
1275	5160
1275	5161
1275	5162
1275	5163
1275	5164
1275	5165
1275	5166
1275	5167
1275	5168
1275	5169
1275	5170
1275	5171
1275	5172
1275	5173
1275	5174
1275	5175
1275	5176
1275	5177
1275	5178
1275	5179
1275	5180
1275	5181
1275	5182
1275	5183
1275	5184
1275	5185
1275	5186
1275	5187
1275	5188
1275	5189
1275	5190
1275	5191
1275	5192
1275	5193
1275	5194
1275	5195
1275	5196
1275	5197
1275	5198
1275	5199
1275	5200
1275	5201
1275	5202
1275	5203
1275	5204
1275	5205
1275	5206
1275	5207
1275	5208
1275	5209
1275	5210
1275	5211
1275	5212
1276	153
1276	1567
1276	3133
1276	5213
1276	5214
1276	5215
1276	5216
1276	5217
1276	5218
1276	5219
1276	5220
1276	5221
1276	5222
1276	5223
1276	5224
1276	5225
1276	5226
1276	5227
1276	5228
1276	5229
1276	5230
1276	5231
1276	5232
1276	5233
1276	5234
1276	5235
1276	5236
1276	5237
1276	5238
1276	5239
1276	5240
1276	5241
1276	5242
1276	5243
1276	5244
1276	5245
1276	5246
1276	5247
1276	5248
1276	5249
1276	5250
1276	5251
1276	5252
1276	5253
1276	5254
1276	5255
1276	5256
1276	5257
1276	5258
1276	5259
1276	5260
1276	5261
1276	5262
1276	5263
1276	5264
1276	5265
1276	5266
1276	5267
1276	5268
1276	5269
1276	5270
1276	5271
1276	5272
1276	5273
1276	5274
1276	5275
1276	5276
1276	5277
1276	5278
1276	5279
1276	5280
1276	5281
1276	5282
1276	5283
1276	5284
1276	5285
1276	5286
1276	5287
1276	5288
1276	5289
1276	5290
1276	5291
1276	5292
1276	5293
1276	5294
1276	5295
1276	5296
1276	5297
1276	5298
1276	5299
1276	5300
1276	5301
1276	5302
1276	5303
1276	5304
1276	5305
1276	5306
1276	5307
1276	5308
1276	5309
1276	5310
1276	5311
1276	5312
1276	5313
1276	5314
1276	5315
1276	5316
1276	5317
1276	5318
1276	5319
1276	5320
1276	5321
1276	5322
1276	5323
1276	5324
1276	5325
1276	5326
1276	5327
1276	5328
1276	5329
1276	5330
1276	5331
1276	5332
1276	5333
1276	5334
1276	5335
1276	5336
1276	5337
1276	5338
1276	5339
1276	5340
1276	5341
1276	5342
1276	5343
1276	5344
1276	5345
1276	5346
1276	5347
1276	5348
1276	5349
1276	5350
1276	5351
1276	5352
1276	5353
1276	5354
1276	5355
1276	5356
1276	5357
1276	5358
1276	5359
1276	5360
1276	5361
1276	5362
1276	5363
1276	5364
1276	5365
1276	5366
1276	5367
1276	5368
1276	5369
1276	5370
1276	5371
1276	5372
1276	5373
1276	5374
1276	5375
1276	5376
1276	5377
1276	5378
1276	5379
1276	5380
1276	5381
1276	5382
1276	5383
1276	5384
1276	5385
1276	5386
1276	5387
1276	5388
1276	5389
1276	5390
1276	5391
1276	5392
1276	5393
1276	5394
1276	5395
1276	5396
1276	5397
1276	5398
1276	5399
1276	5400
1276	5401
1276	5402
1276	5403
1276	5404
1276	5405
1276	5406
1276	5407
1276	5408
1276	5409
1276	5410
1276	5411
1276	5412
1276	5413
1276	5414
1277	153
1277	226
1277	700
1277	3678
1277	5415
1277	5416
1277	5417
1277	5418
1277	5419
1277	5420
1277	5421
1277	5422
1277	5423
1277	5424
1277	5425
1277	5426
1277	5427
1277	5428
1277	5429
1277	5430
1277	5431
1277	5432
1277	5433
1277	5434
1277	5435
1277	5436
1277	5437
1277	5438
1277	5439
1277	5440
1277	5441
1277	5442
1277	5443
1277	5444
1277	5445
1277	5446
1277	5447
1277	5448
1277	5449
1277	5450
1277	5451
1277	5452
1277	5453
1277	5454
1277	5455
1277	5456
1277	5457
1277	5458
1277	5459
1277	5460
1277	5461
1277	5462
1277	5463
1277	5464
1277	5465
1277	5466
1277	5467
1277	5468
1277	5469
1277	5470
1277	5471
1277	5472
1277	5473
1277	5474
1277	5475
1277	5476
1277	5477
1277	5478
1277	5479
1277	5480
1277	5481
1277	5482
1277	5483
1277	5484
1277	5485
1277	5486
1277	5487
1277	5488
1277	5489
1277	5490
1277	5491
1277	5492
1277	5493
1277	5494
1277	5495
1277	5496
1277	5497
1277	5498
1277	5499
1277	5500
1277	5501
1277	5502
1277	5503
1277	5504
1277	5505
1277	5506
1277	5507
1277	5508
1277	5509
1277	5510
1277	5511
1277	5512
1277	5513
1277	5514
1277	5515
1277	5516
1277	5517
1277	5518
1277	5519
1277	5520
1277	5521
1277	5522
1277	5523
1277	5524
1277	5525
1277	5526
1277	5527
1277	5528
1277	5529
1277	5530
1277	5531
1277	5532
1277	5533
1277	5534
1277	5535
1277	5536
1277	5537
1277	5538
1277	5539
1277	5540
1277	5541
1277	5542
1277	5543
1277	5544
1277	5545
1277	5546
1277	5547
1277	5548
1277	5549
1277	5550
1277	5551
1277	5552
1277	5553
1277	5554
1277	5555
1277	5556
1277	5557
1277	5558
1277	5559
1277	5560
1277	5561
1277	5562
1277	5563
1277	5564
1277	5565
1277	5566
1277	5567
1277	5568
1277	5569
1277	5570
1277	5571
1277	5572
1277	5573
1277	5574
1277	5575
1277	5576
1277	5577
1277	5578
1277	5579
1277	5580
1277	5581
1277	5582
1278	153
1278	5583
1278	5584
1279	153
1279	1568
1279	3650
1279	3666
1279	5585
1279	5586
1279	5587
1279	5588
1279	5589
1279	5590
1279	5591
1279	5592
1279	5593
1279	5594
1279	5595
1279	5596
1279	5597
1279	5598
1279	5599
1279	5600
1279	5601
1279	5602
1279	5603
1279	5604
1279	5605
1279	5606
1279	5607
1279	5608
1279	5609
1279	5610
1279	5611
1279	5612
1279	5613
1279	5614
1280	153
1280	697
1280	797
1280	5615
1280	5616
1280	5617
1280	5618
1280	5619
1280	5620
1280	5621
1280	5622
1280	5623
1280	5624
1280	5625
1280	5626
1280	5627
1280	5628
1280	5629
1280	5630
1280	5631
1280	5632
1280	5633
1280	5634
1280	5635
1280	5636
1280	5637
1280	5638
1280	5639
1280	5640
1280	5641
1280	5642
1280	5643
1280	5644
1280	5645
1280	5646
1280	5647
1280	5648
1280	5649
1280	5650
1280	5651
1280	5652
1280	5653
1280	5654
1280	5655
1280	5656
1280	5657
1280	5658
1280	5659
1280	5660
1280	5661
1280	5662
1280	5663
1280	5664
1280	5665
1280	5666
1280	5667
1280	5668
1280	5669
1280	5670
1280	5671
1280	5672
1280	5673
1280	5674
1280	5675
1280	5676
1280	5677
1280	5678
1280	5679
1280	5680
1280	5681
1280	5682
1280	5683
1280	5684
1280	5685
1280	5686
1280	5687
1280	5688
1280	5689
1280	5690
1280	5691
1280	5692
1280	5693
1280	5694
1280	5695
1280	5696
1280	5697
1280	5698
1280	5699
1280	5700
1280	5701
1280	5702
1280	5703
1280	5704
1280	5705
1280	5706
1280	5707
1280	5708
1280	5709
1280	5710
1280	5711
1280	5712
1280	5713
1280	5714
1280	5715
1280	5716
1280	5717
1280	5718
1280	5719
1281	153
1281	755
1281	1567
1281	3071
1281	3133
1281	5150
1281	5151
1281	5152
1281	5153
1281	5154
1281	5155
1281	5156
1281	5157
1281	5158
1281	5159
1281	5160
1281	5161
1281	5162
1281	5163
1281	5164
1281	5165
1281	5166
1281	5167
1281	5168
1281	5169
1281	5170
1281	5171
1281	5172
1281	5173
1281	5174
1281	5175
1281	5176
1281	5177
1281	5178
1281	5179
1281	5180
1281	5181
1281	5182
1281	5183
1281	5184
1281	5185
1281	5186
1281	5187
1281	5188
1281	5189
1281	5190
1281	5191
1281	5192
1281	5193
1281	5194
1281	5195
1281	5196
1281	5197
1281	5198
1281	5199
1281	5200
1281	5201
1281	5202
1281	5203
1281	5204
1281	5205
1281	5206
1281	5207
1281	5208
1281	5209
1281	5210
1281	5211
1281	5212
1281	5213
1281	5214
1281	5215
1281	5216
1281	5217
1281	5218
1281	5219
1281	5220
1281	5221
1281	5222
1281	5223
1281	5224
1281	5225
1281	5226
1281	5227
1281	5228
1281	5229
1281	5230
1281	5231
1281	5232
1281	5233
1281	5234
1281	5235
1281	5236
1281	5237
1281	5238
1281	5239
1281	5240
1281	5241
1281	5242
1281	5243
1281	5244
1281	5245
1281	5246
1281	5247
1281	5248
1281	5249
1281	5250
1281	5251
1281	5252
1281	5253
1281	5254
1281	5255
1281	5256
1281	5257
1281	5258
1281	5259
1281	5260
1281	5261
1281	5262
1281	5263
1281	5264
1281	5265
1281	5266
1281	5267
1281	5268
1281	5269
1281	5270
1281	5271
1281	5272
1281	5273
1281	5274
1281	5275
1281	5276
1281	5277
1281	5278
1281	5279
1281	5280
1281	5281
1281	5282
1281	5283
1281	5284
1281	5285
1281	5286
1281	5287
1281	5288
1281	5289
1281	5290
1281	5291
1281	5292
1281	5293
1281	5294
1281	5295
1281	5296
1281	5297
1281	5298
1281	5299
1281	5300
1281	5301
1281	5302
1281	5303
1281	5304
1281	5305
1281	5306
1281	5307
1281	5308
1281	5309
1281	5310
1281	5311
1281	5312
1281	5313
1281	5314
1281	5315
1281	5316
1281	5317
1281	5318
1281	5319
1281	5320
1281	5321
1281	5322
1281	5323
1281	5324
1281	5325
1281	5326
1281	5327
1281	5328
1281	5329
1281	5330
1281	5331
1281	5332
1281	5333
1281	5334
1281	5335
1281	5336
1281	5337
1281	5338
1281	5339
1281	5340
1281	5341
1281	5342
1281	5343
1281	5344
1281	5345
1281	5346
1281	5347
1281	5348
1281	5349
1281	5350
1281	5351
1281	5352
1281	5353
1281	5354
1281	5355
1281	5356
1281	5357
1281	5358
1281	5359
1281	5360
1281	5361
1281	5362
1281	5363
1281	5364
1281	5365
1281	5366
1281	5367
1281	5368
1281	5369
1281	5370
1281	5371
1281	5372
1281	5373
1281	5374
1281	5375
1281	5376
1281	5377
1281	5378
1281	5379
1281	5380
1281	5381
1281	5382
1281	5383
1281	5384
1281	5385
1281	5386
1281	5387
1281	5388
1281	5389
1281	5390
1281	5391
1281	5392
1281	5393
1281	5394
1281	5395
1281	5396
1281	5397
1281	5398
1281	5399
1281	5400
1281	5401
1281	5402
1281	5403
1281	5404
1281	5405
1281	5406
1281	5407
1281	5408
1281	5409
1281	5410
1281	5411
1281	5412
1281	5413
1281	5414
1281	5583
1281	5584
1281	5720
1281	5721
1281	5722
1281	5723
1281	5724
1281	5725
1281	5726
1281	5727
1281	5728
1282	153
1282	5722
1282	5726
1283	153
1283	2980
1283	3011
1283	5729
1283	5730
1283	5731
1283	5732
1283	5733
1283	5734
1283	5735
1283	5736
1283	5737
1283	5738
1283	5739
1283	5740
1283	5741
1283	5742
1283	5743
1283	5744
1283	5745
1283	5746
1283	5747
1283	5748
1283	5749
1283	5750
1283	5751
1283	5752
1283	5753
1283	5754
1283	5755
1283	5756
1283	5757
1283	5758
1283	5759
1283	5760
1283	5761
1283	5762
1283	5763
1283	5764
1283	5765
1283	5766
1283	5767
1283	5768
1283	5769
1283	5770
1283	5771
1283	5772
1283	5773
1283	5774
1283	5775
1283	5776
1283	5777
1283	5778
1283	5779
1283	5780
1283	5781
1283	5782
1283	5783
1283	5784
1283	5785
1283	5786
1283	5787
1283	5788
1283	5789
1283	5790
1283	5791
1283	5792
1283	5793
1283	5794
1283	5795
1283	5796
1283	5797
1283	5798
1283	5799
1283	5800
1283	5801
1283	5802
1283	5803
1283	5804
1283	5805
1283	5806
1283	5807
1283	5808
1283	5809
1283	5810
1283	5811
1283	5812
1283	5813
1283	5814
1283	5815
1283	5816
1283	5817
1283	5818
1283	5819
1283	5820
1283	5821
1283	5822
1283	5823
1283	5824
1283	5825
1283	5826
1283	5827
1283	5828
1283	5829
1283	5830
1283	5831
1283	5832
1283	5833
1283	5834
1283	5835
1283	5836
1283	5837
1283	5838
1283	5839
1283	5840
1283	5841
1283	5842
1283	5843
1283	5844
1283	5845
1283	5846
1283	5847
1283	5848
1283	5849
1283	5850
1283	5851
1283	5852
1283	5853
1283	5854
1283	5855
1283	5856
1283	5857
1283	5858
1283	5859
1283	5860
1283	5861
1283	5862
1283	5863
1283	5864
1283	5865
1283	5866
1283	5867
1283	5868
1283	5869
1283	5870
1283	5871
1283	5872
1283	5873
1283	5874
1283	5875
1283	5876
1283	5877
1283	5878
1283	5879
1283	5880
1283	5881
1283	5882
1283	5883
1283	5884
1283	5885
1283	5886
1283	5887
1283	5888
1283	5889
1283	5890
1283	5891
1283	5892
1283	5893
1283	5894
1283	5895
1283	5896
1283	5897
1283	5898
1283	5899
1283	5900
1283	5901
1283	5902
1283	5903
1283	5904
1283	5905
1283	5906
1283	5907
1283	5908
1284	153
1284	5909
1284	5910
1284	5911
1284	5912
1284	5913
1284	5914
1284	5915
1284	5916
1284	5917
1284	5918
1284	5919
1284	5920
1284	5921
1284	5922
1285	153
1285	5923
1285	5924
1285	5925
1285	5926
1285	5927
1285	5928
1285	5929
1285	5930
1285	5931
1285	5932
1285	5933
1285	5934
1285	5935
1285	5936
1285	5937
1285	5938
1285	5939
1285	5940
1285	5941
1285	5942
1285	5943
1285	5944
1285	5945
1285	5946
1285	5947
1285	5948
1285	5949
1285	5950
1285	5951
1285	5952
1285	5953
1285	5954
1285	5955
1285	5956
1285	5957
1285	5958
1285	5959
1285	5960
1285	5961
1285	5962
1285	5963
1285	5964
1285	5965
1285	5966
1285	5967
1285	5968
1285	5969
1285	5970
1285	5971
1285	5972
1286	153
1286	5973
1286	5974
1286	5975
1286	5976
1286	5977
1286	5978
1286	5979
1286	5980
1286	5981
1286	5982
1286	5983
1286	5984
1286	5985
1286	5986
1286	5987
1286	5988
1286	5989
1286	5990
1286	5991
1286	5992
1286	5993
1286	5994
1286	5995
1286	5996
1286	5997
1286	5998
1286	5999
1286	6000
1286	6001
1286	6002
1286	6003
1286	6004
1286	6005
1286	6006
1286	6007
1286	6008
1286	6009
1286	6010
1286	6011
1286	6012
1286	6013
1286	6014
1286	6015
1286	6016
1286	6017
1286	6018
1286	6019
1286	6020
1286	6021
1286	6022
1286	6023
1286	6024
1286	6025
1286	6026
1286	6027
1286	6028
1286	6029
1286	6030
1286	6031
1286	6032
1286	6033
1286	6034
1286	6035
1286	6036
1286	6037
1286	6038
1286	6039
1286	6040
1286	6041
1286	6042
1286	6043
1286	6044
1286	6045
1286	6046
1286	6047
1286	6048
1286	6049
1286	6050
1286	6051
1286	6052
1286	6053
1286	6054
1286	6055
1286	6056
1286	6057
1286	6058
1286	6059
1286	6060
1286	6061
1286	6062
1286	6063
1286	6064
1286	6065
1286	6066
1286	6067
1286	6068
1286	6069
1286	6070
1286	6071
1286	6072
1286	6073
1286	6074
1286	6075
1286	6076
1286	6077
1286	6078
1286	6079
1286	6080
1286	6081
1286	6082
1286	6083
1286	6084
1286	6085
1286	6086
1286	6087
1286	6088
1286	6089
1286	6090
1286	6091
1286	6092
1286	6093
1286	6094
1286	6095
1286	6096
1286	6097
1286	6098
1286	6099
1286	6100
1286	6101
1286	6102
1286	6103
1286	6104
1286	6105
1286	6106
1286	6107
1286	6108
1286	6109
1286	6110
1286	6111
1286	6112
1286	6113
1286	6114
1286	6115
1286	6116
1286	6117
1286	6118
1286	6119
1286	6120
1286	6121
1286	6122
1286	6123
1286	6124
1286	6125
1286	6126
1286	6127
1286	6128
1286	6129
1286	6130
1286	6131
1286	6132
1286	6133
1286	6134
1286	6135
1286	6136
1286	6137
1286	6138
1286	6139
1286	6140
1286	6141
1286	6142
1286	6143
1287	153
1287	5728
1288	153
1288	5723
1288	5727
1289	153
1289	6144
1289	6145
1289	6146
1289	6147
1289	6148
1289	6149
1289	6150
1289	6151
1289	6152
1289	6153
1289	6154
1289	6155
1289	6156
1289	6157
1289	6158
1289	6159
1289	6160
1289	6161
1289	6162
1289	6163
1289	6164
1289	6165
1289	6166
1289	6167
1289	6168
1289	6169
1290	153
1290	6170
1290	6171
1290	6172
1290	6173
1290	6174
1290	6175
1290	6176
1290	6177
1290	6178
1290	6179
1290	6180
1290	6181
1290	6182
1290	6183
1290	6184
1290	6185
1290	6186
1290	6187
1290	6188
1290	6189
1290	6190
1290	6191
1290	6192
1290	6193
1290	6194
1290	6195
1290	6196
1290	6197
1290	6198
1290	6199
1290	6200
1290	6201
1290	6202
1290	6203
1290	6204
1290	6205
1290	6206
1290	6207
1290	6208
1290	6209
1290	6210
1290	6211
1290	6212
1290	6213
1290	6214
1290	6215
1290	6216
1290	6217
1290	6218
1290	6219
1290	6220
1290	6221
1290	6222
1290	6223
1290	6224
1290	6225
1290	6226
1290	6227
1290	6228
1290	6229
1290	6230
1290	6231
1291	153
1291	6232
1291	6233
1291	6234
1291	6235
1291	6236
1291	6237
1291	6238
1291	6239
1291	6240
1291	6241
1291	6242
1291	6243
1291	6244
1291	6245
1291	6246
1291	6247
1291	6248
1291	6249
1291	6250
1291	6251
1291	6252
1291	6253
1291	6254
1291	6255
1291	6256
1291	6257
1291	6258
1291	6259
1291	6260
1291	6261
1291	6262
1291	6263
1291	6264
1291	6265
1291	6266
1291	6267
1291	6268
1291	6269
1291	6270
1291	6271
1291	6272
1291	6273
1291	6274
1291	6275
1291	6276
1291	6277
1291	6278
1291	6279
1291	6280
1291	6281
1291	6282
1291	6283
1291	6284
1291	6285
1291	6286
1291	6287
1291	6288
1291	6289
1291	6290
1291	6291
1291	6292
1291	6293
1291	6294
1291	6295
1291	6296
1291	6297
1291	6298
1291	6299
1291	6300
1291	6301
1291	6302
1291	6303
1291	6304
1291	6305
1291	6306
1291	6307
1291	6308
1291	6309
1291	6310
1291	6311
1291	6312
1291	6313
1291	6314
1291	6315
1291	6316
1291	6317
1291	6318
1291	6319
1291	6320
1291	6321
1291	6322
1291	6323
1291	6324
1291	6325
1291	6326
1291	6327
1291	6328
1291	6329
1291	6330
1291	6331
1291	6332
1291	6333
1291	6334
1291	6335
1291	6336
1291	6337
1291	6338
1291	6339
1291	6340
1291	6341
1291	6342
1291	6343
1291	6344
1291	6345
1291	6346
1291	6347
1291	6348
1291	6349
1291	6350
1291	6351
1291	6352
1291	6353
1291	6354
1292	153
1292	6355
1292	6356
1292	6357
1292	6358
1292	6359
1292	6360
1292	6361
1292	6362
1292	6363
1293	153
1293	5724
1294	1740
1294	3137
1294	6364
1294	6365
1294	6366
1294	6367
1294	6368
1294	6369
1294	6370
1294	6371
1294	6372
1294	6373
1294	6374
1294	6375
1294	6376
1294	6377
1294	6378
1294	6379
1294	6380
1294	6381
1294	6382
1294	6383
1294	6384
1294	6385
1294	6386
1294	6387
1294	6388
1294	6389
1294	6390
1294	6391
1294	6392
1294	6393
1294	6394
1294	6395
1294	6396
1294	6397
1294	6398
1294	6399
1294	6400
1294	6401
1294	6402
1294	6403
1294	6404
1294	6405
1294	6406
1294	6407
1294	6408
1294	6409
1294	6410
1294	6411
1294	6412
1294	6413
1294	6414
1294	6415
1294	6416
1294	6417
1294	6418
1294	6419
1294	6420
1294	6421
1294	6422
1294	6423
1294	6424
1294	6425
1294	6426
1294	6427
1294	6428
1294	6429
1294	6430
1294	6431
1294	6432
1294	6433
1294	6434
1294	6435
1294	6436
1294	6437
1294	6438
1294	6439
1294	6440
1294	6441
1294	6442
1294	6443
1294	6444
1294	6445
1294	6446
1294	6447
1294	6448
1294	6449
1294	6450
1294	6451
1294	6452
1294	6453
1294	6454
1294	6455
1294	6456
1294	6457
1294	6458
1294	6459
1294	6460
1294	6461
1294	6462
1294	6463
1294	6464
1294	6465
1294	6466
1294	6467
1294	6468
1294	6469
1294	6470
1294	6471
1294	6472
1294	6473
1294	6474
1294	6475
1294	6476
1294	6477
1294	6478
1294	6479
1294	6480
1294	6481
1294	6482
1294	6483
1294	6484
1294	6485
1294	6486
1294	6487
1294	6488
1294	6489
1294	6490
1294	6491
1294	6492
1294	6493
1294	6494
1294	6495
1294	6496
1295	153
1295	5720
1296	153
1296	3409
1296	6497
1296	6498
1296	6499
1296	6500
1296	6501
1296	6502
1296	6503
1296	6504
1296	6505
1296	6506
1296	6507
1296	6508
1296	6509
1297	153
1297	5725
1298	153
1298	3145
1298	6510
1298	6511
1298	6512
1298	6513
1298	6514
1298	6515
1298	6516
1298	6517
1298	6518
1298	6519
1298	6520
1298	6521
1298	6522
1298	6523
1298	6524
1298	6525
1298	6526
1298	6527
1298	6528
1298	6529
1298	6530
1298	6531
1298	6532
1298	6533
1298	6534
1298	6535
1298	6536
1298	6537
1298	6538
1298	6539
1298	6540
1298	6541
1298	6542
1298	6543
1298	6544
1298	6545
1298	6546
1298	6547
1298	6548
1298	6549
1298	6550
1298	6551
1298	6552
1298	6553
1298	6554
1298	6555
1298	6556
1298	6557
1298	6558
1298	6559
1298	6560
1298	6561
1298	6562
1298	6563
1298	6564
1298	6565
1298	6566
1298	6567
1298	6568
1298	6569
1298	6570
1298	6571
1298	6572
1298	6573
1298	6574
1298	6575
1298	6576
1298	6577
1298	6578
1298	6579
1298	6580
1298	6581
1298	6582
1298	6583
1298	6584
1298	6585
1298	6586
1298	6587
1298	6588
1298	6589
1298	6590
1298	6591
1298	6592
1298	6593
1298	6594
1298	6595
1298	6596
1298	6597
1298	6598
1298	6599
1298	6600
1298	6601
1298	6602
1298	6603
1298	6604
1298	6605
1298	6606
1298	6607
1298	6608
1298	6609
1298	6610
1298	6611
1298	6612
1298	6613
1298	6614
1298	6615
1298	6616
1298	6617
1298	6618
1298	6619
1298	6620
1298	6621
1298	6622
1298	6623
1298	6624
1298	6625
1298	6626
1298	6627
1298	6628
1298	6629
1298	6630
1299	153
1299	3250
1299	6631
1299	6632
1299	6633
1299	6634
1299	6635
1299	6636
1300	153
1300	6637
1300	6638
1300	6639
1300	6640
1300	6641
1300	6642
1300	6643
1300	6644
1300	6645
1300	6646
1300	6647
1300	6648
1300	6649
1300	6650
1300	6651
1300	6652
1300	6653
1300	6654
1300	6655
1300	6656
1301	153
1301	6657
1301	6658
1301	6659
1301	6660
1301	6661
1301	6662
1301	6663
1301	6664
1301	6665
1301	6666
1301	6667
1301	6668
1301	6669
1301	6670
1301	6671
1301	6672
1301	6673
1301	6674
1301	6675
1301	6676
1301	6677
1301	6678
1301	6679
1301	6680
1301	6681
1301	6682
1301	6683
1301	6684
1301	6685
1301	6686
1302	2950
1303	0
1303	6687
1303	6688
1304	1303
1305	155
1305	1017
1305	6687
1306	155
1306	202
1306	1901
1306	4120
1307	157
1307	6689
1307	6690
1308	157
1309	157
1311	6691
1312	1320
1312	6692
1312	6693
1312	6694
1312	6695
1312	6696
1312	6697
1312	6698
1312	6699
1312	6700
1312	6701
1312	6702
1312	6703
1312	6704
1312	6705
1312	6706
1312	6707
1312	6708
1312	6709
1312	6710
1312	6711
1312	6712
1312	6713
1312	6714
1312	6715
1312	6716
1312	6717
1312	6718
1312	6719
1312	6720
1312	6721
1312	6722
1312	6723
1312	6724
1312	6725
1312	6726
1312	6727
1312	6728
1312	6729
1312	6730
1312	6731
1312	6732
1312	6733
1312	6734
1312	6735
1312	6736
1312	6737
1313	162
1315	131
1315	900
1315	1313
1319	1312
1320	1312
1320	1320
1321	0
1321	159
1322	0
1322	159
1322	6738
1322	6739
1322	6740
1322	6741
1322	6742
1322	6743
1322	6744
1322	6745
1322	6746
1322	6747
1322	6748
1322	6749
1322	6750
1322	6751
1322	6752
1322	6753
1322	6754
1322	6755
1322	6756
1322	6757
1322	6758
1322	6759
1322	6760
1322	6761
1322	6762
1322	6763
1322	6764
1322	6765
1322	6766
1322	6767
1322	6768
1322	6769
1322	6770
1322	6771
1323	0
1323	159
1323	1323
1324	0
1324	159
1324	1322
1324	1324
1324	6772
1324	6773
1324	6774
1324	6775
1324	6776
1324	6777
1324	6778
1324	6779
1324	6780
1324	6781
1324	6782
1324	6783
1324	6784
1324	6785
1325	0
1325	159
1325	6786
1325	6787
1325	6788
1325	6789
1326	0
1326	159
1327	0
1327	159
1327	168
1327	1330
1327	1371
1327	1382
1327	6790
1327	6791
1327	6792
1327	6793
1327	6794
1327	6795
1327	6796
1327	6797
1327	6798
1327	6799
1327	6800
1327	6801
1327	6802
1327	6803
1327	6804
1327	6805
1327	6806
1327	6807
1327	6808
1327	6809
1327	6810
1327	6811
1327	6812
1327	6813
1327	6814
1327	6815
1327	6816
1327	6817
1327	6818
1327	6819
1328	0
1328	159
1328	6783
1328	6820
1328	6821
1328	6822
1329	0
1329	159
1329	6823
1329	6824
1329	6825
1329	6826
1329	6827
1329	6828
1329	6829
1329	6830
1332	160
1332	6831
1332	6832
1332	6833
1332	6834
1333	160
1333	6835
1333	6836
1334	160
1334	162
1334	6837
1334	6838
1336	160
1336	1255
1336	1346
1336	6839
1336	6840
1336	6841
1336	6842
1336	6843
1336	6844
1336	6845
1336	6846
1336	6847
1336	6848
1336	6849
1336	6850
1337	160
1337	1332
1337	1333
1337	1336
1337	1338
1337	1339
1337	1340
1337	1341
1337	1342
1337	1343
1337	1344
1337	1345
1337	6831
1337	6832
1337	6833
1337	6834
1337	6839
1337	6840
1337	6841
1337	6842
1337	6843
1337	6844
1337	6845
1337	6846
1337	6848
1337	6849
1337	6850
1337	6851
1337	6852
1337	6853
1337	6854
1337	6855
1337	6856
1337	6857
1337	6858
1337	6859
1337	6860
1337	6861
1337	6862
1337	6863
1337	6864
1337	6865
1337	6866
1337	6867
1337	6868
1338	160
1339	160
1339	1338
1339	1341
1339	1342
1339	1343
1339	1344
1339	6834
1339	6837
1339	6858
1340	160
1340	6869
1341	160
1341	1341
1341	1343
1341	6859
1341	6861
1341	6862
1342	160
1342	1330
1342	6870
1342	6871
1342	6872
1342	6873
1342	6874
1342	6875
1343	160
1343	1341
1343	6859
1343	6860
1343	6861
1343	6862
1344	160
1344	6864
1344	6865
1344	6866
1344	6867
1344	6868
1344	6876
1344	6877
1345	160
1345	1340
1345	6859
1345	6878
1345	6879
1345	6880
1345	6881
1345	6882
1345	6883
1345	6884
1345	6885
1345	6886
1345	6887
1345	6888
1345	6889
1348	161
1348	6890
1348	6891
1348	6892
1348	6893
1348	6894
1348	6895
1348	6896
1348	6897
1348	6898
1348	6899
1348	6900
1348	6901
1350	6902
1350	6903
1350	6904
1350	6905
1350	6906
1350	6907
1350	6908
1350	6909
1353	1380
1353	6890
1353	6895
1353	6899
1353	6900
1353	6903
1353	6910
1353	6911
1353	6912
1353	6913
1353	6914
1353	6915
1353	6916
1353	6917
1353	6918
1353	6919
1353	6920
1353	6921
1353	6922
1353	6923
1353	6924
1353	6925
1353	6926
1353	6927
1353	6928
1353	6929
1353	6930
1353	6931
1353	6932
1353	6933
1353	6934
1353	6935
1353	6936
1353	6937
1353	6938
1353	6939
1353	6940
1353	6941
1353	6942
1353	6943
1353	6944
1353	6945
1353	6946
1353	6947
1353	6948
1353	6949
1353	6950
1353	6951
1353	6952
1353	6953
1353	6954
1353	6955
1353	6956
1353	6957
1353	6958
1353	6959
1353	6960
1353	6961
1353	6962
1353	6963
1353	6964
1353	6965
1353	6966
1353	6967
1353	6968
1353	6969
1353	6970
1353	6971
1353	6972
1353	6973
1353	6974
1353	6975
1353	6976
1353	6977
1353	6978
1353	6979
1353	6980
1353	6981
1353	6982
1353	6983
1353	6984
1353	6985
1353	6986
1360	6892
1360	6987
1360	6988
1362	6989
1362	6990
1362	6991
1365	6992
1388	162
1388	1390
1389	162
1389	6993
1390	162
1390	6994
1391	162
1391	6995
1392	162
1392	1392
1393	162
1394	162
1395	162
1396	162
1399	162
1401	162
1401	1393
1401	1399
1401	1402
1401	1413
1401	1416
1401	1423
1402	162
1403	162
1403	1400
1403	1404
1403	1410
1403	1415
1403	1425
1403	1429
1403	6996
1404	162
1405	162
1406	162
1406	6997
1407	162
1407	6998
1408	162
1409	162
1410	162
1412	162
1413	162
1415	162
1416	162
1417	162
1418	162
1419	162
1420	162
1420	1396
1420	1407
1422	162
1423	162
1424	162
1425	162
1426	162
1427	162
1427	1394
1427	1405
1427	1418
1427	6999
1428	162
1429	162
1430	162
1430	1404
1430	1410
1430	1415
1430	1429
1430	6996
1431	7000
1431	7001
1431	7002
1431	7003
1431	7004
1431	7005
1431	7006
1431	7007
1431	7008
1431	7009
1431	7010
1433	164
1433	1433
1433	1434
1433	1438
1433	1441
1433	1442
1433	1443
1433	1444
1433	1445
1433	7011
1433	7012
1433	7013
1433	7014
1433	7015
1434	164
1434	1437
1434	1438
1434	1441
1434	1442
1434	1443
1434	1444
1434	1445
1434	7016
1434	7017
1434	7018
1434	7019
1434	7020
1434	7021
1434	7022
1434	7023
1434	7024
1434	7025
1434	7026
1434	7027
1434	7028
1434	7029
1434	7030
1434	7031
1434	7032
1434	7033
1434	7034
1434	7035
1434	7036
1434	7037
1434	7038
1434	7039
1434	7040
1434	7041
1434	7042
1434	7043
1434	7044
1435	164
1435	1434
1435	1435
1435	1438
1435	1441
1435	1442
1435	1443
1435	1444
1435	1445
1435	7045
1435	7046
1435	7047
1436	164
1436	1434
1436	1438
1436	1441
1436	1442
1436	1443
1436	1444
1436	1445
1436	7045
1436	7048
1436	7049
1437	164
1437	1433
1437	1434
1437	1438
1437	1441
1437	1442
1437	1443
1437	1444
1437	1445
1437	7011
1437	7012
1437	7013
1437	7014
1437	7015
1438	164
1438	1433
1438	1434
1438	1441
1438	1442
1438	1443
1438	1444
1438	1445
1438	7037
1438	7045
1438	7050
1438	7051
1439	164
1439	1434
1439	1438
1439	1441
1439	1442
1439	1443
1439	1444
1439	1445
1439	7045
1439	7052
1440	164
1440	1434
1440	1437
1440	1438
1440	1441
1440	1442
1440	1443
1440	1444
1440	1445
1441	0
1441	164
1441	1434
1441	1438
1441	1442
1441	1443
1441	1444
1441	1445
1441	7045
1441	7053
1441	7054
1441	7055
1441	7056
1442	164
1442	1433
1442	1434
1442	1438
1442	1441
1442	1443
1442	1444
1442	1445
1442	7045
1442	7057
1442	7058
1443	164
1443	1434
1443	1437
1443	1438
1443	1441
1443	1442
1443	1443
1443	1444
1443	1445
1444	164
1444	1433
1444	1434
1444	1438
1444	1441
1444	1442
1444	1443
1444	1445
1444	7057
1444	7059
1445	164
1445	1433
1445	1434
1445	1438
1445	1441
1445	1442
1445	1443
1445	1444
1446	164
1446	1434
1446	1437
1446	1438
1446	1441
1446	1442
1446	1443
1446	1444
1446	1445
1446	7060
1447	165
1448	165
1448	1449
1449	165
1449	7061
1449	7062
1450	165
1450	7063
1450	7064
1451	165
1452	0
1452	160
1452	165
1452	7065
1452	7066
1452	7067
1453	7068
1453	7069
1454	167
1454	1454
1454	1455
1454	1456
1454	7070
1455	167
1455	1454
1455	1456
1456	167
1456	1454
1456	1455
1456	1456
1457	168
1457	1457
1457	1459
1457	1460
1457	1461
1457	1462
1457	1463
1457	7071
1457	7072
1458	168
1459	168
1459	7073
1459	7074
1459	7075
1459	7076
1459	7077
1459	7078
1460	168
1460	1460
1460	7079
1460	7080
1461	168
1461	1461
1461	7081
1461	7082
1461	7083
1461	7084
1462	168
1462	1330
1462	1457
1462	1459
1462	1460
1462	1461
1462	1462
1462	1463
1462	6790
1462	6809
1462	7054
1462	7071
1462	7085
1462	7086
1462	7087
1462	7088
1463	168
1469	0
1469	7089
1469	7090
1469	7091
1469	7092
1469	7093
1469	7094
1469	7095
1469	7096
1469	7097
1469	7098
1469	7099
1469	7100
1469	7101
1469	7102
1469	7103
1470	0
1470	86
1470	1469
1470	1470
1470	1471
1470	1472
1470	1473
1470	1474
1470	1475
1470	1476
1470	1477
1470	1478
1470	1479
1470	1480
1470	1481
1471	0
1471	86
1471	1470
1471	1471
1471	1472
1471	1473
1471	1474
1471	1477
1471	1479
1471	1480
1471	1481
1471	7104
1471	7105
1471	7106
1471	7107
1471	7108
1471	7109
1471	7110
1471	7111
1472	0
1472	86
1472	234
1472	1470
1472	1471
1472	1472
1472	1473
1472	1474
1472	1477
1472	1479
1472	1480
1472	1481
1472	1917
1472	1965
1472	1970
1472	1972
1472	7110
1472	7112
1472	7113
1472	7114
1472	7115
1472	7116
1472	7117
1472	7118
1472	7119
1472	7120
1472	7121
1472	7122
1472	7123
1472	7124
1472	7125
1472	7126
1473	0
1473	86
1473	1470
1473	1471
1473	1472
1473	1473
1473	1474
1473	1477
1473	1479
1473	1480
1473	1481
1473	1902
1473	3445
1473	3447
1473	7127
1473	7128
1474	0
1474	86
1474	1470
1474	1471
1474	1472
1474	1473
1474	1474
1474	1477
1474	1479
1474	1480
1474	1481
1475	0
1475	86
1475	1470
1475	1471
1475	1472
1475	1473
1475	1474
1475	1476
1475	1477
1475	1478
1475	1479
1475	1480
1475	1481
1475	7129
1476	0
1476	86
1476	1470
1476	1471
1476	1472
1476	1473
1476	1474
1476	1477
1476	1479
1476	1480
1476	1481
1477	7130
1477	7131
1478	0
1478	86
1478	1470
1478	1471
1478	1472
1478	1473
1478	1474
1478	1477
1478	1479
1478	1480
1478	1481
1479	0
1479	86
1479	955
1479	1470
1479	1471
1479	1472
1479	1473
1479	1474
1479	1477
1479	1479
1479	1480
1479	1481
1480	7132
1480	7133
1481	0
1481	16
1481	86
1481	233
1481	234
1481	1017
1481	1470
1481	1471
1481	1472
1481	1473
1481	1474
1481	1476
1481	1477
1481	1478
1481	1479
1481	1480
1481	1481
1481	1880
1481	1965
1481	1970
1481	1972
1481	2000
1481	4108
1481	4121
1481	4467
1481	7115
1481	7116
1481	7121
1481	7124
1481	7134
1481	7135
1481	7136
1481	7137
1481	7138
1481	7139
1481	7140
1481	7141
1481	7142
1481	7143
1481	7144
1481	7145
1481	7146
1481	7147
1481	7148
1481	7149
1481	7150
1481	7151
1482	7152
1482	7153
1483	1500
1484	7153
1484	7154
1485	7153
1485	7155
1486	170
1486	1486
1486	7156
1486	7157
1486	7158
1486	7159
1486	7160
1486	7161
1486	7162
1486	7163
1486	7164
1486	7165
1486	7166
1490	1500
1490	7167
1490	7168
1490	7169
1490	7170
1490	7171
1490	7172
1490	7173
1490	7174
1490	7175
1490	7176
1490	7177
1490	7178
1490	7179
1490	7180
1490	7181
1490	7182
1490	7183
1490	7184
1490	7185
1490	7186
1491	7153
1491	7187
1492	7153
1492	7188
1493	7153
1493	7189
1494	7153
1494	7190
1495	7153
1495	7191
1496	7153
1496	7192
1497	7193
1497	7194
1497	7195
1497	7196
1497	7197
1497	7198
1498	7153
1498	7199
1499	7153
1499	7200
1501	7153
1501	7201
1502	7153
1502	7202
1503	7153
1503	7203
1504	7153
1504	7204
1505	7153
1505	7205
1506	7153
1506	7206
1507	7153
1507	7207
1508	7153
1508	7208
1509	170
1509	172
1509	204
1509	674
1509	1500
1509	1509
1509	1634
1509	2968
1509	4019
1509	7209
1509	7210
1509	7211
1509	7212
1509	7213
1509	7214
1509	7215
1509	7216
1509	7217
1509	7218
1509	7219
1509	7220
1509	7221
1509	7222
1509	7223
1509	7224
1509	7225
1509	7226
1509	7227
1509	7228
1509	7229
1509	7230
1509	7231
1509	7232
1509	7233
1509	7234
1509	7235
1509	7236
1509	7237
1509	7238
1509	7239
1509	7240
1509	7241
1509	7242
1509	7243
1509	7244
1509	7245
1509	7246
1509	7247
1509	7248
1509	7249
1509	7250
1509	7251
1509	7252
1509	7253
1509	7254
1509	7255
1509	7256
1509	7257
1509	7258
1509	7259
1509	7260
1509	7261
1509	7262
1509	7263
1509	7264
1509	7265
1509	7266
1509	7267
1509	7268
1509	7269
1509	7270
1509	7271
1509	7272
1509	7273
1509	7274
1509	7275
1509	7276
1509	7277
1509	7278
1509	7279
1510	7153
1510	7280
1511	7153
1511	7281
1512	7153
1512	7282
1513	7153
1513	7283
1514	7153
1514	7284
1515	170
1515	1515
1515	7285
1515	7286
1516	7153
1516	7287
1520	7288
1521	0
1521	1520
1521	7289
1521	7290
1521	7291
1521	7292
1521	7293
1521	7294
1522	7295
1522	7296
1522	7297
1522	7298
1522	7299
1522	7300
1522	7301
1523	0
1523	7295
1523	7296
1523	7298
1523	7299
1523	7300
1523	7301
1523	7302
1524	0
1524	15
1524	174
1524	198
1524	202
1524	1524
1524	1525
1524	1526
1524	1527
1524	1528
1525	0
1525	15
1525	174
1525	198
1525	202
1525	1524
1525	1525
1525	1526
1525	1527
1525	1528
1525	7303
1525	7304
1525	7305
1525	7306
1525	7307
1525	7308
1525	7309
1525	7310
1525	7311
1525	7312
1525	7313
1525	7314
1525	7315
1525	7316
1525	7317
1525	7318
1525	7319
1525	7320
1525	7321
1525	7322
1525	7323
1525	7324
1525	7325
1525	7326
1525	7327
1525	7328
1525	7329
1525	7330
1525	7331
1525	7332
1525	7333
1525	7334
1525	7335
1525	7336
1525	7337
1525	7338
1525	7339
1525	7340
1525	7341
1525	7342
1525	7343
1525	7344
1525	7345
1525	7346
1525	7347
1525	7348
1525	7349
1525	7350
1525	7351
1525	7352
1525	7353
1525	7354
1525	7355
1525	7356
1525	7357
1525	7358
1525	7359
1525	7360
1525	7361
1525	7362
1525	7363
1525	7364
1525	7365
1525	7366
1525	7367
1525	7368
1525	7369
1525	7370
1525	7371
1525	7372
1525	7373
1525	7374
1525	7375
1525	7376
1525	7377
1525	7378
1525	7379
1525	7380
1525	7381
1525	7382
1525	7383
1525	7384
1525	7385
1525	7386
1525	7387
1525	7388
1525	7389
1525	7390
1525	7391
1525	7392
1525	7393
1525	7394
1525	7395
1525	7396
1525	7397
1525	7398
1525	7399
1525	7400
1525	7401
1525	7402
1525	7403
1525	7404
1526	0
1526	15
1526	174
1526	198
1526	202
1526	1524
1526	1525
1526	1526
1526	1527
1526	1528
1527	0
1527	15
1527	174
1527	198
1527	202
1527	1524
1527	1525
1527	1526
1527	1527
1527	1528
1528	0
1528	15
1528	174
1528	198
1528	202
1528	1524
1528	1525
1528	1526
1528	1527
1528	1528
1528	7405
1528	7406
1530	7407
1530	7408
1530	7409
1530	7410
1531	175
1531	7411
1535	135
1535	153
1535	191
1535	2000
1535	7116
1535	7412
1535	7413
1535	7414
1535	7415
1535	7416
1535	7417
1535	7418
1535	7419
1535	7420
1535	7421
1535	7422
1535	7423
1535	7424
1535	7425
1535	7426
1535	7427
1535	7428
1535	7429
1535	7430
1535	7431
1535	7432
1535	7433
1535	7434
1535	7435
1535	7436
1535	7437
1535	7438
1535	7439
1535	7440
1535	7441
1535	7442
1535	7443
1535	7444
1535	7445
1536	177
1536	7446
1537	177
1537	7447
1538	177
1539	177
1539	195
1539	2857
1539	7448
1540	177
1540	7449
1541	7450
1541	7451
1541	7452
1541	7453
1542	14
1542	7454
1543	0
1543	7455
1544	1566
1544	7456
1544	7457
1544	7458
1544	7459
1544	7460
1544	7461
1545	1547
1545	1553
1545	1563
1545	7456
1545	7461
1546	7462
1546	7463
1546	7464
1550	7465
1552	7458
1560	7466
1561	7463
1565	0
1567	0
1567	3440
1567	7467
1567	7468
1567	7469
1568	0
1568	148
1568	1518
1568	3440
1568	7468
1568	7470
1568	7471
1568	7472
1568	7473
1568	7474
1569	0
1570	0
1570	1570
1570	3440
1570	7475
1571	0
1577	7457
1578	7462
1578	7464
1579	189
1580	7476
1580	7477
1580	7478
1580	7479
1580	7480
1580	7481
1580	7482
1580	7483
1580	7484
1580	7485
1580	7486
1580	7487
1580	7488
1581	191
1581	1581
1581	7489
1581	7490
1582	0
1582	191
1582	1582
1582	7491
1582	7492
1582	7493
1582	7494
1582	7495
1582	7496
1582	7497
1582	7498
1582	7499
1582	7500