# Directed graph (each unordered pair of nodes is saved once): web-NotreDame.txt 
# University of Notre Dame web graph from 1999 by Albert, Jeong and Barabasi
# Nodes: 40000 Edges: 81942
# FromNodeId	ToNodeId
0	0
0	1
0	2
0	3
0	4
0	5
0	6
0	7
0	8
0	9
0	10
0	11
0	12
0	13
0	14
0	15
0	16
1	0
1	7
1	17
1	18
1	19
1	20
1	21
1	22
1	23
1	24
1	25
1	26
1	27
1	28
1	29
1	30
1	31
1	32
1	33
1	34
1	35
1	36
1	37
1	38
1	39
3	0
3	14
3	40
3	41
3	42
3	43
4	0
4	11
4	14
4	40
4	44
4	45
4	46
4	47
4	48
4	49
4	50
4	51
4	52
4	53
4	54
4	55
4	56
4	57
4	58
4	59
4	60
4	61
4	62
4	63
4	64
4	65
4	66
4	67
4	68
4	69
4	70
4	71
4	72
4	73
4	74
4	75
4	76
4	77
4	78
4	79
4	80
4	81
4	82
5	0
5	83
5	84
5	85
5	86
5	87
5	88
6	0
6	14
6	37
6	38
6	39
6	89
6	90
6	91
6	92
6	93
6	94
6	95
6	96
6	97
6	98
6	99
6	100
6	101
6	102
6	103
6	104
6	105
6	106
6	107
6	108
6	109
6	110
6	111
6	112
6	113
6	114
6	115
6	116
6	117
6	118
6	119
6	120
6	121
6	122
6	123
7	0
7	6
7	8
7	14
7	25
7	33
7	37
7	45
7	80
7	82
7	121
7	124
7	125
7	126
7	127
7	128
7	129
7	130
7	131
7	132
7	133
7	134
7	135
7	136
7	137
7	138
7	139
7	140
7	141
7	142
7	143
7	144
7	145
7	146
7	147
7	148
7	149
7	150
7	151
7	152
8	0
8	3
8	14
8	40
8	46
8	70
8	141
8	150
8	153
8	154
8	155
8	156
9	0
9	12
9	14
9	131
9	134
9	157
9	158
9	159
9	160
9	161
9	162
9	163
9	164
9	165
9	166
9	167
9	168
10	0
10	4
10	6
10	9
10	14
10	15
10	16
10	33
10	35
10	37
10	38
10	40
10	44
10	46
10	51
10	63
10	70
10	71
10	72
10	74
10	134
10	140
10	141
10	144
10	145
10	169
10	170
10	171
10	172
10	173
10	174
10	175
10	176
10	177
10	178
10	179
10	180
10	181
10	182
10	183
10	184
10	185
10	186
10	187
10	188
10	189
10	190
10	191
10	192
10	193
10	194
10	195
10	196
10	197
10	198
10	199
10	200
10	201
10	202
10	203
10	204
10	205
10	206
10	207
10	208
10	209
10	210
10	211
10	212
10	213
10	214
10	215
10	216
10	217
10	218
10	219
10	220
11	0
11	6
11	9
11	14
11	36
11	40
11	44
11	46
11	51
11	63
11	68
11	69
11	70
11	72
11	73
11	74
11	103
11	107
11	111
11	136
11	137
11	138
11	151
11	152
11	153
11	155
11	156
11	162
11	163
11	171
11	189
11	202
11	205
11	206
11	210
11	212
11	214
11	215
11	216
11	217
11	221
11	222
11	223
11	224
11	225
11	226
11	227
11	228
11	229
11	230
11	231
11	232
11	233
11	234
11	235
12	236
12	237
13	238
13	239
14	0
15	0
15	4
15	70
15	141
15	169
15	202
15	240
15	241
15	242
15	243
15	244
15	245
15	246
16	247
16	248
16	249
16	250
16	251
16	252
16	253
16	254
16	255
16	256
16	257
17	1
17	258
17	259
17	260
17	261
17	262
17	263
17	264
17	265
17	266
18	1
18	267
18	268
19	0
19	1
19	17
19	19
19	20
19	21
19	23
19	24
19	25
19	27
19	29
19	269
19	270
19	271
19	272
19	273
19	274
19	275
19	276
19	277
19	278
19	279
19	280
19	281
19	282
19	283
19	284
19	285
19	286
19	287
19	288
19	289
19	290
19	291
19	292
19	293
19	294
19	295
19	296
19	297
19	298
19	299
19	300
19	301
19	302
19	303
19	304
19	305
19	306
19	307
19	308
19	309
19	310
19	311
19	312
19	313
19	314
19	315
19	316
19	317
19	318
19	319
19	320
19	321
19	322
19	323
19	324
19	325
19	326
19	327
19	328
19	329
19	330
19	331
19	332
19	333
19	334
19	335
19	336
19	337
19	338
19	339
19	340
19	341
19	342
19	343
19	344
19	345
19	346
19	347
19	348
19	349
19	350
19	351
20	0
20	17
20	19
20	20
20	21
20	23
20	24
20	25
20	27
20	29
20	352
20	353
20	354
20	355
20	356
20	357
20	358
20	359
20	360
20	361
20	362
20	363
20	364
20	365
20	366
20	367
20	368
20	369
20	370
20	371
20	372
20	373
20	374
20	375
20	376
20	377
20	378
20	379
20	380
20	381
20	382
20	383
20	384
20	385
20	386
20	387
20	388
20	389
20	390
20	391
20	392
20	393
20	394
20	395
20	396
20	397
20	398
20	399
20	400
20	401
20	402
20	403
20	404
20	405
20	406
20	407
20	408
20	409
20	410
20	411
20	412
20	413
20	414
20	415
20	416
20	417
20	418
20	419
20	420
20	421
20	422
20	423
20	424
20	425
20	426
20	427
20	428
20	429
20	430
20	431
20	432
20	433
20	434
20	435
20	436
20	437
20	438
20	439
20	440
20	441
20	442
20	443
20	444
20	445
20	446
20	447
20	448
20	449
20	450
20	451
20	452
20	453
20	454
20	455
20	456
20	457
20	458
20	459
20	460
20	461
20	462
20	463
20	464
20	465
20	466
20	467
20	468
20	469
20	470
20	471
20	472
20	473
20	474
20	475
20	476
20	477
20	478
20	479
20	480
20	481
20	482
20	483
20	484
20	485
20	486
20	487
20	488
20	489
20	490
20	491
20	492
20	493
20	494
20	495
20	496
20	497
20	498
20	499
20	500
20	501
20	502
20	503
20	504
20	505
20	506
20	507
20	508
20	509
20	510
20	511
20	512
20	513
20	514
20	515
20	516
20	517
20	518
20	519
20	520
20	521
20	522
20	523
20	524
20	525
20	526
20	527
20	528
20	529
20	530
20	531
20	532
20	533
20	534
20	535
20	536
20	537
20	538
20	539
20	540
20	541
20	542
20	543
20	544
20	545
20	546
20	547
20	548
20	549
20	550
20	551
20	552
20	553
20	554
20	555
20	556
20	557
20	558
20	559
20	560
20	561
20	562
20	563
20	564
20	565
20	566
20	567
20	568
20	569
20	570
20	571
20	572
20	573
20	574
20	575
20	576
20	577
20	578
20	579
20	580
20	581
20	582
21	0
21	1
21	21
21	583
21	584
21	585
21	586
21	587
21	588
21	589
21	590
21	591
22	592
22	593
23	0
23	1
23	17
23	19
23	20
23	21
23	23
23	24
23	25
23	27
23	29
23	594
23	595
23	596
24	0
24	1
24	17
24	19
24	20
24	21
24	23
24	24
24	25
24	27
24	29
24	597
24	598
24	599
25	0
25	1
25	17
25	19
25	20
25	21
25	23
25	24
25	25
25	27
25	29
25	600
25	601
25	602
25	603
25	604
25	605
25	606
25	607
25	608
25	609
25	610
25	611
25	612
25	613
25	614
26	0
26	1
26	17
26	19
26	20
26	21
26	23
26	24
26	25
26	27
26	29
27	0
27	1
27	17
27	19
27	20
27	21
27	23
27	24
27	25
27	27
27	29
27	615
27	616
28	1
29	0
29	1
29	617
29	618
29	619
29	620
29	621
29	622
29	623
29	624
29	625
29	626
29	627
29	628
29	629
29	630
30	0
30	1
30	18
30	631
30	632
31	633
32	0
32	132
32	634
32	635
32	636
32	637
32	638
32	639
32	640
33	176
33	641
33	642
33	643
33	644
33	645
34	0
34	34
34	163
34	646
34	647
34	648
34	649
35	0
35	267
35	650
35	651
35	652
35	653
35	654
35	655
35	656
35	657
35	658
36	0
36	1
36	4
36	69
36	156
36	202
36	659
36	660
36	661
36	662
36	663
36	664
37	267
37	665
37	666
37	667
37	668
37	669
37	670
40	0
40	14
40	40
40	73
40	157
40	160
40	161
40	173
40	205
40	210
40	216
40	217
40	235
40	671
40	672
40	673
40	674
40	675
40	676
40	677
40	678
40	679
40	680
40	681
40	682
40	683
40	684
40	685
40	686
40	687
40	688
40	689
40	690
40	691
40	692
40	693
40	694
40	695
40	696
40	697
40	698
40	699
40	700
40	701
40	702
40	703
40	704
40	705
40	706
40	707
40	708
40	709
40	710
40	711
40	712
40	713
40	714
40	715
40	716
40	717
40	718
40	719
40	720
40	721
40	722
40	723
40	724
40	725
40	726
40	727
40	728
40	729
40	730
40	731
40	732
40	733
40	734
40	735
40	736
40	737
40	738
40	739
40	740
40	741
40	742
40	743
40	744
40	745
40	746
40	747
40	748
40	749
40	750
40	751
40	752
40	753
40	754
40	755
40	756
40	757
40	758
40	759
40	760
40	761
40	762
40	763
40	764
40	765
40	766
40	767
40	768
40	769
40	770
40	771
40	772
40	773
40	774
40	775
40	776
40	777
40	778
40	779
40	780
40	781
40	782
40	783
40	784
40	785
40	786
40	787
40	788
40	789
40	790
40	791
40	792
40	793
40	794
40	795
40	796
40	797
40	798
40	799
40	800
40	801
40	802
41	0
41	803
41	804
41	805
41	806
41	807
42	0
42	808
42	809
42	810
42	811
42	812
42	813
42	814
42	815
42	816
42	817
42	818
42	819
42	820
42	821
43	822
43	823
43	824
44	825
44	826
45	827
45	828
45	829
46	14
46	267
46	732
46	830
46	831
46	832
46	833
46	834
46	835
46	836
46	837
46	838
46	839
46	840
46	841
46	842
46	843
46	844
46	845
46	846
46	847
46	848
46	849
46	850
46	851
47	0
47	80
47	81
47	82
47	852
47	853
47	854
47	855
47	856
47	857
47	858
47	859
47	860
47	861
48	0
48	49
48	862
48	863
48	864
48	865
48	866
48	867
48	868
49	0
49	48
49	862
49	863
49	865
49	869
49	870
49	871
49	872
49	873
49	874
49	875
49	876
49	877
50	50
50	55
50	64
50	189
50	878
50	879
51	51
51	189
51	803
51	880
51	881
51	882
51	883
51	884
51	885
51	886
52	52
52	170
52	172
52	189
52	194
52	204
52	649
52	887
52	888
52	889
52	890
52	891
52	892
52	893
52	894
52	895
52	896
52	897
52	898
52	899
53	0
53	900
53	901
53	902
53	903
53	904
53	905
53	906
54	0
54	55
54	907
54	908
54	909
55	0
55	54
55	71
55	910
55	911
55	912
55	913
55	914
55	915
55	916
55	917
55	918
56	0
56	55
56	57
56	913
56	919
57	0
57	55
57	56
57	57
57	913
58	0
58	58
58	59
58	862
58	920
58	921
58	922
58	923
58	924
58	925
58	926
58	927
58	928
58	929
59	58
59	59
59	879
59	920
59	927
60	58
60	59
60	60
60	920
60	927
60	930
60	931
60	932
60	933
60	934
60	935
60	936
60	937
61	0
61	62
61	862
61	938
61	939
61	940
61	941
61	942
61	943
61	944
61	945
61	946
62	0
62	61
62	862
62	947
62	948
62	949
62	950
63	951
63	952
63	953
63	954
64	0
64	67
64	955
64	956
64	957
64	958
64	959
64	960
64	961
64	962
64	963
64	964
64	965
64	966
64	967
64	968
64	969
64	970
64	971
65	64
65	960
65	972
65	973
66	64
67	64
67	75
67	76
67	974
67	975
67	976
67	977
67	978
68	0
68	1
68	4
68	68
68	69
68	156
68	202
68	659
68	660
68	661
68	662
68	663
68	664
69	0
69	1
69	4
69	36
69	68
69	69
69	74
69	107
69	156
69	189
69	202
69	206
69	212
69	228
69	229
69	230
69	231
69	232
69	659
69	660
69	661
69	662
69	663
69	664
69	808
69	979
69	980
69	981
69	982
69	983
69	984
69	985
69	986
69	987
69	988
69	989
69	990
69	991
69	992
69	993
70	0
70	15
70	53
70	55
70	64
70	70
70	169
70	240
70	242
70	243
70	246
70	862
70	994
70	995
70	996
70	997
71	0
71	55
71	998
71	999
71	1000
71	1001
71	1002
71	1003
71	1004
71	1005
71	1006
71	1007
72	1008
72	1009
72	1010
73	1011
73	1012
73	1013
74	1014
74	1015
84	0
84	5
84	85
85	0
85	5
85	84
86	0
86	86
86	1016
86	1017
86	1018
90	0
90	90
90	91
90	92
90	93
90	94
90	95
90	96
90	97
90	98
90	99
90	100
90	1019
90	1020
91	0
91	90
91	91
91	1021
92	0
92	39
92	90
92	92
92	97
92	1022
92	1023
93	0
93	90
93	93
94	0
94	90
94	94
94	111
94	767
94	1024
94	1025
94	1026
94	1027
95	0
95	90
95	95
95	111
95	1028
95	1029
96	1030
96	1031
96	1032
97	0
97	90
97	92
97	96
97	97
97	1033
97	1034
97	1035
97	1036
98	0
98	39
98	45
98	90
98	98
98	108
98	109
98	135
98	162
98	167
98	203
98	1037
98	1038
98	1039
98	1040
98	1041
99	0
99	90
99	99
99	1042
99	1043
100	0
100	90
100	91
100	92
100	93
100	94
100	97
100	98
100	99
100	100
100	1019
100	1024
100	1044
101	0
101	11
101	63
101	103
101	105
101	106
101	111
101	144
101	147
101	163
101	176
101	214
101	1045
101	1046
101	1047
101	1048
101	1049
101	1050
101	1051
101	1052
101	1053
101	1054
101	1055
102	0
102	102
102	103
102	224
102	1054
102	1056
102	1057
102	1058
102	1059
102	1060
102	1061
102	1062
103	0
103	103
103	224
103	1054
103	1057
103	1058
103	1061
103	1062
103	1063
103	1064
103	1065
103	1066
103	1067
103	1068
103	1069
103	1070
103	1071
103	1072
103	1073
103	1074
103	1075
103	1076
103	1077
103	1078
103	1079
103	1080
103	1081
103	1082
103	1083
103	1084
103	1085
103	1086
103	1087
103	1088
103	1089
103	1090
103	1091
103	1092
105	162
106	0
106	994
106	1093
106	1094
106	1095
106	1096
106	1097
106	1098
106	1099
106	1100
106	1101
106	1102
106	1103
106	1104
106	1105
106	1106
106	1107
106	1108
106	1109
106	1110
106	1111
107	0
107	1
107	4
107	69
107	107
107	156
107	202
107	659
107	660
107	661
107	662
107	663
107	664
107	906
107	1112
109	108
109	1041
109	1113
109	1114
110	0
110	140
110	950
110	1115
110	1116
110	1117
110	1118
111	1119
111	1120
112	1121
113	688
113	689
113	710
113	730
113	753
113	754
113	758
113	761
113	767
113	768
113	800
113	1122
113	1123
113	1124
113	1125
113	1126
113	1127
113	1128
113	1129
113	1130
114	1131
115	1132
116	214
116	1133
116	1134
116	1135
116	1136
116	1137
116	1138
116	1139
116	1140
116	1141
116	1142
116	1143
124	0
124	124
124	1144
124	1145
124	1146
124	1147
124	1148
124	1149
124	1150
125	1151
125	1152
126	0
126	14
126	1153
127	0
127	135
127	1154
127	1155
127	1156
127	1157
127	1158
127	1159
127	1160
131	0
131	132
131	634
131	635
131	636
131	637
131	638
131	639
131	640
132	1161
132	1162
132	1163
133	0
133	7
133	33
133	176
133	1164
133	1165
133	1166
133	1167
133	1168
133	1169
134	1170
134	1171
134	1172
134	1173
134	1174
134	1175
134	1176
134	1177
134	1178
134	1179
135	0
135	1180
135	1181
135	1182
135	1183
135	1184
135	1185
135	1186
135	1187
135	1188
135	1189
135	1190
135	1191
135	1192
135	1193
136	199
136	1194
136	1195
136	1196
136	1197
136	1198
137	199
137	200
137	1199
137	1200
137	1201
137	1202
137	1203
137	1204
137	1205
137	1206
137	1207
138	109
138	267
138	1208
138	1209
138	1210
138	1211
139	162
139	171
139	205
139	214
139	215
139	1211
139	1212
139	1213
140	0
140	35
140	39
140	205
140	210
140	995
140	1214
140	1215
140	1216
140	1217
140	1218
140	1219
140	1220
140	1221
140	1222
140	1223
140	1224
140	1225
140	1226
140	1227
140	1228
140	1229
140	1230
140	1231
140	1232
140	1233
140	1234
140	1235
140	1236
141	0
141	39
141	40
141	47
141	53
141	55
141	64
141	127
141	141
141	144
141	169
141	189
141	193
141	195
141	201
141	862
141	994
141	996
141	997
141	1237
141	1238
141	1239
141	1240
141	1241
141	1242
141	1243
141	1244
141	1245
141	1246
141	1247
141	1248
141	1249
141	1250
141	1251
141	1252
141	1253
142	0
142	135
142	140
142	144
142	1254
142	1255
143	0
143	140
143	1249
143	1256
144	0
144	1257
144	1258
144	1259
145	1260
145	1261
145	1262
145	1263
145	1264
145	1265
145	1266
145	1267
146	149
146	1268
146	1269
146	1270
146	1271
146	1272
153	14
153	1273
153	1274
153	1275
153	1276
153	1277
153	1278
153	1279
153	1280
153	1281
153	1282
153	1283
153	1284
153	1285
153	1286
153	1287
153	1288
153	1289
153	1290
153	1291
153	1292
153	1293
153	1294
153	1295
153	1296
153	1297
153	1298
153	1299
153	1300
153	1301
153	1302
154	1303
154	1304
154	1305
155	0
155	11
155	1306
157	1307
157	1308
157	1309
157	1310
158	1311
158	1312
158	1313
158	1314
158	1315
158	1316
158	1317
158	1318
158	1319
158	1320
159	0
159	1321
159	1322
159	1323
159	1324
159	1325
159	1326
159	1327
159	1328
159	1329
159	1330
160	267
160	1331
160	1332
160	1333
160	1334
160	1335
160	1336
160	1337
160	1338
160	1339
160	1340
160	1341
160	1342
160	1343
160	1344
160	1345
161	779
161	1330
161	1346
161	1347
161	1348
161	1349
161	1350
161	1351
161	1352
161	1353
161	1354
161	1355
161	1356
161	1357
161	1358
161	1359
161	1360
161	1361
161	1362
161	1363
161	1364
161	1365
161	1366
161	1367
161	1368
161	1369
161	1370
161	1371
161	1372
161	1373
161	1374
161	1375
161	1376
161	1377
161	1378
161	1379
161	1380
161	1381
161	1382
161	1383
161	1384
161	1385
161	1386
161	1387
162	0
162	105
162	163
162	1388
162	1389
162	1390
162	1391
162	1392
162	1393
162	1394
162	1395
162	1396
162	1397
162	1398
162	1399
162	1400
162	1401
162	1402
162	1403
162	1404
162	1405
162	1406
162	1407
162	1408
162	1409
162	1410
162	1411
162	1412
162	1413
162	1414
162	1415
162	1416
162	1417
162	1418
162	1419
162	1420
162	1421
162	1422
162	1423
162	1424
162	1425
162	1426
162	1427
162	1428
162	1429
162	1430
163	1431
163	1432
164	1433
164	1434
164	1435
164	1436
164	1437
164	1438
164	1439
164	1440
164	1441
164	1442
164	1443
164	1444
164	1445
164	1446
165	1447
165	1448
165	1449
165	1450
165	1451
165	1452
166	1453
167	0
167	105
167	162
167	167
167	1409
167	1454
167	1455
167	1456
168	1457
168	1458
168	1459
168	1460
168	1461
168	1462
168	1463
168	1464
168	1465
168	1466
168	1467
168	1468
169	0
169	86
169	1469
169	1470
169	1471
169	1472
169	1473
169	1474
169	1475
169	1476
169	1477
169	1478
169	1479
169	1480
169	1481
170	0
170	147
170	1482
170	1483
170	1484
170	1485
170	1486
170	1487
170	1488
170	1489
170	1490
170	1491
170	1492
170	1493
170	1494
170	1495
170	1496
170	1497
170	1498
170	1499
170	1500
170	1501
170	1502
170	1503
170	1504
170	1505
170	1506
170	1507
170	1508
170	1509
170	1510
170	1511
170	1512
170	1513
170	1514
170	1515
170	1516
170	1517
170	1518
171	0
171	171
171	1519
172	1520
172	1521
173	1522
173	1523
174	0
174	15
174	198
174	202
174	1524
174	1525
174	1526
174	1527
174	1528
175	175
175	191
175	880
175	1529
175	1530
175	1531
175	1532
175	1533
175	1534
175	1535
176	0
176	11
176	33
176	101
176	133
177	1536
177	1537
177	1538
177	1539
177	1540
177	1541
178	0
178	179
178	180
178	181
178	182
178	183
178	184
178	185
178	1542
178	1543
178	1544
178	1545
178	1546
179	0
179	1547
179	1548
179	1549
179	1550
180	0
180	1551
180	1552
180	1553
181	0
181	155
181	1554
181	1555
181	1556
181	1557
181	1558
181	1559
182	0
182	1560
182	1561
183	0
183	1562
183	1563
184	0
184	71
184	175
184	1564
184	1565
184	1566
184	1567
184	1568
184	1569
184	1570
184	1571
184	1572
184	1573
184	1574
184	1575
185	0
185	181
185	1576
185	1577
185	1578
186	0
186	994
187	238
189	50
189	51
189	52
189	181
189	267
189	878
189	1579
190	51
190	189
190	212
190	267
191	0
191	41
191	86
191	138
191	175
191	191
191	197
191	238
191	880
191	1274
191	1580
191	1581
191	1582
191	1583
191	1584
191	1585
191	1586
191	1587
191	1588
191	1589
191	1590
191	1591
191	1592
191	1593
191	1594
191	1595
191	1596
191	1597
191	1598
191	1599
191	1600
191	1601
191	1602
191	1603
191	1604
191	1605
191	1606
191	1607
191	1608
191	1609
191	1610
191	1611
191	1612
191	1613
191	1614
191	1615
191	1616
191	1617
191	1618
191	1619
192	1620
193	1621
193	1622
194	0
194	204
194	1623
194	1624
194	1625
194	1626
194	1627
194	1628
194	1629
194	1630
194	1631
194	1632
194	1633
194	1634
194	1635
195	1636
196	1637
196	1638
197	1639
197	1640
198	0
198	196
198	198
198	1258
198	1641
199	0
199	136
199	137
199	200
199	1642
199	1643
199	1644
199	1645
199	1646
199	1647
199	1648
199	1649
199	1650
199	1651
200	1652
200	1653
200	1654
200	1655
200	1656
200	1657
200	1658
201	0
201	15
201	43
201	957
201	1659
201	1660
201	1661
201	1662
201	1663
201	1664
201	1665
201	1666
201	1667
201	1668
201	1669
201	1670
201	1671
201	1672
201	1673
201	1674
201	1675
201	1676
201	1677
201	1678
201	1679
201	1680
201	1681
201	1682
201	1683
201	1684
201	1685
201	1686
201	1687
201	1688
201	1689
201	1690
201	1691
201	1692
201	1693
201	1694
201	1695
201	1696
201	1697
201	1698
201	1699
202	0
202	1
202	4
202	36
202	69
202	107
202	156
202	228
202	232
202	659
202	660
202	661
202	662
202	663
202	664
202	1700
202	1701
203	1702
203	1703
203	1704
204	0
204	194
204	1633
204	1634
204	1705
204	1706
204	1707
204	1708
206	1709
206	1710
206	1711
206	1712
206	1713
206	1714
207	1715
207	1716
207	1717
208	0
208	15
208	70
208	164
208	169
208	208
208	240
208	243
208	246
208	1718
208	1719
208	1720
208	1721
208	1722
208	1723
208	1724
208	1725
209	0
209	209
209	1726
210	1727
211	1728
212	155
212	181
212	267
212	1729
212	1730
212	1731
212	1732
212	1733
212	1734
212	1735
212	1736
213	1737
213	1738
213	1739
214	0
214	116
214	214
214	1138
214	1740
214	1741
214	1742
214	1743
214	1744
214	1745
214	1746
214	1747
214	1748
214	1749
214	1750
214	1751
215	1752
215	1753
215	1754
216	1755
216	1756
216	1757
216	1758
216	1759
216	1760
216	1761
216	1762
216	1763
216	1764
216	1765
216	1766
217	1767
218	218
218	1768
218	1769
218	1770
218	1771
218	1772
218	1773
218	1774
218	1775
218	1776
218	1777
218	1778
218	1779
218	1780
218	1781
218	1782
218	1783
218	1784
218	1785
218	1786
218	1787
218	1788
218	1789
219	0
219	1660
219	1790
219	1791
219	1792
219	1793
219	1794
219	1795
219	1796
219	1797
219	1798
219	1799
219	1800
219	1801
219	1802
219	1803
219	1804
219	1805
219	1806
219	1807
219	1808
219	1809
219	1810
219	1811
219	1812
219	1813
219	1814
219	1815
219	1816
219	1817
219	1818
219	1819
219	1820
219	1821
219	1822
219	1823
219	1824
219	1825
219	1826
219	1827
219	1828
219	1829
219	1830
219	1831
219	1832
221	0
221	14
221	53
221	55
221	64
221	671
221	862
221	994
221	996
221	997
221	1274
221	1833
221	1834
221	1835
221	1836
221	1837
221	1838
221	1839
221	1840
221	1841
221	1842
221	1843
221	1844
221	1845
221	1846
221	1847
221	1848
221	1849
221	1850
221	1851
221	1852
221	1853
221	1854
222	14
222	222
222	267
222	1855
222	1856
222	1857
223	0
223	1858
223	1859
223	1860
224	0
224	103
224	224
224	1054
224	1057
224	1058
224	1061
224	1062
224	1063
224	1861
224	1862
224	1863
224	1864
224	1865
224	1866
224	1867
224	1868
224	1869
224	1870
226	1871
226	1872
226	1873
226	1874
226	1875
226	1876
226	1877
227	0
227	227
227	1470
227	1473
227	1474
227	1477
227	1479
227	1480
227	1481
227	1878
227	1879
227	1880
228	0
228	1
228	4
228	7
228	69
228	156
228	202
228	659
228	660
228	661
228	662
228	663
228	664
228	1881
228	1882
228	1883
228	1884
228	1885
228	1886
228	1887
228	1888
228	1889
228	1890
228	1891
228	1892
228	1893
228	1894
228	1895
228	1896
228	1897
228	1898
228	1899
229	0
229	1
229	4
229	69
229	156
229	202
229	659
229	660
229	661
229	662
229	663
229	664
231	0
231	1
231	4
231	69
231	156
231	202
231	659
231	660
231	661
231	662
231	663
231	664
232	0
232	1
232	4
232	69
232	107
232	156
232	202
232	232
232	659
232	660
232	661
232	662
232	663
232	664
232	1900
233	1017
233	1901
233	1902
233	1903
233	1904
233	1905
233	1906
233	1907
233	1908
233	1909
233	1910
233	1911
233	1912
233	1913
233	1914
233	1915
233	1916
234	1017
234	1917
236	1918
236	1919
236	1920
237	1921
237	1922
237	1923
237	1924
237	1925
237	1926
237	1927
238	0
238	13
238	239
238	1928
238	1929
238	1930
238	1931
238	1932
238	1933
238	1934
239	238
240	0
240	15
240	70
240	169
240	240
240	242
240	243
240	246
240	1935
240	1936
240	1937
240	1938
240	1939
240	1940
240	1941
240	1942
241	0
241	4
241	15
241	141
241	202
241	241
241	244
241	245
241	1943
242	0
242	15
242	70
242	163
242	169
242	176
242	192
242	208
242	240
242	243
242	246
242	1719
242	1721
242	1944
242	1945
242	1946
242	1947
242	1948
242	1949
242	1950
242	1951
242	1952
242	1953
242	1954
242	1955
242	1956
242	1957
242	1958
242	1959
243	0
243	15
243	70
243	169
243	201
243	240
243	242
243	243
243	246
243	957
243	1661
243	1662
243	1663
243	1664
243	1668
243	1669
243	1670
243	1671
243	1672
243	1695
243	1960
244	0
244	4
244	15
244	70
244	141
244	202
244	241
244	244
244	245
244	1961
244	1962
245	0
245	4
245	7
245	12
245	15
245	32
245	33
245	36
245	37
245	38
245	40
245	41
245	46
245	53
245	55
245	64
245	74
245	101
245	103
245	107
245	110
245	119
245	121
245	141
245	144
245	156
245	163
245	164
245	169
245	174
245	176
245	192
245	201
245	202
245	203
245	213
245	221
245	233
245	234
245	241
245	244
245	245
245	804
245	862
245	957
245	994
245	995
245	996
245	997
245	1017
245	1237
245	1250
245	1661
245	1662
245	1663
245	1664
245	1668
245	1669
245	1670
245	1671
245	1672
245	1718
245	1719
245	1720
245	1721
245	1897
245	1935
245	1936
245	1937
245	1942
245	1945
245	1948
245	1949
245	1951
245	1952
245	1953
245	1954
245	1955
245	1956
245	1957
245	1958
245	1959
245	1960
245	1963
245	1964
245	1965
245	1966
245	1967
245	1968
245	1969
245	1970
245	1971
245	1972
245	1973
246	0
246	15
246	36
246	53
246	55
246	70
246	74
246	156
246	169
246	202
246	208
246	240
246	243
246	246
246	1974
246	1975
246	1976
246	1977
246	1978
247	254
247	1979
247	1980
247	1981
247	1982
247	1983
247	1984
247	1985
247	1986
248	254
248	1987
248	1988
249	16
249	249
249	250
249	251
249	254
249	1989
249	1990
249	1991
249	1992
249	1993
249	1994
249	1995
250	16
250	254
251	16
251	254
252	1996
252	1997
253	16
253	254
253	1998
253	1999
254	16
254	1979
254	1985
255	16
255	2000
255	2001
255	2002
255	2003
255	2004
255	2005
256	254
256	2006
256	2007
256	2008
256	2009
257	16
257	1470
257	2010
258	17
258	258
258	259
258	260
258	261
258	262
258	2011
258	2012
258	2013
258	2014
258	2015
258	2016
263	1
263	258
263	259
263	260
263	261
263	262
263	264
263	265
263	2017
264	17
264	258
264	259
264	260
264	261
264	262
264	2013
267	0
267	14
268	2018
268	2019
268	2020
268	2021
268	2022
268	2023
268	2024
268	2025
268	2026
268	2027
269	0
269	1
269	18
269	2028
269	2029
270	0
270	1
270	18
270	2030
270	2031
271	0
271	1
271	18
271	2032
271	2033
272	0
272	1
272	18
272	2034
272	2035
273	0
273	1
273	18
273	2036
273	2037
274	0
274	1
274	18
274	2038
274	2039
275	0
275	1
275	18
275	2040
275	2041
276	0
276	1
276	18
276	2042
276	2043
277	0
277	1
277	18
277	2044
277	2045
278	0
278	1
278	18
278	2046
278	2047
279	0
279	1
279	18
279	2048
279	2049
280	0
280	1
280	18
280	2050
280	2051
281	0
281	1
281	18
281	2052
281	2053
282	0
282	1
282	18
282	2054
282	2055
283	0
283	1
283	18
283	2056
283	2057
285	0
285	1
285	18
285	2058
285	2059
286	0
286	1
286	18
286	2060
286	2061
287	0
287	1
287	18
287	2062
287	2063
288	0
288	1
288	18
288	2064
288	2065
289	0
289	1
289	18
289	2066
289	2067
290	0
290	1
290	18
290	2068
290	2069
291	0
291	39
291	2070
291	2071
291	2072
292	0
292	1
292	18
292	2073
292	2074
293	0
293	1
293	18
293	2075
293	2076
294	0
294	1
294	18
294	2077
294	2078
295	0
295	1
295	18
295	2079
295	2080
296	0
296	1
296	18
296	2081
296	2082
297	0
297	1
297	18
297	2083
297	2084
298	0
298	1
298	18
298	2085
298	2086
299	0
299	1
299	18
299	2087
299	2088
300	0
300	1
300	18
300	2089
300	2090
301	0
301	1
301	18
301	2091
301	2092
302	0
302	1
302	18
302	2093
302	2094
303	2095
303	2096
303	2097
303	2098
304	0
304	1
304	18
304	2099
304	2100
305	0
305	1
305	18
305	581
305	2101
305	2102
306	0
306	1
306	18
306	2103
306	2104
307	0
307	1
307	18
307	2105
307	2106
308	0
308	1
308	18
308	2107
308	2108
309	0
309	1
309	18
309	2109
309	2110
310	0
310	1
310	18
310	2111
310	2112
311	0
311	1
311	18
311	2113
311	2114
312	2115
312	2116
313	0
313	1
313	18
313	2117
313	2118
314	2119
314	2120
315	0
315	1
315	18
315	2121
315	2122
316	0
316	1
316	18
316	2123
316	2124
317	0
317	1
317	18
317	2125
317	2126
317	2127
318	0
318	1
318	18
318	2128
318	2129
319	0
319	1
319	18
319	2130
319	2131
320	0
320	1
320	18
320	2132
320	2133
321	0
321	1
321	18
321	2134
321	2135
322	0
322	1
322	18
322	2136
322	2137
323	0
323	1
323	2138
323	2139
323	2140
323	2141
324	0
324	1
324	18
324	2142
324	2143
325	0
325	1
325	18
325	2144
325	2145
326	0
326	1
326	18
326	2146
326	2147
327	1
327	17
327	2148
327	2149
327	2150
327	2151
327	2152
327	2153
327	2154
328	0
328	1
328	18
328	2155
328	2156
329	0
329	1
329	18
329	2157
329	2158
330	0
330	1
330	18
330	2159
330	2160
331	0
331	1
331	18
331	2161
331	2162
332	0
332	1
332	18
332	2163
332	2164
333	0
333	1
333	18
333	2165
333	2166
334	0
334	1
334	18
334	2167
334	2168
335	0
335	1
335	18
335	2169
335	2170
335	2171
335	2172
336	0
336	1
336	18
336	2173
336	2174
338	0
338	1
338	18
338	2175
338	2176
338	2177
339	0
339	1
339	18
339	2178
339	2179
340	340
340	2180
340	2181
340	2182
340	2183
340	2184
340	2185
340	2186
341	2187
341	2188
342	2189
342	2190
342	2191
343	2192
343	2193
344	2194
344	2195
344	2196
344	2197
345	2198
345	2199
346	0
346	1
346	18
346	2200
346	2201
347	0
347	64
347	2202
347	2203
347	2204
348	2205
348	2206
348	2207
349	0
349	1
349	18
349	2208
349	2209
352	0
352	2210
353	2211
353	2212
353	2213
353	2214
353	2215
353	2216
353	2217
354	2218
358	0
358	358
358	2219
358	2220
358	2221
358	2222
358	2223
358	2224
359	0
359	1
359	19
359	20
359	2225
359	2226
360	0
360	1
360	19
360	20
360	2227
360	2228
361	0
361	1
361	19
361	20
361	2229
361	2230
362	0
362	1
362	19
362	20
362	2231
362	2232
363	0
363	1
363	19
363	20
363	2233
363	2234
364	1259
364	2235
364	2236
364	2237
364	2238
364	2239
364	2240
365	0
365	1
365	19
365	20
365	2241
365	2242
366	195
366	2243
366	2244
366	2245
366	2246
366	2247
366	2248
366	2249
366	2250
366	2251
366	2252
366	2253
366	2254
366	2255
366	2256
366	2257
366	2258
367	0
367	1
367	19
367	20
367	2259
367	2260
368	0
368	1
368	19
368	20
368	2261
368	2262
369	2263
369	2264
369	2265
370	0
370	1
370	19
370	20
370	2266
370	2267
371	0
371	1
371	19
371	20
371	2268
371	2269
372	0
372	1
372	19
372	20
372	2270
372	2271
373	0
373	1
373	19
373	20
373	2272
373	2273
374	0
374	1
374	19
374	20
374	2274
374	2275
375	0
375	1
375	19
375	20
375	2276
375	2277
376	0
376	376
376	2278
376	2279
376	2280
376	2281
377	0
377	195
377	2282
377	2283
377	2284
377	2285
379	0
379	1
379	19
379	20
379	2286
379	2287
380	0
380	1
380	19
380	20
380	2288
380	2289
381	0
381	1
381	19
381	20
381	2290
381	2291
382	0
382	1
382	19
382	20
382	2292
382	2293
383	0
383	1
383	19
383	20
383	2294
383	2295
384	0
384	1
384	19
384	20
384	2296
384	2297
385	0
385	1
385	19
385	20
385	2298
385	2299
386	0
386	1
386	18
386	2300
386	2301
387	0
387	1
387	19
387	20
387	2302
387	2303
388	0
388	1
388	19
388	20
388	2304
388	2305
389	0
389	1
389	19
389	20
389	2306
389	2307
390	0
390	1
390	19
390	20
390	2308
390	2309
391	0
391	1
391	391
391	2310
391	2311
391	2312
391	2313
391	2314
391	2315
391	2316
391	2317
391	2318
391	2319
392	0
392	1
392	19
392	20
392	2320
392	2321
393	393
393	2322
393	2323
394	2324
394	2325
394	2326
395	0
395	39
395	2327
395	2328
395	2329
395	2330
395	2331
395	2332
395	2333
395	2334
395	2335
395	2336
395	2337
395	2338
395	2339
395	2340
396	0
396	1
396	19
396	20
396	2341
396	2342
397	0
397	1
397	19
397	20
397	2343
397	2344
398	0
398	1
398	19
398	20
398	2345
398	2346
399	0
399	1
399	19
399	20
399	2347
399	2348
400	0
400	1
400	19
400	20
400	2349
400	2350
401	0
401	1
401	19
401	20
401	2351
401	2352
402	0
402	1
402	19
402	20
402	2353
402	2354
403	0
403	1
403	19
403	20
403	2355
403	2356
404	0
404	1
404	19
404	20
404	2357
404	2358
405	0
405	1
405	19
405	20
405	405
405	2359
405	2360
405	2361
405	2362
406	0
406	1
406	19
406	20
406	2363
406	2364
407	0
407	1
407	19
407	20
407	2365
407	2366
408	0
408	1
408	18
408	2367
408	2368
409	0
409	1
409	19
409	20
409	2369
409	2370
410	0
410	1
410	19
410	20
410	2371
410	2372
411	0
411	1
411	19
411	20
411	2373
411	2374
412	0
412	1
412	19
412	20
412	2375
412	2376
413	0
413	1
413	19
413	20
413	2377
413	2378
414	0
414	1
414	19
414	20
414	2379
414	2380
416	0
416	1
416	19
416	20
416	717
416	2381
416	2382
417	0
417	1
417	19
417	20
417	2383
417	2384
418	0
418	1
418	19
418	20
418	2385
418	2386
419	0
419	1
419	19
419	20
419	2387
419	2388
420	0
420	1
420	19
420	20
420	2389
420	2390
421	0
421	1
421	19
421	20
421	2391
421	2392
422	0
422	1
422	19
422	20
422	2393
422	2394
423	0
423	1
423	19
423	20
423	2395
423	2396
424	0
424	1
424	19
424	20
424	2397
424	2398
425	0
425	1
425	19
425	20
425	2399
425	2400
425	2401
426	0
426	1
426	19
426	20
426	2402
426	2403
427	0
427	1
427	19
427	20
427	2404
427	2405
428	0
428	1
428	19
428	20
428	2406
428	2407
429	0
429	1
429	19
429	20
429	2408
429	2409
430	0
430	1
430	19
430	20
430	2410
430	2411
431	0
431	1
431	19
431	20
431	2412
431	2413
432	0
432	1
432	19
432	20
432	2414
432	2415
433	0
433	1
433	19
433	20
433	2416
433	2417
435	0
435	1
435	19
435	20
435	2418
435	2419
436	0
436	1
436	19
436	20
436	2420
436	2421
437	0
437	1
437	19
437	20
437	2422
437	2423
438	0
438	1
438	19
438	20
438	2424
438	2425
439	0
439	1
439	19
439	20
439	2426
439	2427
440	2428
441	0
441	1
441	19
441	20
441	2429
441	2430
442	0
442	1
442	19
442	20
442	2431
442	2432
443	0
443	1
443	19
443	20
443	2433
443	2434
444	0
444	1
444	19
444	20
444	2435
444	2436
445	0
445	1
445	19
445	20
445	2437
445	2438
446	0
446	1
446	19
446	20
446	2439
446	2440
447	0
447	1
447	19
447	20
447	2441
447	2442
448	0
448	1
448	19
448	20
448	2443
448	2444
450	0
450	1
450	900
450	1038
450	2445
450	2446
450	2447
450	2448
450	2449
450	2450
450	2451
451	0
451	1
451	19
451	20
451	2452
451	2453
452	0
452	1
452	18
452	2454
452	2455
453	0
453	2456
453	2457
453	2458
453	2459
453	2460
453	2461
453	2462
453	2463
453	2464
453	2465
453	2466
453	2467
453	2468
453	2469
454	0
454	1
454	19
454	20
454	2470
454	2471
455	0
455	1
455	19
455	20
455	2472
455	2473
456	0
456	1
456	19
456	20
456	2474
456	2475
457	0
457	1
457	19
457	20
457	2476
457	2477
458	0
458	2478
458	2479
459	0
459	1
459	19
459	20
459	2480
459	2481
460	0
460	1
460	19
460	20
460	2482
460	2483
462	0
462	1
462	19
462	20
462	2484
462	2485
463	0
463	1
463	19
463	20
463	2486
463	2487
464	0
464	20
464	2488
464	2489
464	2490
464	2491
464	2492
464	2493
464	2494
464	2495
464	2496
465	0
465	1
465	19
465	20
465	2497
465	2498
466	0
466	1
466	19
466	20
466	2499
466	2500
467	0
467	1
467	19
467	20
467	2501
467	2502
468	0
468	1
468	19
468	20
468	2503
468	2504
469	0
469	1
469	19
469	20
469	2505
469	2506
469	2507
469	2508
469	2509
469	2510
469	2511
469	2512
469	2513
469	2514
470	0
470	1
470	19
470	20
470	2515
470	2516
471	0
471	1
471	19
471	20
471	2517
471	2518
472	2519
472	2520
472	2521
473	0
473	1
473	19
473	20
473	2522
473	2523
474	0
474	1
474	19
474	20
474	2524
474	2525
475	0
475	1
475	19
475	20
475	2526
475	2527
476	0
476	1
476	19
476	20
476	2528
476	2529
477	0
477	1
477	19
477	20
477	2530
477	2531
478	0
478	1
478	19
478	20
478	2532
478	2533
479	2534
479	2535
479	2536
480	0
480	1
480	19
480	20
480	2537
480	2538
481	0
481	1
481	19
481	20
481	2539
481	2540
482	0
482	1
482	19
482	20
482	2541
482	2542
483	0
483	1
483	19
483	20
483	2543
483	2544
484	0
484	1
484	19
484	20
484	2545
484	2546
485	0
485	1
485	19
485	20
485	2547
485	2548
486	486
487	0
487	1
487	19
487	20
487	2549
487	2550
488	0
488	2551
488	2552
488	2553
488	2554
488	2555
488	2556
488	2557
488	2558
488	2559
489	0
489	1
489	19
489	20
489	2560
489	2561
490	2562
490	2563
490	2564
491	0
491	1
491	19
491	20
491	2565
491	2566
492	0
492	1
492	19
492	20
492	2567
492	2568
493	0
493	1
493	19
493	20
493	2569
493	2570
494	0
494	1
494	19
494	20
494	2571
494	2572
495	0
495	1
495	19
495	20
495	2573
495	2574
496	0
496	1
496	19
496	20
496	2575
496	2576
498	0
498	1
498	19
498	20
498	2577
498	2578
499	0
499	1
499	19
499	20
499	2579
499	2580
500	0
500	1
500	19
500	20
500	2581
500	2582
501	2583
501	2584
502	2585
502	2586
503	0
503	1
503	19
503	20
503	2587
503	2588
504	0
504	1
504	19
504	20
504	2589
504	2590
505	0
505	1
505	19
505	20
505	2591
505	2592
506	0
506	1
506	19
506	20
506	2593
506	2594
507	0
507	1
507	19
507	20
507	2595
507	2596
508	2597
508	2598
509	2018
509	2019
509	2020
509	2021
509	2022
509	2023
509	2024
509	2025
509	2026
509	2027
510	0
510	1
510	19
510	20
510	2599
510	2600
511	0
511	1
511	19
511	20
511	2601
511	2602
512	0
512	1
512	19
512	20
512	2603
512	2604
513	0
513	1
513	19
513	20
513	2605
513	2606
514	0
514	1
514	19
514	20
514	2607
514	2608
515	0
515	1
515	19
515	20
515	2609
515	2610
516	2611
516	2612
516	2613
516	2614
516	2615
516	2616
516	2617
516	2618
516	2619
516	2620
516	2621
516	2622
517	0
517	1
517	19
517	20
517	2623
517	2624
518	0
518	1
518	19
518	20
518	2625
518	2626
519	0
519	1
519	19
519	20
519	2627
519	2628
520	520
521	0
521	521
521	2629
521	2630
521	2631
521	2632
521	2633
521	2634
521	2635
521	2636
521	2637
522	0
522	1
522	19
522	20
522	2638
522	2639
523	0
523	1
523	19
523	20
523	2640
523	2641
524	0
524	1
524	19
524	20
524	2642
524	2643
525	0
525	1
525	19
525	20
525	2644
525	2645
526	526
527	0
527	1
527	19
527	20
527	2646
527	2647
528	2648
528	2649
528	2650
528	2651
529	0
529	1
529	19
529	20
529	2652
529	2653
530	0
530	1
530	19
530	20
530	2654
530	2655
531	2656
531	2657
532	0
532	1
532	19
532	20
532	2658
532	2659
533	0
533	1
533	19
533	20
533	2660
533	2661
534	0
534	1
534	19
534	20
534	2662
534	2663
535	0
535	1
535	19
535	20
535	2664
535	2665
537	0
537	1
537	19
537	20
537	2666
537	2667
538	0
538	1
538	19
538	20
538	2668
538	2669
539	0
539	1
539	19
539	20
539	2670
539	2671
540	0
540	1
540	19
540	20
540	2672
540	2673
541	0
541	1
541	19
541	20
541	2674
541	2675
542	0
542	1
542	19
542	20
542	2676
542	2677
544	0
544	1
544	19
544	20
544	2678
544	2679
545	0
545	1
545	19
545	20
545	2680
545	2681
546	0
546	1
546	19
546	20
546	2682
546	2683
547	0
547	1
547	19
547	20
547	2684
547	2685
548	0
549	0
549	1
549	19
549	20
549	2686
549	2687
550	0
550	1
550	19
550	20
550	2688
550	2689
552	0
552	1
552	19
552	20
552	2690
552	2691
553	0
553	1
553	19
553	20
553	2692
553	2693
554	0
554	1
554	19
554	20
554	2694
554	2695
555	0
555	555
555	2696
555	2697
555	2698
555	2699
555	2700
556	0
556	1
556	19
556	20
556	2701
556	2702
557	557
557	2703
557	2704
557	2705
557	2706
557	2707
557	2708
557	2709
557	2710
558	0
559	559
559	2711
559	2712
559	2713
559	2714
559	2715
559	2716
559	2717
559	2718
559	2719
560	0
560	39
560	560
560	2720
560	2721
560	2722
560	2723
560	2724
560	2725
560	2726
560	2727
560	2728
560	2729
560	2730
560	2731
560	2732
560	2733
560	2734
560	2735
560	2736
560	2737
560	2738
560	2739
560	2740
561	2741
561	2742
562	2743
562	2744
562	2745
563	2746
563	2747
563	2748
564	0
564	2749
564	2750
565	2751
565	2752
566	2753
566	2754
567	567
567	2755
567	2756
567	2757
568	2758
568	2759
569	0
569	577
569	580
569	2760
569	2761
569	2762
569	2763
569	2764
569	2765
569	2766
570	2767
570	2768
570	2769
572	2770
572	2771
572	2772
574	2773
574	2774
574	2775
575	2776
576	576
576	2777
576	2778
576	2779
576	2780
576	2781
576	2782
576	2783
576	2784
576	2785
576	2786
576	2787
576	2788
583	0
583	1
583	21
583	583
583	584
583	585
583	586
583	587
583	588
583	589
583	590
583	591
583	2789
584	0
584	1
584	21
584	583
584	584
584	585
584	586
584	587
584	588
584	589
584	590
584	591
584	2789
584	2790
584	2791
585	0
585	1
585	21
585	583
585	584
585	585
585	586
585	587
585	588
585	589
585	590
585	591
585	2789
585	2790
585	2791
585	2792
585	2793
586	0
586	1
586	21
586	583
586	584
586	585
586	586
586	587
586	588
586	589
586	590
586	591
586	2789
586	2794
586	2795
587	0
587	1
587	21
587	583
587	584
587	585
587	586
587	587
587	588
587	589
587	590
587	591
587	2789
587	2796
587	2797
588	0
588	1
588	21
588	583
588	584
588	585
588	586
588	587
588	588
588	589
588	590
588	591
588	2789
589	0
589	1
589	21
589	583
589	584
589	585
589	586
589	587
589	588
589	589
589	590
589	591
589	2789
589	2798
589	2799
589	2800
590	0
590	1
590	21
590	583
590	584
590	585
590	586
590	587
590	588
590	589
590	590
590	591
590	2789
590	2801
590	2802
590	2803
591	0
591	1
591	21
591	583
591	584
591	585
591	586
591	587
591	588
591	589
591	590
591	591
591	2789
591	2796
591	2797
591	2801
591	2804
592	2805
592	2806
592	2807
593	0
593	1
594	0
594	1
594	17
594	19
594	20
594	21
594	23
594	24
594	25
594	27
594	29
594	594
594	595
594	596
594	2808
594	2809
594	2810
594	2811
594	2812
595	0
595	1
595	23
595	2813
595	2814
595	2815
595	2816
595	2817
595	2818
595	2819
595	2820
595	2821
595	2822
596	2823
596	2824
596	2825
597	0
597	1
597	17
597	19
597	20
597	21
597	23
597	24
597	25
597	27
597	29
598	0
598	1
598	17
598	19
598	20
598	21
598	23
598	24
598	25
598	27
598	29
600	0
600	1
600	17
600	19
600	20
600	21
600	23
600	24
600	25
600	27
600	29
600	600
600	608
600	2826
600	2827
600	2828
600	2829
600	2830
600	2831
600	2832
600	2833
600	2834
600	2835
600	2836
601	0
601	1
601	17
601	19
601	20
601	21
601	23
601	24
601	25
601	27
601	29
601	601
601	608
601	2826
601	2827
601	2828
601	2829
601	2830
601	2831
601	2832
601	2833
601	2834
601	2835
601	2836
602	0
602	1
602	17
602	19
602	20
602	21
602	23
602	24
602	25
602	27
602	29
602	602
602	608
602	2826
602	2827
602	2828
602	2829
602	2830
602	2831
602	2832
602	2833
602	2834
602	2835
602	2836
603	0
603	1
603	17
603	19
603	20
603	21
603	23
603	24
603	25
603	27
603	29
603	603
603	604
603	605
603	606
603	608
603	609
603	610
603	611
603	612
603	613
603	614
603	2837
603	2838
604	0
604	1
604	17
604	19
604	20
604	21
604	23
604	24
604	25
604	27
604	29
604	603
604	604
604	605
604	606
604	608
604	609
604	610
604	611
604	612
604	613
604	614
605	0
605	1
605	17
605	19
605	20
605	21
605	23
605	24
605	25
605	27
605	29
605	603
605	604
605	605
605	606
605	608
605	609
605	610
605	611
605	612
605	613
605	614
605	2839
605	2840
605	2841
606	0
606	1
606	17
606	19
606	20
606	21
606	23
606	24
606	25
606	27
606	29
606	603
606	604
606	605
606	606
606	608
606	609
606	610
606	611
606	612
606	613
606	614
607	0
607	1
607	17
607	19
607	20
607	21
607	23
607	24
607	25
607	27
607	29
607	603
607	604
607	605
607	606
607	608
607	609
607	610
607	611
607	612
607	613
607	614
608	0
608	1
608	17
608	19
608	20
608	21
608	23
608	24
608	25
608	27
608	29
609	0
609	1
609	17
609	19
609	20
609	21
609	23
609	24
609	25
609	27
609	29
609	603
609	604
609	605
609	606
609	608
609	609
609	610
609	611
609	612
609	613
609	614
610	0
610	1
610	17
610	19
610	20
610	21
610	23
610	24
610	25
610	27
610	29
610	603
610	604
610	605
610	606
610	608
610	609
610	610
610	611
610	612
610	613
610	614
610	2842
610	2843
610	2844
611	0
611	1
611	17
611	19
611	20
611	21
611	23
611	24
611	25
611	27
611	29
611	603
611	604
611	605
611	606
611	608
611	609
611	610
611	611
611	612
611	613
611	614
612	0
612	1
612	17
612	19
612	20
612	21
612	23
612	24
612	25
612	27
612	29
612	603
612	604
612	605
612	606
612	608
612	609
612	610
612	611
612	612
612	613
612	614
613	0
613	1
613	25
613	603
613	604
613	605
613	606
613	608
613	609
613	610
613	611
613	612
613	613
613	614
614	0
614	1
614	17
614	19
614	20
614	21
614	23
614	24
614	25
614	27
614	29
614	603
614	604
614	605
614	606
614	608
614	609
614	610
614	611
614	612
614	613
614	614
615	0
615	1
615	17
615	19
615	20
615	21
615	23
615	24
615	25
615	27
615	29
615	615
615	616
616	0
616	1
616	17
616	19
616	20
616	21
616	23
616	24
616	25
616	27
616	29
616	615
616	616
617	0
617	1
617	29
617	618
617	619
617	620
617	623
617	624
617	625
617	628
618	0
618	1
618	29
618	162
618	163
618	617
618	619
618	620
618	623
618	624
618	625
618	628
618	2845
619	0
619	1
619	29
619	617
619	618
619	620
619	623
619	624
619	625
619	628
620	0
620	1
620	29
620	617
620	618
620	619
620	622
620	623
620	624
620	625
620	628
620	2846
620	2847
621	0
621	1
621	29
621	617
621	618
621	619
621	620
621	623
621	624
621	625
621	628
621	2847
621	2848
621	2849
621	2850
622	0
622	1
622	29
622	617
622	618
622	619
622	620
622	623
622	624
622	625
622	628
622	2851
622	2852
622	2853
622	2854
622	2855
622	2856
622	2857
623	0
623	1
623	29
623	617
623	618
623	619
623	620
623	621
623	622
623	624
623	625
623	628
623	2846
623	2847
623	2851
623	2858
623	2859
623	2860
623	2861
624	0
624	1
624	29
624	617
624	618
624	619
624	620
624	623
624	625
624	628
625	0
625	1
625	29
625	618
625	619
625	620
625	623
625	624
625	628
625	2862
625	2863
625	2864
625	2865
625	2866
625	2867
625	2868
625	2869
628	0
628	1
628	29
628	617
628	618
628	619
628	620
628	623
628	624
628	625
628	626
628	627
628	629
628	2870
628	2871
628	2872
628	2873
628	2874
628	2875
628	2876
628	2877
630	2878
630	2879
635	131
636	2880
636	2881
636	2882
637	131
638	2883
638	2884
638	2885
640	2886
640	2887
640	2888
641	33
641	176
641	643
641	644
641	645
643	33
643	176
643	641
643	644
643	645
644	33
644	176
644	641
644	643
644	645
645	33
645	176
645	641
645	643
645	644
646	34
647	34
647	2889
647	2890
647	2891
647	2892
650	35
650	267
650	2893
650	2894
650	2895
650	2896
650	2897
650	2898
650	2899
650	2900
650	2901
650	2902
650	2903
650	2904
650	2905
650	2906
651	35
652	35
652	658
652	2907
652	2908
652	2909
652	2910
652	2911
652	2912
652	2913
652	2914
652	2915
652	2916
652	2917
652	2918
652	2919
653	35
654	656
656	35
657	35
658	35
658	652
659	15
660	0
660	1
660	4
660	36
660	69
660	119
660	156
660	202
660	659
660	660
660	661
660	662
660	663
660	664
660	808
660	990
660	992
660	2920
661	0
661	1
661	4
661	36
661	68
661	69
661	74
661	107
661	156
661	174
661	198
661	202
661	206
661	228
661	229
661	230
661	231
661	232
661	659
661	660
661	661
661	662
661	663
661	664
661	979
661	981
661	982
661	983
661	984
661	985
661	988
661	990
661	991
661	992
661	993
661	2921
661	2922
661	2923
661	2924
662	0
662	1
662	4
662	69
662	156
662	202
662	659
662	660
662	661
662	662
662	663
662	664
663	0
663	1
663	4
663	46
663	53
663	55
663	68
663	69
663	107
663	156
663	202
663	229
663	231
663	232
663	659
663	660
663	661
663	662
663	663
663	664
663	808
663	982
663	985
663	990
663	992
663	2925
663	2926
664	0
664	1
664	4
664	36
664	68
664	69
664	107
664	156
664	202
664	206
664	229
664	231
664	232
664	659
664	660
664	661
664	662
664	663
664	664
664	808
664	980
664	985
664	986
664	987
664	988
664	989
664	990
664	992
664	993
664	1969
664	2920
664	2921
664	2922
664	2923
664	2924
664	2925
664	2927
665	2928
665	2929
666	2930
666	2931
666	2932
666	2933
666	2934
670	37
670	2935
671	14
671	671
671	1273
671	2936
671	2937
671	2938
671	2939
671	2940
671	2941
671	2942
671	2943
671	2944
672	0
672	14
672	222
672	1903
672	2937
672	2945
672	2946
672	2947
672	2948
672	2949
672	2950
672	2951
672	2952
673	0
673	673
673	2953
673	2954
673	2955
673	2956
673	2957
673	2958
673	2959
673	2960
673	2961
673	2962
673	2963
674	170
674	1273
674	2964
674	2965
674	2966
674	2967
674	2968
674	2969
674	2970
674	2971
675	2972
675	2973
675	2974
676	2975
676	2976
676	2977
676	2978
676	2979
676	2980
677	2981
677	2982
677	2983
677	2984
677	2985
678	2986
678	2987
679	0
679	2988
679	2989
679	2990
679	2991
679	2992
679	2993
679	2994
680	2995
681	0
682	2996
682	2997
683	0
683	39
683	683
683	2998
683	2999
683	3000
683	3001
683	3002
684	0
684	3003
684	3004
685	2993
685	3005
685	3006
685	3007
685	3008
685	3009
685	3010
685	3011
686	0
687	0
688	3012
688	3013
689	3014
689	3015
690	58
690	3016
690	3017
690	3018
690	3019
690	3020
691	740
692	3021
692	3022
692	3023
692	3024
692	3025
692	3026
692	3027
693	0
694	3028
694	3029
695	3030
695	3031
696	3032
696	3033
696	3034
696	3035
696	3036
696	3037
696	3038
696	3039
696	3040
696	3041
696	3042
696	3043
696	3044
696	3045
696	3046
696	3047
697	0
697	3048
697	3049
697	3050
697	3051
697	3052
697	3053
698	698
698	3054
698	3055
698	3056
698	3057
698	3058
698	3059
698	3060
698	3061
698	3062
699	3063
699	3064
700	3065
700	3066
700	3067
700	3068
700	3069
701	0
701	3070
701	3071
701	3072
701	3073
701	3074
702	0
704	0
704	704
704	3075
704	3076
704	3077
704	3078
704	3079
704	3080
705	0
706	0
707	3081
707	3082
707	3083
708	3084
709	0
709	709
709	1040
709	1191
709	3085
709	3086
709	3087
710	0
710	113
710	3088
710	3089
710	3090
710	3091
710	3092
710	3093
710	3094
710	3095
710	3096
710	3097
710	3098
710	3099
710	3100
711	3101
711	3102
711	3103
712	0
713	3104
713	3105
713	3106
713	3107
713	3108
714	0
715	3109
715	3110
715	3111
715	3112
716	3113
716	3114
717	3115
718	0
719	3116
719	3117
719	3118
721	3119
721	3120
721	3121
721	3122
721	3123
721	3124
721	3125
721	3126
721	3127
721	3128
721	3129
721	3130
721	3131
721	3132
722	1273
722	3133
722	3134
722	3135
722	3136
722	3137
723	3138
723	3139
723	3140
723	3141
723	3142
723	3143
724	0
725	0
726	0
727	0
727	3144
727	3145
728	0
729	0
730	3146
730	3147
730	3148
730	3149
730	3150
731	3151
731	3152
731	3153
731	3154
731	3155
731	3156
731	3157
731	3158
731	3159
731	3160
731	3161
731	3162
731	3163
732	3164
732	3165
732	3166
732	3167
732	3168
732	3169
732	3170
732	3171
733	0
734	3172
734	3173
734	3174
734	3175
734	3176
734	3177
735	3178
735	3179
735	3180
735	3181
735	3182
735	3183
735	3184
735	3185
735	3186
735	3187
735	3188
735	3189
736	3190
736	3191
736	3192
737	3193
737	3194
738	0
739	0
739	3195
739	3196
739	3197
739	3198
739	3199
739	3200
740	0
740	6
740	155
740	201
740	205
740	740
740	1542
740	3201
740	3202
740	3203
740	3204
740	3205
740	3206
740	3207
740	3208
740	3209
741	740
743	743
743	3210
743	3211
743	3212
743	3213
743	3214
743	3215
743	3216
743	3217
743	3218
744	0
745	0
746	3219
746	3220
747	3221
747	3222
748	3223
748	3224
749	0
749	3225
749	3226
749	3227
749	3228
749	3229
749	3230
749	3231
749	3232
749	3233
749	3234
749	3235
750	0
751	1152
751	3236
751	3237
751	3238
751	3239
752	0
753	3240
753	3241
753	3242
753	3243
753	3244
753	3245
753	3246
753	3247
755	45
755	103
755	149
755	206
755	1037
755	1153
755	3248
755	3249
755	3250
755	3251
755	3252
755	3253
755	3254
755	3255
755	3256
755	3257
755	3258
755	3259
755	3260
755	3261
755	3262
755	3263
755	3264
755	3265
755	3266
755	3267
755	3268
755	3269
755	3270
755	3271
755	3272
755	3273
755	3274
755	3275
755	3276
755	3277
755	3278
755	3279
755	3280
755	3281
755	3282
755	3283
755	3284
755	3285
756	3286
757	0
758	3287
758	3288
758	3289
758	3290
758	3291
758	3292
758	3293
758	3294
758	3295
758	3296
758	3297
758	3298
759	0
759	3299
759	3300
759	3301
760	3302
761	3303
761	3304
762	3305
762	3306
763	0
764	3307
764	3308
765	0
765	3309
765	3310
765	3311
765	3312
765	3313
765	3314
765	3315
765	3316
765	3317
766	766
766	3318
766	3319
766	3320
766	3321
766	3322
766	3323
766	3324
766	3325
766	3326
766	3327
766	3328
766	3329
766	3330
766	3331
766	3332
766	3333
766	3334
766	3335
766	3336
766	3337
766	3338
766	3339
767	767
767	3340
767	3341
767	3342
767	3343
767	3344
767	3345
767	3346
767	3347
768	0
768	3348
768	3349
768	3350
768	3351
768	3352
768	3353
768	3354
768	3355
768	3356
768	3357
768	3358
768	3359
768	3360
768	3361
769	0
770	0
772	0
773	3362
773	3363
773	3364
773	3365
773	3366
774	0
775	0
776	3367
776	3368
776	3369
776	3370
776	3371
776	3372
776	3373
776	3374
777	0
778	0
779	779
779	3133
779	3375
779	3376
779	3377
779	3378
779	3379
779	3380
780	3381
780	3382
781	0
782	0
783	0
784	3383
785	0
786	3384
786	3385
786	3386
786	3387
786	3388
787	0
787	3389
787	3390
787	3391
787	3392
787	3393
787	3394
787	3395
787	3396
787	3397
787	3398
787	3399
787	3400
787	3401
787	3402
787	3403
788	0
790	3404
790	3405
790	3406
790	3407
790	3408
791	0
792	0
793	0
793	793
793	996
793	3409
793	3410
793	3411
793	3412
793	3413
794	1273
794	3414
794	3415
794	3416
794	3417
794	3418
794	3419
795	740
796	0
797	0
797	797
797	3420
797	3421
797	3422
797	3423
797	3424
797	3425
797	3426
797	3427
797	3428
798	3429
798	3430
799	0
800	0
800	3431
800	3432
800	3433
800	3434
800	3435
800	3436
800	3437
800	3438
800	3439
800	3440
800	3441
800	3442
800	3443
801	0
802	3444
803	41
803	51
803	803
803	3445
804	41
805	3446
806	3447
808	0
808	1
808	4
808	69
808	156
808	202
808	659
808	660
808	661
808	662
808	663
808	664
812	3448
813	0
820	3449
820	3450
820	3451
820	3452
820	3453
820	3454
822	1660
822	1686
822	3455
822	3456
822	3457
822	3458
822	3459
822	3460
824	3461
825	0
825	55
825	826
825	3462
825	3463
825	3464
825	3465
825	3466
825	3467
825	3468
825	3469
825	3470
825	3471
825	3472
825	3473
826	2742
826	3462
826	3463
826	3465
826	3466
826	3468
826	3469
826	3471
826	3474
826	3475
826	3476
826	3477
826	3478
826	3479
826	3480
826	3481
826	3482
826	3483
826	3484
829	3485
829	3486
829	3487
829	3488
829	3489
829	3490
829	3491
829	3492
829	3493
829	3494
829	3495
829	3496
829	3497
829	3498
829	3499
829	3500
829	3501
829	3502
829	3503
829	3504
829	3505
829	3506
829	3507
829	3508
829	3509
829	3510
829	3511
829	3512
829	3513
829	3514
829	3515
829	3516
829	3517
829	3518
829	3519
829	3520
829	3521
829	3522
829	3523
829	3524
829	3525
829	3526
829	3527
829	3528
829	3529
829	3530
829	3531
829	3532
829	3533
829	3534
829	3535
829	3536
829	3537
829	3538
829	3539
829	3540
829	3541
829	3542
829	3543
829	3544
829	3545
829	3546
829	3547
829	3548
829	3549
829	3550
829	3551
829	3552
829	3553
829	3554
829	3555
829	3556
829	3557
829	3558
829	3559
829	3560
829	3561
829	3562
829	3563
829	3564
829	3565
829	3566
829	3567
829	3568
829	3569
829	3570
829	3571
829	3572
829	3573
829	3574
829	3575
829	3576
829	3577
829	3578
829	3579
829	3580
829	3581
829	3582
829	3583
829	3584
829	3585
829	3586
829	3587
829	3588
829	3589
829	3590
829	3591
829	3592
829	3593
829	3594
829	3595
830	46
830	3596
830	3597
830	3598
830	3599
830	3600
830	3601
831	3602
831	3603
832	831
832	3604
832	3605
832	3606
832	3607
832	3608
832	3609
832	3610
832	3611
832	3612
832	3613
832	3614
833	3615
834	0
834	3616
834	3617
834	3618
834	3619
834	3620
834	3621
834	3622
834	3623
835	835
835	2730
835	3624
835	3625
835	3626
835	3627
835	3628
835	3629
835	3630
836	3631
836	3632
836	3633
837	1150
837	3634
837	3635
837	3636
838	0
838	3637
838	3638
838	3639
838	3640
838	3641
839	3642
839	3643
839	3644
839	3645
840	3646
840	3647
840	3648
840	3649
841	0
841	3650
841	3651
841	3652
841	3653
841	3654
841	3655
842	3656
843	3657
844	3658
845	3659
846	3660
847	3661
847	3662
848	3663
848	3664
849	3665
849	3666
849	3667
849	3668
849	3669
849	3670
849	3671
849	3672
850	3673
850	3674
851	3675
851	3676
862	0
862	3677
862	3678
863	0
863	49
863	862
863	875
863	3679
863	3680
863	3681
863	3682
863	3683
863	3684
865	0
865	49
865	862
865	863
865	3685
865	3686
865	3687
865	3688
865	3689
865	3690
865	3691
865	3692
870	0
870	49
870	862
870	863
871	0
871	49
871	195
871	862
871	863
871	3681
872	0
872	49
872	862
872	863
873	0
873	49
873	862
873	863
873	874
874	0
874	862
874	863
874	3682
874	3693
874	3694
875	0
875	862
875	863
875	874
875	3684
875	3695
876	0
876	49
876	862
876	863
877	0
877	49
877	862
877	863
878	189
878	649
878	889
878	890
878	891
878	892
878	895
878	897
878	899
878	3696
878	3697
878	3698
878	3699
878	3700
879	58
879	59
879	879
879	920
879	927
879	3701
879	3702
879	3703
879	3704
879	3705
879	3706
879	3707
879	3708
879	3709
879	3710
879	3711
879	3712
879	3713
879	3714
879	3715
879	3716
879	3717
879	3718
879	3719
879	3720
879	3721
879	3722
879	3723
879	3724
879	3725
880	3726
887	189
888	189
901	47
901	997
901	3727
901	3728
901	3729
901	3730
902	900
902	904
902	906
902	3731
902	3732
903	906
903	3733
903	3734
904	3735
904	3736
904	3737
904	3738
904	3739
904	3740
904	3741
904	3742
905	155
905	904
905	3728
905	3730
905	3731
905	3743
906	0
906	1
906	4
906	69
906	107
906	156
906	202
906	659
906	660
906	661
906	662
906	663
906	664
906	906
906	1112
907	0
907	54
907	55
907	908
907	3744
907	3745
908	0
908	54
908	55
908	907
908	909
908	3744
908	3745
908	3746
909	0
909	54
909	55
909	74
909	908
911	0
911	44
911	55
911	3747
911	3748
911	3749
911	3750
911	3751
912	0
912	55
912	3752
912	3753
912	3754
912	3755
912	3756
912	3757
912	3758
912	3759
912	3760
912	3761
912	3762
912	3763
912	3764
913	0
913	55
913	56
913	57
913	919
913	3765
913	3766
913	3767
913	3768
914	0
914	55
914	3756
914	3759
914	3760
914	3761
914	3762
914	3764
914	3765
914	3767
914	3769
914	3770
914	3771
914	3772
914	3773
914	3774
914	3775
914	3776
914	3777
914	3778
914	3779
914	3780
915	0
915	55
915	1238
915	3781
915	3782
915	3783
915	3784
915	3785
915	3786
915	3787
915	3788
915	3789
915	3790
915	3791
915	3792
915	3793
915	3794
915	3795
915	3796
915	3797
915	3798
915	3799
915	3800
915	3801
915	3802
915	3803
915	3804
915	3805
915	3806
915	3807
916	0
916	55
916	3808
917	0
917	55
917	918
917	3752
918	0
918	55
918	917
918	3752
918	3779
918	3780
918	3809
919	0
919	55
919	56
919	913
919	3767
920	58
920	59
920	64
920	189
920	206
920	207
920	863
920	920
920	1542
920	3684
920	3810
920	3811
921	58
921	59
921	920
921	921
921	3812
922	58
922	59
922	920
922	922
922	3813
923	58
923	59
923	920
923	923
923	1214
927	58
927	59
927	60
927	879
927	920
927	927
927	3814
927	3815
927	3816
927	3817
927	3818
927	3819
927	3820
927	3821
927	3822
927	3823
928	58
928	59
928	920
928	927
928	928
928	3823
930	58
930	59
930	60
930	920
930	927
930	930
931	58
931	59
931	60
931	920
931	927
931	931
932	58
932	59
932	60
932	920
932	927
932	932
933	58
933	59
933	60
933	189
933	920
933	927
933	933
934	58
934	59
934	60
934	649
934	920
934	927
934	934
935	58
935	59
935	60
935	189
935	920
935	927
935	935
936	58
936	59
936	60
936	920
936	927
936	936
937	58
937	59
937	60
937	920
937	927
937	937
938	0
938	61
938	862
939	0
939	61
939	862
940	0
940	61
940	862
941	0
941	61
941	862
942	0
942	61
942	862
943	0
943	61
943	862
944	0
944	61
944	862
945	0
945	61
945	862
946	0
946	61
946	862
946	939
951	3636
951	3824
951	3825
951	3826
951	3827
952	3636
952	3827
952	3828
952	3829
952	3830
953	3636
953	3827
953	3831
953	3832
953	3833
955	0
955	3
955	14
956	955
956	3834
956	3835
956	3836
956	3837
956	3838
956	3839
956	3840
956	3841
956	3842
956	3843
956	3844
956	3845
956	3846
956	3847
956	3848
956	3849
957	0
957	64
957	201
957	3455
957	3850
957	3851
957	3852
957	3853
958	64
958	958
958	3854
958	3855
958	3856
959	64
959	960
959	3857
959	3858
959	3859
959	3860
959	3861
959	3862
959	3863
959	3864
959	3865
960	64
960	3866
960	3867
960	3868
961	2707
961	3869
962	64
962	3870
962	3871
962	3872
962	3873
962	3874
962	3875
962	3876
962	3877
962	3878
962	3879
962	3880
962	3881
962	3882
962	3883
962	3884
962	3885
962	3886
962	3887
962	3888
962	3889
962	3890
962	3891
962	3892
962	3893
962	3894
962	3895
962	3896
962	3897
962	3898
962	3899
963	64
965	65
965	66
965	960
965	3900
965	3901
965	3902
965	3903
967	64
967	956
967	3904
967	3905
967	3906
967	3907
967	3908
967	3909
968	3910
968	3911
969	64
969	3912
969	3913
970	0
970	9
970	39
970	40
970	64
970	103
970	156
970	205
970	1156
970	3914
970	3915
970	3916
970	3917
979	0
979	1
979	4
979	69
979	156
979	202
979	660
979	661
979	662
979	664
979	3918
979	3919
980	0
980	1
980	4
980	69
980	156
980	202
980	659
980	660
980	661
980	662
980	663
980	664
980	3920
981	0
981	1
981	4
981	69
981	156
981	202
981	660
981	661
981	662
981	664
981	3918
981	3919
982	0
982	1
982	4
982	69
982	156
982	202
982	659
982	660
982	661
982	662
982	663
982	664
983	0
983	1
983	4
983	69
983	156
983	202
983	659
983	660
983	661
983	662
983	663
983	664
983	984
983	2742
983	3921
983	3922
983	3923
983	3924
983	3925
983	3926
983	3927
983	3928
983	3929
983	3930
983	3931
985	0
985	1
985	4
985	69
985	156
985	202
985	659
985	660
985	661
985	662
985	663
985	664
985	1601
985	3932
985	3933
986	0
986	1
986	4
986	69
986	156
986	202
986	659
986	660
986	661
986	662
986	663
986	664
987	0
987	1
987	4
987	69
987	156
987	202
987	659
987	660
987	661
987	662
987	663
987	664
988	0
988	1
988	4
988	53
988	68
988	69
988	156
988	202
988	212
988	229
988	659
988	660
988	661
988	662
988	663
988	664
989	0
989	1
989	4
989	69
989	156
989	202
989	659
989	660
989	661
989	662
989	663
989	664
992	0
992	1
992	4
992	69
992	156
992	202
992	659
992	660
992	661
992	662
992	663
992	664
993	0
993	1
993	4
993	69
993	156
993	202
993	659
993	660
993	661
993	662
993	663
993	664
994	3727
994	3934
994	3935
995	0
995	678
995	995
995	1661
995	3936
995	3937
995	3938
995	3939
995	3940
995	3941
997	0
997	1958
997	1959
997	3200
997	3335
997	3942
997	3943
997	3944
997	3945
997	3946
997	3947
997	3948
997	3949
997	3950
997	3951
997	3952
997	3953
998	0
998	71
998	1007
998	3954
998	3955
998	3956
998	3957
998	3958
998	3959
998	3960
998	3961
998	3962
998	3963
998	3964
998	3965
998	3966
998	3967
998	3968
999	0
999	71
999	1007
999	3969
999	3970
999	3971
999	3972
999	3973
999	3974
999	3975
999	3976
999	3977
999	3978
1000	0
1000	71
1000	1006
1000	1007
1000	3953
1000	3979
1000	3980
1000	3981
1000	3982
1000	3983
1000	3984
1000	3985
1000	3986
1000	3987
1000	3988
1001	0
1001	71
1001	1007
1001	3989
1002	0
1002	71
1002	3990
1002	3991
1002	3992
1002	3993
1002	3994
1002	3995
1002	3996
1002	3997
1002	3998
1002	3999
1002	4000
1002	4001
1002	4002
1003	0
1003	71
1003	101
1003	1007
1003	4003
1003	4004
1003	4005
1004	0
1004	71
1004	3970
1004	3971
1004	3973
1004	4006
1004	4007
1004	4008
1004	4009
1004	4010
1005	0
1005	71
1005	1005
1005	1564
1005	3338
1005	4011
1005	4012
1005	4013
1005	4014
1005	4015
1005	4016
1005	4017
1005	4018
1005	4019
1005	4020
1005	4021
1005	4022
1005	4023
1005	4024
1005	4025
1005	4026
1005	4027
1005	4028
1005	4029
1005	4030
1005	4031
1005	4032
1005	4033
1005	4034
1005	4035
1005	4036
1005	4037
1005	4038
1005	4039
1007	0
1007	71
1007	998
1007	999
1007	1000
1007	1001
1007	1002
1007	1004
1007	1005
1007	3953
1007	3967
1007	3979
1007	3980
1007	3982
1007	3983
1007	3984
1007	3985
1007	3986
1007	3987
1007	3988
1007	3989
1007	3991
1007	3993
1007	3995
1007	3997
1007	3998
1007	3999
1007	4000
1007	4001
1007	4002
1007	4006
1007	4008
1007	4009
1007	4040
1007	4041
1007	4042
1007	4043
1007	4044
1007	4045
1007	4046
1007	4047
1008	0
1008	4048
1008	4049
1008	4050
1008	4051
1008	4052
1008	4053
1011	803
1011	4054
1011	4055
1011	4056
1011	4057
1011	4058
1012	73
1012	235
1012	4059
1014	1014
1014	1015
1014	4060
1015	4061
1015	4062
1015	4063
1015	4064
1015	4065
1015	4066
1015	4067
1015	4068
1015	4069
1015	4070
1015	4071
1015	4072
1015	4073
1015	4074
1015	4075
1015	4076
1015	4077
1015	4078
1015	4079
1015	4080
1015	4081
1015	4082
1015	4083
1015	4084
1015	4085
1015	4086
1015	4087
1015	4088
1015	4089
1015	4090
1015	4091
1015	4092
1015	4093
1015	4094
1015	4095
1015	4096
1015	4097
1015	4098
1015	4099
1015	4100
1015	4101
1015	4102
1015	4103
1015	4104
1015	4105
1015	4106
1015	4107
1016	0
1016	86
1016	1469
1016	1470
1016	1471
1016	1472
1016	1473
1016	1474
1016	1475
1016	1476
1016	1477
1016	1478
1016	1479
1016	1480
1016	1481
1017	0
1017	233
1017	1016
1017	1017
1017	1901
1017	2000
1017	2742
1017	4108
1017	4109
1017	4110
1017	4111
1017	4112
1017	4113
1017	4114
1017	4115
1017	4116
1017	4117
1017	4118
1017	4119
1017	4120
1017	4121
1017	4122
1017	4123
1018	0
1018	1273
1018	4124
1018	4125
1018	4126
1018	4127
1018	4128
1018	4129
1018	4130
1018	4131
1018	4132
1018	4133
1018	4134
1022	0
1022	39
1022	90
1022	92
1022	1022
1022	4135
1022	4136
1023	0
1023	39
1023	90
1023	92
1023	1023
1023	4135
1024	4137
1024	4138
1026	0
1026	111
1026	4139
1029	1029
1029	4140
1030	0
1030	90
1030	1031
1030	1032
1030	3087
1030	4141
1030	4142
1030	4143
1030	4144
1030	4145
1030	4146
1030	4147
1031	1031
1032	1032
1033	0
1033	90
1033	92
1033	96
1033	97
1033	1033
1033	1034
1033	1035
1033	1036
1034	0
1034	90
1034	92
1034	96
1034	97
1034	1033
1034	1034
1034	1035
1034	1036
1037	0
1037	4148
1037	4149
1037	4150
1037	4151
1037	4152
1038	45
1038	103
1038	147
1038	1153
1038	1518
1038	3264
1038	3269
1038	3276
1038	3281
1038	4153
1038	4154
1038	4155
1038	4156
1040	709
1040	4157
1047	0
1048	0
1049	0
1049	4158
1050	0
1050	4159
1051	0
1051	4160
1052	0
1052	176
1053	0
1053	4161
1054	0
1054	102
1054	103
1054	224
1054	1054
1054	1057
1054	1058
1054	1061
1054	1062
1054	4162
1054	4163
1054	4164
1057	0
1057	103
1057	224
1057	1054
1057	1057
1057	1058
1057	1061
1057	1062
1057	4162
1057	4165
1057	4166
1057	4167
1057	4168
1057	4169
1057	4170
1057	4171
1057	4172
1057	4173
1057	4174
1057	4175
1057	4176
1057	4177
1057	4178
1057	4179
1057	4180
1057	4181
1057	4182
1057	4183
1057	4184
1057	4185
1057	4186
1057	4187
1058	0
1058	103
1058	224
1058	1054
1058	1057
1058	1058
1058	1061
1058	1062
1058	4168
1058	4188
1058	4189
1061	0
1061	103
1061	224
1061	1057
1061	1058
1061	1061
1061	1062
1061	4153
1063	4163
1064	103
1064	224
1064	1054
1064	1057
1064	1058
1064	1061
1064	1062
1064	4185
1064	4190
1064	4191
1093	0
1093	106
1093	994
1093	1107
1093	1108
1093	1109
1093	1110
1093	4192
1093	4193
1094	0
1094	106
1094	994
1094	1093
1094	1094
1094	1095
1094	1096
1094	1097
1094	1098
1094	1099
1094	1100
1094	1101
1094	1102
1094	1107
1094	1108
1094	1109
1094	1110
1094	4194
1094	4195
1095	0
1095	106
1095	994
1095	1093
1095	1094
1095	1095
1095	1096
1095	1097
1095	1098
1095	1099
1095	1100
1095	1101
1095	1102
1095	1107
1095	1108
1095	1109
1095	1110
1095	4196
1095	4197
1095	4198
1095	4199
1095	4200
1095	4201
1096	0
1096	106
1096	994
1096	1093
1096	1094
1096	1095
1096	1096
1096	1097
1096	1098
1096	1099
1096	1100
1096	1101
1096	1102
1096	1107
1096	1108
1096	1109
1096	1110
1096	4202
1096	4203
1096	4204
1096	4205
1096	4206
1096	4207
1096	4208
1097	0
1097	106
1097	994
1097	1093
1097	1094
1097	1095
1097	1096
1097	1097
1097	1098
1097	1099
1097	1100
1097	1101
1097	1102
1097	1107
1097	1108
1097	1109
1097	1110
1097	4209
1097	4210
1097	4211
1097	4212
1097	4213
1098	0
1098	106
1098	994
1098	1093
1098	1094
1098	1095
1098	1096
1098	1097
1098	1098
1098	1099
1098	1100
1098	1101
1098	1102
1098	1107
1098	1108
1098	1109
1098	1110
1098	4214
1099	0
1099	106
1099	994
1099	1093
1099	1094
1099	1095
1099	1096
1099	1097
1099	1098
1099	1099
1099	1100
1099	1101
1099	1102
1099	1107
1099	1108
1099	1109
1099	1110
1099	4215
1099	4216
1099	4217
1099	4218
1099	4219
1099	4220
1100	0
1100	106
1100	994
1100	1093
1100	1094
1100	1095
1100	1096
1100	1097
1100	1098
1100	1099
1100	1100
1100	1101
1100	1102
1100	1107
1100	1108
1100	1109
1100	1110
1100	4221
1100	4222
1100	4223
1100	4224
1100	4225
1100	4226
1100	4227
1100	4228
1100	4229
1100	4230
1100	4231
1100	4232
1101	0
1101	106
1101	994
1101	1093
1101	1094
1101	1095
1101	1096
1101	1097
1101	1098
1101	1099
1101	1100
1101	1101
1101	1102
1101	1107
1101	1108
1101	1109
1101	1110
1101	4233
1101	4234
1101	4235
1101	4236
1101	4237
1101	4238
1101	4239
1101	4240
1101	4241
1102	0
1102	106
1102	994
1102	1093
1102	1094
1102	1095
1102	1096
1102	1097
1102	1098
1102	1099
1102	1100
1102	1101
1102	1102
1102	1107
1102	1108
1102	1109
1102	1110
1103	0
1103	106
1103	994
1103	1093
1103	1103
1103	1107
1103	1108
1103	1109
1103	1110
1103	4242
1103	4243
1103	4244
1103	4245
1103	4246
1103	4247
1103	4248
1103	4249
1103	4250
1103	4251
1103	4252
1103	4253
1103	4254
1103	4255
1103	4256
1103	4257
1103	4258
1103	4259
1104	0
1104	695
1104	994
1104	1093
1104	1104
1104	1109
1104	4260
1104	4261
1104	4262
1104	4263
1104	4264
1104	4265
1104	4266
1105	0
1105	106
1105	994
1105	1093
1105	1105
1105	1107
1105	1108
1105	1109
1105	1110
1105	4267
1105	4268
1105	4269
1105	4270
1105	4271
1105	4272
1105	4273
1105	4274
1105	4275
1105	4276
1105	4277
1105	4278
1105	4279
1105	4280
1105	4281
1105	4282
1105	4283
1105	4284
1105	4285
1105	4286
1105	4287
1105	4288
1105	4289
1105	4290
1105	4291
1105	4292
1105	4293
1105	4294
1105	4295
1105	4296
1105	4297
1105	4298
1105	4299
1105	4300
1105	4301
1105	4302
1106	4303
1107	0
1107	106
1107	994
1107	1093
1107	1108
1107	1109
1107	1110
1107	4304
1107	4305
1107	4306
1107	4307
1107	4308
1107	4309
1107	4310
1107	4311
1107	4312
1107	4313
1107	4314
1107	4315
1108	0
1108	106
1108	994
1108	1093
1108	1107
1108	1109
1108	1110
1108	4316
1108	4317
1108	4318
1108	4319
1109	0
1109	106
1109	158
1109	160
1109	165
1109	695
1109	787
1109	797
1109	994
1109	1093
1109	1107
1109	1108
1109	1109
1109	1110
1109	1155
1109	4261
1109	4320
1110	0
1110	106
1110	994
1110	1093
1110	1107
1110	1108
1110	1109
1110	1110
1110	4321
1110	4322
1110	4323
1110	4324
1110	4325
1110	4326
1110	4327
1110	4328
1110	4329
1110	4330
1110	4331
1110	4332
1110	4333
1110	4334
1110	4335
1110	4336
1110	4337
1110	4338
1110	4339
1110	4340
1110	4341
1110	4342
1112	0
1112	1
1112	4
1112	69
1112	107
1112	156
1112	202
1112	659
1112	660
1112	661
1112	662
1112	663
1112	664
1112	906
1112	1112
1115	0
1115	140
1117	0
1117	140
1119	0
1119	39
1119	90
1119	112
1119	113
1119	114
1119	115
1119	1120
1119	4343
1119	4344
1120	4345
1120	4346
1120	4347
1120	4348
1120	4349
1120	4350
1120	4351
1125	1125
1125	1126
1125	1127
1125	1128
1125	1129
1126	1125
1126	1126
1126	1127
1126	1128
1126	1129
1127	1125
1127	1126
1127	1127
1127	1128
1127	1129
1128	1125
1128	1126
1128	1127
1128	1128
1128	1129
1129	1125
1129	1126
1129	1127
1129	1128
1129	1129
1130	4352
1133	214
1133	1133
1133	4353
1134	214
1134	1134
1135	171
1135	214
1135	1743
1135	4354
1135	4355
1135	4356
1135	4357
1135	4358
1135	4359
1135	4360
1135	4361
1135	4362
1135	4363
1136	214
1136	4364
1136	4365
1136	4366
1136	4367
1136	4368
1136	4369
1136	4370
1136	4371
1136	4372
1136	4373
1137	214
1137	1136
1138	214
1138	1138
1139	116
1139	214
1140	214
1140	1140
1140	4374
1140	4375
1140	4376
1140	4377
1141	214
1141	4378
1141	4379
1141	4380
1141	4381
1141	4382
1141	4383
1141	4384
1141	4385
1141	4386
1141	4387
1142	214
1142	4388
1143	214
1143	4389
1143	4390
1144	0
1144	4391
1144	4392
1144	4393
1144	4394
1144	4395
1144	4396
1144	4397
1144	4398
1144	4399
1144	4400
1144	4401
1144	4402
1145	0
1145	124
1145	1144
1145	1145
1145	1147
1145	1148
1145	1149
1148	124
1148	1144
1148	1146
1148	1147
1148	1149
1148	4399
1148	4403
1148	4404
1148	4405
1148	4406
1148	4407
1148	4408
1148	4409
1148	4410
1148	4411
1148	4412
1148	4413
1148	4414
1148	4415
1148	4416
1148	4417
1148	4418
1148	4419
1148	4420
1148	4421
1148	4422
1148	4423
1148	4424
1148	4425
1148	4426
1148	4427
1149	4428
1151	1152
1151	3236
1151	3237
1151	3238
1151	3239
1152	127
1152	751
1152	3236
1152	4429
1152	4430
1152	4431
1152	4432
1152	4433
1152	4434
1152	4435
1152	4436
1152	4437
1152	4438
1152	4439
1152	4440
1152	4441
1152	4442
1152	4443
1152	4444
1152	4445
1152	4446
1152	4447
1152	4448
1152	4449
1152	4450
1152	4451
1152	4452
1152	4453
1152	4454
1152	4455
1152	4456
1152	4457
1152	4458
1152	4459
1152	4460
1152	4461
1152	4462
1152	4463
1152	4464
1152	4465
1153	45
1153	128
1153	129
1153	130
1153	4466
1154	0
1154	14
1154	169
1154	4467
1155	1152
1155	3237
1155	3238
1155	3239
1155	4468
1160	0
1160	124
1160	1144
1160	1145
1160	1146
1160	1147
1160	1148
1160	1149
1160	1150
1161	131
1161	4469
1161	4470
1161	4471
1161	4472
1161	4473
1161	4474
1161	4475
1161	4476
1161	4477
1164	0
1164	176
1165	0
1165	176
1165	4478
1165	4479
1165	4480
1165	4481
1166	0
1166	176
1167	0
1167	176
1168	0
1168	176
1169	0
1169	176
1170	134
1170	1170
1170	1171
1170	1172
1170	1173
1170	1174
1170	1175
1170	1176
1170	4482
1170	4483
1170	4484
1170	4485
1171	0
1171	134
1171	147
1171	148
1171	167
1171	168
1171	1170
1171	1171
1171	1172
1171	1173
1171	1174
1171	1175
1171	1176
1171	1177
1171	4486
1171	4487
1171	4488
1171	4489
1171	4490
1171	4491
1171	4492
1171	4493
1171	4494
1171	4495
1171	4496
1171	4497
1171	4498
1171	4499
1171	4500
1171	4501
1171	4502
1171	4503
1171	4504
1171	4505
1171	4506
1171	4507
1171	4508
1171	4509
1171	4510
1171	4511
1171	4512
1171	4513
1171	4514
1171	4515
1171	4516
1172	134
1172	1170
1172	1171
1172	1172
1172	1173
1172	1174
1172	1175
1172	1176
1172	1177
1173	134
1173	1170
1173	1171
1173	1172
1173	1173
1173	1174
1173	1175
1173	1176
1173	4517
1173	4518
1173	4519
1173	4520
1174	134
1174	1170
1174	1171
1174	1172
1174	1173
1174	1174
1174	1175
1174	1176
1174	1177
1174	4486
1175	134
1175	1170
1175	1171
1175	1172
1175	1173
1175	1174
1175	1175
1175	1177
1175	4482
1175	4483
1175	4484
1175	4485
1175	4521
1175	4522
1175	4523
1175	4524
1175	4525
1175	4526
1175	4527
1176	134
1176	1170
1176	1171
1176	1172
1176	1173
1176	1174
1176	1175
1176	1176
1176	1177
1176	4528
1176	4529
1176	4530
1176	4531
1176	4532
1176	4533
1176	4534
1176	4535
1176	4536
1176	4537
1176	4538
1176	4539
1176	4540
1176	4541
1176	4542
1176	4543
1176	4544
1176	4545
1176	4546
1176	4547
1176	4548
1176	4549
1176	4550
1176	4551
1176	4552
1176	4553
1177	134
1177	1170
1177	1171
1177	1172
1177	1173
1177	1174
1177	1175
1177	1177
1180	135
1180	4554
1180	4555
1182	1180
1182	1182
1182	1183
1182	1188
1182	1189
1182	1190
1182	1193
1182	4556
1182	4557
1183	1180
1183	1182
1183	1188
1183	1189
1183	1190
1183	1193
1183	4558
1184	1193
1185	1180
1185	1182
1185	1183
1185	1185
1185	1188
1185	1189
1185	1190
1185	1193
1185	4558
1186	135
1186	4559
1186	4560
1186	4561
1186	4562
1186	4563
1186	4564
1186	4565
1186	4566
1186	4567
1186	4568
1186	4569
1186	4570
1186	4571
1186	4572
1186	4573
1186	4574
1186	4575
1186	4576
1186	4577
1186	4578
1186	4579
1186	4580
1186	4581
1186	4582
1186	4583
1186	4584
1186	4585
1186	4586
1186	4587
1186	4588
1186	4589
1186	4590
1186	4591
1186	4592
1186	4593
1186	4594
1187	135
1187	4595
1187	4596
1187	4597
1187	4598
1187	4599
1187	4600
1187	4601
1187	4602
1187	4603
1187	4604
1187	4605
1187	4606
1187	4607
1187	4608
1187	4609
1187	4610
1187	4611
1187	4612
1187	4613
1187	4614
1187	4615
1187	4616
1187	4617
1187	4618
1187	4619
1187	4620
1187	4621
1187	4622
1187	4623
1187	4624
1187	4625
1187	4626
1187	4627
1187	4628
1187	4629
1187	4630
1187	4631
1188	1180
1188	1181
1188	1189
1188	1190
1188	4557
1188	4632
1189	135
1189	4633
1189	4634
1189	4635
1189	4636
1189	4637
1189	4638
1189	4639
1189	4640
1189	4641
1189	4642
1189	4643
1189	4644
1189	4645
1189	4646
1189	4647
1189	4648
1189	4649
1189	4650
1189	4651
1189	4652
1189	4653
1189	4654
1189	4655
1189	4656
1189	4657
1189	4658
1189	4659
1189	4660
1189	4661
1189	4662
1189	4663
1189	4664
1189	4665
1189	4666
1189	4667
1189	4668
1189	4669
1189	4670
1189	4671
1189	4672
1189	4673
1189	4674
1189	4675
1189	4676
1189	4677
1189	4678
1189	4679
1189	4680
1189	4681
1189	4682
1189	4683
1189	4684
1189	4685
1189	4686
1189	4687
1189	4688
1189	4689
1189	4690
1189	4691
1189	4692
1189	4693
1189	4694
1189	4695
1189	4696
1189	4697
1189	4698
1189	4699
1189	4700
1189	4701
1189	4702
1189	4703
1189	4704
1189	4705
1189	4706
1189	4707
1189	4708
1189	4709
1189	4710
1189	4711
1189	4712
1189	4713
1189	4714
1189	4715
1189	4716
1189	4717
1189	4718
1189	4719
1189	4720
1189	4721
1189	4722
1189	4723
1189	4724
1189	4725
1189	4726
1189	4727
1189	4728
1189	4729
1189	4730
1189	4731
1189	4732
1189	4733
1189	4734
1189	4735
1189	4736
1189	4737
1189	4738
1189	4739
1189	4740
1189	4741
1189	4742
1189	4743
1189	4744
1189	4745
1189	4746
1189	4747
1189	4748
1189	4749
1189	4750
1189	4751
1189	4752
1189	4753
1189	4754
1189	4755
1189	4756
1189	4757
1189	4758
1189	4759
1189	4760
1189	4761
1189	4762
1189	4763
1189	4764
1189	4765
1189	4766
1189	4767
1189	4768
1189	4769
1192	39
1192	4770
1192	4771
1193	1192
1193	4772
1194	136
1195	136
1196	136
1197	136
1198	136
1199	137
1200	137
1201	137
1202	137
1203	137
1204	137
1205	137
1206	137
1207	137
1209	4773
1212	225
1212	267
1212	4774
1212	4775
1216	0
1216	140
1216	1229
1216	1230
1216	1231
1216	1232
1216	1233
1216	1234
1216	1830
1216	1898
1216	1899
1216	1979
1216	3942
1216	4776
1216	4777
1216	4778
1216	4779
1216	4780
1216	4781
1216	4782
1216	4783
1216	4784
1216	4785
1216	4786
1216	4787
1216	4788
1216	4789
1216	4790
1216	4791
1216	4792
1216	4793
1216	4794
1216	4795
1216	4796
1216	4797
1216	4798
1216	4799
1216	4800
1216	4801
1216	4802
1216	4803
1216	4804
1216	4805
1216	4806
1216	4807
1216	4808
1216	4809
1216	4810
1216	4811
1216	4812
1216	4813
1216	4814
1216	4815
1216	4816
1216	4817
1216	4818
1216	4819
1216	4820
1216	4821
1216	4822
1216	4823
1216	4824
1216	4825
1216	4826
1216	4827
1216	4828
1216	4829
1216	4830
1216	4831
1216	4832
1216	4833
1216	4834
1216	4835
1216	4836
1216	4837
1216	4838
1216	4839
1216	4840
1216	4841
1216	4842
1216	4843
1216	4844
1216	4845
1216	4846
1216	4847
1216	4848
1216	4849
1216	4850
1216	4851
1216	4852
1216	4853
1216	4854
1216	4855
1216	4856
1216	4857
1216	4858
1216	4859
1216	4860
1216	4861
1216	4862
1216	4863
1216	4864
1216	4865
1216	4866
1216	4867
1216	4868
1216	4869
1216	4870
1216	4871
1216	4872
1216	4873
1216	4874
1216	4875
1216	4876
1216	4877
1216	4878
1216	4879
1216	4880
1216	4881
1216	4882
1216	4883
1216	4884
1216	4885
1216	4886
1216	4887
1216	4888
1216	4889
1216	4890
1216	4891
1216	4892
1216	4893
1216	4894
1216	4895
1216	4896
1216	4897
1216	4898
1216	4899
1216	4900
1216	4901
1216	4902
1216	4903
1216	4904
1216	4905
1216	4906
1216	4907
1216	4908
1216	4909
1216	4910
1216	4911
1216	4912
1216	4913
1216	4914
1216	4915
1216	4916
1216	4917
1216	4918
1216	4919
1216	4920
1216	4921
1216	4922
1216	4923
1216	4924
1216	4925
1216	4926
1216	4927
1216	4928
1216	4929
1216	4930
1216	4931
1216	4932
1216	4933
1216	4934
1216	4935
1216	4936
1216	4937
1216	4938
1216	4939
1216	4940
1216	4941
1216	4942
1216	4943
1216	4944
1216	4945
1216	4946
1216	4947
1216	4948
1216	4949
1216	4950
1216	4951
1216	4952
1216	4953
1216	4954
1216	4955
1216	4956
1216	4957
1216	4958
1216	4959
1216	4960
1216	4961
1216	4962
1216	4963
1216	4964
1216	4965
1216	4966
1216	4967
1216	4968
1216	4969
1216	4970
1216	4971
1216	4972
1216	4973
1216	4974
1216	4975
1216	4976
1216	4977
1216	4978
1216	4979
1216	4980
1216	4981
1216	4982
1216	4983
1216	4984
1216	4985
1216	4986
1216	4987
1216	4988
1216	4989
1216	4990
1216	4991
1216	4992
1216	4993
1216	4994
1216	4995
1216	4996
1216	4997
1216	4998
1216	4999
1216	5000
1216	5001
1216	5002
1216	5003
1216	5004
1216	5005
1216	5006
1216	5007
1216	5008
1216	5009
1216	5010
1216	5011
1216	5012
1216	5013
1216	5014
1216	5015
1216	5016
1216	5017
1216	5018
1216	5019
1216	5020
1216	5021
1216	5022
1216	5023
1216	5024
1216	5025
1216	5026
1216	5027
1216	5028
1216	5029
1216	5030
1216	5031
1216	5032
1216	5033
1216	5034
1216	5035
1216	5036
1216	5037
1216	5038
1216	5039
1216	5040
1216	5041
1216	5042
1216	5043
1216	5044
1216	5045
1216	5046
1216	5047
1216	5048
1216	5049
1216	5050
1216	5051
1216	5052
1216	5053
1216	5054
1216	5055
1229	0
1229	140
1230	0
1230	140
1231	0
1231	140
1232	0
1232	140
1233	0
1233	140
1234	0
1234	140
1235	0
1235	71
1235	140
1235	1944
1235	1945
1235	1957
1235	3953
1235	5056
1235	5057
1235	5058
1235	5059
1235	5060
1235	5061
1235	5062
1235	5063
1235	5064
1235	5065
1235	5066
1235	5067
1235	5068
1235	5069
1235	5070
1236	0
1236	140
1237	170
1237	172
1237	194
1237	204
1237	267
1237	1634
1238	163
1238	164
1238	176
1238	267
1238	1237
1238	1718
1238	1719
1238	1720
1238	1945
1238	1948
1238	1951
1238	1952
1238	1953
1238	1954
1238	1955
1238	1956
1238	1957
1238	1963
1239	0
1239	71
1239	671
1239	1144
1239	1154
1239	1274
1239	1968
1239	5058
1239	5071
1239	5072
1239	5073
1239	5074
1239	5075
1239	5076
1239	5077
1239	5078
1239	5079
1239	5080
1239	5081
1239	5082
1239	5083
1240	0
1240	1251
1241	0
1241	1251
1242	0
1242	1251
1243	0
1243	1251
1244	0
1244	1251
1245	0
1245	1251
1246	0
1246	1251
1247	0
1247	1251
1248	0
1248	1251
1249	0
1249	140
1250	218
1250	1768
1250	1769
1250	1770
1250	1771
1250	1772
1250	1773
1250	1776
1250	1779
1250	1780
1250	1781
1250	1782
1250	1785
1250	1786
1250	1787
1250	1788
1250	1789
1250	5084
1250	5085
1250	5086
1250	5087
1250	5088
1250	5089
1250	5090
1250	5091
1250	5092
1250	5093
1250	5094
1250	5095
1250	5096
1250	5097
1250	5098
1250	5099
1250	5100
1250	5101
1250	5102
1250	5103
1250	5104
1250	5105
1250	5106
1250	5107
1250	5108
1256	0
1256	140
1257	0
1257	5109
1257	5110
1257	5111
1257	5112
1257	5113
1257	5114
1257	5115
1257	5116
1257	5117
1257	5118
1257	5119
1260	145
1261	145
1262	145
1263	145
1264	145
1265	145
1266	145
1267	145
1269	5120
1269	5121
1269	5122
1269	5123
1269	5124
1269	5125
1269	5126
1269	5127
1270	5121
1270	5128
1270	5129
1270	5130
1270	5131
1270	5132
1270	5133
1270	5134
1270	5135
1270	5136
1270	5137
1270	5138
1270	5139
1270	5140
1270	5141
1270	5142
1270	5143
1270	5144
1270	5145
1270	5146
1271	5147
1271	5148
1271	5149
1273	0
1273	14
1274	0
1274	14
1274	222
1274	1903
1274	2937
1274	2945
1274	2946
1274	2947
1274	2948
1274	2949
1274	2950
1274	2951
1274	2952
1275	153
1275	755
1275	3071
1275	5150
1275	5151
1275	5152
1275	5153
1275	5154
1275	5155
1275	5156
1275	5157
1275	5158
1275	5159
1275	5160
1275	5161
1275	5162
1275	5163
1275	5164
1275	5165
1275	5166
1275	5167
1275	5168
1275	5169
1275	5170
1275	5171
1275	5172
1275	5173
1275	5174
1275	5175
1275	5176
1275	5177
1275	5178
1275	5179
1275	5180
1275	5181
1275	5182
1275	5183
1275	5184
1275	5185
1275	5186
1275	5187
1275	5188
1275	5189
1275	5190
1275	5191
1275	5192
1275	5193
1275	5194
1275	5195
1275	5196
1275	5197
1275	5198
1275	5199
1275	5200
1275	5201
1275	5202
1275	5203
1275	5204
1275	5205
1275	5206
1275	5207
1275	5208
1275	5209
1275	5210
1275	5211
1275	5212
1276	153
1276	1567
1276	3133
1276	5213
1276	5214
1276	5215
1276	5216
1276	5217
1276	5218
1276	5219
1276	5220
1276	5221
1276	5222
1276	5223
1276	5224
1276	5225
1276	5226
1276	5227
1276	5228
1276	5229
1276	5230
1276	5231
1276	5232
1276	5233
1276	5234
1276	5235
1276	5236
1276	5237
1276	5238
1276	5239
1276	5240
1276	5241
1276	5242
1276	5243
1276	5244
1276	5245
1276	5246
1276	5247
1276	5248
1276	5249
1276	5250
1276	5251
1276	5252
1276	5253
1276	5254
1276	5255
1276	5256
1276	5257
1276	5258
1276	5259
1276	5260
1276	5261
1276	5262
1276	5263
1276	5264
1276	5265
1276	5266
1276	5267
1276	5268
1276	5269
1276	5270
1276	5271
1276	5272
1276	5273
1276	5274
1276	5275
1276	5276
1276	5277
1276	5278
1276	5279
1276	5280
1276	5281
1276	5282
1276	5283
1276	5284
1276	5285
1276	5286
1276	5287
1276	5288
1276	5289
1276	5290
1276	5291
1276	5292
1276	5293
1276	5294
1276	5295
1276	5296
1276	5297
1276	5298
1276	5299
1276	5300
1276	5301
1276	5302
1276	5303
1276	5304
1276	5305
1276	5306
1276	5307
1276	5308
1276	5309
1276	5310
1276	5311
1276	5312
1276	5313
1276	5314
1276	5315
1276	5316
1276	5317
1276	5318
1276	5319
1276	5320
1276	5321
1276	5322
1276	5323
1276	5324
1276	5325
1276	5326
1276	5327
1276	5328
1276	5329
1276	5330
1276	5331
1276	5332
1276	5333
1276	5334
1276	5335
1276	5336
1276	5337
1276	5338
1276	5339
1276	5340
1276	5341
1276	5342
1276	5343
1276	5344
1276	5345
1276	5346
1276	5347
1276	5348
1276	5349
1276	5350
1276	5351
1276	5352
1276	5353
1276	5354
1276	5355
1276	5356
1276	5357
1276	5358
1276	5359
1276	5360
1276	5361
1276	5362
1276	5363
1276	5364
1276	5365
1276	5366
1276	5367
1276	5368
1276	5369
1276	5370
1276	5371
1276	5372
1276	5373
1276	5374
1276	5375
1276	5376
1276	5377
1276	5378
1276	5379
1276	5380
1276	5381
1276	5382
1276	5383
1276	5384
1276	5385
1276	5386
1276	5387
1276	5388
1276	5389
1276	5390
1276	5391
1276	5392
1276	5393
1276	5394
1276	5395
1276	5396
1276	5397
1276	5398
1276	5399
1276	5400
1276	5401
1276	5402
1276	5403
1276	5404
1276	5405
1276	5406
1276	5407
1276	5408
1276	5409
1276	5410
1276	5411
1276	5412
1276	5413
1276	5414
1277	153
1277	226
1277	700
1277	3678
1277	5415
1277	5416
1277	5417
1277	5418
1277	5419
1277	5420
1277	5421
1277	5422
1277	5423
1277	5424
1277	5425
1277	5426
1277	5427
1277	5428
1277	5429
1277	5430
1277	5431
1277	5432
1277	5433
1277	5434
1277	5435
1277	5436
1277	5437
1277	5438
1277	5439
1277	5440
1277	5441
1277	5442
1277	5443
1277	5444
1277	5445
1277	5446
1277	5447
1277	5448
1277	5449
1277	5450
1277	5451
1277	5452
1277	5453
1277	5454
1277	5455
1277	5456
1277	5457
1277	5458
1277	5459
1277	5460
1277	5461
1277	5462
1277	5463
1277	5464
1277	5465
1277	5466
1277	5467
1277	5468
1277	5469
1277	5470
1277	5471
1277	5472
1277	5473
1277	5474
1277	5475
1277	5476
1277	5477
1277	5478
1277	5479
1277	5480
1277	5481
1277	5482
1277	5483
1277	5484
1277	5485
1277	5486
1277	5487
1277	5488
1277	5489
1277	5490
1277	5491
1277	5492
1277	5493
1277	5494
1277	5495
1277	5496
1277	5497
1277	5498
1277	5499
1277	5500
1277	5501
1277	5502
1277	5503
1277	5504
1277	5505
1277	5506
1277	5507
1277	5508
1277	5509
1277	5510
1277	5511
1277	5512
1277	5513
1277	5514
1277	5515
1277	5516
1277	5517
1277	5518
1277	5519
1277	5520
1277	5521
1277	5522
1277	5523
1277	5524
1277	5525
1277	5526
1277	5527
1277	5528
1277	5529
1277	5530
1277	5531
1277	5532
1277	5533
1277	5534
1277	5535
1277	5536
1277	5537
1277	5538
1277	5539
1277	5540
1277	5541
1277	5542
1277	5543
1277	5544
1277	5545
1277	5546
1277	5547
1277	5548
1277	5549
1277	5550
1277	5551
1277	5552
1277	5553
1277	5554
1277	5555
1277	5556
1277	5557
1277	5558
1277	5559
1277	5560
1277	5561
1277	5562
1277	5563
1277	5564
1277	5565
1277	5566
1277	5567
1277	5568
1277	5569
1277	5570
1277	5571
1277	5572
1277	5573
1277	5574
1277	5575
1277	5576
1277	5577
1277	5578
1277	5579
1277	5580
1277	5581
1277	5582
1278	153
1278	5583
1278	5584
1279	153
1279	1568
1279	3650
1279	3666
1279	5585
1279	5586
1279	5587
1279	5588
1279	5589
1279	5590
1279	5591
1279	5592
1279	5593
1279	5594
1279	5595
1279	5596
1279	5597
1279	5598
1279	5599
1279	5600
1279	5601
1279	5602
1279	5603
1279	5604
1279	5605
1279	5606
1279	5607
1279	5608
1279	5609
1279	5610
1279	5611
1279	5612
1279	5613
1279	5614
1280	153
1280	697
1280	797
1280	5615
1280	5616
1280	5617
1280	5618
1280	5619
1280	5620
1280	5621
1280	5622
1280	5623
1280	5624
1280	5625
1280	5626
1280	5627
1280	5628
1280	5629
1280	5630
1280	5631
1280	5632
1280	5633
1280	5634
1280	5635
1280	5636
1280	5637
1280	5638
1280	5639
1280	5640
1280	5641
1280	5642
1280	5643
1280	5644
1280	5645
1280	5646
1280	5647
1280	5648
1280	5649
1280	5650
1280	5651
1280	5652
1280	5653
1280	5654
1280	5655
1280	5656
1280	5657
1280	5658
1280	5659
1280	5660
1280	5661
1280	5662
1280	5663
1280	5664
1280	5665
1280	5666
1280	5667
1280	5668
1280	5669
1280	5670
1280	5671
1280	5672
1280	5673
1280	5674
1280	5675
1280	5676
1280	5677
1280	5678
1280	5679
1280	5680
1280	5681
1280	5682
1280	5683
1280	5684
1280	5685
1280	5686
1280	5687
1280	5688
1280	5689
1280	5690
1280	5691
1280	5692
1280	5693
1280	5694
1280	5695
1280	5696
1280	5697
1280	5698
1280	5699
1280	5700
1280	5701
1280	5702
1280	5703
1280	5704
1280	5705
1280	5706
1280	5707
1280	5708
1280	5709
1280	5710
1280	5711
1280	5712
1280	5713
1280	5714
1280	5715
1280	5716
1280	5717
1280	5718
1280	5719
1281	153
1281	755
1281	1567
1281	3071
1281	3133
1281	5150
1281	5151
1281	5152
1281	5153
1281	5154
1281	5155
1281	5156
1281	5157
1281	5158
1281	5159
1281	5160
1281	5161
1281	5162
1281	5163
1281	5164
1281	5165
1281	5166
1281	5167
1281	5168
1281	5169
1281	5170
1281	5171
1281	5172
1281	5173
1281	5174
1281	5175
1281	5176
1281	5177
1281	5178
1281	5179
1281	5180
1281	5181
1281	5182
1281	5183
1281	5184
1281	5185
1281	5186
1281	5187
1281	5188
1281	5189
1281	5190
1281	5191
1281	5192
1281	5193
1281	5194
1281	5195
1281	5196
1281	5197
1281	5198
1281	5199
1281	5200
1281	5201
1281	5202
1281	5203
1281	5204
1281	5205
1281	5206
1281	5207
1281	5208
1281	5209
1281	5210
1281	5211
1281	5212
1281	5213
1281	5214
1281	5215
1281	5216
1281	5217
1281	5218
1281	5219
1281	5220
1281	5221
1281	5222
1281	5223
1281	5224
1281	5225
1281	5226
1281	5227
1281	5228
1281	5229
1281	5230
1281	5231
1281	5232
1281	5233
1281	5234
1281	5235
1281	5236
1281	5237
1281	5238
1281	5239
1281	5240
1281	5241
1281	5242
1281	5243
1281	5244
1281	5245
1281	5246
1281	5247
1281	5248
1281	5249
1281	5250
1281	5251
1281	5252
1281	5253
1281	5254
1281	5255
1281	5256
1281	5257
1281	5258
1281	5259
1281	5260
1281	5261
1281	5262
1281	5263
1281	5264
1281	5265
1281	5266
1281	5267
1281	5268
1281	5269
1281	5270
1281	5271
1281	5272
1281	5273
1281	5274
1281	5275
1281	5276
1281	5277
1281	5278
1281	5279
1281	5280
1281	5281
1281	5282
1281	5283
1281	5284
1281	5285
1281	5286
1281	5287
1281	5288
1281	5289
1281	5290
1281	5291
1281	5292
1281	5293
1281	5294
1281	5295
1281	5296
1281	5297
1281	5298
1281	5299
1281	5300
1281	5301
1281	5302
1281	5303
1281	5304
1281	5305
1281	5306
1281	5307
1281	5308
1281	5309
1281	5310
1281	5311
1281	5312
1281	5313
1281	5314
1281	5315
1281	5316
1281	5317
1281	5318
1281	5319
1281	5320
1281	5321
1281	5322
1281	5323
1281	5324
1281	5325
1281	5326
1281	5327
1281	5328
1281	5329
1281	5330
1281	5331
1281	5332
1281	5333
1281	5334
1281	5335
1281	5336
1281	5337
1281	5338
1281	5339
1281	5340
1281	5341
1281	5342
1281	5343
1281	5344
1281	5345
1281	5346
1281	5347
1281	5348
1281	5349
1281	5350
1281	5351
1281	5352
1281	5353
1281	5354
1281	5355
1281	5356
1281	5357
1281	5358
1281	5359
1281	5360
1281	5361
1281	5362
1281	5363
1281	5364
1281	5365
1281	5366
1281	5367
1281	5368
1281	5369
1281	5370
1281	5371
1281	5372
1281	5373
1281	5374
1281	5375
1281	5376
1281	5377
1281	5378
1281	5379
1281	5380
1281	5381
1281	5382
1281	5383
1281	5384
1281	5385
1281	5386
1281	5387
1281	5388
1281	5389
1281	5390
1281	5391
1281	5392
1281	5393
1281	5394
1281	5395
1281	5396
1281	5397
1281	5398
1281	5399
1281	5400
1281	5401
1281	5402
1281	5403
1281	5404
1281	5405
1281	5406
1281	5407
1281	5408
1281	5409
1281	5410
1281	5411
1281	5412
1281	5413
1281	5414
1281	5583
1281	5584
1281	5720
1281	5721
1281	5722
1281	5723
1281	5724
1281	5725
1281	5726
1281	5727
1281	5728
1282	153
1282	5722
1282	5726
1283	153
1283	2980
1283	3011
1283	5729
1283	5730
1283	5731
1283	5732
1283	5733
1283	5734
1283	5735
1283	5736
1283	5737
1283	5738
1283	5739
1283	5740
1283	5741
1283	5742
1283	5743
1283	5744
1283	5745
1283	5746
1283	5747
1283	5748
1283	5749
1283	5750
1283	5751
1283	5752
1283	5753
1283	5754
1283	5755
1283	5756
1283	5757
1283	5758
1283	5759
1283	5760
1283	5761
1283	5762
1283	5763
1283	5764
1283	5765
1283	5766
1283	5767
1283	5768
1283	5769
1283	5770
1283	5771
1283	5772
1283	5773
1283	5774
1283	5775
1283	5776
1283	5777
1283	5778
1283	5779
1283	5780
1283	5781
1283	5782
1283	5783
1283	5784
1283	5785
1283	5786
1283	5787
1283	5788
1283	5789
1283	5790
1283	5791
1283	5792
1283	5793
1283	5794
1283	5795
1283	5796
1283	5797
1283	5798
1283	5799
1283	5800
1283	5801
1283	5802
1283	5803
1283	5804
1283	5805
1283	5806
1283	5807
1283	5808
1283	5809
1283	5810
1283	5811
1283	5812
1283	5813
1283	5814
1283	5815
1283	5816
1283	5817
1283	5818
1283	5819
1283	5820
1283	5821
1283	5822
1283	5823
1283	5824
1283	5825
1283	5826
1283	5827
1283	5828
1283	5829
1283	5830
1283	5831
1283	5832
1283	5833
1283	5834
1283	5835
1283	5836
1283	5837
1283	5838
1283	5839
1283	5840
1283	5841
1283	5842
1283	5843
1283	5844
1283	5845
1283	5846
1283	5847
1283	5848
1283	5849
1283	5850
1283	5851
1283	5852
1283	5853
1283	5854
1283	5855
1283	5856
1283	5857
1283	5858
1283	5859
1283	5860
1283	5861
1283	5862
1283	5863
1283	5864
1283	5865
1283	5866
1283	5867
1283	5868
1283	5869
1283	5870
1283	5871
1283	5872
1283	5873
1283	5874
1283	5875
1283	5876
1283	5877
1283	5878
1283	5879
1283	5880
1283	5881
1283	5882
1283	5883
1283	5884
1283	5885
1283	5886
1283	5887
1283	5888
1283	5889
1283	5890
1283	5891
1283	5892
1283	5893
1283	5894
1283	5895
1283	5896
1283	5897
1283	5898
1283	5899
1283	5900
1283	5901
1283	5902
1283	5903
1283	5904
1283	5905
1283	5906
1283	5907
1283	5908
1284	153
1284	5909
1284	5910
1284	5911
1284	5912
1284	5913
1284	5914
1284	5915
1284	5916
1284	5917
1284	5918
1284	5919
1284	5920
1284	5921
1284	5922
1285	153
1285	5923
1285	5924
1285	5925
1285	5926
1285	5927
1285	5928
1285	5929
1285	5930
1285	5931
1285	5932
1285	5933
1285	5934
1285	5935
1285	5936
1285	5937
1285	5938
1285	5939
1285	5940
1285	5941
1285	5942
1285	5943
1285	5944
1285	5945
1285	5946
1285	5947
1285	5948
1285	5949
1285	5950
1285	5951
1285	5952
1285	5953
1285	5954
1285	5955
1285	5956
1285	5957
1285	5958
1285	5959
1285	5960
1285	5961
1285	5962
1285	5963
1285	5964
1285	5965
1285	5966
1285	5967
1285	5968
1285	5969
1285	5970
1285	5971
1285	5972
1286	153
1286	5973
1286	5974
1286	5975
1286	5976
1286	5977
1286	5978
1286	5979
1286	5980
1286	5981
1286	5982
1286	5983
1286	5984
1286	5985
1286	5986
1286	5987
1286	5988
1286	5989
1286	5990
1286	5991
1286	5992
1286	5993
1286	5994
1286	5995
1286	5996
1286	5997
1286	5998
1286	5999
1286	6000
1286	6001
1286	6002
1286	6003
1286	6004
1286	6005
1286	6006
1286	6007
1286	6008
1286	6009
1286	6010
1286	6011
1286	6012
1286	6013
1286	6014
1286	6015
1286	6016
1286	6017
1286	6018
1286	6019
1286	6020
1286	6021
1286	6022
1286	6023
1286	6024
1286	6025
1286	6026
1286	6027
1286	6028
1286	6029
1286	6030
1286	6031
1286	6032
1286	6033
1286	6034
1286	6035
1286	6036
1286	6037
1286	6038
1286	6039
1286	6040
1286	6041
1286	6042
1286	6043
1286	6044
1286	6045
1286	6046
1286	6047
1286	6048
1286	6049
1286	6050
1286	6051
1286	6052
1286	6053
1286	6054
1286	6055
1286	6056
1286	6057
1286	6058
1286	6059
1286	6060
1286	6061
1286	6062
1286	6063
1286	6064
1286	6065
1286	6066
1286	6067
1286	6068
1286	6069
1286	6070
1286	6071
1286	6072
1286	6073
1286	6074
1286	6075
1286	6076
1286	6077
1286	6078
1286	6079
1286	6080
1286	6081
1286	6082
1286	6083
1286	6084
1286	6085
1286	6086
1286	6087
1286	6088
1286	6089
1286	6090
1286	6091
1286	6092
1286	6093
1286	6094
1286	6095
1286	6096
1286	6097
1286	6098
1286	6099
1286	6100
1286	6101
1286	6102
1286	6103
1286	6104
1286	6105
1286	6106
1286	6107
1286	6108
1286	6109
1286	6110
1286	6111
1286	6112
1286	6113
1286	6114
1286	6115
1286	6116
1286	6117
1286	6118
1286	6119
1286	6120
1286	6121
1286	6122
1286	6123
1286	6124
1286	6125
1286	6126
1286	6127
1286	6128
1286	6129
1286	6130
1286	6131
1286	6132
1286	6133
1286	6134
1286	6135
1286	6136
1286	6137
1286	6138
1286	6139
1286	6140
1286	6141
1286	6142
1286	6143
1287	153
1287	5728
1288	153
1288	5723
1288	5727
1289	153
1289	6144
1289	6145
1289	6146
1289	6147
1289	6148
1289	6149
1289	6150
1289	6151
1289	6152
1289	6153
1289	6154
1289	6155
1289	6156
1289	6157
1289	6158
1289	6159
1289	6160
1289	6161
1289	6162
1289	6163
1289	6164
1289	6165
1289	6166
1289	6167
1289	6168
1289	6169
1290	153
1290	6170
1290	6171
1290	6172
1290	6173
1290	6174
1290	6175
1290	6176
1290	6177
1290	6178
1290	6179
1290	6180
1290	6181
1290	6182
1290	6183
1290	6184
1290	6185
1290	6186
1290	6187
1290	6188
1290	6189
1290	6190
1290	6191
1290	6192
1290	6193
1290	6194
1290	6195
1290	6196
1290	6197
1290	6198
1290	6199
1290	6200
1290	6201
1290	6202
1290	6203
1290	6204
1290	6205
1290	6206
1290	6207
1290	6208
1290	6209
1290	6210
1290	6211
1290	6212
1290	6213
1290	6214
1290	6215
1290	6216
1290	6217
1290	6218
1290	6219
1290	6220
1290	6221
1290	6222
1290	6223
1290	6224
1290	6225
1290	6226
1290	6227
1290	6228
1290	6229
1290	6230
1290	6231
1291	153
1291	6232
1291	6233
1291	6234
1291	6235
1291	6236
1291	6237
1291	6238
1291	6239
1291	6240
1291	6241
1291	6242
1291	6243
1291	6244
1291	6245
1291	6246
1291	6247
1291	6248
1291	6249
1291	6250
1291	6251
1291	6252
1291	6253
1291	6254
1291	6255
1291	6256
1291	6257
1291	6258
1291	6259
1291	6260
1291	6261
1291	6262
1291	6263
1291	6264
1291	6265
1291	6266
1291	6267
1291	6268
1291	6269
1291	6270
1291	6271
1291	6272
1291	6273
1291	6274
1291	6275
1291	6276
1291	6277
1291	6278
1291	6279
1291	6280
1291	6281
1291	6282
1291	6283
1291	6284
1291	6285
1291	6286
1291	6287
1291	6288
1291	6289
1291	6290
1291	6291
1291	6292
1291	6293
1291	6294
1291	6295
1291	6296
1291	6297
1291	6298
1291	6299
1291	6300
1291	6301
1291	6302
1291	6303
1291	6304
1291	6305
1291	6306
1291	6307
1291	6308
1291	6309
1291	6310
1291	6311
1291	6312
1291	6313
1291	6314
1291	6315
1291	6316
1291	6317
1291	6318
1291	6319
1291	6320
1291	6321
1291	6322
1291	6323
1291	6324
1291	6325
1291	6326
1291	6327
1291	6328
1291	6329
1291	6330
1291	6331
1291	6332
1291	6333
1291	6334
1291	6335
1291	6336
1291	6337
1291	6338
1291	6339
1291	6340
1291	6341
1291	6342
1291	6343
1291	6344
1291	6345
1291	6346
1291	6347
1291	6348
1291	6349
1291	6350
1291	6351
1291	6352
1291	6353
1291	6354
1292	153
1292	6355
1292	6356
1292	6357
1292	6358
1292	6359
1292	6360
1292	6361
1292	6362
1292	6363
1293	153
1293	5724
1294	1740
1294	3137
1294	6364
1294	6365
1294	6366
1294	6367
1294	6368
1294	6369
1294	6370
1294	6371
1294	6372
1294	6373
1294	6374
1294	6375
1294	6376
1294	6377
1294	6378
1294	6379
1294	6380
1294	6381
1294	6382
1294	6383
1294	6384
1294	6385
1294	6386
1294	6387
1294	6388
1294	6389
1294	6390
1294	6391
1294	6392
1294	6393
1294	6394
1294	6395
1294	6396
1294	6397
1294	6398
1294	6399
1294	6400
1294	6401
1294	6402
1294	6403
1294	6404
1294	6405
1294	6406
1294	6407
1294	6408
1294	6409
1294	6410
1294	6411
1294	6412
1294	6413
1294	6414
1294	6415
1294	6416
1294	6417
1294	6418
1294	6419
1294	6420
1294	6421
1294	6422
1294	6423
1294	6424
1294	6425
1294	6426
1294	6427
1294	6428
1294	6429
1294	6430
1294	6431
1294	6432
1294	6433
1294	6434
1294	6435
1294	6436
1294	6437
1294	6438
1294	6439
1294	6440
1294	6441
1294	6442
1294	6443
1294	6444
1294	6445
1294	6446
1294	6447
1294	6448
1294	6449
1294	6450
1294	6451
1294	6452
1294	6453
1294	6454
1294	6455
1294	6456
1294	6457
1294	6458
1294	6459
1294	6460
1294	6461
1294	6462
1294	6463
1294	6464
1294	6465
1294	6466
1294	6467
1294	6468
1294	6469
1294	6470
1294	6471
1294	6472
1294	6473
1294	6474
1294	6475
1294	6476
1294	6477
1294	6478
1294	6479
1294	6480
1294	6481
1294	6482
1294	6483
1294	6484
1294	6485
1294	6486
1294	6487
1294	6488
1294	6489
1294	6490
1294	6491
1294	6492
1294	6493
1294	6494
1294	6495
1294	6496
1295	153
1295	5720
1296	153
1296	3409
1296	6497
1296	6498
1296	6499
1296	6500
1296	6501
1296	6502
1296	6503
1296	6504
1296	6505
1296	6506
1296	6507
1296	6508
1296	6509
1297	153
1297	5725
1298	153
1298	3145
1298	6510
1298	6511
1298	6512
1298	6513
1298	6514
1298	6515
1298	6516
1298	6517
1298	6518
1298	6519
1298	6520
1298	6521
1298	6522
1298	6523
1298	6524
1298	6525
1298	6526
1298	6527
1298	6528
1298	6529
1298	6530
1298	6531
1298	6532
1298	6533
1298	6534
1298	6535
1298	6536
1298	6537
1298	6538
1298	6539
1298	6540
1298	6541
1298	6542
1298	6543
1298	6544
1298	6545
1298	6546
1298	6547
1298	6548
1298	6549
1298	6550
1298	6551
1298	6552
1298	6553
1298	6554
1298	6555
1298	6556
1298	6557
1298	6558
1298	6559
1298	6560
1298	6561
1298	6562
1298	6563
1298	6564
1298	6565
1298	6566
1298	6567
1298	6568
1298	6569
1298	6570
1298	6571
1298	6572
1298	6573
1298	6574
1298	6575
1298	6576
1298	6577
1298	6578
1298	6579
1298	6580
1298	6581
1298	6582
1298	6583
1298	6584
1298	6585
1298	6586
1298	6587
1298	6588
1298	6589
1298	6590
1298	6591
1298	6592
1298	6593
1298	6594
1298	6595
1298	6596
1298	6597
1298	6598
1298	6599
1298	6600
1298	6601
1298	6602
1298	6603
1298	6604
1298	6605
1298	6606
1298	6607
1298	6608
1298	6609
1298	6610
1298	6611
1298	6612
1298	6613
1298	6614
1298	6615
1298	6616
1298	6617
1298	6618
1298	6619
1298	6620
1298	6621
1298	6622
1298	6623
1298	6624
1298	6625
1298	6626
1298	6627
1298	6628
1298	6629
1298	6630
1299	153
1299	3250
1299	6631
1299	6632
1299	6633
1299	6634
1299	6635
1299	6636
1300	153
1300	6637
1300	6638
1300	6639
1300	6640
1300	6641
1300	6642
1300	6643
1300	6644
1300	6645
1300	6646
1300	6647
1300	6648
1300	6649
1300	6650
1300	6651
1300	6652
1300	6653
1300	6654
1300	6655
1300	6656
1301	153
1301	6657
1301	6658
1301	6659
1301	6660
1301	6661
1301	6662
1301	6663
1301	6664
1301	6665
1301	6666
1301	6667
1301	6668
1301	6669
1301	6670
1301	6671
1301	6672
1301	6673
1301	6674
1301	6675
1301	6676
1301	6677
1301	6678
1301	6679
1301	6680
1301	6681
1301	6682
1301	6683
1301	6684
1301	6685
1301	6686
1302	2950
1303	0
1303	6687
1303	6688
1304	1303
1305	155
1305	1017
1305	6687
1306	155
1306	202
1306	1901
1306	4120
1307	157
1307	6689
1307	6690
1308	157
1309	157
1311	6691
1312	1320
1312	6692
1312	6693
1312	6694
1312	6695
1312	6696
1312	6697
1312	6698
1312	6699
1312	6700
1312	6701
1312	6702
1312	6703
1312	6704
1312	6705
1312	6706
1312	6707
1312	6708
1312	6709
1312	6710
1312	6711
1312	6712
1312	6713
1312	6714
1312	6715
1312	6716
1312	6717
1312	6718
1312	6719
1312	6720
1312	6721
1312	6722
1312	6723
1312	6724
1312	6725
1312	6726
1312	6727
1312	6728
1312	6729
1312	6730
1312	6731
1312	6732
1312	6733
1312	6734
1312	6735
1312	6736
1312	6737
1313	162
1315	131
1315	900
1315	1313
1319	1312
1320	1312
1320	1320
1321	0
1321	159
1322	0
1322	159
1322	6738
1322	6739
1322	6740
1322	6741
1322	6742
1322	6743
1322	6744
1322	6745
1322	6746
1322	6747
1322	6748
1322	6749
1322	6750
1322	6751
1322	6752
1322	6753
1322	6754
1322	6755
1322	6756
1322	6757
1322	6758
1322	6759
1322	6760
1322	6761
1322	6762
1322	6763
1322	6764
1322	6765
1322	6766
1322	6767
1322	6768
1322	6769
1322	6770
1322	6771
1323	0
1323	159
1323	1323
1324	0
1324	159
1324	1322
1324	1324
1324	6772
1324	6773
1324	6774
1324	6775
1324	6776
1324	6777
1324	6778
1324	6779
1324	6780
1324	6781
1324	6782
1324	6783
1324	6784
1324	6785
1325	0
1325	159
1325	6786
1325	6787
1325	6788
1325	6789
1326	0
1326	159
1327	0
1327	159
1327	168
1327	1330
1327	1371
1327	1382
1327	6790
1327	6791
1327	6792
1327	6793
1327	6794
1327	6795
1327	6796
1327	6797
1327	6798
1327	6799
1327	6800
1327	6801
1327	6802
1327	6803
1327	6804
1327	6805
1327	6806
1327	6807
1327	6808
1327	6809
1327	6810
1327	6811
1327	6812
1327	6813
1327	6814
1327	6815
1327	6816
1327	6817
1327	6818
1327	6819
1328	0
1328	159
1328	6783
1328	6820
1328	6821
1328	6822
1329	0
1329	159
1329	6823
1329	6824
1329	6825
1329	6826
1329	6827
1329	6828
1329	6829
1329	6830
1332	160
1332	6831
1332	6832
1332	6833
1332	6834
1333	160
1333	6835
1333	6836
1334	160
1334	162
1334	6837
1334	6838
1336	160
1336	1255
1336	1346
1336	6839
1336	6840
1336	6841
1336	6842
1336	6843
1336	6844
1336	6845
1336	6846
1336	6847
1336	6848
1336	6849
1336	6850
1337	160
1337	1332
1337	1333
1337	1336
1337	1338
1337	1339
1337	1340
1337	1341
1337	1342
1337	1343
1337	1344
1337	1345
1337	6831
1337	6832
1337	6833
1337	6834
1337	6839
1337	6840
1337	6841
1337	6842
1337	6843
1337	6844
1337	6845
1337	6846
1337	6848
1337	6849
1337	6850
1337	6851
1337	6852
1337	6853
1337	6854
1337	6855
1337	6856
1337	6857
1337	6858
1337	6859
1337	6860
1337	6861
1337	6862
1337	6863
1337	6864
1337	6865
1337	6866
1337	6867
1337	6868
1338	160
1339	160
1339	1338
1339	1341
1339	1342
1339	1343
1339	1344
1339	6834
1339	6837
1339	6858
1340	160
1340	6869
1341	160
1341	1341
1341	1343
1341	6859
1341	6861
1341	6862
1342	160
1342	1330
1342	6870
1342	6871
1342	6872
1342	6873
1342	6874
1342	6875
1343	160
1343	1341
1343	6859
1343	6860
1343	6861
1343	6862
1344	160
1344	6864
1344	6865
1344	6866
1344	6867
1344	6868
1344	6876
1344	6877
1345	160
1345	1340
1345	6859
1345	6878
1345	6879
1345	6880
1345	6881
1345	6882
1345	6883
1345	6884
1345	6885
1345	6886
1345	6887
1345	6888
1345	6889
1348	161
1348	6890
1348	6891
1348	6892
1348	6893
1348	6894
1348	6895
1348	6896
1348	6897
1348	6898
1348	6899
1348	6900
1348	6901
1350	6902
1350	6903
1350	6904
1350	6905
1350	6906
1350	6907
1350	6908
1350	6909
1353	1380
1353	6890
1353	6895
1353	6899
1353	6900
1353	6903
1353	6910
1353	6911
1353	6912
1353	6913
1353	6914
1353	6915
1353	6916
1353	6917
1353	6918
1353	6919
1353	6920
1353	6921
1353	6922
1353	6923
1353	6924
1353	6925
1353	6926
1353	6927
1353	6928
1353	6929
1353	6930
1353	6931
1353	6932
1353	6933
1353	6934
1353	6935
1353	6936
1353	6937
1353	6938
1353	6939
1353	6940
1353	6941
1353	6942
1353	6943
1353	6944
1353	6945
1353	6946
1353	6947
1353	6948
1353	6949
1353	6950
1353	6951
1353	6952
1353	6953
1353	6954
1353	6955
1353	6956
1353	6957
1353	6958
1353	6959
1353	6960
1353	6961
1353	6962
1353	6963
1353	6964
1353	6965
1353	6966
1353	6967
1353	6968
1353	6969
1353	6970
1353	6971
1353	6972
1353	6973
1353	6974
1353	6975
1353	6976
1353	6977
1353	6978
1353	6979
1353	6980
1353	6981
1353	6982
1353	6983
1353	6984
1353	6985
1353	6986
1360	6892
1360	6987
1360	6988
1362	6989
1362	6990
1362	6991
1365	6992
1388	162
1388	1390
1389	162
1389	6993
1390	162
1390	6994
1391	162
1391	6995
1392	162
1392	1392
1393	162
1394	162
1395	162
1396	162
1399	162
1401	162
1401	1393
1401	1399
1401	1402
1401	1413
1401	1416
1401	1423
1402	162
1403	162
1403	1400
1403	1404
1403	1410
1403	1415
1403	1425
1403	1429
1403	6996
1404	162
1405	162
1406	162
1406	6997
1407	162
1407	6998
1408	162
1409	162
1410	162
1412	162
1413	162
1415	162
1416	162
1417	162
1418	162
1419	162
1420	162
1420	1396
1420	1407
1422	162
1423	162
1424	162
1425	162
1426	162
1427	162
1427	1394
1427	1405
1427	1418
1427	6999
1428	162
1429	162
1430	162
1430	1404
1430	1410
1430	1415
1430	1429
1430	6996
1431	7000
1431	7001
1431	7002
1431	7003
1431	7004
1431	7005
1431	7006
1431	7007
1431	7008
1431	7009
1431	7010
1433	164
1433	1433
1433	1434
1433	1438
1433	1441
1433	1442
1433	1443
1433	1444
1433	1445
1433	7011
1433	7012
1433	7013
1433	7014
1433	7015
1434	164
1434	1437
1434	1438
1434	1441
1434	1442
1434	1443
1434	1444
1434	1445
1434	7016
1434	7017
1434	7018
1434	7019
1434	7020
1434	7021
1434	7022
1434	7023
1434	7024
1434	7025
1434	7026
1434	7027
1434	7028
1434	7029
1434	7030
1434	7031
1434	7032
1434	7033
1434	7034
1434	7035
1434	7036
1434	7037
1434	7038
1434	7039
1434	7040
1434	7041
1434	7042
1434	7043
1434	7044
1435	164
1435	1434
1435	1435
1435	1438
1435	1441
1435	1442
1435	1443
1435	1444
1435	1445
1435	7045
1435	7046
1435	7047
1436	164
1436	1434
1436	1438
1436	1441
1436	1442
1436	1443
1436	1444
1436	1445
1436	7045
1436	7048
1436	7049
1437	164
1437	1433
1437	1434
1437	1438
1437	1441
1437	1442
1437	1443
1437	1444
1437	1445
1437	7011
1437	7012
1437	7013
1437	7014
1437	7015
1438	164
1438	1433
1438	1434
1438	1441
1438	1442
1438	1443
1438	1444
1438	1445
1438	7037
1438	7045
1438	7050
1438	7051
1439	164
1439	1434
1439	1438
1439	1441
1439	1442
1439	1443
1439	1444
1439	1445
1439	7045
1439	7052
1440	164
1440	1434
1440	1437
1440	1438
1440	1441
1440	1442
1440	1443
1440	1444
1440	1445
1441	0
1441	164
1441	1434
1441	1438
1441	1442
1441	1443
1441	1444
1441	1445
1441	7045
1441	7053
1441	7054
1441	7055
1441	7056
1442	164
1442	1433
1442	1434
1442	1438
1442	1441
1442	1443
1442	1444
1442	1445
1442	7045
1442	7057
1442	7058
1443	164
1443	1434
1443	1437
1443	1438
1443	1441
1443	1442
1443	1443
1443	1444
1443	1445
1444	164
1444	1433
1444	1434
1444	1438
1444	1441
1444	1442
1444	1443
1444	1445
1444	7057
1444	7059
1445	164
1445	1433
1445	1434
1445	1438
1445	1441
1445	1442
1445	1443
1445	1444
1446	164
1446	1434
1446	1437
1446	1438
1446	1441
1446	1442
1446	1443
1446	1444
1446	1445
1446	7060
1447	165
1448	165
1448	1449
1449	165
1449	7061
1449	7062
1450	165
1450	7063
1450	7064
1451	165
1452	0
1452	160
1452	165
1452	7065
1452	7066
1452	7067
1453	7068
1453	7069
1454	167
1454	1454
1454	1455
1454	1456
1454	7070
1455	167
1455	1454
1455	1456
1456	167
1456	1454
1456	1455
1456	1456
1457	168
1457	1457
1457	1459
1457	1460
1457	1461
1457	1462
1457	1463
1457	7071
1457	7072
1458	168
1459	168
1459	7073
1459	7074
1459	7075
1459	7076
1459	7077
1459	7078
1460	168
1460	1460
1460	7079
1460	7080
1461	168
1461	1461
1461	7081
1461	7082
1461	7083
1461	7084
1462	168
1462	1330
1462	1457
1462	1459
1462	1460
1462	1461
1462	1462
1462	1463
1462	6790
1462	6809
1462	7054
1462	7071
1462	7085
1462	7086
1462	7087
1462	7088
1463	168
1469	0
1469	7089
1469	7090
1469	7091
1469	7092
1469	7093
1469	7094
1469	7095
1469	7096
1469	7097
1469	7098
1469	7099
1469	7100
1469	7101
1469	7102
1469	7103
1470	0
1470	86
1470	1469
1470	1470
1470	1471
1470	1472
1470	1473
1470	1474
1470	1475
1470	1476
1470	1477
1470	1478
1470	1479
1470	1480
1470	1481
1471	0
1471	86
1471	1470
1471	1471
1471	1472
1471	1473
1471	1474
1471	1477
1471	1479
1471	1480
1471	1481
1471	7104
1471	7105
1471	7106
1471	7107
1471	7108
1471	7109
1471	7110
1471	7111
1472	0
1472	86
1472	234
1472	1470
1472	1471
1472	1472
1472	1473
1472	1474
1472	1477
1472	1479
1472	1480
1472	1481
1472	1917
1472	1965
1472	1970
1472	1972
1472	7110
1472	7112
1472	7113
1472	7114
1472	7115
1472	7116
1472	7117
1472	7118
1472	7119
1472	7120
1472	7121
1472	7122
1472	7123
1472	7124
1472	7125
1472	7126
1473	0
1473	86
1473	1470
1473	1471
1473	1472
1473	1473
1473	1474
1473	1477
1473	1479
1473	1480
1473	1481
1473	1902
1473	3445
1473	3447
1473	7127
1473	7128
1474	0
1474	86
1474	1470
1474	1471
1474	1472
1474	1473
1474	1474
1474	1477
1474	1479
1474	1480
1474	1481
1475	0
1475	86
1475	1470
1475	1471
1475	1472
1475	1473
1475	1474
1475	1476
1475	1477
1475	1478
1475	1479
1475	1480
1475	1481
1475	7129
1476	0
1476	86
1476	1470
1476	1471
1476	1472
1476	1473
1476	1474
1476	1477
1476	1479
1476	1480
1476	1481
1477	7130
1477	7131
1478	0
1478	86
1478	1470
1478	1471
1478	1472
1478	1473
1478	1474
1478	1477
1478	1479
1478	1480
1478	1481
1479	0
1479	86
1479	955
1479	1470
1479	1471
1479	1472
1479	1473
1479	1474
1479	1477
1479	1479
1479	1480
1479	1481
1480	7132
1480	7133
1481	0
1481	16
1481	86
1481	233
1481	234
1481	1017
1481	1470
1481	1471
1481	1472
1481	1473
1481	1474
1481	1476
1481	1477
1481	1478
1481	1479
1481	1480
1481	1481
1481	1880
1481	1965
1481	1970
1481	1972
1481	2000
1481	4108
1481	4121
1481	4467
1481	7115
1481	7116
1481	7121
1481	7124
1481	7134
1481	7135
1481	7136
1481	7137
1481	7138
1481	7139
1481	7140
1481	7141
1481	7142
1481	7143
1481	7144
1481	7145
1481	7146
1481	7147
1481	7148
1481	7149
1481	7150
1481	7151
1482	7152
1482	7153
1483	1500
1484	7153
1484	7154
1485	7153
1485	7155
1486	170
1486	1486
1486	7156
1486	7157
1486	7158
1486	7159
1486	7160
1486	7161
1486	7162
1486	7163
1486	7164
1486	7165
1486	7166
1490	1500
1490	7167
1490	7168
1490	7169
1490	7170
1490	7171
1490	7172
1490	7173
1490	7174
1490	7175
1490	7176
1490	7177
1490	7178
1490	7179
1490	7180
1490	7181
1490	7182
1490	7183
1490	7184
1490	7185
1490	7186
1491	7153
1491	7187
1492	7153
1492	7188
1493	7153
1493	7189
1494	7153
1494	7190
1495	7153
1495	7191
1496	7153
1496	7192
1497	7193
1497	7194
1497	7195
1497	7196
1497	7197
1497	7198
1498	7153
1498	7199
1499	7153
1499	7200
1501	7153
1501	7201
1502	7153
1502	7202
1503	7153
1503	7203
1504	7153
1504	7204
1505	7153
1505	7205
1506	7153
1506	7206
1507	7153
1507	7207
1508	7153
1508	7208
1509	170
1509	172
1509	204
1509	674
1509	1500
1509	1509
1509	1634
1509	2968
1509	4019
1509	7209
1509	7210
1509	7211
1509	7212
1509	7213
1509	7214
1509	7215
1509	7216
1509	7217
1509	7218
1509	7219
1509	7220
1509	7221
1509	7222
1509	7223
1509	7224
1509	7225
1509	7226
1509	7227
1509	7228
1509	7229
1509	7230
1509	7231
1509	7232
1509	7233
1509	7234
1509	7235
1509	7236
1509	7237
1509	7238
1509	7239
1509	7240
1509	7241
1509	7242
1509	7243
1509	7244
1509	7245
1509	7246
1509	7247
1509	7248
1509	7249
1509	7250
1509	7251
1509	7252
1509	7253
1509	7254
1509	7255
1509	7256
1509	7257
1509	7258
1509	7259
1509	7260
1509	7261
1509	7262
1509	7263
1509	7264
1509	7265
1509	7266
1509	7267
1509	7268
1509	7269
1509	7270
1509	7271
1509	7272
1509	7273
1509	7274
1509	7275
1509	7276
1509	7277
1509	7278
1509	7279
1510	7153
1510	7280
1511	7153
1511	7281
1512	7153
1512	7282
1513	7153
1513	7283
1514	7153
1514	7284
1515	170
1515	1515
1515	7285
1515	7286
1516	7153
1516	7287
1520	7288
1521	0
1521	1520
1521	7289
1521	7290
1521	7291
1521	7292
1521	7293
1521	7294
1522	7295
1522	7296
1522	7297
1522	7298
1522	7299
1522	7300
1522	7301
1523	0
1523	7295
1523	7296
1523	7298
1523	7299
1523	7300
1523	7301
1523	7302
1524	0
1524	15
1524	174
1524	198
1524	202
1524	1524
1524	1525
1524	1526
1524	1527
1524	1528
1525	0
1525	15
1525	174
1525	198
1525	202
1525	1524
1525	1525
1525	1526
1525	1527
1525	1528
1525	7303
1525	7304
1525	7305
1525	7306
1525	7307
1525	7308
1525	7309
1525	7310
1525	7311
1525	7312
1525	7313
1525	7314
1525	7315
1525	7316
1525	7317
1525	7318
1525	7319
1525	7320
1525	7321
1525	7322
1525	7323
1525	7324
1525	7325
1525	7326
1525	7327
1525	7328
1525	7329
1525	7330
1525	7331
1525	7332
1525	7333
1525	7334
1525	7335
1525	7336
1525	7337
1525	7338
1525	7339
1525	7340
1525	7341
1525	7342
1525	7343
1525	7344
1525	7345
1525	7346
1525	7347
1525	7348
1525	7349
1525	7350
1525	7351
1525	7352
1525	7353
1525	7354
1525	7355
1525	7356
1525	7357
1525	7358
1525	7359
1525	7360
1525	7361
1525	7362
1525	7363
1525	7364
1525	7365
1525	7366
1525	7367
1525	7368
1525	7369
1525	7370
1525	7371
1525	7372
1525	7373
1525	7374
1525	7375
1525	7376
1525	7377
1525	7378
1525	7379
1525	7380
1525	7381
1525	7382
1525	7383
1525	7384
1525	7385
1525	7386
1525	7387
1525	7388
1525	7389
1525	7390
1525	7391
1525	7392
1525	7393
1525	7394
1525	7395
1525	7396
1525	7397
1525	7398
1525	7399
1525	7400
1525	7401
1525	7402
1525	7403
1525	7404
1526	0
1526	15
1526	174
1526	198
1526	202
1526	1524
1526	1525
1526	1526
1526	1527
1526	1528
1527	0
1527	15
1527	174
1527	198
1527	202
1527	1524
1527	1525
1527	1526
1527	1527
1527	1528
1528	0
1528	15
1528	174
1528	198
1528	202
1528	1524
1528	1525
1528	1526
1528	1527
1528	1528
1528	7405
1528	7406
1530	7407
1530	7408
1530	7409
1530	7410
1531	175
1531	7411
1535	135
1535	153
1535	191
1535	2000
1535	7116
1535	7412
1535	7413
1535	7414
1535	7415
1535	7416
1535	7417
1535	7418
1535	7419
1535	7420
1535	7421
1535	7422
1535	7423
1535	7424
1535	7425
1535	7426
1535	7427
1535	7428
1535	7429
1535	7430
1535	7431
1535	7432
1535	7433
1535	7434
1535	7435
1535	7436
1535	7437
1535	7438
1535	7439
1535	7440
1535	7441
1535	7442
1535	7443
1535	7444
1535	7445
1536	177
1536	7446
1537	177
1537	7447
1538	177
1539	177
1539	195
1539	2857
1539	7448
1540	177
1540	7449
1541	7450
1541	7451
1541	7452
1541	7453
1542	14
1542	7454
1543	0
1543	7455
1544	1566
1544	7456
1544	7457
1544	7458
1544	7459
1544	7460
1544	7461
1545	1547
1545	1553
1545	1563
1545	7456
1545	7461
1546	7462
1546	7463
1546	7464
1550	7465
1552	7458
1560	7466
1561	7463
1565	0
1567	0
1567	3440
1567	7467
1567	7468
1567	7469
1568	0
1568	148
1568	1518
1568	3440
1568	7468
1568	7470
1568	7471
1568	7472
1568	7473
1568	7474
1569	0
1570	0
1570	1570
1570	3440
1570	7475
1571	0
1577	7457
1578	7462
1578	7464
1579	189
1580	7476
1580	7477
1580	7478
1580	7479
1580	7480
1580	7481
1580	7482
1580	7483
1580	7484
1580	7485
1580	7486
1580	7487
1580	7488
1581	191
1581	1581
1581	7489
1581	7490
1582	0
1582	191
1582	1582
1582	7491
1582	7492
1582	7493
1582	7494
1582	7495
1582	7496
1582	7497
1582	7498
1582	7499
1582	7500
1582	7501
1582	7502
1582	7503
1582	7504
1582	7505
1582	7506
1582	7507
1582	7508
1582	7509
1596	191
1597	191
1600	191
1600	1600
1601	191
1602	191
1603	191
1604	191
1605	191
1606	191
1607	191
1610	1610
1610	7510
1610	7511
1610	7512
1610	7513
1610	7514
1610	7515
1610	7516
1610	7517
1610	7518
1610	7519
1610	7520
1610	7521
1611	213
1612	7522
1612	7523
1620	0
1620	15
1620	1967
1620	7524
1620	7525
1620	7526
1620	7527
1620	7528
1620	7529
1621	1622
1621	7530
1621	7531
1622	267
1622	7530
1622	7531
1622	7532
1622	7533
1622	7534
1622	7535
1622	7536
1625	7537
1625	7538
1625	7539
1625	7540
1625	7541
1625	7542
1625	7543
1625	7544
1625	7545
1625	7546
1625	7547
1625	7548
1626	0
1626	194
1627	7549
1627	7550
1628	7551
1628	7552
1629	7553
1629	7554
1630	1633
1630	1705
1630	1707
1630	7555
1630	7556
1631	1633
1631	1705
1631	1707
1632	1633
1632	1705
1632	1707
1633	1633
1633	1705
1633	1707
1633	7557
1633	7558
1633	7559
1633	7560
1634	0
1634	170
1634	172
1634	194
1634	204
1634	7561
1634	7562
1636	0
1636	7
1636	17
1636	18
1636	19
1636	20
1636	21
1636	22
1636	23
1636	24
1636	25
1636	26
1636	27
1636	28
1636	29
1636	30
1636	31
1636	32
1636	33
1636	34
1636	35
1636	36
1636	37
1636	38
1636	39
1637	33
1637	38
1637	188
1637	197
1637	198
1637	199
1637	209
1637	211
1637	213
1637	7563
1638	0
1638	1638
1638	1728
1638	7564
1638	7565
1641	4
1641	15
1641	16
1641	33
1641	35
1641	37
1641	38
1641	44
1641	47
1641	49
1641	51
1641	55
1641	58
1641	61
1641	63
1641	64
1641	72
1641	74
1641	140
1641	141
1641	162
1641	169
1641	171
1641	174
1641	175
1641	177
1641	178
1641	179
1641	180
1641	181
1641	182
1641	183
1641	184
1641	185
1641	187
1641	188
1641	189
1641	190
1641	191
1641	192
1641	195
1641	196
1641	197
1641	198
1641	199
1641	202
1641	203
1641	206
1641	207
1641	209
1641	211
1641	212
1641	213
1641	214
1641	215
1641	218
1641	219
1641	267
1641	1641
1641	6998
1642	199
1642	7566
1642	7567
1642	7568
1642	7569
1642	7570
1642	7571
1642	7572
1642	7573
1642	7574
1642	7575
1642	7576
1642	7577
1642	7578
1642	7579
1642	7580
1642	7581
1643	199
1643	7582
1644	199
1644	7582
1645	199
1646	199
1646	7583
1647	199
1649	199
1649	7582
1650	7584
1650	7585
1652	200
1653	200
1654	200
1654	1658
1654	7586
1654	7587
1654	7588
1654	7589
1654	7590
1654	7591
1654	7592
1654	7593
1654	7594
1654	7595
1654	7596
1654	7597
1654	7598
1654	7599
1655	200
1656	200
1656	7600
1657	200
1658	200
1658	7601
1658	7602
1659	0
1659	201
1659	1659
1659	1661
1659	1662
1659	1663
1659	1664
1659	1668
1659	1669
1659	1670
1659	1671
1659	1673
1659	1675
1659	1688
1659	1693
1659	1973
1659	7124
1659	7603
1659	7604
1659	7605
1659	7606
1659	7607
1659	7608
1659	7609
1659	7610
1659	7611
1659	7612
1659	7613
1660	0
1660	201
1660	1828
1660	7614
1660	7615
1660	7616
1660	7617
1660	7618
1660	7619
1660	7620
1660	7621
1660	7622
1661	0
1661	201
1661	995
1661	1659
1661	7623
1661	7624
1661	7625
1661	7626
1661	7627
1661	7628
1662	0
1662	43
1662	58
1662	61
1662	201
1662	862
1662	863
1662	1659
1662	1675
1662	1681
1662	1682
1662	1688
1662	1693
1662	3677
1662	7610
1662	7629
1662	7630
1662	7631
1662	7632
1662	7633
1662	7634
1662	7635
1662	7636
1662	7637
1662	7638
1663	0
1663	43
1663	201
1663	997
1663	1055
1663	1659
1663	7639
1663	7640
1663	7641
1663	7642
1663	7643
1663	7644
1663	7645
1663	7646
1663	7647
1663	7648
1663	7649
1663	7650
1663	7651
1663	7652
1663	7653
1663	7654
1663	7655
1663	7656
1664	201
1664	267
1664	1659
1664	7657
1664	7658
1664	7659
1664	7660
1665	0
1665	201
1665	1665
1665	1666
1665	1667
1665	1675
1665	1688
1665	1689
1665	1693
1665	7610
1665	7624
1665	7644
1665	7661
1665	7662
1665	7663
1665	7664
1665	7665
1665	7666
1665	7667
1665	7668
1665	7669
1665	7670
1665	7671
1665	7672
1665	7673
1665	7674
1665	7675
1665	7676
1665	7677
1665	7678
1665	7679
1666	0
1666	201
1666	267
1666	1661
1666	1662
1666	1663
1666	1664
1666	1665
1666	1666
1666	1667
1666	1668
1666	1669
1666	1670
1666	1672
1666	1675
1666	1688
1666	1689
1666	1693
1666	7610
1666	7611
1666	7612
1666	7671
1666	7680
1666	7681
1666	7682
1666	7683
1666	7684
1666	7685
1666	7686
1666	7687
1666	7688
1666	7689
1666	7690
1666	7691
1666	7692
1666	7693
1666	7694
1666	7695
1666	7696
1666	7697
1666	7698
1666	7699
1666	7700
1666	7701
1666	7702
1666	7703
1666	7704
1666	7705
1666	7706
1667	0
1667	201
1667	1665
1667	1666
1667	1672
1667	1675
1667	1688
1667	1689
1667	1693
1667	7610
1667	7671
1667	7684
1667	7685
1667	7686
1667	7687
1667	7688
1667	7689
1667	7690
1667	7691
1667	7692
1667	7693
1667	7694
1667	7695
1667	7697
1667	7698
1667	7699
1667	7700
1667	7701
1667	7702
1667	7703
1667	7704
1667	7705
1667	7707
1667	7708
1667	7709
1667	7710
1667	7711
1667	7712
1668	0
1668	43
1668	201
1668	996
1668	1659
1668	1691
1668	1698
1668	7640
1668	7648
1668	7649
1668	7650
1668	7652
1668	7676
1668	7703
1668	7713
1668	7714
1668	7715
1668	7716
1668	7717
1668	7718
1668	7719
1668	7720
1668	7721
1669	0
1669	43
1669	201
1669	659
1669	1673
1669	1675
1669	1677
1669	1681
1669	1682
1669	1685
1669	1687
1669	1688
1669	1689
1669	1691
1669	1693
1669	1698
1669	1951
1669	1952
1669	7610
1669	7649
1669	7650
1669	7651
1669	7656
1669	7677
1669	7681
1669	7722
1669	7723
1669	7724
1669	7725
1669	7726
1669	7727
1669	7728
1669	7729
1669	7730
1670	43
1670	201
1670	267
1670	1659
1670	1691
1670	1958
1670	7678
1670	7731
1670	7732
1670	7733
1671	0
1671	43
1671	201
1671	997
1671	1659
1671	1673
1671	1675
1671	1679
1671	1681
1671	1683
1671	1685
1671	1688
1671	1689
1671	1693
1671	1694
1671	3200
1671	7649
1671	7650
1671	7651
1671	7652
1671	7654
1671	7655
1671	7679
1671	7734
1671	7735
1671	7736
1671	7737
1671	7738
1671	7739
1671	7740
1671	7741
1671	7742
1672	0
1672	201
1672	1659
1672	1721
1672	6497
1672	7611
1672	7743
1672	7744
1672	7745
1672	7746
1672	7747
1672	7748
1672	7749
1673	0
1673	201
1673	1659
1673	1674
1673	1675
1673	1676
1673	1677
1673	1678
1673	1681
1673	1688
1673	1689
1673	1693
1673	7610
1673	7750
1674	0
1674	201
1674	1659
1674	1661
1674	1662
1674	1668
1674	1669
1674	1670
1674	1671
1674	1672
1674	1673
1674	1674
1674	1675
1674	1681
1674	1688
1674	1689
1674	1693
1674	1699
1674	7607
1674	7608
1674	7609
1674	7610
1674	7612
1674	7613
1674	7671
1674	7706
1674	7751
1674	7752
1674	7753
1674	7754
1674	7755
1674	7756
1674	7757
1674	7758
1674	7759
1674	7760
1674	7761
1674	7762
1674	7763
1674	7764
1674	7765
1674	7766
1675	0
1675	201
1675	1153
1675	1659
1675	1673
1675	1675
1675	1681
1675	1688
1675	1689
1675	1693
1675	7610
1675	7651
1675	7767
1675	7768
1675	7769
1675	7770
1675	7771
1675	7772
1675	7773
1675	7774
1676	0
1676	201
1676	1673
1676	1675
1676	1681
1676	1688
1676	1689
1676	1693
1676	7610
1676	7651
1676	7767
1676	7769
1676	7775
1676	7776
1677	0
1677	201
1677	1665
1677	1673
1677	1675
1677	1681
1677	1688
1677	1689
1677	1693
1677	1698
1677	7610
1677	7768
1677	7777
1677	7778
1677	7779
1678	0
1678	201
1678	1673
1678	1675
1678	1681
1678	1688
1678	1689
1678	1693
1678	7610
1678	7750
1678	7780
1679	0
1679	201
1679	1675
1679	1688
1679	1693
1679	7610
1680	0
1680	43
1680	201
1680	1673
1680	1675
1680	1681
1680	1688
1680	1689
1680	1693
1680	7781
1681	0
1681	43
1681	201
1681	1673
1681	1675
1681	1682
1681	1684
1681	1685
1681	1686
1681	1688
1681	1689
1681	1693
1681	1698
1681	7782
1681	7783
1681	7784
1682	0
1682	201
1682	1675
1682	1682
1682	1688
1682	1693
1682	7610
1682	7638
1682	7652
1682	7741
1682	7782
1682	7783
1682	7785
1682	7786
1682	7787
1682	7788
1682	7789
1682	7790
1682	7791
1682	7792
1682	7793
1682	7794
1682	7795
1682	7796
1682	7797
1682	7798
1682	7799
1682	7800
1682	7801
1682	7802
1682	7803
1682	7804
1682	7805
1682	7806
1682	7807
1682	7808
1682	7809
1682	7810
1682	7811
1682	7812
1682	7813
1683	0
1683	201
1683	7638
1683	7652
1683	7656
1683	7782
1683	7789
1683	7791
1683	7793
1683	7794
1683	7795
1683	7796
1683	7798
1683	7799
1683	7800
1683	7801
1683	7814
1683	7815
1683	7816
1683	7817
1684	0
1684	43
1684	201
1684	1673
1684	1675
1684	1681
1684	1688
1684	1689
1684	1693
1684	7818
1684	7819
1684	7820
1684	7821
1684	7822
1684	7823
1684	7824
1684	7825
1684	7826
1684	7827
1684	7828
1685	0
1685	201
1685	1673
1685	1675
1685	1681
1685	1688
1685	1689
1685	1693
1685	7610
1685	7829
1685	7830
1685	7831
1685	7832
1685	7833
1685	7834
1685	7835
1685	7836
1685	7837
1685	7838
1685	7839
1685	7840
1685	7841
1686	0
1686	201
1686	957
1686	1673
1686	1675
1686	1681
1686	1688
1686	1689
1686	1693
1686	3269
1686	7610
1686	7842
1686	7843
1686	7844
1686	7845
1686	7846
1686	7847
1686	7848
1686	7849
1686	7850
1686	7851
1686	7852
1686	7853
1686	7854
1686	7855
1686	7856
1686	7857
1686	7858
1686	7859
1686	7860
1686	7861
1686	7862
1686	7863
1686	7864
1686	7865
1686	7866
1686	7867
1686	7868
1686	7869
1686	7870
1686	7871
1686	7872
1686	7873
1686	7874
1686	7875
1686	7876
1686	7877
1686	7878
1686	7879
1686	7880
1686	7881
1686	7882
1687	0
1687	201
1687	1659
1687	1673
1687	1675
1687	1681
1687	1688
1687	1689
1687	1693
1687	1697
1687	7610
1687	7651
1687	7767
1687	7769
1687	7772
1687	7883
1688	0
1688	201
1688	1675
1688	1681
1688	1688
1688	1693
1688	7610
1688	7770
1688	7784
1688	7884
1688	7885
1688	7886
1688	7887
1689	0
1689	201
1689	1665
1689	1667
1689	1673
1689	1675
1689	1681
1689	1688
1689	1690
1689	1691
1689	1692
1689	1693
1689	7610
1690	0
1690	201
1690	1661
1690	1662
1690	1663
1690	1664
1690	1668
1690	1669
1690	1670
1690	1671
1690	1672
1690	1673
1690	1675
1690	1681
1690	1682
1690	1688
1690	1689
1690	1693
1690	1698
1690	1960
1690	7607
1690	7609
1690	7610
1690	7611
1690	7613
1690	7705
1690	7760
1690	7762
1690	7763
1690	7888
1690	7889
1691	0
1691	201
1691	1675
1691	1688
1691	1689
1691	1692
1691	1693
1691	7607
1691	7608
1691	7610
1691	7613
1691	7647
1691	7648
1691	7649
1691	7650
1691	7654
1691	7655
1691	7671
1691	7681
1691	7706
1691	7751
1691	7755
1691	7761
1691	7763
1691	7886
1691	7890
1691	7891
1691	7892
1692	0
1692	201
1692	1662
1692	1666
1692	1671
1692	1673
1692	1674
1692	1675
1692	1681
1692	1688
1692	1689
1692	1693
1692	7610
1692	7612
1692	7627
1692	7714
1692	7732
1692	7886
1693	0
1693	201
1693	1673
1693	1675
1693	1681
1693	1688
1693	1689
1693	1693
1693	7610
1693	7893
1693	7894
1693	7895
1693	7896
1693	7897
1693	7898
1693	7899
1693	7900
1693	7901
1693	7902
1693	7903
1693	7904
1693	7905
1693	7906
1693	7907
1694	0
1694	43
1694	201
1694	1673
1694	1675
1694	1681
1694	1683
1694	1688
1694	1689
1694	1693
1694	1697
1694	1698
1694	7750
1694	7908
1694	7909
1694	7910
1695	0
1695	15
1695	70
1695	169
1695	240
1695	242
1695	243
1695	246
1695	957
1695	1017
1695	1695
1695	1965
1695	1968
1695	1973
1696	201
1696	1676
1696	1696
1696	7612
1696	7770
1696	7887
1696	7911
1696	7912
1696	7913
1696	7914
1696	7915
1696	7916
1697	0
1697	43
1697	201
1697	1675
1697	1688
1697	1693
1697	7917
1697	7918
1697	7919
1697	7920
1697	7921
1697	7922
1697	7923
1697	7924
1697	7925
1697	7926
1697	7927
1697	7928
1697	7929
1698	0
1698	201
1698	1675
1698	1681
1698	1688
1698	1693
1698	1698
1698	7610
1698	7930
1698	7931
1698	7932
1698	7933
1698	7934
1698	7935
1698	7936
1698	7937
1698	7938
1698	7939
1698	7940
1698	7941
1698	7942
1698	7943
1698	7944
1698	7945
1698	7946
1698	7947
1698	7948
1698	7949
1698	7950
1698	7951
1698	7952
1698	7953
1698	7954
1698	7955
1698	7956
1698	7957
1698	7958
1698	7959
1698	7960
1698	7961
1698	7962
1698	7963
1698	7964
1698	7965
1698	7966
1698	7967
1698	7968
1698	7969
1698	7970
1698	7971
1698	7972
1698	7973
1698	7974
1698	7975
1698	7976
1698	7977
1698	7978
1698	7979
1698	7980
1698	7981
1698	7982
1698	7983
1698	7984
1698	7985
1698	7986
1698	7987
1698	7988
1698	7989
1698	7990
1698	7991
1698	7992
1698	7993
1698	7994
1698	7995
1698	7996
1698	7997
1698	7998
1698	7999
1698	8000
1698	8001
1698	8002
1698	8003
1698	8004
1698	8005
1698	8006
1698	8007
1698	8008
1698	8009
1698	8010
1698	8011
1698	8012
1698	8013
1698	8014
1698	8015
1698	8016
1698	8017
1698	8018
1698	8019
1698	8020
1698	8021
1698	8022
1698	8023
1698	8024
1698	8025
1698	8026
1698	8027
1698	8028
1698	8029
1698	8030
1698	8031
1698	8032
1698	8033
1698	8034
1698	8035
1698	8036
1698	8037
1698	8038
1698	8039
1698	8040
1698	8041
1698	8042
1698	8043
1698	8044
1698	8045
1698	8046
1698	8047
1698	8048
1698	8049
1698	8050
1698	8051
1698	8052
1698	8053
1698	8054
1698	8055
1698	8056
1698	8057
1698	8058
1698	8059
1698	8060
1698	8061
1698	8062
1698	8063
1698	8064
1698	8065
1698	8066
1698	8067
1698	8068
1698	8069
1698	8070
1698	8071
1698	8072
1698	8073
1698	8074
1698	8075
1698	8076
1698	8077
1698	8078
1698	8079
1698	8080
1698	8081
1698	8082
1698	8083
1698	8084
1698	8085
1698	8086
1698	8087
1698	8088
1698	8089
1698	8090
1698	8091
1698	8092
1698	8093
1698	8094
1698	8095
1698	8096
1698	8097
1698	8098
1698	8099
1698	8100
1698	8101
1698	8102
1698	8103
1698	8104
1698	8105
1698	8106
1698	8107
1698	8108
1698	8109
1698	8110
1698	8111
1698	8112
1698	8113
1698	8114
1698	8115
1698	8116
1698	8117
1698	8118
1698	8119
1698	8120
1698	8121
1698	8122
1698	8123
1698	8124
1698	8125
1698	8126
1698	8127
1698	8128
1698	8129
1698	8130
1698	8131
1698	8132
1698	8133
1698	8134
1698	8135
1698	8136
1698	8137
1698	8138
1698	8139
1698	8140
1698	8141
1698	8142
1698	8143
1698	8144
1698	8145
1698	8146
1698	8147
1698	8148
1698	8149
1698	8150
1698	8151
1698	8152
1698	8153
1698	8154
1698	8155
1698	8156
1698	8157
1698	8158
1698	8159
1698	8160
1698	8161
1698	8162
1698	8163
1698	8164
1698	8165
1698	8166
1698	8167
1698	8168
1698	8169
1698	8170
1698	8171
1698	8172
1698	8173
1698	8174
1698	8175
1698	8176
1698	8177
1698	8178
1698	8179
1698	8180
1698	8181
1698	8182
1698	8183
1698	8184
1698	8185
1699	0
1699	201
1699	1660
1699	1667
1699	1672
1699	1675
1699	1688
1699	7610
1699	7706
1699	8186
1699	8187
1699	8188
1699	8189
1699	8190
1699	8191
1699	8192
1699	8193
1699	8194
1700	0
1700	1
1700	4
1700	69
1700	156
1700	202
1700	659
1700	660
1700	661
1700	662
1700	663
1700	664
1701	0
1701	1
1701	4
1701	69
1701	156
1701	202
1701	659
1701	660
1701	661
1701	662
1701	663
1701	664
1703	0
1703	39
1703	45
1703	138
1703	139
1703	1038
1703	1212
1703	1704
1703	8195
1703	8196
1703	8197
1703	8198
1703	8199
1703	8200
1703	8201
1705	1630
1705	1631
1705	1632
1705	1633
1705	1705
1705	1707
1705	8202
1705	8203
1705	8204
1705	8205
1705	8206
1706	8207
1706	8208
1706	8209
1707	1633
1707	1705
1707	1707
1707	8210
1707	8211
1707	8212
1707	8213
1707	8214
1707	8215
1707	8216
1707	8217
1707	8218
1707	8219
1707	8220
1707	8221
1707	8222
1708	170
1708	172
1708	204
1708	1633
1708	1705
1708	1707
1708	1708
1708	7213
1708	7214
1708	7220
1708	7222
1708	7223
1708	7227
1708	7232
1708	7243
1708	7263
1708	7267
1708	8223
1708	8224
1708	8225
1708	8226
1708	8227
1708	8228
1708	8229
1708	8230
1708	8231
1708	8232
1708	8233
1708	8234
1708	8235
1708	8236
1708	8237
1708	8238
1708	8239
1708	8240
1708	8241
1708	8242
1708	8243
1708	8244
1708	8245
1708	8246
1708	8247
1708	8248
1708	8249
1708	8250
1708	8251
1708	8252
1708	8253
1708	8254
1708	8255
1708	8256
1708	8257
1708	8258
1708	8259
1708	8260
1708	8261
1708	8262
1708	8263
1708	8264
1708	8265
1708	8266
1708	8267
1708	8268
1708	8269
1708	8270
1708	8271
1708	8272
1708	8273
1708	8274
1708	8275
1708	8276
1708	8277
1708	8278
1708	8279
1708	8280
1708	8281
1708	8282
1708	8283
1709	206
1709	1710
1709	1711
1709	1712
1709	1713
1709	1714
1709	8284
1710	206
1710	1709
1710	1711
1710	1712
1710	1713
1710	1714
1711	206
1711	1709
1711	1712
1711	1713
1711	1714
1711	8285
1711	8286
1711	8287
1711	8288
1711	8289
1711	8290
1712	206
1712	1709
1712	1711
1712	1713
1712	1714
1712	8291
1712	8292
1713	0
1713	169
1713	202
1713	206
1713	207
1713	659
1713	899
1713	1641
1713	1709
1713	1711
1713	1712
1713	1714
1713	8293
1713	8294
1713	8295
1713	8296
1713	8297
1713	8298
1713	8299
1713	8300
1713	8301
1713	8302
1713	8303
1713	8304
1713	8305
1713	8306
1713	8307
1713	8308
1713	8309
1713	8310
1713	8311
1713	8312
1713	8313
1713	8314
1713	8315
1713	8316
1713	8317
1713	8318
1713	8319
1713	8320
1713	8321
1713	8322
1713	8323
1714	206
1714	1709
1714	1710
1714	1711
1714	1712
1714	1713
1714	8324
1714	8325
1714	8326
1714	8327
1716	8328
1716	8329
1716	8330
1718	8331
1718	8332
1718	8333
1718	8334
1718	8335
1718	8336
1719	8337
1719	8338
1719	8339
1719	8340
1719	8341
1719	8342
1719	8343
1720	8344
1720	8345
1720	8346
1720	8347
1720	8348
1720	8349
1721	8350
1721	8351
1722	0
1722	15
1722	70
1722	169
1722	208
1722	240
1722	243
1722	246
1722	1722
1722	1723
1722	1724
1722	1725
1722	1949
1722	1951
1722	1952
1722	1953
1723	0
1723	15
1723	70
1723	163
1723	169
1723	176
1723	192
1723	208
1723	240
1723	243
1723	246
1723	1722
1723	1723
1723	1724
1723	1725
1723	1946
1723	1948
1723	1950
1723	1954
1724	0
1724	15
1724	70
1724	144
1724	169
1724	208
1724	240
1724	243
1724	246
1724	1250
1724	1722
1724	1723
1724	1724
1724	1725
1724	1966
1725	0
1725	15
1725	70
1725	169
1725	208
1725	240
1725	243
1725	246
1725	1722
1725	1723
1725	1724
1725	1725
1725	1944
1725	1945
1725	1955
1725	1956
1725	1957
1725	1958
1725	1959
1727	0
1727	950
1727	8352
1727	8353
1727	8354
1727	8355
1727	8356
1727	8357
1727	8358
1727	8359
1727	8360
1727	8361
1727	8362
1727	8363
1727	8364
1727	8365
1727	8366
1727	8367
1727	8368
1727	8369
1727	8370
1727	8371
1727	8372
1728	1651
1728	8373
1728	8374
1728	8375
1728	8376
1728	8377
1728	8378
1728	8379
1728	8380
1728	8381
1728	8382
1728	8383
1728	8384
1728	8385
1728	8386
1728	8387
1728	8388
1731	155
1731	212
1731	8389
1732	155
1732	8390
1735	155
1740	8391
1740	8392
1740	8393
1740	8394
1740	8395
1740	8396
1740	8397
1740	8398
1740	8399
1740	8400
1740	8401
1740	8402
1740	8403
1741	214
1741	1741
1741	8404
1742	214
1742	1742
1742	1745
1743	214
1743	1744
1743	1745
1743	8405
1743	8406
1744	214
1744	1743
1745	214
1745	8407
1745	8408
1745	8409
1745	8410
1746	214
1746	8411
1747	214
1747	1583
1747	1747
1747	1749
1748	214
1748	1134
1748	1135
1748	1136
1748	1140
1748	1141
1748	4388
1748	4390
1749	214
1749	8412
1749	8413
1749	8414
1750	214
1750	8415
1750	8416
1751	214
1751	1746
1751	1749
1751	1750
1751	8417
1752	0
1752	1752
1753	0
1753	1753
1753	8418
1753	8419
1754	0
1754	1752
1754	8420
1754	8421
1754	8422
1754	8423
1754	8424
1754	8425
1754	8426
1754	8427
1755	1761
1755	8428
1756	1761
1756	1764
1756	8429
1756	8430
1756	8431
1757	235
1757	838
1757	1760
1757	1761
1757	8432
1757	8433
1757	8434
1757	8435
1757	8436
1758	1755
1758	1756
1758	1757
1758	1759
1758	1760
1758	1761
1758	1762
1758	1763
1758	1764
1758	1765
1758	1766
1759	1761
1759	1764
1760	8437
1760	8438
1760	8439
1760	8440
1761	1760
1761	8434
1761	8441
1761	8442
1762	1761
1762	8432
1762	8433
1762	8436
1762	8443
1762	8444
1762	8445
1762	8446
1762	8447
1762	8448
1762	8449
1763	1757
1763	8432
1763	8450
1764	1760
1764	1761
1764	8429
1764	8430
1764	8431
1765	1757
1765	1761
1765	8434
1765	8451
1766	1761
1779	218
1779	1779
1779	1780
1779	1781
1779	1782
1779	1785
1779	1786
1779	1787
1779	1788
1779	5084
1779	5085
1779	5086
1779	5087
1779	5095
1779	5096
1779	8452
1779	8453
1779	8454
1779	8455
1780	218
1780	1768
1780	1769
1780	1770
1780	1771
1780	1779
1780	1780
1780	1781
1780	1782
1780	1783
1780	1784
1780	1785
1780	1786
1780	1787
1780	1788
1780	5084
1780	5085
1780	5086
1780	5087
1780	5096
1780	8456
1781	218
1781	1768
1781	1769
1781	1770
1781	1771
1781	1779
1781	1780
1781	1781
1781	1782
1781	1783
1781	1784
1781	1785
1781	1786
1781	1787
1781	1788
1781	5084
1781	5085
1781	5086
1781	5087
1781	5096
1781	8456
1782	218
1782	1768
1782	1769
1782	1770
1782	1771
1782	1779
1782	1780
1782	1781
1782	1782
1782	1783
1782	1784
1782	1785
1782	1786
1782	1787
1782	1788
1782	5084
1782	5085
1782	5086
1782	5087
1782	5096
1782	8456
1783	218
1783	1768
1783	1769
1783	1770
1783	1771
1783	1779
1783	1780
1783	1781
1783	1782
1783	1783
1783	1784
1783	1785
1783	1786
1783	1787
1783	1788
1783	8456
1783	8457
1784	1781
1785	0
1785	218
1785	1768
1785	1769
1785	1770
1785	1771
1785	1779
1785	1780
1785	1781
1785	1782
1785	1783
1785	1784
1785	1785
1785	1786
1785	1787
1785	1788
1785	1951
1785	1952
1785	3697
1785	5084
1785	5085
1785	5086
1785	5087
1785	5096
1785	6809
1785	7427
1785	7433
1785	7702
1785	7708
1785	8456
1785	8458
1785	8459
1785	8460
1785	8461
1785	8462
1785	8463
1785	8464
1785	8465
1785	8466
1785	8467
1785	8468
1785	8469
1785	8470
1785	8471
1786	218
1786	1768
1786	1769
1786	1770
1786	1771
1786	1779
1786	1780
1786	1781
1786	1782
1786	1783
1786	1784
1786	1785
1786	1786
1786	1787
1786	1788
1786	5084
1786	5085
1786	5086
1786	5087
1786	5096
1786	8456
1787	218
1787	1768
1787	1769
1787	1770
1787	1771
1787	1779
1787	1780
1787	1781
1787	1782
1787	1783
1787	1784
1787	1785
1787	1786
1787	1787
1787	1788
1787	5084
1787	5085
1787	5086
1787	5087
1787	5096
1787	8456
1787	8472
1787	8473
1787	8474
1787	8475
1787	8476
1788	218
1788	1768
1788	1769
1788	1770
1788	1771
1788	1779
1788	1780
1788	1781
1788	1782
1788	1783
1788	1784
1788	1785
1788	1786
1788	1787
1788	1788
1788	8456
1788	8477
1788	8478
1788	8479
1788	8480
1788	8481
1788	8482
1788	8483
1788	8484
1788	8485
1788	8486
1788	8487
1788	8488
1788	8489
1788	8490
1788	8491
1788	8492
1788	8493
1788	8494
1788	8495
1788	8496
1788	8497
1788	8498
1788	8499
1788	8500
1788	8501
1788	8502
1788	8503
1788	8504
1788	8505
1788	8506
1788	8507
1788	8508
1788	8509
1788	8510
1788	8511
1788	8512
1788	8513
1788	8514
1788	8515
1790	1973
1790	8516
1790	8517
1790	8518
1790	8519
1790	8520
1790	8521
1790	8522
1790	8523
1790	8524
1790	8525
1790	8526
1790	8527
1790	8528
1790	8529
1790	8530
1790	8531
1790	8532
1790	8533
1790	8534
1790	8535
1790	8536
1790	8537
1790	8538
1790	8539
1790	8540
1790	8541
1790	8542
1790	8543
1790	8544
1790	8545
1790	8546
1790	8547
1790	8548
1790	8549
1790	8550
1790	8551
1790	8552
1790	8553
1790	8554
1790	8555
1790	8556
1790	8557
1790	8558
1790	8559
1790	8560
1790	8561
1790	8562
1790	8563
1790	8564
1790	8565
1790	8566
1790	8567
1790	8568
1790	8569
1790	8570
1790	8571
1790	8572
1790	8573
1790	8574
1790	8575
1790	8576
1790	8577
1790	8578
1790	8579
1790	8580
1790	8581
1790	8582
1790	8583
1790	8584
1790	8585
1790	8586
1790	8587
1790	8588
1790	8589
1790	8590
1790	8591
1790	8592
1790	8593
1790	8594
1790	8595
1790	8596
1790	8597
1790	8598
1790	8599
1790	8600
1790	8601
1790	8602
1790	8603
1790	8604
1790	8605
1790	8606
1790	8607
1790	8608
1790	8609
1790	8610
1790	8611
1790	8612
1790	8613
1790	8614
1790	8615
1790	8616
1790	8617
1790	8618
1790	8619
1790	8620
1790	8621
1790	8622
1790	8623
1790	8624
1790	8625
1790	8626
1790	8627
1790	8628
1790	8629
1790	8630
1790	8631
1790	8632
1790	8633
1790	8634
1790	8635
1790	8636
1790	8637
1790	8638
1790	8639
1790	8640
1790	8641
1790	8642
1790	8643
1790	8644
1790	8645
1790	8646
1790	8647
1790	8648
1790	8649
1790	8650
1790	8651
1790	8652
1790	8653
1790	8654
1790	8655
1790	8656
1791	1973
1791	8516
1791	8657
1791	8658
1791	8659
1791	8660
1791	8661
1791	8662
1791	8663
1791	8664
1791	8665
1791	8666
1791	8667
1791	8668
1791	8669
1791	8670
1791	8671
1791	8672
1791	8673
1791	8674
1791	8675
1791	8676
1791	8677
1791	8678
1791	8679
1791	8680
1791	8681
1791	8682
1791	8683
1791	8684
1791	8685
1791	8686
1791	8687
1791	8688
1791	8689
1791	8690
1791	8691
1791	8692
1791	8693
1791	8694
1791	8695
1791	8696
1791	8697
1791	8698
1791	8699
1791	8700
1791	8701
1791	8702
1791	8703
1791	8704
1791	8705
1791	8706
1791	8707
1791	8708
1791	8709
1791	8710
1791	8711
1791	8712
1791	8713
1791	8714
1791	8715
1791	8716
1791	8717
1791	8718
1791	8719
1791	8720
1791	8721
1791	8722
1791	8723
1791	8724
1791	8725
1791	8726
1791	8727
1791	8728
1791	8729
1791	8730
1791	8731
1791	8732
1791	8733
1791	8734
1791	8735
1791	8736
1791	8737
1791	8738
1791	8739
1791	8740
1791	8741
1791	8742
1791	8743
1791	8744
1791	8745
1791	8746
1791	8747
1791	8748
1791	8749
1791	8750
1791	8751
1791	8752
1791	8753
1791	8754
1791	8755
1791	8756
1791	8757
1791	8758
1791	8759
1791	8760
1791	8761
1791	8762
1791	8763
1791	8764
1791	8765
1791	8766
1791	8767
1791	8768
1791	8769
1791	8770
1791	8771
1791	8772
1791	8773
1791	8774
1791	8775
1791	8776
1791	8777
1791	8778
1791	8779
1791	8780
1791	8781
1791	8782
1791	8783
1791	8784
1791	8785
1791	8786
1791	8787
1791	8788
1791	8789
1791	8790
1791	8791
1791	8792
1791	8793
1791	8794
1791	8795
1791	8796
1791	8797
1791	8798
1791	8799
1791	8800
1791	8801
1791	8802
1791	8803
1791	8804
1791	8805
1791	8806
1791	8807
1791	8808
1791	8809
1791	8810
1791	8811
1791	8812
1791	8813
1791	8814
1791	8815
1791	8816
1791	8817
1791	8818
1791	8819
1791	8820
1791	8821
1791	8822
1791	8823
1791	8824
1791	8825
1791	8826
1791	8827
1791	8828
1791	8829
1791	8830
1791	8831
1791	8832
1791	8833
1791	8834
1791	8835
1791	8836
1791	8837
1791	8838
1791	8839
1791	8840
1791	8841
1791	8842
1791	8843
1791	8844
1791	8845
1791	8846
1791	8847
1791	8848
1791	8849
1791	8850
1791	8851
1791	8852
1791	8853
1791	8854
1791	8855
1791	8856
1791	8857
1791	8858
1791	8859
1791	8860
1791	8861
1791	8862
1791	8863
1791	8864
1791	8865
1791	8866
1791	8867
1791	8868
1791	8869
1791	8870
1791	8871
1791	8872
1791	8873
1791	8874
1791	8875
1791	8876
1791	8877
1791	8878
1791	8879
1791	8880
1791	8881
1791	8882
1791	8883
1791	8884
1791	8885
1791	8886
1791	8887
1791	8888
1791	8889
1791	8890
1791	8891
1791	8892
1791	8893
1791	8894
1791	8895
1791	8896
1791	8897
1791	8898
1791	8899
1791	8900
1791	8901
1791	8902
1791	8903
1791	8904
1791	8905
1791	8906
1791	8907
1791	8908
1791	8909
1791	8910
1791	8911
1791	8912
1791	8913
1791	8914
1791	8915
1791	8916
1791	8917
1791	8918
1791	8919
1791	8920
1791	8921
1791	8922
1791	8923
1791	8924
1791	8925
1791	8926
1791	8927
1791	8928
1791	8929
1791	8930
1791	8931
1791	8932
1791	8933
1791	8934
1791	8935
1791	8936
1791	8937
1791	8938
1791	8939
1791	8940
1791	8941
1791	8942
1791	8943
1791	8944
1791	8945
1791	8946
1791	8947
1791	8948
1791	8949
1791	8950
1791	8951
1791	8952
1791	8953
1791	8954
1791	8955
1791	8956
1791	8957
1791	8958
1791	8959
1791	8960
1791	8961
1791	8962
1791	8963
1791	8964
1791	8965
1791	8966
1791	8967
1791	8968
1791	8969
1791	8970
1791	8971
1791	8972
1791	8973
1791	8974
1791	8975
1791	8976
1791	8977
1791	8978
1791	8979
1791	8980
1791	8981
1791	8982
1791	8983
1791	8984
1791	8985
1791	8986
1791	8987
1791	8988
1791	8989
1791	8990
1791	8991
1791	8992
1791	8993
1791	8994
1791	8995
1791	8996
1791	8997
1791	8998
1791	8999
1791	9000
1791	9001
1791	9002
1791	9003
1791	9004
1791	9005
1791	9006
1791	9007
1791	9008
1791	9009
1791	9010
1791	9011
1791	9012
1791	9013
1791	9014
1791	9015
1791	9016
1791	9017
1791	9018
1791	9019
1791	9020
1791	9021
1791	9022
1791	9023
1791	9024
1791	9025
1791	9026
1791	9027
1791	9028
1791	9029
1791	9030
1791	9031
1791	9032
1791	9033
1791	9034
1791	9035
1791	9036
1791	9037
1791	9038
1791	9039
1791	9040
1791	9041
1791	9042
1791	9043
1791	9044
1791	9045
1791	9046
1791	9047
1791	9048
1791	9049
1791	9050
1791	9051
1791	9052
1791	9053
1791	9054
1791	9055
1791	9056
1791	9057
1791	9058
1791	9059
1791	9060
1791	9061
1791	9062
1791	9063
1791	9064
1791	9065
1791	9066
1791	9067
1791	9068
1791	9069
1791	9070
1791	9071
1791	9072
1791	9073
1791	9074
1791	9075
1791	9076
1791	9077
1791	9078
1791	9079
1791	9080
1791	9081
1791	9082
1791	9083
1791	9084
1791	9085
1791	9086
1791	9087
1791	9088
1791	9089
1791	9090
1791	9091
1791	9092
1791	9093
1791	9094
1791	9095
1791	9096
1791	9097
1791	9098
1791	9099
1791	9100
1791	9101
1791	9102
1791	9103
1791	9104
1791	9105
1791	9106
1791	9107
1791	9108
1791	9109
1791	9110
1791	9111
1791	9112
1791	9113
1791	9114
1791	9115
1791	9116
1791	9117
1791	9118
1791	9119
1791	9120
1791	9121
1791	9122
1791	9123
1791	9124
1791	9125
1791	9126
1791	9127
1791	9128
1791	9129
1791	9130
1791	9131
1791	9132
1791	9133
1791	9134
1791	9135
1791	9136
1791	9137
1791	9138
1791	9139
1791	9140
1791	9141
1791	9142
1791	9143
1791	9144
1791	9145
1791	9146
1791	9147
1791	9148
1791	9149
1791	9150
1791	9151
1791	9152
1791	9153
1791	9154
1791	9155
1791	9156
1791	9157
1791	9158
1791	9159
1791	9160
1791	9161
1791	9162
1791	9163
1791	9164
1791	9165
1791	9166
1791	9167
1791	9168
1791	9169
1791	9170
1791	9171
1791	9172
1791	9173
1791	9174
1791	9175
1791	9176
1791	9177
1791	9178
1791	9179
1791	9180
1791	9181
1791	9182
1791	9183
1791	9184
1791	9185
1791	9186
1791	9187
1791	9188
1791	9189
1791	9190
1791	9191
1791	9192
1791	9193
1791	9194
1791	9195
1791	9196
1791	9197
1791	9198
1791	9199
1791	9200
1791	9201
1791	9202
1791	9203
1791	9204
1791	9205
1791	9206
1791	9207
1791	9208
1791	9209
1791	9210
1791	9211
1791	9212
1791	9213
1791	9214
1791	9215
1791	9216
1791	9217
1791	9218
1791	9219
1791	9220
1791	9221
1791	9222
1791	9223
1791	9224
1791	9225
1791	9226
1791	9227
1791	9228
1791	9229
1791	9230
1791	9231
1791	9232
1791	9233
1791	9234
1792	1973
1793	1973
1793	9235
1793	9236
1793	9237
1793	9238
1793	9239
1793	9240
1793	9241
1793	9242
1793	9243
1793	9244
1793	9245
1793	9246
1793	9247
1793	9248
1793	9249
1793	9250
1793	9251
1793	9252
1793	9253
1793	9254
1793	9255
1793	9256
1793	9257
1793	9258
1793	9259
1793	9260
1793	9261
1794	1790
1794	1791
1794	1793
1794	1795
1794	1797
1794	1798
1794	1827
1794	1828
1794	1829
1794	1830
1794	1831
1794	1973
1794	9224
1794	9262
1794	9263
1794	9264
1795	1797
1795	1973
1795	8638
1795	8639
1795	8640
1795	8641
1795	8642
1795	8643
1795	8644
1795	8645
1795	8646
1795	8647
1795	8648
1795	8649
1795	8650
1795	8651
1795	8652
1795	8653
1795	8654
1795	8655
1795	8656
1795	8662
1795	8664
1795	8676
1795	8697
1795	8699
1795	8700
1795	8701
1795	8711
1795	8713
1795	8714
1795	8728
1795	8729
1795	8737
1795	8743
1795	8753
1795	8764
1795	8768
1795	8785
1795	8790
1795	8801
1795	8802
1795	8812
1795	8819
1795	8824
1795	8837
1795	8848
1795	8851
1795	8862
1795	8875
1795	8884
1795	8888
1795	8889
1795	8897
1795	8914
1795	8925
1795	8946
1795	8947
1795	8952
1795	8961
1795	8968
1795	8969
1795	8972
1795	9008
1795	9010
1795	9015
1795	9017
1795	9018
1795	9019
1795	9020
1795	9022
1795	9023
1795	9024
1795	9029
1795	9030
1795	9031
1795	9044
1795	9048
1795	9050
1795	9059
1795	9064
1795	9065
1795	9071
1795	9072
1795	9077
1795	9080
1795	9085
1795	9092
1795	9093
1795	9101
1795	9108
1795	9174
1795	9175
1795	9179
1795	9189
1795	9194
1795	9203
1795	9209
1795	9220
1795	9265
1795	9266
1795	9267
1795	9268
1795	9269
1795	9270
1795	9271
1795	9272
1795	9273
1795	9274
1795	9275
1795	9276
1795	9277
1795	9278
1795	9279
1795	9280
1795	9281
1795	9282
1795	9283
1795	9284
1795	9285
1795	9286
1795	9287
1795	9288
1795	9289
1795	9290
1795	9291
1795	9292
1795	9293
1795	9294
1795	9295
1795	9296
1795	9297
1795	9298
1795	9299
1795	9300
1795	9301
1795	9302
1795	9303
1795	9304
1795	9305
1795	9306
1795	9307
1795	9308
1795	9309
1795	9310
1795	9311
1795	9312
1795	9313
1795	9314
1795	9315
1795	9316
1795	9317
1795	9318
1795	9319
1795	9320
1795	9321
1795	9322
1795	9323
1795	9324
1795	9325
1795	9326
1795	9327
1795	9328
1795	9329
1795	9330
1795	9331
1795	9332
1795	9333
1795	9334
1795	9335
1795	9336
1795	9337
1795	9338
1795	9339
1795	9340
1795	9341
1795	9342
1795	9343
1795	9344
1795	9345
1795	9346
1795	9347
1795	9348
1795	9349
1795	9350
1795	9351
1795	9352
1795	9353
1795	9354
1795	9355
1795	9356
1795	9357
1795	9358
1795	9359
1795	9360
1795	9361
1795	9362
1795	9363
1795	9364
1795	9365
1795	9366
1795	9367
1795	9368
1795	9369
1795	9370
1795	9371
1795	9372
1795	9373
1795	9374
1795	9375
1795	9376
1795	9377
1795	9378
1795	9379
1795	9380
1795	9381
1795	9382
1795	9383
1795	9384
1795	9385
1795	9386
1795	9387
1795	9388
1795	9389
1795	9390
1795	9391
1795	9392
1795	9393
1795	9394
1795	9395
1795	9396
1795	9397
1795	9398
1795	9399
1795	9400
1795	9401
1795	9402
1795	9403
1795	9404
1795	9405
1795	9406
1795	9407
1795	9408
1795	9409
1795	9410
1795	9411
1795	9412
1795	9413
1795	9414
1795	9415
1795	9416
1795	9417
1795	9418
1795	9419
1795	9420
1795	9421
1795	9422
1795	9423
1795	9424
1795	9425
1795	9426
1795	9427
1795	9428
1795	9429
1795	9430
1795	9431
1795	9432
1795	9433
1795	9434
1795	9435
1795	9436
1795	9437
1795	9438
1795	9439
1795	9440
1795	9441
1795	9442
1795	9443
1795	9444
1795	9445
1795	9446
1795	9447
1795	9448
1795	9449
1795	9450
1795	9451
1795	9452
1795	9453
1795	9454
1795	9455
1795	9456
1795	9457
1795	9458
1795	9459
1795	9460
1795	9461
1795	9462
1795	9463
1795	9464
1795	9465
1795	9466
1795	9467
1795	9468
1795	9469
1795	9470
1795	9471
1795	9472
1795	9473
1795	9474
1795	9475
1795	9476
1795	9477
1795	9478
1795	9479
1795	9480
1795	9481
1795	9482
1795	9483
1795	9484
1795	9485
1795	9486
1795	9487
1795	9488
1795	9489
1795	9490
1795	9491
1795	9492
1795	9493
1795	9494
1795	9495
1795	9496
1795	9497
1795	9498
1795	9499
1795	9500
1795	9501
1795	9502
1795	9503
1795	9504
1795	9505
1795	9506
1795	9507
1795	9508
1795	9509
1795	9510
1795	9511
1795	9512
1795	9513
1795	9514
1795	9515
1795	9516
1795	9517
1795	9518
1795	9519
1795	9520
1795	9521
1795	9522
1795	9523
1795	9524
1795	9525
1795	9526
1795	9527
1795	9528
1795	9529
1795	9530
1795	9531
1795	9532
1795	9533
1795	9534
1795	9535
1795	9536
1795	9537
1795	9538
1795	9539
1795	9540
1795	9541
1795	9542
1795	9543
1795	9544
1795	9545
1795	9546
1795	9547
1795	9548
1795	9549
1795	9550
1795	9551
1795	9552
1795	9553
1795	9554
1795	9555
1795	9556
1795	9557
1795	9558
1795	9559
1795	9560
1795	9561
1795	9562
1795	9563
1795	9564
1795	9565
1795	9566
1795	9567
1795	9568
1795	9569
1795	9570
1795	9571
1795	9572
1795	9573
1795	9574
1795	9575
1795	9576
1795	9577
1795	9578
1795	9579
1795	9580
1795	9581
1795	9582
1795	9583
1795	9584
1795	9585
1795	9586
1795	9587
1795	9588
1795	9589
1795	9590
1795	9591
1795	9592
1795	9593
1795	9594
1795	9595
1795	9596
1795	9597
1795	9598
1795	9599
1795	9600
1795	9601
1795	9602
1795	9603
1795	9604
1795	9605
1795	9606
1795	9607
1795	9608
1795	9609
1795	9610
1795	9611
1795	9612
1795	9613
1795	9614
1795	9615
1795	9616
1795	9617
1795	9618
1795	9619
1795	9620
1795	9621
1795	9622
1795	9623
1795	9624
1795	9625
1795	9626
1795	9627
1795	9628
1795	9629
1795	9630
1795	9631
1795	9632
1795	9633
1795	9634
1795	9635
1795	9636
1795	9637
1795	9638
1795	9639
1795	9640
1795	9641
1795	9642
1795	9643
1795	9644
1795	9645
1795	9646
1795	9647
1795	9648
1795	9649
1795	9650
1795	9651
1795	9652
1795	9653
1795	9654
1795	9655
1795	9656
1795	9657
1795	9658
1795	9659
1795	9660
1795	9661
1795	9662
1795	9663
1795	9664
1795	9665
1795	9666
1795	9667
1795	9668
1795	9669
1795	9670
1795	9671
1795	9672
1795	9673
1795	9674
1795	9675
1795	9676
1795	9677
1795	9678
1795	9679
1795	9680
1795	9681
1795	9682
1795	9683
1795	9684
1795	9685
1795	9686
1795	9687
1795	9688
1795	9689
1795	9690
1795	9691
1795	9692
1795	9693
1795	9694
1795	9695
1795	9696
1795	9697
1795	9698
1795	9699
1795	9700
1795	9701
1795	9702
1795	9703
1795	9704
1795	9705
1795	9706
1795	9707
1795	9708
1795	9709
1795	9710
1795	9711
1795	9712
1795	9713
1795	9714
1795	9715
1795	9716
1795	9717
1795	9718
1795	9719
1795	9720
1795	9721
1795	9722
1795	9723
1795	9724
1795	9725
1795	9726
1795	9727
1795	9728
1795	9729
1795	9730
1795	9731
1795	9732
1795	9733
1795	9734
1795	9735
1795	9736
1795	9737
1795	9738
1795	9739
1795	9740
1795	9741
1795	9742
1795	9743
1795	9744
1795	9745
1795	9746
1795	9747
1795	9748
1795	9749
1795	9750
1795	9751
1795	9752
1795	9753
1795	9754
1795	9755
1795	9756
1795	9757
1795	9758
1795	9759
1795	9760
1795	9761
1795	9762
1795	9763
1795	9764
1795	9765
1795	9766
1795	9767
1795	9768
1795	9769
1795	9770
1795	9771
1795	9772
1795	9773
1795	9774
1795	9775
1795	9776
1795	9777
1795	9778
1795	9779
1795	9780
1795	9781
1795	9782
1795	9783
1795	9784
1795	9785
1795	9786
1795	9787
1795	9788
1795	9789
1795	9790
1795	9791
1795	9792
1795	9793
1795	9794
1795	9795
1795	9796
1795	9797
1795	9798
1795	9799
1796	1973
1796	9263
1796	9800
1797	1973
1797	8657
1797	8659
1797	8661
1797	8663
1797	8670
1797	8677
1797	8679
1797	8680
1797	8681
1797	8683
1797	8684
1797	8687
1797	8688
1797	8692
1797	8693
1797	8694
1797	8702
1797	8706
1797	8727
1797	8732
1797	8734
1797	8735
1797	8739
1797	8740
1797	8741
1797	8744
1797	8745
1797	8746
1797	8747
1797	8748
1797	8752
1797	8759
1797	8760
1797	8762
1797	8945
1797	9021
1797	9034
1797	9070
1797	9098
1797	9166
1797	9169
1797	9173
1797	9201
1797	9222
1797	9224
1797	9225
1797	9226
1797	9227
1797	9228
1797	9229
1797	9230
1797	9232
1797	9233
1797	9234
1797	9801
1798	1827
1798	1973
1798	9802
1798	9803
1798	9804
1798	9805
1798	9806
1798	9807
1798	9808
1798	9809
1798	9810
1798	9811
1798	9812
1798	9813
1798	9814
1798	9815
1798	9816
1798	9817
1798	9818
1798	9819
1798	9820
1798	9821
1798	9822
1798	9823
1798	9824
1798	9825
1798	9826
1798	9827
1798	9828
1799	1973
1799	8638
1799	8639
1799	8641
1799	8648
1799	8650
1799	8652
1799	9266
1799	9267
1799	9268
1799	9270
1799	9278
1799	9282
1799	9283
1799	9288
1799	9289
1799	9294
1799	9295
1799	9296
1799	9299
1799	9303
1799	9308
1799	9310
1799	9313
1799	9315
1799	9318
1799	9319
1799	9321
1799	9322
1799	9324
1799	9329
1799	9332
1799	9335
1799	9336
1799	9339
1799	9341
1799	9344
1799	9345
1799	9346
1799	9347
1799	9348
1799	9350
1799	9354
1799	9356
1799	9362
1799	9363
1799	9374
1799	9379
1799	9380
1799	9382
1799	9392
1799	9402
1799	9407
1799	9412
1799	9416
1799	9419
1799	9422
1799	9424
1799	9425
1799	9429
1799	9432
1799	9436
1799	9439
1799	9440
1799	9441
1799	9445
1799	9446
1799	9447
1799	9453
1799	9454
1799	9456
1799	9459
1799	9460
1799	9461
1799	9467
1799	9477
1799	9479
1799	9483
1799	9486
1799	9488
1799	9489
1799	9495
1799	9498
1799	9502
1799	9504
1799	9510
1799	9511
1799	9512
1799	9519
1799	9528
1799	9531
1799	9533
1799	9536
1799	9537
1799	9539
1799	9542
1799	9545
1799	9549
1799	9551
1799	9556
1799	9559
1799	9565
1799	9567
1799	9571
1799	9574
1799	9577
1799	9578
1799	9582
1799	9584
1799	9586
1799	9590
1799	9599
1799	9600
1799	9610
1799	9614
1799	9617
1799	9618
1799	9621
1799	9627
1799	9629
1799	9630
1799	9631
1799	9638
1799	9642
1799	9645
1799	9648
1799	9649
1799	9652
1799	9656
1799	9657
1799	9658
1799	9664
1799	9668
1799	9672
1799	9673
1799	9674
1799	9677
1799	9681
1799	9682
1799	9689
1799	9692
1799	9695
1799	9697
1799	9699
1799	9701
1799	9703
1799	9705
1799	9707
1799	9708
1799	9717
1799	9720
1799	9721
1799	9725
1799	9726
1799	9729
1799	9731
1799	9732
1799	9733
1799	9734
1799	9738
1799	9739
1799	9747
1799	9748
1799	9754
1799	9757
1799	9758
1799	9759
1799	9764
1799	9765
1799	9767
1799	9768
1799	9769
1799	9774
1799	9775
1799	9776
1799	9779
1799	9780
1799	9785
1799	9791
1799	9794
1799	9829
1800	1797
1800	1973
1800	8638
1800	8639
1800	8640
1800	8642
1800	8644
1800	8645
1800	8647
1800	8649
1800	8650
1800	8652
1800	8653
1800	9272
1800	9278
1800	9279
1800	9282
1800	9291
1800	9292
1800	9295
1800	9296
1800	9298
1800	9300
1800	9308
1800	9314
1800	9321
1800	9322
1800	9333
1800	9334
1800	9340
1800	9343
1800	9345
1800	9347
1800	9348
1800	9350
1800	9352
1800	9353
1800	9357
1800	9361
1800	9363
1800	9364
1800	9368
1800	9372
1800	9375
1800	9382
1800	9386
1800	9388
1800	9390
1800	9393
1800	9397
1800	9398
1800	9399
1800	9406
1800	9407
1800	9408
1800	9411
1800	9413
1800	9419
1800	9422
1800	9423
1800	9430
1800	9432
1800	9435
1800	9438
1800	9440
1800	9450
1800	9451
1800	9454
1800	9455
1800	9457
1800	9458
1800	9459
1800	9460
1800	9461
1800	9463
1800	9472
1800	9475
1800	9476
1800	9481
1800	9483
1800	9484
1800	9485
1800	9491
1800	9492
1800	9495
1800	9500
1800	9506
1800	9509
1800	9511
1800	9512
1800	9516
1800	9519
1800	9520
1800	9526
1800	9531
1800	9533
1800	9535
1800	9536
1800	9542
1800	9545
1800	9547
1800	9548
1800	9549
1800	9554
1800	9558
1800	9559
1800	9561
1800	9565
1800	9569
1800	9572
1800	9574
1800	9575
1800	9580
1800	9586
1800	9588
1800	9590
1800	9591
1800	9602
1800	9605
1800	9607
1800	9608
1800	9613
1800	9614
1800	9618
1800	9622
1800	9624
1800	9625
1800	9632
1800	9634
1800	9635
1800	9638
1800	9643
1800	9646
1800	9647
1800	9648
1800	9649
1800	9652
1800	9656
1800	9657
1800	9658
1800	9662
1800	9664
1800	9666
1800	9667
1800	9668
1800	9671
1800	9673
1800	9677
1800	9679
1800	9682
1800	9683
1800	9684
1800	9686
1800	9688
1800	9696
1800	9698
1800	9699
1800	9700
1800	9710
1800	9713
1800	9716
1800	9718
1800	9722
1800	9726
1800	9730
1800	9732
1800	9735
1800	9736
1800	9737
1800	9739
1800	9741
1800	9742
1800	9743
1800	9744
1800	9745
1800	9749
1800	9750
1800	9751
1800	9752
1800	9753
1800	9755
1800	9756
1800	9759
1800	9761
1800	9764
1800	9767
1800	9769
1800	9770
1800	9771
1800	9772
1800	9773
1800	9774
1800	9775
1800	9776
1800	9777
1800	9780
1800	9784
1800	9786
1800	9789
1800	9791
1800	9792
1800	9794
1800	9829
1801	1797
1801	1973
1801	8638
1801	8639
1801	8640
1801	8641
1801	8643
1801	8645
1801	8646
1801	8647
1801	8648
1801	8649
1801	8650
1801	8653
1801	9267
1801	9268
1801	9269
1801	9270
1801	9271
1801	9272
1801	9273
1801	9274
1801	9275
1801	9276
1801	9277
1801	9278
1801	9279
1801	9280
1801	9281
1801	9282
1801	9283
1801	9284
1801	9285
1801	9286
1801	9287
1801	9288
1801	9290
1801	9291
1801	9292
1801	9293
1801	9294
1801	9295
1801	9296
1801	9297
1801	9298
1801	9299
1801	9300
1801	9301
1801	9302
1801	9303
1801	9304
1801	9305
1801	9306
1801	9307
1801	9308
1801	9309
1801	9310
1801	9311
1801	9312
1801	9313
1801	9314
1801	9315
1801	9316
1801	9317
1801	9318
1801	9319
1801	9320
1801	9321
1801	9324
1801	9327
1801	9328
1801	9329
1801	9331
1801	9334
1801	9335
1801	9337
1801	9339
1801	9341
1801	9342
1801	9343
1801	9344
1801	9345
1801	9347
1801	9348
1801	9352
1801	9354
1801	9357
1801	9359
1801	9361
1801	9362
1801	9365
1801	9366
1801	9369
1801	9370
1801	9371
1801	9372
1801	9373
1801	9375
1801	9377
1801	9379
1801	9380
1801	9382
1801	9383
1801	9384
1801	9386
1801	9387
1801	9390
1801	9391
1801	9392
1801	9394
1801	9395
1801	9397
1801	9398
1801	9399
1801	9402
1801	9403
1801	9405
1801	9407
1801	9408
1801	9409
1801	9411
1801	9412
1801	9415
1801	9416
1801	9417
1801	9419
1801	9420
1801	9421
1801	9424
1801	9425
1801	9426
1801	9428
1801	9429
1801	9430
1801	9432
1801	9433
1801	9435
1801	9436
1801	9437
1801	9441
1801	9442
1801	9443
1801	9444
1801	9445
1801	9447
1801	9448
1801	9449
1801	9451
1801	9452
1801	9453
1801	9454
1801	9457
1801	9458
1801	9459
1801	9463
1801	9465
1801	9466
1801	9467
1801	9470
1801	9472
1801	9474
1801	9479
1801	9480
1801	9481
1801	9484
1801	9485
1801	9486
1801	9487
1801	9491
1801	9492
1801	9493
1801	9495
1801	9496
1801	9499
1801	9500
1801	9501
1801	9502
1801	9503
1801	9504
1801	9505
1801	9506
1801	9507
1801	9510
1801	9511
1801	9517
1801	9518
1801	9519
1801	9520
1801	9521
1801	9524
1801	9530
1801	9531
1801	9532
1801	9536
1801	9537
1801	9538
1801	9539
1801	9541
1801	9542
1801	9543
1801	9544
1801	9545
1801	9547
1801	9548
1801	9550
1801	9551
1801	9552
1801	9555
1801	9557
1801	9558
1801	9559
1801	9560
1801	9561
1801	9562
1801	9563
1801	9565
1801	9566
1801	9567
1801	9571
1801	9574
1801	9575
1801	9577
1801	9578
1801	9579
1801	9586
1801	9588
1801	9589
1801	9590
1801	9593
1801	9594
1801	9600
1801	9602
1801	9604
1801	9605
1801	9608
1801	9611
1801	9614
1801	9615
1801	9616
1801	9617
1801	9618
1801	9620
1801	9622
1801	9624
1801	9625
1801	9626
1801	9627
1801	9628
1801	9629
1801	9632
1801	9636
1801	9637
1801	9638
1801	9639
1801	9640
1801	9642
1801	9643
1801	9646
1801	9647
1801	9649
1801	9651
1801	9652
1801	9653
1801	9656
1801	9657
1801	9658
1801	9659
1801	9662
1801	9663
1801	9664
1801	9665
1801	9667
1801	9668
1801	9670
1801	9673
1801	9677
1801	9678
1801	9680
1801	9682
1801	9683
1801	9684
1801	9685
1801	9688
1801	9691
1801	9692
1801	9694
1801	9695
1801	9696
1801	9697
1801	9698
1801	9699
1801	9702
1801	9705
1801	9706
1801	9707
1801	9709
1801	9713
1801	9714
1801	9715
1801	9716
1801	9717
1801	9718
1801	9719
1801	9720
1801	9723
1801	9726
1801	9727
1801	9728
1801	9730
1801	9732
1801	9734
1801	9736
1801	9737
1801	9738
1801	9739
1801	9742
1801	9743
1801	9745
1801	9746
1801	9748
1801	9749
1801	9750
1801	9752
1801	9756
1801	9757
1801	9758
1801	9759
1801	9760
1801	9761
1801	9762
1801	9763
1801	9764
1801	9766
1801	9767
1801	9768
1801	9769
1801	9770
1801	9771
1801	9772
1801	9773
1801	9774
1801	9775
1801	9776
1801	9778
1801	9779
1801	9780
1801	9781
1801	9782
1801	9783
1801	9784
1801	9785
1801	9786
1801	9787
1801	9788
1801	9790
1801	9791
1801	9792
1801	9794
1801	9795
1801	9829
1802	1797
1802	1973
1802	8639
1802	8640
1802	8645
1802	8647
1802	8650
1802	8652
1802	8653
1802	9272
1802	9276
1802	9278
1802	9280
1802	9288
1802	9290
1802	9291
1802	9295
1802	9297
1802	9299
1802	9300
1802	9305
1802	9310
1802	9314
1802	9317
1802	9319
1802	9320
1802	9321
1802	9322
1802	9323
1802	9324
1802	9325
1802	9326
1802	9327
1802	9328
1802	9329
1802	9330
1802	9331
1802	9332
1802	9333
1802	9334
1802	9335
1802	9336
1802	9337
1802	9338
1802	9339
1802	9340
1802	9341
1802	9347
1802	9349
1802	9355
1802	9357
1802	9367
1802	9369
1802	9370
1802	9386
1802	9393
1802	9395
1802	9398
1802	9399
1802	9404
1802	9406
1802	9412
1802	9416
1802	9421
1802	9432
1802	9433
1802	9434
1802	9435
1802	9447
1802	9451
1802	9453
1802	9454
1802	9458
1802	9461
1802	9466
1802	9468
1802	9469
1802	9474
1802	9475
1802	9476
1802	9484
1802	9485
1802	9486
1802	9487
1802	9491
1802	9492
1802	9493
1802	9495
1802	9497
1802	9500
1802	9502
1802	9505
1802	9510
1802	9511
1802	9519
1802	9521
1802	9531
1802	9532
1802	9537
1802	9538
1802	9540
1802	9541
1802	9545
1802	9546
1802	9549
1802	9558
1802	9560
1802	9561
1802	9562
1802	9567
1802	9569
1802	9570
1802	9575
1802	9580
1802	9583
1802	9586
1802	9593
1802	9597
1802	9607
1802	9611
1802	9614
1802	9657
1802	9658
1802	9662
1802	9667
1802	9668
1802	9670
1802	9673
1802	9679
1802	9682
1802	9683
1802	9684
1802	9692
1802	9695
1802	9698
1802	9699
1802	9701
1802	9719
1802	9723
1802	9727
1802	9728
1802	9730
1802	9738
1802	9743
1802	9745
1802	9747
1802	9750
1802	9753
1802	9757
1802	9761
1802	9768
1802	9769
1802	9770
1802	9771
1802	9772
1802	9773
1802	9774
1802	9776
1802	9777
1802	9778
1802	9780
1802	9781
1802	9782
1802	9783
1802	9784
1802	9785
1802	9786
1802	9787
1802	9788
1802	9789
1802	9790
1802	9791
1802	9792
1802	9793
1802	9794
1802	9795
1802	9829
1803	1973
1803	8638
1803	8639
1803	8641
1803	8645
1803	8650
1803	9277
1803	9279
1803	9282
1803	9289
1803	9290
1803	9295
1803	9299
1803	9301
1803	9308
1803	9311
1803	9313
1803	9316
1803	9317
1803	9321
1803	9324
1803	9331
1803	9333
1803	9335
1803	9342
1803	9344
1803	9345
1803	9346
1803	9347
1803	9348
1803	9349
1803	9350
1803	9351
1803	9362
1803	9382
1803	9394
1803	9402
1803	9405
1803	9407
1803	9408
1803	9409
1803	9416
1803	9420
1803	9437
1803	9438
1803	9446
1803	9449
1803	9455
1803	9463
1803	9479
1803	9481
1803	9500
1803	9505
1803	9520
1803	9523
1803	9539
1803	9541
1803	9542
1803	9547
1803	9550
1803	9559
1803	9565
1803	9576
1803	9582
1803	9586
1803	9593
1803	9603
1803	9604
1803	9610
1803	9618
1803	9622
1803	9624
1803	9627
1803	9639
1803	9645
1803	9647
1803	9648
1803	9652
1803	9657
1803	9658
1803	9660
1803	9661
1803	9664
1803	9667
1803	9687
1803	9689
1803	9693
1803	9698
1803	9703
1803	9708
1803	9710
1803	9714
1803	9717
1803	9718
1803	9720
1803	9725
1803	9735
1803	9736
1803	9738
1803	9742
1803	9748
1803	9750
1803	9757
1803	9758
1803	9761
1803	9762
1803	9769
1803	9770
1803	9776
1803	9781
1803	9785
1803	9786
1803	9788
1803	9829
1804	1797
1804	1973
1804	8640
1804	8644
1804	8645
1804	8651
1804	9269
1804	9271
1804	9272
1804	9285
1804	9286
1804	9288
1804	9289
1804	9291
1804	9294
1804	9297
1804	9298
1804	9299
1804	9311
1804	9312
1804	9317
1804	9319
1804	9328
1804	9335
1804	9344
1804	9350
1804	9351
1804	9352
1804	9354
1804	9355
1804	9356
1804	9357
1804	9358
1804	9359
1804	9360
1804	9361
1804	9362
1804	9363
1804	9365
1804	9366
1804	9367
1804	9368
1804	9369
1804	9370
1804	9371
1804	9396
1804	9401
1804	9405
1804	9406
1804	9407
1804	9416
1804	9417
1804	9420
1804	9426
1804	9430
1804	9436
1804	9438
1804	9439
1804	9445
1804	9448
1804	9452
1804	9470
1804	9471
1804	9472
1804	9475
1804	9476
1804	9477
1804	9481
1804	9487
1804	9493
1804	9497
1804	9500
1804	9506
1804	9514
1804	9519
1804	9521
1804	9529
1804	9533
1804	9541
1804	9542
1804	9548
1804	9560
1804	9563
1804	9564
1804	9565
1804	9567
1804	9576
1804	9577
1804	9580
1804	9584
1804	9586
1804	9593
1804	9607
1804	9611
1804	9614
1804	9615
1804	9619
1804	9620
1804	9621
1804	9624
1804	9628
1804	9631
1804	9651
1804	9652
1804	9657
1804	9658
1804	9665
1804	9667
1804	9668
1804	9673
1804	9675
1804	9677
1804	9682
1804	9683
1804	9684
1804	9697
1804	9701
1804	9705
1804	9707
1804	9718
1804	9726
1804	9727
1804	9731
1804	9748
1804	9756
1804	9759
1804	9760
1804	9767
1804	9769
1804	9771
1804	9772
1804	9774
1804	9784
1804	9785
1804	9791
1804	9794
1804	9829
1805	1797
1805	1973
1805	8647
1805	9267
1805	9272
1805	9278
1805	9280
1805	9295
1805	9298
1805	9299
1805	9308
1805	9328
1805	9329
1805	9333
1805	9349
1805	9350
1805	9352
1805	9372
1805	9373
1805	9376
1805	9377
1805	9378
1805	9379
1805	9380
1805	9381
1805	9382
1805	9383
1805	9384
1805	9385
1805	9386
1805	9387
1805	9388
1805	9389
1805	9390
1805	9391
1805	9392
1805	9393
1805	9394
1805	9395
1805	9396
1805	9398
1805	9399
1805	9400
1805	9401
1805	9402
1805	9412
1805	9415
1805	9416
1805	9418
1805	9422
1805	9429
1805	9431
1805	9433
1805	9436
1805	9444
1805	9459
1805	9479
1805	9502
1805	9510
1805	9511
1805	9512
1805	9529
1805	9542
1805	9543
1805	9548
1805	9554
1805	9561
1805	9562
1805	9567
1805	9577
1805	9593
1805	9607
1805	9615
1805	9618
1805	9622
1805	9626
1805	9639
1805	9652
1805	9656
1805	9657
1805	9658
1805	9667
1805	9668
1805	9669
1805	9673
1805	9678
1805	9679
1805	9682
1805	9683
1805	9698
1805	9707
1805	9718
1805	9719
1805	9722
1805	9730
1805	9732
1805	9743
1805	9755
1805	9759
1805	9761
1805	9762
1805	9767
1805	9768
1805	9770
1805	9775
1805	9781
1805	9782
1805	9785
1805	9791
1805	9792
1805	9794
1805	9829
1806	1797
1806	1973
1806	8638
1806	8641
1806	8645
1806	8648
1806	8650
1806	8652
1806	8653
1806	9279
1806	9280
1806	9282
1806	9285
1806	9288
1806	9289
1806	9290
1806	9295
1806	9299
1806	9301
1806	9308
1806	9310
1806	9312
1806	9313
1806	9321
1806	9323
1806	9335
1806	9341
1806	9344
1806	9345
1806	9347
1806	9350
1806	9355
1806	9362
1806	9370
1806	9382
1806	9384
1806	9391
1806	9398
1806	9402
1806	9403
1806	9404
1806	9405
1806	9406
1806	9407
1806	9408
1806	9409
1806	9410
1806	9411
1806	9412
1806	9413
1806	9414
1806	9415
1806	9416
1806	9417
1806	9418
1806	9420
1806	9421
1806	9422
1806	9423
1806	9424
1806	9425
1806	9426
1806	9427
1806	9428
1806	9429
1806	9431
1806	9432
1806	9433
1806	9434
1806	9435
1806	9438
1806	9440
1806	9444
1806	9451
1806	9454
1806	9466
1806	9478
1806	9479
1806	9481
1806	9484
1806	9492
1806	9493
1806	9499
1806	9502
1806	9504
1806	9505
1806	9510
1806	9511
1806	9519
1806	9520
1806	9525
1806	9529
1806	9530
1806	9541
1806	9542
1806	9545
1806	9546
1806	9548
1806	9552
1806	9571
1806	9578
1806	9585
1806	9588
1806	9593
1806	9616
1806	9617
1806	9618
1806	9624
1806	9628
1806	9639
1806	9643
1806	9652
1806	9656
1806	9657
1806	9658
1806	9664
1806	9667
1806	9670
1806	9671
1806	9676
1806	9682
1806	9683
1806	9685
1806	9689
1806	9692
1806	9699
1806	9702
1806	9707
1806	9714
1806	9717
1806	9727
1806	9732
1806	9739
1806	9740
1806	9741
1806	9745
1806	9746
1806	9750
1806	9752
1806	9756
1806	9757
1806	9759
1806	9761
1806	9769
1806	9773
1806	9776
1806	9782
1806	9785
1806	9787
1806	9793
1806	9794
1806	9829
1807	1973
1807	8640
1807	8652
1807	9271
1807	9276
1807	9277
1807	9289
1807	9290
1807	9296
1807	9299
1807	9305
1807	9307
1807	9317
1807	9324
1807	9335
1807	9336
1807	9350
1807	9362
1807	9364
1807	9367
1807	9372
1807	9373
1807	9386
1807	9400
1807	9405
1807	9407
1807	9408
1807	9410
1807	9412
1807	9416
1807	9417
1807	9419
1807	9423
1807	9432
1807	9433
1807	9435
1807	9436
1807	9437
1807	9438
1807	9441
1807	9449
1807	9457
1807	9459
1807	9467
1807	9472
1807	9477
1807	9486
1807	9492
1807	9493
1807	9496
1807	9503
1807	9510
1807	9514
1807	9515
1807	9518
1807	9520
1807	9537
1807	9538
1807	9544
1807	9546
1807	9547
1807	9548
1807	9552
1807	9571
1807	9584
1807	9586
1807	9594
1807	9599
1807	9605
1807	9617
1807	9618
1807	9621
1807	9626
1807	9627
1807	9629
1807	9632
1807	9638
1807	9664
1807	9671
1807	9689
1807	9707
1807	9729
1807	9732
1807	9747
1807	9754
1807	9758
1807	9768
1807	9769
1807	9777
1807	9785
1807	9791
1807	9792
1807	9794
1807	9829
1808	1797
1808	1973
1808	8653
1808	9273
1808	9274
1808	9279
1808	9287
1808	9294
1808	9296
1808	9299
1808	9304
1808	9324
1808	9348
1808	9362
1808	9371
1808	9379
1808	9394
1808	9408
1808	9414
1808	9416
1808	9423
1808	9439
1808	9440
1808	9441
1808	9442
1808	9443
1808	9444
1808	9445
1808	9446
1808	9447
1808	9451
1808	9473
1808	9481
1808	9485
1808	9486
1808	9495
1808	9502
1808	9510
1808	9512
1808	9518
1808	9523
1808	9541
1808	9542
1808	9544
1808	9571
1808	9579
1808	9582
1808	9593
1808	9607
1808	9614
1808	9636
1808	9656
1808	9664
1808	9677
1808	9683
1808	9684
1808	9688
1808	9692
1808	9702
1808	9705
1808	9708
1808	9734
1808	9737
1808	9741
1808	9743
1808	9746
1808	9760
1808	9829
1809	1797
1809	1973
1809	8645
1809	8650
1809	8652
1809	9268
1809	9272
1809	9275
1809	9291
1809	9292
1809	9294
1809	9295
1809	9311
1809	9315
1809	9329
1809	9336
1809	9354
1809	9368
1809	9397
1809	9410
1809	9416
1809	9433
1809	9436
1809	9437
1809	9441
1809	9448
1809	9449
1809	9451
1809	9452
1809	9453
1809	9454
1809	9455
1809	9456
1809	9457
1809	9458
1809	9459
1809	9460
1809	9462
1809	9463
1809	9478
1809	9479
1809	9492
1809	9511
1809	9512
1809	9519
1809	9531
1809	9541
1809	9542
1809	9546
1809	9574
1809	9585
1809	9587
1809	9588
1809	9589
1809	9595
1809	9604
1809	9607
1809	9615
1809	9616
1809	9626
1809	9631
1809	9649
1809	9651
1809	9652
1809	9657
1809	9658
1809	9664
1809	9665
1809	9666
1809	9667
1809	9668
1809	9671
1809	9673
1809	9677
1809	9683
1809	9684
1809	9689
1809	9702
1809	9727
1809	9733
1809	9743
1809	9750
1809	9757
1809	9760
1809	9761
1809	9768
1809	9769
1809	9770
1809	9774
1809	9776
1809	9777
1809	9785
1809	9787
1809	9788
1809	9792
1809	9794
1809	9795
1809	9829
1809	9830
1810	1973
1810	8646
1810	8652
1810	8653
1810	9276
1810	9284
1810	9285
1810	9286
1810	9290
1810	9291
1810	9296
1810	9299
1810	9308
1810	9313
1810	9315
1810	9317
1810	9318
1810	9320
1810	9321
1810	9324
1810	9329
1810	9339
1810	9345
1810	9347
1810	9351
1810	9364
1810	9368
1810	9376
1810	9386
1810	9406
1810	9407
1810	9411
1810	9417
1810	9425
1810	9432
1810	9433
1810	9447
1810	9449
1810	9454
1810	9457
1810	9464
1810	9465
1810	9466
1810	9467
1810	9468
1810	9469
1810	9470
1810	9471
1810	9473
1810	9474
1810	9475
1810	9476
1810	9477
1810	9478
1810	9479
1810	9480
1810	9481
1810	9482
1810	9485
1810	9486
1810	9487
1810	9488
1810	9489
1810	9490
1810	9492
1810	9493
1810	9494
1810	9500
1810	9502
1810	9505
1810	9506
1810	9509
1810	9510
1810	9515
1810	9519
1810	9520
1810	9531
1810	9532
1810	9541
1810	9542
1810	9544
1810	9545
1810	9547
1810	9552
1810	9569
1810	9575
1810	9579
1810	9586
1810	9597
1810	9599
1810	9602
1810	9604
1810	9618
1810	9631
1810	9639
1810	9646
1810	9653
1810	9657
1810	9658
1810	9667
1810	9668
1810	9673
1810	9674
1810	9677
1810	9678
1810	9682
1810	9683
1810	9684
1810	9685
1810	9689
1810	9691
1810	9693
1810	9699
1810	9714
1810	9719
1810	9720
1810	9725
1810	9727
1810	9734
1810	9739
1810	9745
1810	9746
1810	9747
1810	9748
1810	9752
1810	9762
1810	9768
1810	9769
1810	9770
1810	9773
1810	9774
1810	9775
1810	9777
1810	9781
1810	9784
1810	9785
1810	9789
1810	9793
1810	9829
1811	1797
1811	1973
1811	8640
1811	8641
1811	8643
1811	8644
1811	8645
1811	8648
1811	8650
1811	8651
1811	8652
1811	9272
1811	9278
1811	9282
1811	9285
1811	9286
1811	9289
1811	9291
1811	9293
1811	9295
1811	9296
1811	9297
1811	9298
1811	9299
1811	9300
1811	9301
1811	9308
1811	9310
1811	9315
1811	9316
1811	9318
1811	9321
1811	9323
1811	9324
1811	9329
1811	9330
1811	9334
1811	9335
1811	9336
1811	9338
1811	9341
1811	9343
1811	9344
1811	9345
1811	9348
1811	9350
1811	9353
1811	9359
1811	9367
1811	9370
1811	9376
1811	9383
1811	9387
1811	9388
1811	9392
1811	9399
1811	9400
1811	9411
1811	9412
1811	9416
1811	9418
1811	9422
1811	9424
1811	9425
1811	9434
1811	9436
1811	9442
1811	9444
1811	9451
1811	9454
1811	9457
1811	9463
1811	9470
1811	9472
1811	9476
1811	9477
1811	9479
1811	9481
1811	9485
1811	9491
1811	9492
1811	9493
1811	9494
1811	9495
1811	9496
1811	9497
1811	9498
1811	9499
1811	9500
1811	9501
1811	9502
1811	9503
1811	9504
1811	9505
1811	9506
1811	9507
1811	9508
1811	9509
1811	9510
1811	9511
1811	9512
1811	9513
1811	9514
1811	9515
1811	9517
1811	9518
1811	9519
1811	9520
1811	9521
1811	9522
1811	9523
1811	9524
1811	9525
1811	9527
1811	9528
1811	9529
1811	9530
1811	9531
1811	9532
1811	9533
1811	9534
1811	9535
1811	9536
1811	9537
1811	9538
1811	9539
1811	9540
1811	9541
1811	9542
1811	9544
1811	9548
1811	9553
1811	9558
1811	9560
1811	9562
1811	9574
1811	9577
1811	9582
1811	9585
1811	9586
1811	9588
1811	9592
1811	9593
1811	9594
1811	9602
1811	9604
1811	9605
1811	9606
1811	9607
1811	9608
1811	9614
1811	9615
1811	9616
1811	9626
1811	9628
1811	9632
1811	9639
1811	9643
1811	9644
1811	9645
1811	9646
1811	9652
1811	9657
1811	9658
1811	9664
1811	9667
1811	9668
1811	9669
1811	9670
1811	9673
1811	9677
1811	9678
1811	9679
1811	9682
1811	9683
1811	9688
1811	9691
1811	9695
1811	9699
1811	9702
1811	9713
1811	9718
1811	9719
1811	9725
1811	9726
1811	9727
1811	9728
1811	9731
1811	9732
1811	9735
1811	9739
1811	9742
1811	9743
1811	9744
1811	9750
1811	9757
1811	9759
1811	9761
1811	9767
1811	9768
1811	9769
1811	9770
1811	9772
1811	9774
1811	9775
1811	9784
1811	9785
1811	9786
1811	9791
1811	9792
1811	9793
1811	9794
1811	9829
1812	1797
1812	1973
1812	8639
1812	8640
1812	8641
1812	8644
1812	8650
1812	8651
1812	8652
1812	8653
1812	9266
1812	9267
1812	9268
1812	9272
1812	9273
1812	9274
1812	9275
1812	9276
1812	9277
1812	9282
1812	9283
1812	9287
1812	9288
1812	9289
1812	9291
1812	9292
1812	9294
1812	9295
1812	9296
1812	9297
1812	9298
1812	9299
1812	9300
1812	9302
1812	9303
1812	9304
1812	9305
1812	9308
1812	9309
1812	9310
1812	9312
1812	9313
1812	9314
1812	9316
1812	9317
1812	9319
1812	9320
1812	9321
1812	9322
1812	9324
1812	9326
1812	9332
1812	9333
1812	9334
1812	9335
1812	9336
1812	9341
1812	9344
1812	9345
1812	9346
1812	9347
1812	9348
1812	9350
1812	9352
1812	9354
1812	9355
1812	9356
1812	9360
1812	9361
1812	9362
1812	9363
1812	9364
1812	9365
1812	9366
1812	9368
1812	9370
1812	9372
1812	9375
1812	9376
1812	9377
1812	9380
1812	9382
1812	9383
1812	9384
1812	9385
1812	9387
1812	9388
1812	9389
1812	9391
1812	9392
1812	9393
1812	9396
1812	9399
1812	9400
1812	9401
1812	9402
1812	9407
1812	9408
1812	9409
1812	9410
1812	9412
1812	9413
1812	9414
1812	9416
1812	9419
1812	9420
1812	9422
1812	9425
1812	9426
1812	9427
1812	9431
1812	9432
1812	9434
1812	9439
1812	9442
1812	9444
1812	9445
1812	9446
1812	9449
1812	9450
1812	9451
1812	9452
1812	9453
1812	9454
1812	9455
1812	9456
1812	9458
1812	9460
1812	9461
1812	9462
1812	9467
1812	9469
1812	9470
1812	9474
1812	9475
1812	9476
1812	9477
1812	9479
1812	9480
1812	9481
1812	9482
1812	9484
1812	9487
1812	9488
1812	9490
1812	9494
1812	9496
1812	9498
1812	9500
1812	9501
1812	9502
1812	9504
1812	9505
1812	9508
1812	9510
1812	9511
1812	9512
1812	9513
1812	9515
1812	9517
1812	9519
1812	9520
1812	9527
1812	9530
1812	9534
1812	9539
1812	9541
1812	9542
1812	9543
1812	9544
1812	9545
1812	9546
1812	9547
1812	9548
1812	9549
1812	9550
1812	9551
1812	9552
1812	9553
1812	9554
1812	9555
1812	9556
1812	9557
1812	9558
1812	9559
1812	9560
1812	9561
1812	9562
1812	9563
1812	9564
1812	9565
1812	9567
1812	9568
1812	9570
1812	9571
1812	9573
1812	9574
1812	9575
1812	9576
1812	9577
1812	9578
1812	9583
1812	9584
1812	9585
1812	9586
1812	9587
1812	9588
1812	9590
1812	9593
1812	9595
1812	9597
1812	9598
1812	9602
1812	9603
1812	9604
1812	9606
1812	9608
1812	9609
1812	9613
1812	9614
1812	9615
1812	9619
1812	9620
1812	9621
1812	9625
1812	9627
1812	9628
1812	9631
1812	9632
1812	9638
1812	9642
1812	9645
1812	9647
1812	9652
1812	9654
1812	9655
1812	9658
1812	9659
1812	9660
1812	9663
1812	9664
1812	9665
1812	9666
1812	9667
1812	9668
1812	9669
1812	9670
1812	9672
1812	9673
1812	9675
1812	9676
1812	9679
1812	9681
1812	9682
1812	9683
1812	9687
1812	9689
1812	9690
1812	9692
1812	9693
1812	9697
1812	9698
1812	9701
1812	9702
1812	9703
1812	9704
1812	9707
1812	9708
1812	9709
1812	9710
1812	9711
1812	9714
1812	9716
1812	9717
1812	9725
1812	9726
1812	9727
1812	9728
1812	9731
1812	9732
1812	9735
1812	9736
1812	9738
1812	9739
1812	9740
1812	9747
1812	9750
1812	9751
1812	9754
1812	9758
1812	9759
1812	9761
1812	9762
1812	9764
1812	9765
1812	9766
1812	9767
1812	9768
1812	9769
1812	9770
1812	9775
1812	9776
1812	9777
1812	9783
1812	9785
1812	9786
1812	9788
1812	9789
1812	9790
1812	9795
1812	9829
1813	1797
1813	1973
1813	8638
1813	8640
1813	8646
1813	8651
1813	8652
1813	8653
1813	9268
1813	9275
1813	9285
1813	9292
1813	9295
1813	9302
1813	9307
1813	9321
1813	9343
1813	9344
1813	9375
1813	9382
1813	9385
1813	9386
1813	9388
1813	9416
1813	9426
1813	9445
1813	9449
1813	9450
1813	9452
1813	9454
1813	9459
1813	9469
1813	9479
1813	9485
1813	9487
1813	9500
1813	9502
1813	9504
1813	9514
1813	9518
1813	9519
1813	9530
1813	9535
1813	9541
1813	9542
1813	9551
1813	9552
1813	9553
1813	9554
1813	9560
1813	9565
1813	9566
1813	9567
1813	9568
1813	9569
1813	9570
1813	9571
1813	9572
1813	9573
1813	9574
1813	9575
1813	9576
1813	9577
1813	9578
1813	9579
1813	9581
1813	9582
1813	9583
1813	9584
1813	9585
1813	9588
1813	9604
1813	9609
1813	9610
1813	9612
1813	9617
1813	9623
1813	9652
1813	9653
1813	9659
1813	9665
1813	9668
1813	9671
1813	9673
1813	9682
1813	9693
1813	9698
1813	9699
1813	9700
1813	9707
1813	9709
1813	9713
1813	9727
1813	9732
1813	9738
1813	9741
1813	9754
1813	9769
1813	9772
1813	9774
1813	9785
1813	9792
1813	9793
1813	9829
1814	1973
1814	8639
1814	8641
1814	8644
1814	8652
1814	8653
1814	9267
1814	9268
1814	9272
1814	9273
1814	9278
1814	9279
1814	9280
1814	9282
1814	9287
1814	9288
1814	9290
1814	9291
1814	9292
1814	9296
1814	9297
1814	9299
1814	9308
1814	9310
1814	9313
1814	9317
1814	9319
1814	9323
1814	9324
1814	9327
1814	9328
1814	9331
1814	9334
1814	9338
1814	9340
1814	9343
1814	9344
1814	9346
1814	9349
1814	9350
1814	9355
1814	9357
1814	9358
1814	9359
1814	9363
1814	9366
1814	9372
1814	9375
1814	9378
1814	9385
1814	9386
1814	9391
1814	9392
1814	9394
1814	9398
1814	9399
1814	9404
1814	9407
1814	9408
1814	9410
1814	9411
1814	9412
1814	9415
1814	9416
1814	9417
1814	9419
1814	9420
1814	9423
1814	9428
1814	9429
1814	9431
1814	9432
1814	9433
1814	9434
1814	9435
1814	9436
1814	9437
1814	9438
1814	9440
1814	9442
1814	9444
1814	9445
1814	9447
1814	9451
1814	9453
1814	9454
1814	9458
1814	9459
1814	9461
1814	9462
1814	9463
1814	9466
1814	9470
1814	9471
1814	9472
1814	9476
1814	9479
1814	9481
1814	9482
1814	9486
1814	9487
1814	9489
1814	9493
1814	9497
1814	9500
1814	9502
1814	9505
1814	9506
1814	9508
1814	9510
1814	9511
1814	9515
1814	9519
1814	9520
1814	9523
1814	9526
1814	9541
1814	9542
1814	9544
1814	9545
1814	9547
1814	9550
1814	9551
1814	9552
1814	9553
1814	9559
1814	9560
1814	9562
1814	9565
1814	9569
1814	9570
1814	9572
1814	9573
1814	9574
1814	9575
1814	9576
1814	9578
1814	9584
1814	9586
1814	9587
1814	9588
1814	9589
1814	9592
1814	9593
1814	9594
1814	9595
1814	9596
1814	9597
1814	9598
1814	9599
1814	9600
1814	9601
1814	9603
1814	9604
1814	9605
1814	9606
1814	9607
1814	9608
1814	9609
1814	9614
1814	9615
1814	9617
1814	9618
1814	9622
1814	9627
1814	9628
1814	9629
1814	9630
1814	9633
1814	9642
1814	9646
1814	9651
1814	9652
1814	9656
1814	9657
1814	9658
1814	9667
1814	9668
1814	9673
1814	9674
1814	9677
1814	9683
1814	9686
1814	9689
1814	9691
1814	9693
1814	9694
1814	9701
1814	9702
1814	9708
1814	9709
1814	9712
1814	9720
1814	9726
1814	9727
1814	9728
1814	9731
1814	9732
1814	9738
1814	9743
1814	9746
1814	9754
1814	9755
1814	9757
1814	9759
1814	9761
1814	9764
1814	9767
1814	9769
1814	9771
1814	9772
1814	9774
1814	9776
1814	9777
1814	9778
1814	9779
1814	9782
1814	9783
1814	9784
1814	9785
1814	9789
1814	9790
1814	9791
1814	9794
1814	9829
1815	1973
1815	9375
1815	9603
1815	9628
1815	9709
1815	9772
1815	9780
1815	9782
1815	9791
1816	1797
1816	1973
1816	8641
1816	8645
1816	8650
1816	8651
1816	8652
1816	8653
1816	9270
1816	9273
1816	9276
1816	9279
1816	9282
1816	9287
1816	9288
1816	9294
1816	9295
1816	9299
1816	9318
1816	9321
1816	9322
1816	9323
1816	9327
1816	9330
1816	9331
1816	9332
1816	9343
1816	9344
1816	9350
1816	9356
1816	9359
1816	9362
1816	9364
1816	9367
1816	9373
1816	9379
1816	9381
1816	9389
1816	9394
1816	9403
1816	9405
1816	9408
1816	9416
1816	9417
1816	9419
1816	9422
1816	9425
1816	9429
1816	9432
1816	9433
1816	9436
1816	9448
1816	9451
1816	9470
1816	9476
1816	9479
1816	9485
1816	9493
1816	9500
1816	9502
1816	9510
1816	9530
1816	9531
1816	9541
1816	9542
1816	9544
1816	9545
1816	9548
1816	9555
1816	9557
1816	9559
1816	9575
1816	9577
1816	9578
1816	9586
1816	9599
1816	9607
1816	9610
1816	9611
1816	9612
1816	9615
1816	9616
1816	9617
1816	9618
1816	9619
1816	9620
1816	9621
1816	9622
1816	9623
1816	9625
1816	9626
1816	9627
1816	9628
1816	9629
1816	9630
1816	9631
1816	9646
1816	9649
1816	9658
1816	9664
1816	9667
1816	9668
1816	9670
1816	9673
1816	9682
1816	9692
1816	9698
1816	9705
1816	9708
1816	9716
1816	9718
1816	9720
1816	9722
1816	9724
1816	9726
1816	9727
1816	9730
1816	9743
1816	9744
1816	9745
1816	9748
1816	9757
1816	9767
1816	9768
1816	9769
1816	9776
1816	9777
1816	9782
1816	9783
1816	9784
1816	9791
1816	9792
1816	9794
1816	9829
1817	1797
1817	1973
1817	8638
1817	8641
1817	8645
1817	8647
1817	8648
1817	8650
1817	8652
1817	8653
1817	9266
1817	9279
1817	9280
1817	9282
1817	9286
1817	9288
1817	9291
1817	9295
1817	9298
1817	9300
1817	9301
1817	9303
1817	9306
1817	9307
1817	9310
1817	9312
1817	9315
1817	9317
1817	9319
1817	9320
1817	9321
1817	9326
1817	9329
1817	9332
1817	9341
1817	9343
1817	9345
1817	9349
1817	9353
1817	9354
1817	9355
1817	9357
1817	9371
1817	9372
1817	9375
1817	9376
1817	9379
1817	9381
1817	9382
1817	9385
1817	9388
1817	9394
1817	9397
1817	9403
1817	9407
1817	9408
1817	9409
1817	9410
1817	9416
1817	9417
1817	9420
1817	9421
1817	9428
1817	9432
1817	9433
1817	9436
1817	9440
1817	9441
1817	9443
1817	9445
1817	9446
1817	9447
1817	9453
1817	9455
1817	9457
1817	9459
1817	9467
1817	9470
1817	9476
1817	9477
1817	9479
1817	9481
1817	9484
1817	9485
1817	9489
1817	9491
1817	9492
1817	9493
1817	9496
1817	9500
1817	9507
1817	9508
1817	9510
1817	9515
1817	9519
1817	9523
1817	9525
1817	9527
1817	9529
1817	9530
1817	9531
1817	9532
1817	9539
1817	9540
1817	9541
1817	9545
1817	9548
1817	9553
1817	9556
1817	9557
1817	9558
1817	9559
1817	9560
1817	9561
1817	9563
1817	9566
1817	9567
1817	9570
1817	9571
1817	9579
1817	9580
1817	9585
1817	9586
1817	9587
1817	9588
1817	9594
1817	9597
1817	9605
1817	9606
1817	9607
1817	9611
1817	9612
1817	9614
1817	9624
1817	9626
1817	9628
1817	9632
1817	9633
1817	9634
1817	9636
1817	9637
1817	9638
1817	9639
1817	9640
1817	9641
1817	9642
1817	9643
1817	9644
1817	9645
1817	9646
1817	9647
1817	9648
1817	9649
1817	9650
1817	9651
1817	9652
1817	9653
1817	9654
1817	9655
1817	9657
1817	9658
1817	9659
1817	9660
1817	9661
1817	9662
1817	9663
1817	9664
1817	9665
1817	9667
1817	9668
1817	9669
1817	9670
1817	9671
1817	9672
1817	9673
1817	9674
1817	9675
1817	9676
1817	9677
1817	9678
1817	9679
1817	9680
1817	9681
1817	9682
1817	9683
1817	9684
1817	9685
1817	9686
1817	9687
1817	9689
1817	9690
1817	9691
1817	9692
1817	9693
1817	9694
1817	9695
1817	9696
1817	9697
1817	9698
1817	9701
1817	9702
1817	9705
1817	9707
1817	9714
1817	9717
1817	9719
1817	9721
1817	9722
1817	9723
1817	9729
1817	9731
1817	9732
1817	9733
1817	9735
1817	9740
1817	9741
1817	9742
1817	9743
1817	9747
1817	9748
1817	9750
1817	9752
1817	9758
1817	9759
1817	9763
1817	9768
1817	9769
1817	9770
1817	9772
1817	9774
1817	9776
1817	9777
1817	9781
1817	9782
1817	9784
1817	9785
1817	9788
1817	9790
1817	9791
1817	9793
1817	9794
1817	9795
1817	9829
1818	1797
1818	1973
1818	8638
1818	8650
1818	8651
1818	9268
1818	9285
1818	9294
1818	9301
1818	9304
1818	9305
1818	9313
1818	9320
1818	9329
1818	9332
1818	9333
1818	9339
1818	9348
1818	9361
1818	9362
1818	9377
1818	9386
1818	9389
1818	9398
1818	9410
1818	9413
1818	9416
1818	9417
1818	9440
1818	9477
1818	9480
1818	9485
1818	9486
1818	9491
1818	9506
1818	9511
1818	9519
1818	9531
1818	9541
1818	9542
1818	9558
1818	9560
1818	9561
1818	9574
1818	9584
1818	9586
1818	9588
1818	9598
1818	9605
1818	9614
1818	9621
1818	9622
1818	9629
1818	9643
1818	9648
1818	9651
1818	9662
1818	9667
1818	9668
1818	9673
1818	9677
1818	9682
1818	9683
1818	9692
1818	9703
1818	9704
1818	9705
1818	9706
1818	9707
1818	9708
1818	9709
1818	9710
1818	9711
1818	9712
1818	9720
1818	9726
1818	9727
1818	9730
1818	9733
1818	9741
1818	9746
1818	9755
1818	9769
1818	9771
1818	9774
1818	9777
1818	9791
1818	9793
1818	9829
1819	1973
1819	8645
1819	9278
1819	9280
1819	9313
1819	9316
1819	9324
1819	9328
1819	9335
1819	9351
1819	9361
1819	9362
1819	9364
1819	9367
1819	9379
1819	9384
1819	9386
1819	9395
1819	9399
1819	9408
1819	9416
1819	9420
1819	9423
1819	9431
1819	9432
1819	9446
1819	9454
1819	9469
1819	9470
1819	9486
1819	9491
1819	9510
1819	9512
1819	9513
1819	9522
1819	9526
1819	9541
1819	9564
1819	9574
1819	9614
1819	9617
1819	9618
1819	9627
1819	9628
1819	9637
1819	9645
1819	9646
1819	9658
1819	9664
1819	9670
1819	9685
1819	9699
1819	9705
1819	9713
1819	9715
1819	9725
1819	9727
1819	9736
1819	9741
1819	9747
1819	9748
1819	9765
1819	9778
1820	1797
1820	1973
1820	8650
1820	8651
1820	9284
1820	9294
1820	9296
1820	9297
1820	9317
1820	9324
1820	9347
1820	9352
1820	9364
1820	9391
1820	9399
1820	9433
1820	9464
1820	9478
1820	9481
1820	9500
1820	9502
1820	9506
1820	9509
1820	9511
1820	9520
1820	9526
1820	9540
1820	9562
1820	9586
1820	9593
1820	9614
1820	9618
1820	9628
1820	9664
1820	9668
1820	9673
1820	9682
1820	9687
1820	9713
1820	9717
1820	9718
1820	9719
1820	9720
1820	9721
1820	9722
1820	9723
1820	9769
1820	9772
1820	9781
1820	9788
1820	9792
1820	9794
1820	9829
1821	1797
1821	1973
1821	8639
1821	8645
1821	8646
1821	8647
1821	9280
1821	9292
1821	9295
1821	9296
1821	9297
1821	9304
1821	9308
1821	9310
1821	9316
1821	9328
1821	9340
1821	9345
1821	9350
1821	9363
1821	9372
1821	9399
1821	9407
1821	9416
1821	9429
1821	9431
1821	9432
1821	9441
1821	9443
1821	9451
1821	9452
1821	9457
1821	9463
1821	9470
1821	9485
1821	9486
1821	9493
1821	9496
1821	9500
1821	9501
1821	9502
1821	9510
1821	9511
1821	9513
1821	9519
1821	9531
1821	9533
1821	9535
1821	9539
1821	9541
1821	9542
1821	9543
1821	9548
1821	9562
1821	9567
1821	9573
1821	9574
1821	9586
1821	9602
1821	9606
1821	9615
1821	9627
1821	9637
1821	9640
1821	9650
1821	9656
1821	9657
1821	9658
1821	9669
1821	9670
1821	9673
1821	9677
1821	9678
1821	9679
1821	9688
1821	9698
1821	9699
1821	9700
1821	9701
1821	9702
1821	9707
1821	9709
1821	9718
1821	9722
1821	9724
1821	9725
1821	9726
1821	9727
1821	9728
1821	9729
1821	9731
1821	9732
1821	9733
1821	9734
1821	9735
1821	9736
1821	9737
1821	9738
1821	9739
1821	9740
1821	9742
1821	9744
1821	9747
1821	9748
1821	9754
1821	9759
1821	9760
1821	9765
1821	9769
1821	9770
1821	9771
1821	9772
1821	9774
1821	9775
1821	9776
1821	9778
1821	9789
1821	9792
1821	9794
1821	9795
1821	9829
1822	1973
1822	9316
1822	9317
1822	9743
1822	9744
1823	1973
1823	9317
1823	9417
1823	9506
1823	9519
1823	9673
1823	9745
1823	9746
1823	9761
1823	9829
1824	1973
1824	9280
1824	9295
1824	9298
1824	9575
1824	9593
1824	9600
1824	9657
1824	9678
1824	9689
1824	9698
1824	9709
1824	9747
1824	9748
1824	9750
1824	9785
1824	9792
1824	9793
1824	9829
1825	1973
1825	9831
1825	9832
1825	9833
1825	9834
1825	9835
1825	9836
1825	9837
1825	9838
1825	9839
1825	9840
1825	9841
1825	9842
1825	9843
1825	9844
1825	9845
1825	9846
1825	9847
1825	9848
1825	9849
1825	9850
1825	9851
1825	9852
1825	9853
1825	9854
1826	1973
1826	7620
1826	9023
1826	9855
1826	9856
1826	9857
1826	9858
1826	9859
1826	9860
1826	9861
1826	9862
1826	9863
1826	9864
1826	9865
1826	9866
1826	9867
1826	9868
1826	9869
1826	9870
1826	9871
1826	9872
1826	9873
1826	9874
1826	9875
1826	9876
1826	9877
1826	9878
1827	1973
1827	9879
1827	9880
1827	9881
1827	9882
1827	9883
1827	9884
1827	9885
1827	9886
1827	9887
1827	9888
1827	9889
1827	9890
1827	9891
1827	9892
1827	9893
1827	9894
1827	9895
1827	9896
1827	9897
1827	9898
1827	9899
1827	9900
1827	9901
1827	9902
1827	9903
1827	9904
1827	9905
1827	9906
1833	1154
1833	1273
1833	9907
1833	9908
1833	9909
1834	1154
1834	1273
1834	9910
1834	9911
1834	9912
1834	9913
1834	9914
1834	9915
1834	9916
1834	9917
1834	9918
1834	9919
1834	9920
1834	9921
1835	1154
1835	1273
1835	9922
1835	9923
1835	9924
1835	9925
1835	9926
1835	9927
1836	0
1836	1154
1836	3026
1836	6648
1836	9928
1836	9929
1837	1154
1837	1273
1837	9930
1837	9931
1837	9932
1838	1154
1838	1273
1838	9933
1838	9934
1838	9935
1839	1154
1839	1273
1839	9936
1839	9937
1840	1154
1840	1273
1840	9938
1840	9939
1840	9940
1841	1154
1841	1273
1841	9941
1841	9942
1841	9943
1841	9944
1842	1154
1842	1273
1842	9945
1842	9946
1843	1154
1843	1273
1843	5363
1843	9947
1843	9948
1843	9949
1843	9950
1843	9951
1843	9952
1843	9953
1843	9954
1843	9955
1843	9956
1844	1154
1844	1273
1844	9957
1844	9958
1844	9959
1844	9960
1844	9961
1844	9962
1845	0
1845	1154
1845	9963
1845	9964
1845	9965
1846	1154
1846	1273
1846	9966
1847	1154
1847	1273
1847	9967
1847	9968
1847	9969
1847	9970
1847	9971
1847	9972
1847	9973
1848	1154
1848	1273
1848	9974
1848	9975
1849	1154
1849	1273
1849	7190
1850	1154
1850	1273
1850	9976
1850	9977
1850	9978
1850	9979
1850	9980
1850	9981
1851	2992
1851	9982
1851	9983
1851	9984
1851	9985
1851	9986
1851	9987
1851	9988
1851	9989
1851	9990
1851	9991
1851	9992
1851	9993
1851	9994
1851	9995
1851	9996
1851	9997
1851	9998
1851	9999
1851	10000
1851	10001
1851	10002
1851	10003
1851	10004
1851	10005
1851	10006
1851	10007
1851	10008
1851	10009
1851	10010
1852	10011
1852	10012
1852	10013
1852	10014
1852	10015
1852	10016
1852	10017
1852	10018
1852	10019
1852	10020
1852	10021
1852	10022
1852	10023
1852	10024
1852	10025
1852	10026
1852	10027
1852	10028
1852	10029
1852	10030
1852	10031
1852	10032
1852	10033
1852	10034
1853	2769
1853	10035
1853	10036
1853	10037
1854	10038
1854	10039
1854	10040
1854	10041
1854	10042
1854	10043
1854	10044
1854	10045
1854	10046
1854	10047
1854	10048
1854	10049
1862	10050
1862	10051
1862	10052
1863	4163
1863	10053
1863	10054
1863	10055
1863	10056
1863	10057
1866	4163
1870	0
1870	1064
1870	1863
1870	2877
1870	4184
1870	10058
1870	10059
1870	10060
1870	10061
1870	10062
1870	10063
1870	10064
1870	10065
1871	226
1871	1873
1871	1874
1871	1875
1871	1876
1871	1877
1872	226
1872	1871
1872	1873
1872	1874
1872	1875
1872	1876
1872	1877
1872	10066
1872	10067
1873	226
1873	1871
1873	1874
1873	1875
1873	1876
1873	1877
1873	10067
1874	226
1874	1871
1874	1873
1874	1874
1874	1875
1874	1876
1874	1877
1874	10068
1874	10069
1874	10070
1874	10071
1874	10072
1874	10073
1875	226
1875	1871
1875	1873
1875	1874
1875	1876
1875	1877
1876	226
1876	1871
1876	1873
1876	1874
1876	1875
1876	1877
1876	10074
1876	10075
1877	10076
1877	10077
1878	0
1878	1470
1878	1473
1878	1474
1878	1477
1878	1479
1878	1480
1878	1481
1878	1878
1878	1879
1878	1880
1878	10078
1879	0
1879	1470
1879	1473
1879	1474
1879	1477
1879	1479
1879	1480
1879	1481
1879	1880
1879	5355
1879	5798
1879	5836
1879	5885
1879	6604
1879	7124
1879	10079
1879	10080
1880	0
1880	86
1880	1470
1880	1471
1880	1472
1880	1473
1880	1474
1880	1477
1880	1479
1880	1480
1880	1481
1880	7139
1880	7148
1880	7149
1880	7151
1881	0
1881	1
1881	4
1881	69
1881	156
1881	202
1881	659
1881	660
1881	661
1881	662
1881	663
1881	664
1882	0
1882	1
1882	4
1882	69
1882	156
1882	202
1882	659
1882	660
1882	661
1882	662
1882	663
1882	664
1883	0
1883	1
1883	4
1883	69
1883	156
1883	202
1883	659
1883	660
1883	661
1883	662
1883	663
1883	664
1884	0
1884	1
1884	4
1884	7
1884	69
1884	156
1884	202
1884	659
1884	660
1884	661
1884	662
1884	663
1884	664
1884	1897
1885	0
1885	1
1885	4
1885	7
1885	69
1885	156
1885	202
1885	659
1885	660
1885	661
1885	662
1885	663
1885	664
1885	1897
1886	0
1886	1
1886	4
1886	69
1886	156
1886	202
1886	659
1886	660
1886	661
1886	662
1886	663
1886	664
1887	0
1887	1
1887	4
1887	7
1887	69
1887	156
1887	202
1887	659
1887	660
1887	661
1887	662
1887	663
1887	664
1887	1897
1889	0
1889	1
1889	4
1889	69
1889	156
1889	202
1889	659
1889	660
1889	661
1889	662
1889	663
1889	664
1890	0
1890	1
1890	4
1890	69
1890	156
1890	202
1890	659
1890	660
1890	661
1890	662
1890	663
1890	664
1891	0
1891	1
1891	4
1891	69
1891	156
1891	202
1891	659
1891	660
1891	661
1891	662
1891	663
1891	664
1892	0
1892	1
1892	4
1892	69
1892	156
1892	202
1892	659
1892	660
1892	661
1892	662
1892	663
1892	664
1893	0
1893	1
1893	4
1893	69
1893	156
1893	202
1893	659
1893	660
1893	661
1893	662
1893	663
1893	664
1894	0
1894	1
1894	4
1894	69
1894	156
1894	202
1894	659
1894	660
1894	661
1894	662
1894	663
1894	664
1896	0
1896	1
1896	4
1896	7
1896	69
1896	156
1896	202
1896	659
1896	660
1896	661
1896	662
1896	663
1896	664
1896	1897
1897	0
1897	45
1897	140
1897	950
1897	10081
1897	10082
1897	10083
1898	0
1898	140
1899	0
1899	140
1901	1470
1902	1902
1903	0
1903	1016
1903	1017
1903	1018
1903	1903
1904	1017
1904	7140
1904	10084
1904	10085
1905	1905
1905	10086
1905	10087
1905	10088
1905	10089
1905	10090
1906	0
1906	233
1906	1906
1907	0
1907	233
1908	0
1908	233
1908	1909
1908	1910
1908	10021
1908	10091
1908	10092
1908	10093
1908	10094
1908	10095
1908	10096
1908	10097
1908	10098
1908	10099
1909	0
1909	169
1909	233
1909	4120
1909	7420
1910	0
1910	233
1910	10100
1910	10101
1911	0
1911	233
1911	1911
1912	0
1912	233
1912	1904
1912	10101
1912	10102
1912	10103
1912	10104
1912	10105
1912	10106
1912	10107
1913	0
1913	233
1913	1904
1913	10108
1913	10109
1913	10110
1913	10111
1913	10112
1913	10113
1913	10114
1913	10115
1913	10116
1913	10117
1914	0
1914	233
1914	1904
1914	10110
1914	10118
1914	10119
1914	10120
1914	10121
1914	10122
1917	10123
1918	10124
1918	10125
1918	10126
1918	10127
1918	10128
1918	10129
1918	10130
1918	10131
1919	0
1921	0
1921	147
1921	237
1922	237
1922	10132
1923	195
1923	237
1924	237
1924	10133
1924	10134
1924	10135
1924	10136
1924	10137
1925	237
1925	10132
1926	237
1927	237
1927	10132
1928	238
1928	10138
1928	10139
1928	10140
1928	10141
1928	10142
1929	0
1929	187
1929	10143
1929	10144
1929	10145
1929	10146
1929	10147
1929	10148
1929	10149
1930	238
1930	10150
1930	10151
1930	10152
1931	238
1932	238
1933	238
1933	10153
1933	10154
1933	10155
1933	10156
1934	238
1934	10157
1934	10158
1934	10159
1934	10160
1934	10161
1934	10162
1934	10163
1934	10164
1935	267
1935	4267
1935	10165
1935	10166
1935	10167
1935	10168
1935	10169
1935	10170
1935	10171
1935	10172
1935	10173
1935	10174
1935	10175
1935	10176
1935	10177
1936	201
1936	267
1936	8035
1936	10178
1936	10179
1936	10180
1937	10181
1937	10182
1937	10183
1937	10184
1937	10185
1937	10186
1937	10187
1937	10188
1937	10189
1937	10190
1937	10191
1938	0
1938	15
1938	70
1938	101
1938	107
1938	121
1938	169
1938	208
1938	240
1938	243
1938	246
1938	1938
1938	1939
1938	1940
1938	1941
1938	1964
1938	1969
1939	0
1939	15
1939	41
1939	70
1939	156
1939	169
1939	174
1939	192
1939	202
1939	203
1939	208
1939	213
1939	240
1939	243
1939	246
1939	804
1939	1938
1939	1939
1939	1940
1939	1941
1940	0
1940	15
1940	16
1940	70
1940	169
1940	208
1940	221
1940	240
1940	243
1940	246
1940	1938
1940	1939
1940	1940
1940	1941
1940	1970
1940	7122
1941	0
1941	7
1941	15
1941	32
1941	33
1941	37
1941	70
1941	110
1941	169
1941	208
1941	240
1941	243
1941	246
1941	1897
1941	1938
1941	1939
1941	1940
1941	1941
1941	1966
1943	0
1943	4
1943	15
1943	141
1943	202
1943	241
1943	244
1943	245
1943	1943
1944	10192
1944	10193
1944	10194
1945	10195
1945	10196
1946	10197
1946	10198
1946	10199
1947	10200
1948	0
1948	10201
1948	10202
1948	10203
1948	10204
1948	10205
1949	10206
1949	10207
1950	10208
1950	10209
1950	10210
1950	10211
1950	10212
1950	10213
1950	10214
1950	10215
1950	10216
1950	10217
1950	10218
1950	10219
1950	10220
1951	0
1951	1669
1951	10221
1951	10222
1951	10223
1951	10224
1951	10225
1951	10226
1951	10227
1951	10228
1951	10229
1951	10230
1951	10231
1951	10232
1951	10233
1951	10234
1951	10235
1952	0
1952	1952
1952	10236
1952	10237
1952	10238
1952	10239
1952	10240
1952	10241
1952	10242
1952	10243
1952	10244
1952	10245
1952	10246
1952	10247
1952	10248
1953	10249
1953	10250
1953	10251
1954	10252
1954	10253
1954	10254
1954	10255
1954	10256
1954	10257
1954	10258
1954	10259
1954	10260
1955	0
1955	55
1955	10261
1955	10262
1955	10263
1955	10264
1955	10265
1955	10266
1955	10267
1955	10268
1955	10269
1955	10270
1955	10271
1955	10272
1955	10273
1955	10274
1955	10275
1956	0
1956	4
1956	7
1956	10276
1956	10277
1956	10278
1956	10279
1956	10280
1956	10281
1956	10282
1956	10283
1956	10284
1957	0
1957	10285
1957	10286
1957	10287
1957	10288
1957	10289
1957	10290
1957	10291
1957	10292
1957	10293
1957	10294
1957	10295
1958	1670
1958	1835
1958	10296
1958	10297
1958	10298
1958	10299
1958	10300
1958	10301
1958	10302
1958	10303
1958	10304
1958	10305
1958	10306
1958	10307
1958	10308
1958	10309
1958	10310
1959	997
1959	10301
1959	10311
1959	10312
1959	10313
1959	10314
1959	10315
1959	10316
1959	10317
1959	10318
1959	10319
1959	10320
1959	10321
1959	10322
1959	10323
1959	10324
1959	10325
1959	10326
1960	0
1960	201
1960	1660
1960	1667
1960	1672
1960	1675
1960	1688
1960	1693
1960	1960
1960	7610
1960	7706
1960	7749
1960	7902
1960	8188
1960	8189
1960	10327
1960	10328
1960	10329
1960	10330
1963	10331
1963	10332
1963	10333
1963	10334
1963	10335
1963	10336
1963	10337
1965	10338
1965	10339
1966	192
1966	2742
1967	0
1967	15
1967	1620
1967	1967
1967	2742
1967	7524
1967	7525
1967	7526
1967	7527
1967	7528
1967	7529
1967	10340
1967	10341
1967	10342
1968	10343
1968	10344
1968	10345
1969	0
1969	1
1969	4
1969	7
1969	69
1969	156
1969	202
1969	659
1969	660
1969	661
1969	662
1969	663
1969	664
1969	1897
1969	10346
1969	10347
1969	10348
1969	10349
1969	10350
1969	10351
1969	10352
1969	10353
1969	10354
1969	10355
1970	0
1970	233
1970	1016
1970	1017
1970	1901
1970	3445
1970	3917
1970	10356
1970	10357
1970	10358
1970	10359
1970	10360
1970	10361
1970	10362
1970	10363
1970	10364
1970	10365
1970	10366
1970	10367
1972	0
1972	16
1972	7147
1972	10368
1972	10369
1972	10370
1972	10371
1973	0
1973	1660
1973	1790
1973	1791
1973	1792
1973	1793
1973	1794
1973	1795
1973	1796
1973	1797
1973	1798
1973	1799
1973	1800
1973	1801
1973	1802
1973	1803
1973	1804
1973	1805
1973	1806
1973	1807
1973	1808
1973	1809
1973	1810
1973	1811
1973	1812
1973	1813
1973	1814
1973	1815
1973	1816
1973	1817
1973	1818
1973	1819
1973	1820
1973	1821
1973	1822
1973	1823
1973	1824
1973	1825
1973	1826
1973	1827
1973	1828
1973	1829
1973	1830
1973	1831
1973	1832
1974	0
1974	15
1974	70
1974	101
1974	107
1974	121
1974	169
1974	208
1974	240
1974	243
1974	246
1974	1969
1974	1974
1974	1975
1974	1976
1974	1977
1974	1978
1975	0
1975	15
1975	38
1975	46
1975	70
1975	169
1975	203
1975	208
1975	240
1975	243
1975	246
1975	1250
1975	1897
1975	1974
1975	1975
1975	1976
1975	1977
1975	1978
1976	0
1976	15
1976	53
1976	55
1976	64
1976	70
1976	169
1976	208
1976	221
1976	233
1976	234
1976	240
1976	243
1976	246
1976	862
1976	994
1976	1970
1976	1972
1976	1974
1976	1975
1976	1976
1976	1977
1976	1978
1977	0
1977	12
1977	15
1977	40
1977	70
1977	169
1977	208
1977	240
1977	243
1977	246
1977	1237
1977	1951
1977	1974
1977	1975
1977	1976
1977	1977
1977	1978
1978	0
1978	15
1978	32
1978	37
1978	70
1978	103
1978	110
1978	119
1978	169
1978	208
1978	240
1978	243
1978	246
1978	1974
1978	1975
1978	1976
1978	1977
1978	1978
1979	0
1979	140
1980	16
1980	254
1981	254
1981	1986
1981	1987
1981	1988
1982	16
1982	254
1983	16
1983	254
1983	1980
1983	2007
1984	16
1984	254
1984	1979
1984	1986
1984	10372
1984	10373
1984	10374
1985	16
1985	254
1986	16
1986	254
1987	16
1987	254
1988	16
1988	254
1989	16
1989	249
1989	254
1990	16
1990	254
1992	16
1992	1982
1992	10375
1993	16
1993	1982
1993	10375
1994	16
1994	1982
1994	10375
1995	16
1995	1982
1995	10375
2000	1017
2000	10376
2000	10377
2000	10378
2000	10379
2000	10380
2000	10381
2000	10382
2000	10383
2000	10384
2000	10385
2000	10386
2000	10387
2000	10388
2000	10389
2000	10390
2001	252
2001	255
2001	1470
2001	2001
2001	2002
2001	2003
2001	2004
2002	255
2002	2002
2002	2005
2003	255
2003	2003
2003	2005
2004	255
2004	2002
2004	2003
2004	2004
2006	16
2006	254
2006	10391
2006	10392
2007	16
2007	10393
2007	10394
2007	10395
2007	10396
2007	10397
2009	16
2009	254
2009	2005
2009	10398
2009	10399
2009	10400
2009	10401
2009	10402
2009	10403
2009	10404
2009	10405
2009	10406
2009	10407
2009	10408
2009	10409
2009	10410
2009	10411
2009	10412
2009	10413
2009	10414
2009	10415
2009	10416
2009	10417
2009	10418
2009	10419
2009	10420
2009	10421
2009	10422
2009	10423
2009	10424
2009	10425
2009	10426
2009	10427
2009	10428
2009	10429
2009	10430
2009	10431
2009	10432
2009	10433
2009	10434
2009	10435
2009	10436
2009	10437
2009	10438
2009	10439
2009	10440
2009	10441
2009	10442
2009	10443
2009	10444
2009	10445
2009	10446
2009	10447
2009	10448
2009	10449
2009	10450
2009	10451
2009	10452
2009	10453
2009	10454
2009	10455
2009	10456
2009	10457
2009	10458
2009	10459
2009	10460
2009	10461
2009	10462
2009	10463
2009	10464
2009	10465
2009	10466
2009	10467
2009	10468
2009	10469
2009	10470
2009	10471
2009	10472
2009	10473
2009	10474
2009	10475
2009	10476
2009	10477
2009	10478
2009	10479
2009	10480
2009	10481
2009	10482
2009	10483
2009	10484
2009	10485
2009	10486
2009	10487
2009	10488
2009	10489
2009	10490
2009	10491
2009	10492
2009	10493
2009	10494
2009	10495
2009	10496
2009	10497
2009	10498
2009	10499
2009	10500
2009	10501
2009	10502
2009	10503
2009	10504
2009	10505
2009	10506
2009	10507
2009	10508
2009	10509
2009	10510
2009	10511
2009	10512
2009	10513
2009	10514
2009	10515
2009	10516
2009	10517
2009	10518
2009	10519
2010	257
2011	17
2011	258
2011	259
2011	260
2011	261
2011	262
2011	263
2011	2013
2011	10520
2012	17
2012	258
2012	259
2012	260
2012	261
2012	262
2012	2013
2012	10521
2013	17
2013	258
2013	259
2013	260
2013	261
2013	262
2013	2013
2014	17
2014	258
2014	259
2014	260
2014	261
2014	262
2014	2013
2014	10522
2014	10523
2014	10524
2014	10525
2014	10526
2014	10527
2014	10528
2015	17
2015	258
2015	259
2015	260
2015	261
2015	262
2015	2013
2016	1
2016	258
2016	259
2016	260
2016	261
2016	262
2016	265
2016	2013
2017	1
2017	258
2017	259
2017	260
2017	261
2017	262
2017	264
2017	265
2017	10529
2018	2263
2018	2264
2018	2265
2027	10530
2027	10531
2027	10532
2028	17
2095	303
2119	0
2119	1
2120	10533
2120	10534
2126	10535
2126	10536
2126	10537
2126	10538
2126	10539
2126	10540
2126	10541
2126	10542
2126	10543
2126	10544
2126	10545
2126	10546
2126	10547
2126	10548
2126	10549
2132	10550
2140	10551
2148	1
2148	327
2148	2149
2148	2150
2148	2151
2148	2152
2149	1
2149	327
2149	2148
2149	2150
2149	2151
2149	2152
2150	1
2150	327
2150	2148
2150	2149
2150	2151
2150	2152
2150	10552
2150	10553
2151	1
2151	327
2151	2148
2151	2149
2151	2150
2151	2152
2152	1
2152	327
2152	2148
2152	2149
2152	2150
2152	2151
2153	0
2153	38
2153	10554
2171	2171
2171	2172
2177	10555
2177	10556
2180	340
2180	2180
2180	2181
2180	2182
2180	2183
2180	2184
2180	10557
2181	0
2181	135
2181	205
2181	340
2181	1160
2181	2180
2181	2181
2181	2182
2181	2183
2181	2184
2181	10558
2181	10559
2181	10560
2181	10561
2181	10562
2181	10563
2182	340
2182	2180
2182	2181
2182	2182
2182	2183
2182	2184
2182	3440
2183	340
2183	2180
2183	2181
2183	2182
2183	2183
2183	2184
2184	340
2184	2180
2184	2181
2184	2182
2184	2183
2184	2184
2187	341
2188	10564
2188	10565
2189	0
2189	39
2189	2191
2189	10566
2189	10567
2189	10568
2189	10569
2192	10570
2192	10571
2193	0
2193	2192
2193	10572
2193	10573
2193	10574
2193	10575
2193	10576
2195	2194
2195	10577
2195	10578
2195	10579
2195	10580
2195	10581
2195	10582
2195	10583
2198	630
2198	10584
2199	2198
2199	10585
2199	10586
2199	10587
2199	10588
2199	10589
2199	10590
2202	0
2202	10591
2202	10592
2202	10593
2202	10594
2202	10595
2202	10596
2202	10597
2202	10598
2202	10599
2202	10600
2202	10601
2202	10602
2202	10603
2202	10604
2202	10605
2205	0
2205	39
2205	2207
2205	10606
2205	10607
2205	10608
2205	10609
2210	10610
2211	10611
2213	0
2214	2707
2215	2215
2217	10611
2217	10612
2217	10613
2217	10614
2217	10615
2217	10616
2219	0
2219	358
2219	2219
2219	2220
2219	2221
2219	2222
2219	2223
2219	2224
2220	0
2220	358
2220	2219
2220	2220
2220	2221
2220	2222
2220	2223
2220	2224
2221	0
2221	358
2221	2219
2221	2220
2221	2221
2221	2222
2221	2223
2221	2224
2221	10617
2222	0
2222	358
2222	2219
2222	2220
2222	2221
2222	2222
2222	2223
2222	2224
2222	10618
2222	10619
2222	10620
2222	10621
2222	10622
2223	0
2223	358
2223	2219
2223	2220
2223	2221
2223	2222
2223	2223
2223	2224
2223	10619
2223	10623
2223	10624
2223	10625
2223	10626
2237	364
2237	2235
2237	2236
2237	2238
2237	2239
2237	2240
2238	0
2238	17
2238	39
2238	364
2238	2235
2238	2236
2238	2237
2238	2239
2238	2240
2238	10627
2238	10628
2238	10629
2238	10630
2239	364
2239	2235
2239	2236
2239	2237
2239	2238
2239	2240
2240	364
2240	2235
2240	2236
2240	2237
2240	2238
2240	2239
2243	366
2243	2250
2244	366
2245	366
2245	2250
2246	366
2246	10631
2247	366
2248	366
2249	366
2249	2250
2250	366
2251	366
2252	366
2252	2250
2252	2254
2253	366
2253	2250
2254	366
2254	2250
2255	366
2255	2250
2256	366
2256	2250
2257	366
2257	2250
2264	2263
2264	10632
2264	10633
2264	10634
2264	10635
2264	10636
2264	10637
2264	10638
2264	10639
2264	10640
2264	10641
2282	0
2282	195
2282	377
2282	2283
2282	10642
2283	0
2283	195
2283	377
2283	2283
2284	0
2284	195
2284	377
2284	2284
2285	0
2285	195
2285	377
2310	391
2310	2310
2310	2311
2310	2312
2310	2313
2310	2314
2310	2315
2310	2316
2310	2317
2310	2318
2310	2319
2310	10643
2311	391
2311	2310
2311	2311
2311	2312
2311	2313
2311	2314
2311	2315
2311	2316
2311	2317
2311	2318
2311	2319
2311	10643
2311	10644
2311	10645
2311	10646
2311	10647
2311	10648
2311	10649
2312	391
2312	2310
2312	2311
2312	2312
2312	2313
2312	2314
2312	2315
2312	2316
2312	2317
2312	2318
2312	2319
2312	10643
2313	391
2313	2310
2313	2311
2313	2312
2313	2313
2313	2314
2313	2315
2313	2316
2313	2317
2313	2318
2313	2319
2313	10643
2314	391
2314	2310
2314	2311
2314	2312
2314	2313
2314	2314
2314	2315
2314	2316
2314	2317
2314	2318
2314	2319
2314	10643
2315	391
2315	2310
2315	2311
2315	2312
2315	2313
2315	2314
2315	2315
2315	2316
2315	2317
2315	2318
2315	2319
2315	10643
2316	391
2316	2310
2316	2311
2316	2312
2316	2313
2316	2314
2316	2315
2316	2316
2316	2317
2316	2318
2316	2319
2316	10643
2316	10650
2317	391
2317	2310
2317	2311
2317	2312
2317	2313
2317	2314
2317	2315
2317	2316
2317	2317
2317	2318
2317	2319
2317	10643
2318	1
2318	35
2318	39
2318	124
2318	127
2318	135
2318	144
2318	158
2318	160
2318	201
2318	205
2318	210
2318	219
2318	391
2318	713
2318	955
2318	1155
2318	1192
2318	2310
2318	2311
2318	2312
2318	2313
2318	2314
2318	2315
2318	2316
2318	2317
2318	2318
2318	2319
2318	4261
2318	10643
2318	10651
2318	10652
2318	10653
2318	10654
2318	10655
2318	10656
2318	10657
2318	10658
2318	10659
2318	10660
2318	10661
2318	10662
2318	10663
2318	10664
2318	10665
2318	10666
2318	10667
2319	391
2319	2310
2319	2311
2319	2312
2319	2313
2319	2314
2319	2315
2319	2316
2319	2317
2319	2318
2319	2319
2319	10643
2323	2322
2323	10668
2323	10669
2323	10670
2323	10671
2323	10672
2323	10673
2323	10674
2325	2324
2325	10675
2325	10676
2325	10677
2325	10678
2328	0
2328	39
2328	2328
2328	2329
2328	2330
2328	2331
2328	2332
2328	2333
2328	2335
2328	2336
2328	2337
2328	2338
2328	2339
2328	2340
2328	10679
2328	10680
2328	10681
2328	10682
2329	0
2329	39
2329	2328
2329	2329
2329	2330
2329	2331
2329	2332
2329	2333
2329	2335
2329	2336
2329	2337
2329	2338
2329	2339
2329	2340
2330	0
2330	39
2330	2328
2330	2329
2330	2330
2330	2331
2330	2332
2330	2333
2330	2335
2330	2336
2330	2337
2330	2338
2330	2339
2330	2340
2331	0
2331	39
2331	2327
2331	2328
2331	2329
2331	2330
2331	2331
2331	2332
2331	2333
2331	2335
2331	2336
2331	2337
2331	2338
2331	2339
2331	2340
2331	2742
2331	10683
2331	10684
2332	0
2332	39
2332	2328
2332	2329
2332	2330
2332	2331
2332	2332
2332	2333
2332	2335
2332	2336
2332	2337
2332	2338
2332	2339
2332	2340
2333	0
2333	39
2333	2328
2333	2329
2333	2330
2333	2331
2333	2332
2333	2333
2333	2334
2333	2335
2333	2336
2333	2337
2333	2338
2333	2339
2333	2340
2333	10685
2335	0
2335	39
2335	2327
2335	2328
2335	2329
2335	2330
2335	2331
2335	2332
2335	2333
2335	2334
2335	2335
2335	2336
2335	2337
2335	2338
2335	2339
2335	2340
2336	0
2336	39
2336	2328
2336	2329
2336	2330
2336	2331
2336	2332
2336	2333
2336	2335
2336	2336
2336	2337
2336	2338
2336	2339
2336	2340
2336	10686
2337	0
2337	39
2337	2328
2337	2329
2337	2330
2337	2331
2337	2332
2337	2333
2337	2335
2337	2336
2337	2337
2337	2338
2337	2339
2337	2340
2337	10686
2337	10687
2338	0
2338	39
2338	124
2338	205
2338	219
2338	2328
2338	2329
2338	2330
2338	2331
2338	2332
2338	2333
2338	2335
2338	2336
2338	2337
2338	2338
2338	2339
2338	2340
2338	10688
2338	10689
2338	10690
2339	0
2339	39
2339	2328
2339	2329
2339	2330
2339	2331
2339	2332
2339	2333
2339	2335
2339	2336
2339	2337
2339	2338
2339	2339
2339	2340
2340	0
2340	39
2340	2328
2340	2329
2340	2330
2340	2331
2340	2332
2340	2333
2340	2335
2340	2336
2340	2337
2340	2338
2340	2339
2340	2340
2340	10691
2340	10692
2340	10693
2340	10694
2340	10695
2340	10696
2361	10697
2448	1160
2448	10698
2456	453
2456	2456
2456	2458
2456	2459
2456	2460
2456	2461
2456	2463
2456	2464
2456	2465
2456	2466
2456	2467
2456	2468
2456	2469
2457	453
2457	2461
2458	453
2458	2456
2458	2459
2458	2460
2458	2461
2458	2462
2458	2463
2458	2464
2458	2465
2458	2466
2458	2467
2458	2468
2458	2469
2459	453
2459	2456
2459	2458
2459	2460
2459	2461
2459	2462
2459	2463
2459	2464
2459	2465
2459	2466
2459	2467
2459	2468
2459	2469
2460	453
2460	2456
2460	2458
2460	2459
2460	2461
2460	2462
2460	2463
2460	2464
2460	2465
2460	2466
2460	2467
2460	2468
2460	2469
2460	2742
2460	10699
2460	10700
2460	10701
2460	10702
2461	453
2461	2456
2461	2457
2461	2458
2461	2459
2461	2460
2461	2462
2461	2463
2461	2464
2461	2465
2461	2466
2461	2467
2461	2468
2461	2469
2462	453
2462	2456
2462	2458
2462	2459
2462	2460
2462	2461
2462	2463
2462	2464
2462	2465
2462	2466
2462	2467
2462	2468
2462	2469
2463	453
2463	2456
2463	2458
2463	2459
2463	2460
2463	2461
2463	2462
2463	2464
2463	2465
2463	2466
2463	2467
2463	2468
2463	2469
2463	10703
2463	10704
2463	10705
2463	10706
2463	10707
2463	10708
2463	10709
2463	10710
2464	0
2464	1
2464	35
2464	39
2464	124
2464	127
2464	140
2464	205
2464	210
2464	216
2464	217
2464	453
2464	490
2464	528
2464	572
2464	578
2464	1155
2464	2456
2464	2458
2464	2459
2464	2460
2464	2461
2464	2462
2464	2463
2464	2465
2464	2466
2464	2467
2464	2468
2464	2469
2464	4261
2464	10563
2464	10690
2464	10704
2464	10705
2464	10706
2464	10707
2464	10708
2464	10709
2464	10710
2464	10711
2464	10712
2464	10713
2464	10714
2464	10715
2464	10716
2464	10717
2464	10718
2464	10719
2464	10720
2464	10721
2464	10722
2464	10723
2464	10724
2464	10725
2464	10726
2464	10727
2464	10728
2464	10729
2464	10730
2464	10731
2464	10732
2464	10733
2464	10734
2464	10735
2464	10736
2465	453
2465	2456
2465	2458
2465	2459
2465	2460
2465	2461
2465	2462
2465	2463
2465	2464
2465	2466
2465	2467
2465	2468
2465	2469
2465	10737
2466	453
2466	2456
2466	2458
2466	2459
2466	2460
2466	2461
2466	2462
2466	2463
2466	2464
2466	2465
2466	2467
2466	2468
2466	2469
2467	453
2467	2456
2467	2458
2467	2459
2467	2460
2467	2461
2467	2462
2467	2463
2467	2464
2467	2465
2467	2466
2467	2468
2467	2469
2468	453
2468	2456
2468	2458
2468	2459
2468	2460
2468	2461
2468	2462
2468	2463
2468	2464
2468	2465
2468	2466
2468	2467
2468	2469
2469	453
2469	2456
2469	2458
2469	2459
2469	2460
2469	2461
2469	2462
2469	2463
2469	2464
2469	2465
2469	2466
2469	2467
2469	2468
2488	0
2488	1
2488	464
2488	2489
2488	2491
2488	2492
2488	2493
2488	2494
2489	0
2489	1
2489	464
2489	2488
2489	2489
2489	2491
2489	2492
2489	2493
2489	2494
2490	464
2490	2488
2490	2489
2490	2491
2490	2492
2490	2494
2490	10738
2490	10739
2491	0
2491	1
2491	20
2491	21
2491	37
2491	38
2491	39
2491	45
2491	121
2491	124
2491	127
2491	135
2491	142
2491	464
2491	1155
2491	2488
2491	2489
2491	2491
2491	2492
2491	2493
2491	2494
2491	4261
2491	10563
2491	10667
2491	10690
2491	10722
2491	10726
2491	10740
2491	10741
2491	10742
2491	10743
2491	10744
2492	0
2492	1
2492	464
2492	2488
2492	2489
2492	2491
2492	2492
2492	2493
2492	2494
2492	10738
2492	10745
2492	10746
2493	0
2493	1
2493	464
2493	2488
2493	2489
2493	2491
2493	2492
2493	2494
2494	0
2494	1
2494	20
2494	464
2494	2488
2494	2489
2494	2491
2494	2492
2494	2493
2494	10747
2494	10748
2494	10749
2494	10750
2494	10751
2494	10752
2494	10753
2494	10754
2494	10755
2494	10756
2494	10757
2494	10758
2494	10759
2494	10760
2494	10761
2501	17
2506	0
2506	1
2506	19
2506	20
2506	469
2506	2505
2506	2507
2506	2508
2506	2509
2506	2510
2506	2511
2506	2512
2506	2514
2506	10762
2508	469
2508	2509
2508	2510
2508	2511
2508	2512
2508	2514
2509	469
2509	2508
2509	2510
2509	2511
2509	2512
2509	2514
2509	10763
2509	10764
2510	469
2510	2508
2510	2509
2510	2511
2510	2512
2510	2514
2511	469
2511	2508
2511	2509
2511	2510
2511	2512
2511	2514
2511	10765
2512	469
2512	2508
2512	2509
2512	2510
2512	2511
2512	2512
2512	2514
2520	2519
2520	10766
2520	10767
2534	479
2534	10768
2534	10769
2534	10770
2534	10771
2534	10772
2534	10773
2534	10774
2534	10775
2534	10776
2534	10777
2534	10778
2535	2534
2535	10779
2535	10780
2535	10781
2536	2534
2536	10780
2536	10781
2536	10782
2536	10783
2552	10784
2552	10785
2553	10785
2562	0
2562	1
2562	10786
2562	10787
2562	10788
2562	10789
2562	10790
2562	10791
2562	10792
2562	10793
2563	0
2563	2564
2563	10794
2564	10795
2564	10796
2564	10797
2564	10798
2564	10799
2584	0
2584	2742
2584	10800
2584	10801
2584	10802
2584	10803
2584	10804
2584	10805
2584	10806
2584	10807
2584	10808
2585	10809
2585	10810
2586	0
2586	20
2586	2585
2586	10809
2586	10810
2586	10811
2586	10812
2597	10813
2598	10814
2598	10815
2598	10816
2598	10817
2598	10818
2598	10819
2598	10820
2598	10821
2598	10822
2598	10823
2598	10824
2598	10825
2598	10826
2616	0
2616	39
2616	10827
2629	521
2630	521
2630	2630
2630	2631
2631	17
2631	521
2631	584
2631	2629
2631	2630
2631	2631
2631	2634
2631	2636
2632	521
2632	2631
2632	2633
2632	2637
2633	521
2633	2629
2633	2631
2633	2634
2633	2636
2633	2637
2634	1
2634	521
2634	586
2634	2634
2634	10828
2634	10829
2635	20
2635	521
2635	2635
2636	521
2636	2630
2636	2631
2636	2633
2637	47
2637	189
2637	521
2637	890
2637	2630
2637	2632
2637	2637
2648	0
2649	2651
2649	10830
2649	10831
2649	10832
2649	10833
2649	10834
2649	10835
2649	10836
2649	10837
2656	0
2656	1
2656	39
2657	10838
2657	10839
2696	0
2696	555
2696	2696
2696	2697
2696	2698
2696	2699
2696	2700
2697	0
2697	555
2697	2696
2697	2697
2697	2698
2697	2699
2697	2700
2698	0
2698	555
2698	2696
2698	2697
2698	2698
2698	2699
2698	2700
2699	0
2699	555
2699	2696
2699	2697
2699	2698
2699	2699
2699	2700
2700	0
2700	555
2700	2696
2700	2697
2700	2698
2700	2699
2700	2700
2703	0
2703	557
2703	2704
2703	2705
2703	2706
2704	0
2704	557
2704	2703
2704	2704
2704	2705
2704	2706
2705	0
2705	557
2705	2703
2705	2704
2705	2706
2706	0
2706	557
2706	2703
2706	2704
2706	2705
2707	0
2707	7
2707	17
2707	18
2707	19
2707	20
2707	21
2707	22
2707	23
2707	24
2707	25
2707	26
2707	27
2707	28
2707	29
2707	30
2707	31
2707	32
2707	33
2707	34
2707	35
2707	36
2707	37
2707	38
2707	39
2708	0
2708	557
2708	2704
2708	2705
2708	2706
2709	0
2709	557
2709	2703
2709	2704
2709	2706
2710	0
2710	557
2710	2703
2710	2704
2710	2705
2711	559
2711	2711
2711	2712
2711	2713
2711	2714
2711	2715
2711	2716
2711	2717
2711	2718
2711	2719
2712	559
2712	2711
2712	2712
2712	2713
2712	2714
2712	2715
2712	2716
2712	2717
2712	2718
2712	2719
2713	559
2713	2711
2713	2712
2713	2713
2713	2714
2713	2715
2713	2716
2713	2717
2713	2718
2713	2719
2714	559
2714	2711
2714	2712
2714	2713
2714	2714
2714	2715
2714	2716
2714	2717
2714	2718
2714	2719
2715	559
2715	2711
2715	2712
2715	2713
2715	2714
2715	2715
2715	2716
2715	2717
2715	2718
2715	2719
2716	559
2716	2711
2716	2712
2716	2713
2716	2714
2716	2715
2716	2716
2716	2717
2716	2718
2716	2719
2716	2742
2716	10840
2716	10841
2716	10842
2717	559
2717	2711
2717	2712
2717	2713
2717	2714
2717	2715
2717	2716
2717	2717
2717	2718
2717	2719
2718	559
2718	2711
2718	2712
2718	2713
2718	2714
2718	2715
2718	2716
2718	2717
2718	2718
2718	2719
2719	559
2719	2711
2719	2712
2719	2713
2719	2714
2719	2715
2719	2716
2719	2717
2719	2718
2719	2719
2720	560
2720	10843
2721	560
2723	560
2724	560
2725	10844
2726	560
2727	560
2727	2721
2744	2745
2744	10845
2744	10846
2744	10847
2744	10848
2747	0
2747	20
2747	2746
2747	10849
2747	10850
2747	10851
2749	10852
2750	10852
2751	2752
2751	10853
2751	10854
2751	10855
2751	10856
2753	0
2754	566
2754	2753
2754	10857
2754	10858
2754	10859
2754	10860
2754	10861
2755	0
2755	567
2755	2755
2755	2756
2755	2757
2756	0
2756	35
2756	124
2756	127
2756	135
2756	144
2756	158
2756	160
2756	195
2756	201
2756	205
2756	210
2756	219
2756	567
2756	713
2756	955
2756	1155
2756	2755
2756	2756
2756	2757
2756	4261
2756	10652
2756	10661
2756	10662
2756	10663
2756	10664
2756	10665
2756	10666
2756	10667
2756	10862
2756	10863
2756	10864
2756	10865
2756	10866
2756	10867
2757	567
2757	2755
2757	2756
2757	2757
2759	10868
2759	10869
2759	10870
2759	10871
2759	10872
2760	569
2761	10873
2761	10874
2762	569
2763	569
2764	0
2764	358
2764	2219
2764	2220
2764	2221
2764	2222
2764	2223
2764	2224
2765	0
2765	39
2765	2327
2765	2328
2765	2329
2765	2330
2765	2331
2765	2332
2765	2333
2765	2334
2765	2335
2765	2336
2765	2337
2765	2338
2765	2339
2765	2340
2767	2768
2767	10875
2767	10876
2767	10877
2767	10878
2767	10879
2767	10880
2768	0
2768	19
2768	39
2768	10876
2768	10877
2768	10878
2768	10879
2768	10880
2768	10881
2768	10882
2772	0
2772	2770
2772	10883
2772	10884
2772	10885
2772	10886
2772	10887
2772	10888
2772	10889
2772	10890
2773	574
2773	2707
2773	10891
2773	10892
2773	10893
2773	10894
2773	10895
2775	0
2775	2773
2775	10891
2775	10892
2775	10893
2775	10894
2775	10896
2777	576
2777	2777
2777	10897
2778	10898
2779	10899
2779	10900
2781	10901
2781	10902
2782	576
2783	576
2784	576
2784	10903
2784	10904
2784	10905
2784	10906
2784	10907
2784	10908
2784	10909
2784	10910
2784	10911
2784	10912
2785	576
2786	576
2787	576
2787	2787
2788	576
2789	0
2789	1
2789	21
2789	583
2789	584
2789	585
2789	586
2789	587
2789	588
2789	589
2789	590
2789	591
2790	0
2790	1
2790	21
2790	583
2790	584
2790	585
2790	586
2790	587
2790	588
2790	589
2790	590
2790	591
2790	2789
2791	0
2791	1
2791	17
2791	19
2791	20
2791	21
2791	23
2791	24
2791	25
2791	27
2791	29
2791	600
2791	601
2791	602
2791	603
2791	604
2791	605
2791	606
2791	607
2791	608
2791	609
2791	610
2791	611
2791	612
2791	613
2791	614
2796	0
2796	1
2796	21
2796	583
2796	584
2796	585
2796	586
2796	587
2796	588
2796	589
2796	590
2796	591
2796	2789
2796	2797
2796	2804
2796	10913
2796	10914
2796	10915
2796	10916
2796	10917
2796	10918
2796	10919
2796	10920
2796	10921
2796	10922
2796	10923
2796	10924
2796	10925
2796	10926
2797	0
2797	1
2797	21
2797	583
2797	584
2797	585
2797	586
2797	587
2797	588
2797	589
2797	590
2797	591
2797	2789
2798	0
2798	1
2798	21
2798	583
2798	584
2798	585
2798	586
2798	587
2798	588
2798	589
2798	590
2798	591
2798	2742
2798	2789
2798	10927
2799	0
2799	1
2799	21
2799	583
2799	584
2799	585
2799	586
2799	587
2799	588
2799	589
2799	590
2799	591
2799	2742
2799	2789
2799	10928
2801	0
2801	1
2801	21
2801	583
2801	584
2801	585
2801	586
2801	587
2801	588
2801	589
2801	590
2801	591
2801	2789
2802	0
2802	1
2802	21
2802	583
2802	584
2802	585
2802	586
2802	587
2802	588
2802	589
2802	590
2802	591
2802	10929
2804	0
2804	1
2804	21
2804	583
2804	584
2804	585
2804	586
2804	587
2804	588
2804	589
2804	590
2804	591
2804	2789
2804	2796
2804	2797
2804	2801
2805	10930
2807	2806
2808	0
2808	1
2808	17
2808	19
2808	20
2808	21
2808	23
2808	24
2808	25
2808	27
2808	29
2808	594
2808	595
2808	596
2809	0
2809	1
2809	17
2809	19
2809	20
2809	21
2809	23
2809	24
2809	25
2809	27
2809	29
2809	594
2809	595
2809	596
2810	0
2810	1
2810	17
2810	19
2810	20
2810	21
2810	23
2810	24
2810	25
2810	27
2810	29
2810	594
2810	595
2810	596
2811	0
2811	1
2811	17
2811	19
2811	20
2811	21
2811	23
2811	24
2811	25
2811	27
2811	29
2811	594
2811	595
2811	596
2812	0
2812	1
2812	17
2812	19
2812	20
2812	21
2812	23
2812	24
2812	25
2812	27
2812	29
2812	594
2812	595
2812	596
2814	0
2814	1
2814	17
2814	19
2814	20
2814	21
2814	23
2814	24
2814	25
2814	27
2814	29
2814	594
2814	595
2814	596
2815	0
2815	1
2815	17
2815	19
2815	20
2815	21
2815	23
2815	24
2815	25
2815	27
2815	29
2815	594
2815	595
2815	596
2815	2815
2816	0
2816	1
2816	17
2816	19
2816	20
2816	21
2816	23
2816	24
2816	25
2816	27
2816	29
2816	594
2816	595
2816	596
2817	0
2817	1
2817	17
2817	19
2817	20
2817	21
2817	23
2817	24
2817	25
2817	27
2817	29
2817	594
2817	595
2817	596
2818	0
2818	1
2818	17
2818	19
2818	20
2818	21
2818	23
2818	24
2818	25
2818	27
2818	29
2818	594
2818	595
2818	596
2818	10931
2820	0
2820	1
2820	17
2820	19
2820	20
2820	21
2820	23
2820	24
2820	25
2820	27
2820	29
2820	594
2820	595
2820	596
2820	10932
2821	0
2821	1
2821	17
2821	19
2821	20
2821	21
2821	23
2821	24
2821	25
2821	27
2821	29
2821	594
2821	595
2821	596
2821	10933
2821	10934
2821	10935
2821	10936
2821	10937
2821	10938
2821	10939
2821	10940
2821	10941
2821	10942
2821	10943
2821	10944
2822	0
2822	1
2822	17
2822	19
2822	20
2822	21
2822	23
2822	24
2822	25
2822	27
2822	29
2822	594
2822	595
2822	596
2824	2825
2824	10945
2824	10946
2824	10947
2824	10948
2824	10949
2824	10950
2824	10951
2824	10952
2824	10953
2839	0
2839	1
2839	17
2839	19
2839	20
2839	21
2839	23
2839	24
2839	25
2839	27
2839	29
2839	603
2839	604
2839	605
2839	606
2839	608
2839	609
2839	610
2839	611
2839	612
2839	613
2839	614
2839	2839
2839	2840
2839	2841
2840	0
2840	1
2840	17
2840	19
2840	20
2840	21
2840	23
2840	24
2840	25
2840	27
2840	29
2840	603
2840	604
2840	605
2840	606
2840	608
2840	609
2840	610
2840	611
2840	612
2840	613
2840	614
2840	2839
2840	2840
2840	2841
2841	0
2841	1
2841	17
2841	19
2841	20
2841	21
2841	23
2841	24
2841	25
2841	27
2841	29
2841	603
2841	604
2841	605
2841	606
2841	608
2841	609
2841	610
2841	611
2841	612
2841	613
2841	614
2841	2839
2841	2840
2841	2841
2842	0
2842	1
2842	17
2842	19
2842	20
2842	21
2842	23
2842	24
2842	25
2842	27
2842	29
2842	603
2842	604
2842	605
2842	606
2842	608
2842	609
2842	610
2842	611
2842	612
2842	613
2842	614
2842	2842
2843	0
2843	1
2843	17
2843	19
2843	20
2843	21
2843	23
2843	24
2843	25
2843	27
2843	29
2843	603
2843	604
2843	605
2843	606
2843	608
2843	609
2843	610
2843	611
2843	612
2843	613
2843	614
2843	2843
2844	0
2844	1
2844	17
2844	19
2844	20
2844	21
2844	23
2844	24
2844	25
2844	27
2844	29
2844	603
2844	604
2844	605
2844	606
2844	608
2844	609
2844	610
2844	611
2844	612
2844	613
2844	614
2844	2844
2846	0
2846	1
2846	29
2846	617
2846	618
2846	619
2846	620
2846	623
2846	624
2846	625
2846	628
2846	2858
2846	10954
2846	10955
2846	10956
2847	0
2847	1
2847	29
2847	617
2847	618
2847	619
2847	620
2847	622
2847	623
2847	624
2847	625
2847	628
2847	7446
2851	0
2851	1
2851	29
2851	617
2851	618
2851	619
2851	620
2851	623
2851	624
2851	625
2851	628
2851	2860
2851	10957
2852	622
2855	0
2855	1
2855	29
2855	617
2855	618
2855	619
2855	620
2855	622
2855	623
2855	624
2855	625
2855	628
2858	0
2858	1
2858	12
2858	29
2858	617
2858	618
2858	619
2858	620
2858	623
2858	624
2858	625
2858	628
2858	2859
2859	0
2859	1
2859	29
2859	617
2859	618
2859	619
2859	620
2859	623
2859	624
2859	625
2859	628
2860	0
2860	1
2860	29
2860	163
2860	617
2860	618
2860	619
2860	620
2860	623
2860	624
2860	625
2860	628
2860	2861
2860	10958
2861	0
2861	1
2861	29
2861	617
2861	618
2861	619
2861	620
2861	623
2861	624
2861	625
2861	628
2861	2846
2863	0
2863	1
2863	29
2863	617
2863	618
2863	619
2863	620
2863	623
2863	624
2863	625
2863	628
2863	2868
2864	0
2864	1
2864	29
2864	617
2864	618
2864	619
2864	620
2864	623
2864	624
2864	625
2864	628
2864	10959
2864	10960
2864	10961
2864	10962
2864	10963
2864	10964
2864	10965
2864	10966
2864	10967
2865	0
2865	1
2865	29
2865	617
2865	618
2865	619
2865	620
2865	623
2865	624
2865	625
2865	628
2865	2866
2865	10968
2865	10969
2865	10970
2865	10971
2866	0
2866	1
2866	29
2866	617
2866	618
2866	619
2866	620
2866	623
2866	624
2866	625
2866	628
2866	2867
2867	0
2867	1
2867	29
2867	617
2867	618
2867	619
2867	620
2867	623
2867	624
2867	625
2867	628
2867	2869
2868	0
2868	1
2868	29
2868	617
2868	618
2868	619
2868	620
2868	623
2868	624
2868	625
2868	628
2868	2864
2869	0
2869	1
2869	29
2869	617
2869	618
2869	619
2869	620
2869	623
2869	624
2869	625
2869	628
2869	2863
2870	0
2870	1
2870	29
2870	617
2870	618
2870	619
2870	620
2870	623
2870	624
2870	625
2870	628
2870	2871
2870	2872
2870	2873
2870	2874
2870	2875
2870	2876
2870	10972
2871	0
2871	1
2871	29
2871	617
2871	618
2871	619
2871	620
2871	623
2871	624
2871	625
2871	628
2871	2870
2871	2872
2871	2873
2871	2874
2871	2875
2871	2876
2871	10973
2872	0
2872	1
2872	29
2872	617
2872	618
2872	619
2872	620
2872	623
2872	624
2872	625
2872	628
2872	2870
2872	2871
2872	2873
2872	2874
2872	2875
2872	2876
2872	10974
2873	0
2873	1
2873	29
2873	617
2873	618
2873	619
2873	620
2873	623
2873	624
2873	625
2873	628
2873	2870
2873	2871
2873	2872
2873	2874
2873	2875
2873	2876
2873	10975
2874	0
2874	1
2874	29
2874	617
2874	618
2874	619
2874	620
2874	623
2874	624
2874	625
2874	628
2874	2870
2874	2871
2874	2872
2874	2873
2874	2875
2874	2876
2874	10976
2875	0
2875	1
2875	29
2875	617
2875	618
2875	619
2875	620
2875	623
2875	624
2875	625
2875	628
2875	2870
2875	2871
2875	2872
2875	2873
2875	2874
2875	2876
2875	10977
2876	0
2876	1
2876	29
2876	617
2876	618
2876	619
2876	620
2876	623
2876	624
2876	625
2876	628
2876	2870
2876	2871
2876	2872
2876	2873
2876	2874
2876	2875
2876	10978
2878	630
2881	131
2881	2880
2881	10979
2881	10980
2881	10981
2881	10982
2881	10983
2881	10984
2881	10985
2883	160
2884	131
2884	2883
2884	10986
2884	10987
2884	10988
2884	10989
2884	10990
2886	162
2887	131
2887	2886
2887	10991
2887	10992
2887	10993
2887	10994
2887	10995
2887	10996
2887	10997
2887	10998
2887	10999
2887	11000
2887	11001
2893	35
2893	653
2893	11002
2893	11003
2893	11004
2893	11005
2893	11006
2893	11007
2894	35
2894	653
2894	11008
2894	11009
2894	11010
2894	11011
2894	11012
2894	11013
2894	11014
2894	11015
2894	11016
2894	11017
2895	35
2895	653
2895	11018
2895	11019
2895	11020
2895	11021
2895	11022
2895	11023
2895	11024
2895	11025
2896	35
2896	11026
2896	11027
2896	11028
2896	11029
2896	11030
2896	11031
2896	11032
2896	11033
2897	35
2897	653
2897	11034
2897	11035
2897	11036
2897	11037
2897	11038
2897	11039
2897	11040
2897	11041
2898	35
2898	653
2898	11042
2898	11043
2898	11044
2898	11045
2898	11046
2898	11047
2898	11048
2898	11049
2898	11050
2898	11051
2899	35
2899	653
2899	11052
2899	11053
2899	11054
2899	11055
2899	11056
2899	11057
2899	11058
2899	11059
2899	11060
2899	11061
2899	11062
2899	11063
2900	35
2900	653
2900	11064
2900	11065
2900	11066
2900	11067
2900	11068
2900	11069
2901	35
2901	653
2901	11070
2901	11071
2901	11072
2901	11073
2901	11074
2901	11075
2901	11076
2901	11077
2901	11078
2902	35
2902	653
2902	11079
2902	11080
2902	11081
2902	11082
2902	11083
2902	11084
2902	11085
2903	35
2903	653
2903	11086
2903	11087
2903	11088
2903	11089
2903	11090
2903	11091
2903	11092
2903	11093
2903	11094
2903	11095
2903	11096
2904	35
2904	653
2904	11097
2904	11098
2904	11099
2904	11100
2904	11101
2904	11102
2904	11103
2905	35
2905	653
2905	11104
2905	11105
2905	11106
2905	11107
2905	11108
2905	11109
2905	11110
2905	11111
2905	11112
2905	11113
2906	35
2906	653
2906	11063
2906	11114
2906	11115
2906	11116
2906	11117
2906	11118
2906	11119
2906	11120
2906	11121
2906	11122
2906	11123
2906	11124
2907	652
2907	11125
2907	11126
2907	11127
2907	11128
2907	11129
2907	11130
2907	11131
2907	11132
2907	11133
2907	11134
2907	11135
2907	11136
2908	151
2908	652
2908	10142
2908	11137
2908	11138
2908	11139
2908	11140
2909	0
2909	652
2909	11141
2909	11142
2910	652
2910	1250
2910	7772
2910	11143
2910	11144
2911	652
2911	689
2911	995
2912	652
2912	11145
2912	11146
2912	11147
2913	143
2913	147
2913	652
2913	1257
2913	1973
2913	11148
2913	11149
2914	652
2915	4
2915	47
2915	53
2915	652
2915	11150
2915	11151
2916	652
2916	2992
2916	11152
2916	11153
2917	652
2917	1249
2917	11154
2917	11155
2918	652
2918	1719
2918	2919
2918	11156
2918	11157
2918	11158
2918	11159
2919	0
2919	652
2919	2918
2919	3751
2919	11160
2919	11161
2919	11162
2919	11163
2919	11164
2919	11165
2919	11166
2919	11167
2919	11168
2919	11169
2919	11170
2919	11171
2919	11172
2919	11173
2919	11174
2919	11175
2919	11176
2919	11177
2919	11178
2920	0
2920	1
2920	4
2920	69
2920	156
2920	202
2920	659
2920	660
2920	661
2920	662
2920	663
2920	664
2921	0
2921	1
2921	4
2921	69
2921	156
2921	202
2921	659
2921	660
2921	661
2921	662
2921	663
2921	664
2922	0
2922	1
2922	4
2922	69
2922	156
2922	202
2922	659
2922	660
2922	661
2922	662
2922	663
2922	664
2923	0
2923	1
2923	4
2923	69
2923	156
2923	202
2923	659
2923	660
2923	661
2923	662
2923	663
2923	664
2923	7304
2923	11179
2924	0
2924	1
2924	4
2924	69
2924	107
2924	156
2924	202
2924	659
2924	660
2924	661
2924	662
2924	663
2924	664
2924	1701
2929	0
2929	1
2929	483
2929	11180
2929	11181
2929	11182
2929	11183
2937	1154
2937	1273
2937	11184
2937	11185
2937	11186
2937	11187
2937	11188
2937	11189
2937	11190
2945	0
2945	671
2945	1154
2945	2945
2945	2947
2945	11191
2945	11192
2945	11193
2945	11194
2945	11195
2945	11196
2946	0
2946	1154
2946	11197
2947	40
2947	221
2947	671
2947	672
2947	955
2947	1154
2947	1239
2947	1273
2947	2937
2947	2947
2947	2949
2947	11198
2947	11199
2947	11200
2947	11201
2948	1274
2948	2948
2948	2950
2948	5329
2948	11202
2948	11203
2949	11204
2949	11205
2950	11206
2953	0
2953	2953
2953	11207
2953	11208
2954	11209
2954	11210
2954	11211
2964	11212
2964	11213
2964	11214
2964	11215
2964	11216
2964	11217
2965	674
2966	170
2966	674
2966	7223
2967	11218
2968	674
2968	11219
2968	11220
2968	11221
2968	11222
2968	11223
2968	11224
2968	11225
2969	674
2969	11222
2970	674
2970	2970
2971	11226
2973	207
2973	11227
2973	11228
2973	11229
2973	11230
2975	11231
2975	11232
2975	11233
2977	11234
2979	2975
2979	2976
2979	2977
2979	11235
2979	11236
2980	0
2980	1258
2980	11237
2980	11238
2980	11239
2980	11240
2980	11241
2980	11242
2980	11243
2980	11244
2980	11245
2980	11246
2980	11247
2981	1273
2981	11248
2981	11249
2981	11250
2981	11251
2981	11252
2981	11253
2981	11254
2981	11255
2981	11256
2981	11257
2981	11258
2981	11259
2986	0
2986	205
2986	995
2986	11260
2986	11261
2987	0
2987	678
2987	995
2987	11262
2987	11263
2987	11264
2987	11265
2987	11266
2988	679
2988	11267
2989	2989
2990	679
2991	679
2992	11268
2992	11269
2992	11270
2993	0
2993	731
2993	2992
2993	11271
2993	11272
2993	11273
2993	11274
2993	11275
2993	11276
2993	11277
2993	11278
2993	11279
2993	11280
2993	11281
2993	11282
2995	11283
2995	11284
2995	11285
2995	11286
2995	11287
2995	11288
2995	11289
2995	11290
2995	11291
2996	2997
2996	11292
2996	11293
2996	11294
2996	11295
2996	11296
2998	11297
2998	11298
2999	3002
3000	11299
3000	11300
3001	0
3001	11301
3001	11302
3001	11303
3001	11304
3001	11305
3001	11306
3001	11307
3001	11308
3001	11309
3005	0
3005	685
3005	1153
3005	3005
3005	4156
3005	11310
3005	11311
3005	11312
3005	11313
3005	11314
3005	11315
3005	11316
3006	685
3006	11317
3007	685
3008	685
3008	11318
3008	11319
3008	11320
3008	11321
3008	11322
3008	11323
3008	11324
3008	11325
3009	685
3010	830
3010	11326
3010	11327
3010	11328
3010	11329
3011	11330
3011	11331
3011	11332
3011	11333
3011	11334
3011	11335
3011	11336
3011	11337
3011	11338
3011	11339
3011	11340
3011	11341
3011	11342
3011	11343
3011	11344
3013	3012
3013	11345
3013	11346
3013	11347
3014	630
3015	2185
3015	3014
3015	11348
3015	11349
3015	11350
3015	11351
3015	11352
3015	11353
3018	11354
3018	11355
3018	11356
3018	11357
3018	11358
3018	11359
3018	11360
3024	3025
3026	0
3026	692
3026	1836
3026	11361
3026	11362
3026	11363
3026	11364
3026	11365
3026	11366
3026	11367
3026	11368
3028	3029
3028	11369
3028	11370
3028	11371
3028	11372
3028	11373
3028	11374
3028	11375
3028	11376
3028	11377
3028	11378
3028	11379
3030	3031
3030	11380
3030	11381
3031	0
3031	3031
3031	11382
3031	11383
3031	11384
3031	11385
3031	11386
3031	11387
3031	11388
3031	11389
3031	11390
3031	11391
3031	11392
3031	11393
3031	11394
3031	11395
3031	11396
3031	11397
3031	11398
3031	11399
3032	696
3032	11400
3033	696
3034	696
3034	11401
3034	11402
3034	11403
3034	11404
3034	11405
3034	11406
3034	11407
3034	11408
3035	696
3036	696
3036	11409
3036	11410
3036	11411
3036	11412
3036	11413
3036	11414
3036	11415
3037	0
3037	163
3037	696
3037	11412
3037	11414
3037	11416
3037	11417
3037	11418
3037	11419
3037	11420
3037	11421
3038	696
3038	11422
3039	696
3039	3040
3040	696
3041	696
3042	696
3042	11423
3042	11424
3042	11425
3042	11426
3042	11427
3042	11428
3042	11429
3042	11430
3042	11431
3042	11432
3042	11433
3042	11434
3043	696
3043	3033
3044	696
3044	11435
3044	11436
3044	11437
3045	696
3045	3046
3045	11401
3045	11436
3045	11438
3046	696
3046	3045
3046	11401
3047	696
3049	11439
3049	11440
3052	11441
3052	11442
3052	11443
3054	698
3054	3055
3054	11444
3054	11445
3054	11446
3054	11447
3054	11448
3054	11449
3054	11450
3054	11451
3056	73
3056	235
3056	4059
3057	698
3058	3058
3058	11452
3058	11453
3058	11454
3059	698
3061	698
3061	11455
3061	11456
3064	3063
3064	11457
3064	11458
3064	11459
3064	11460
3064	11461
3069	11462
3069	11463
3070	701
3070	6791
3070	6799
3070	11464
3070	11465
3070	11466
3070	11467
3070	11468
3070	11469
3070	11470
3071	0
3071	697
3071	701
3071	779
3071	838
3071	994
3071	11471
3071	11472
3071	11473
3071	11474
3071	11475
3071	11476
3071	11477
3071	11478
3071	11479
3071	11480
3071	11481
3071	11482
3071	11483
3071	11484
3071	11485
3073	11486
3073	11487
3075	11488
3081	163
3083	163
3083	11489
3083	11490
3083	11491
3083	11492
3083	11493
3083	11494
3084	11495
3084	11496
3087	11497
3087	11498
3087	11499
3087	11500
3087	11501
3087	11502
3087	11503
3088	710
3089	710
3090	710
3090	3091
3091	710
3092	710
3101	711
3102	711
3102	3101
3103	711
3104	11504
3104	11505
3104	11506
3104	11507
3104	11508
3104	11509
3104	11510
3104	11511
3104	11512
3106	3108
3106	11504
3106	11505
3106	11506
3106	11507
3106	11508
3106	11509
3106	11510
3106	11513
3106	11514
3106	11515
3106	11516
3106	11517
3106	11518
3106	11519
3106	11520
3106	11521
3106	11522
3106	11523
3106	11524
3106	11525
3106	11526
3106	11527
3106	11528
3106	11529
3106	11530
3106	11531
3106	11532
3106	11533
3106	11534
3106	11535
3106	11536
3106	11537
3106	11538
3106	11539
3106	11540
3106	11541
3106	11542
3106	11543
3106	11544
3106	11545
3106	11546
3106	11547
3106	11548
3106	11549
3106	11550
3106	11551
3106	11552
3107	11553
3107	11554
3109	715
3110	715
3110	11555
3110	11556
3110	11557
3111	715
3111	11558
3111	11559
3112	715
3112	11560
3112	11561
3112	11562
3113	0
3113	2857
3113	11563
3113	11564
3113	11565
3113	11566
3113	11567
3113	11568
3113	11569
3113	11570
3113	11571
3113	11572
3113	11573
3113	11574
3113	11575
3113	11576
3113	11577
3114	3113
3114	11578
3114	11579
3115	0
3115	11580
3115	11581
3115	11582
3115	11583
3115	11584
3115	11585
3115	11586
3115	11587
3115	11588
3116	3118
3118	3117
3121	3119
3121	3120
3121	3121
3121	3122
3121	3123
3121	3124
3121	3125
3121	3127
3121	3128
3121	3129
3121	3130
3121	3131
3121	3132
3123	3119
3123	3120
3123	3121
3123	3122
3123	3123
3123	3124
3123	3125
3123	3127
3123	3128
3123	3129
3123	3130
3123	3131
3123	3132
3124	3119
3124	3120
3124	3121
3124	3122
3124	3123
3124	3124
3124	3125
3124	3127
3124	3128
3124	3129
3124	3130
3124	3131
3124	3132
3124	11589
3124	11590
3124	11591
3124	11592
3124	11593
3124	11594
3124	11595
3124	11596
3124	11597
3124	11598
3124	11599
3124	11600
3124	11601
3124	11602
3124	11603
3124	11604
3124	11605
3124	11606
3124	11607
3124	11608
3124	11609
3124	11610
3124	11611
3124	11612
3124	11613
3124	11614
3124	11615
3124	11616
3124	11617
3124	11618
3124	11619
3124	11620
3124	11621
3124	11622
3124	11623
3124	11624
3125	3119
3125	3120
3125	3121
3125	3122
3125	3123
3125	3124
3125	3125
3125	3126
3125	3127
3125	3128
3125	3129
3125	3130
3125	3131
3125	3132
3125	5214
3125	6650
3126	3119
3126	3120
3126	3121
3126	3122
3126	3123
3126	3124
3126	3125
3126	3127
3126	3128
3126	3129
3126	3130
3126	3131
3126	3132
3129	3119
3129	3120
3129	3121
3129	3122
3129	3123
3129	3124
3129	3125
3129	3127
3129	3128
3129	3129
3129	3130
3129	3131
3129	3132
3132	11625
3133	722
3133	779
3133	3133
3133	11626
3133	11627
3133	11628
3133	11629
3133	11630
3133	11631
3133	11632
3134	722
3134	3636
3134	11633
3134	11634
3134	11635
3134	11636
3134	11637
3134	11638
3134	11639
3134	11640
3134	11641
3134	11642
3134	11643
3134	11644
3134	11645
3134	11646
3134	11647
3134	11648
3134	11649
3134	11650
3134	11651
3134	11652
3134	11653
3134	11654
3134	11655
3134	11656
3134	11657
3134	11658
3134	11659
3134	11660
3134	11661
3134	11662
3134	11663
3134	11664
3134	11665
3134	11666
3134	11667
3134	11668
3134	11669
3134	11670
3134	11671
3134	11672
3134	11673
3134	11674
3134	11675
3134	11676
3134	11677
3134	11678
3134	11679
3134	11680
3134	11681
3134	11682
3134	11683
3134	11684
3135	722
3136	722
3136	3133
3136	5283
3136	5357
3136	5560
3136	5867
3136	6032
3136	11685
3136	11686
3136	11687
3137	11688
3137	11689
3138	723
3138	3139
3138	3140
3138	3141
3138	3142
3138	3143
3139	723
3139	3138
3139	3140
3139	3141
3139	3142
3139	3143
3139	11690
3139	11691
3139	11692
3139	11693
3139	11694
3139	11695
3139	11696
3139	11697
3139	11698
3139	11699
3139	11700
3139	11701
3139	11702
3139	11703
3139	11704
3139	11705
3139	11706
3139	11707
3139	11708
3139	11709
3139	11710
3139	11711
3139	11712
3139	11713
3139	11714
3139	11715
3139	11716
3139	11717
3139	11718
3139	11719
3140	723
3140	3138
3140	3139
3140	3141
3140	3142
3140	3143
3141	723
3141	3138
3141	3139
3141	3140
3141	3142
3141	3143
3142	723
3142	3138
3142	3139
3142	3140
3142	3141
3142	3143
3143	723
3143	3138
3143	3139
3143	3140
3143	3141
3143	3142
3143	3143
3143	10684
3143	11171
3143	11720
3143	11721
3143	11722
3143	11723
3143	11724
3143	11725
3143	11726
3143	11727
3143	11728
3143	11729
3143	11730
3143	11731
3143	11732
3143	11733
3143	11734
3143	11735
3143	11736
3143	11737
3143	11738
3143	11739
3143	11740
3143	11741
3143	11742
3143	11743
3143	11744
3143	11745
3145	843
3145	11746
3145	11747
3145	11748
3145	11749
3145	11750
3145	11751
3145	11752
3145	11753
3145	11754
3145	11755
3145	11756
3146	11757
3147	730
3148	11758
3148	11759
3148	11760
3148	11761
3149	730
3150	730
3150	11762
3151	11763
3152	731
3154	3154
3154	3155
3154	3156
3154	3157
3154	3158
3154	3159
3154	3160
3154	3161
3154	3162
3155	3154
3155	3155
3155	3156
3155	3157
3155	3158
3155	3159
3155	3160
3155	3161
3155	3162
3156	3154
3156	3155
3156	3156
3156	3157
3156	3158
3156	3159
3156	3160
3156	3161
3156	3162
3156	11764
3157	3154
3157	3155
3157	3156
3157	3157
3157	3158
3157	3159
3157	3160
3157	3161
3157	3162
3157	11765
3157	11766
3157	11767
3157	11768
3158	129
3158	3151
3158	3154
3158	3155
3158	3156
3158	3157
3158	3158
3158	3159
3158	3160
3158	3161
3158	3162
3158	4466
3158	11769
3158	11770
3159	3154
3159	3155
3159	3156
3159	3157
3159	3158
3159	3159
3159	3160
3159	3161
3159	3162
3159	11771
3160	3154
3160	3155
3160	3156
3160	3157
3160	3158
3160	3159
3160	3160
3160	3161
3160	3162
3160	11772
3160	11773
3160	11774
3161	3154
3161	3155
3161	3156
3161	3157
3161	3158
3161	3159
3161	3160
3161	3161
3161	3162
3161	11775
3161	11776
3161	11777
3161	11778
3161	11779
3161	11780
3161	11781
3161	11782
3161	11783
3161	11784
3161	11785
3161	11786
3161	11787
3161	11788
3161	11789
3161	11790
3161	11791
3161	11792
3161	11793
3161	11794
3161	11795
3161	11796
3161	11797
3161	11798
3161	11799
3161	11800
3161	11801
3161	11802
3161	11803
3161	11804
3161	11805
3161	11806
3161	11807
3162	3154
3162	3155
3162	3156
3162	3157
3162	3158
3162	3159
3162	3160
3162	3161
3162	3162
3162	11808
3163	731
3164	732
3164	3165
3164	3166
3164	3167
3164	3168
3164	3169
3164	3170
3164	3171
3164	11809
3164	11810
3164	11811
3164	11812
3164	11813
3164	11814
3164	11815
3164	11816
3164	11817
3164	11818
3165	732
3165	3164
3165	3166
3165	3167
3165	3168
3165	3169
3165	3170
3165	3171
3165	11819
3165	11820
3165	11821
3165	11822
3166	732
3166	3164
3166	3165
3166	3167
3166	3168
3166	3169
3166	3170
3166	3171
3166	11823
3167	732
3167	3164
3167	3165
3167	3166
3167	3168
3167	3169
3167	3170
3167	3171
3168	3164
3168	3165
3168	3166
3168	3167
3168	3168
3168	3169
3168	3170
3168	3171
3169	732
3169	3164
3169	3165
3169	3166
3169	3167
3169	3168
3169	3170
3169	3171
3170	732
3170	3164
3170	3165
3170	3166
3170	3167
3170	3168
3170	3169
3170	3171
3170	11824
3171	732
3171	3164
3171	3165
3171	3166
3171	3167
3171	3168
3171	3169
3171	3170
3182	430
3182	11825
3182	11826
3182	11827
3182	11828
3183	11829
3184	1273
3184	11830
3184	11831
3184	11832
3184	11833
3184	11834
3184	11835
3184	11836
3184	11837
3184	11838
3184	11839
3184	11840
3184	11841
3184	11842
3184	11843
3191	3191
3192	11844
3192	11845
3192	11846
3193	11847
3193	11848
3194	3193
3194	11849
3194	11850
3194	11851
3194	11852
3195	739
3196	739
3197	739
3197	11853
3197	11854
3197	11855
3197	11856
3198	739
3198	5422
3198	5806
3198	6006
3198	6680
3198	11857
3198	11858
3198	11859
3198	11860
3198	11861
3198	11862
3198	11863
3198	11864
3199	5422
3199	11865
3199	11866
3199	11867
3200	10298
3200	11868
3200	11869
3200	11870
3201	0
3201	862
3201	955
3201	3201
3201	7636
3201	11871
3201	11872
3201	11873
3201	11874
3201	11875
3201	11876
3201	11877
3201	11878
3201	11879
3201	11880
3201	11881
3202	691
3202	740
3202	795
3202	11882
3203	740
3203	11883
3204	740
3204	11884
3204	11885
3204	11886
3204	11887
3204	11888
3205	740
3205	11884
3205	11885
3205	11886
3206	740
3206	5681
3206	6102
3206	9945
3206	9949
3206	9961
3206	11889
3206	11890
3206	11891
3206	11892
3206	11893
3206	11894
3206	11895
3207	691
3207	740
3208	740
3208	11896
3208	11897
3208	11898
3208	11899
3208	11900
3208	11901
3210	743
3210	11902
3210	11903
3210	11904
3210	11905
3210	11906
3210	11907
3210	11908
3210	11909
3210	11910
3213	11911
3213	11912
3213	11913
3216	743
3217	11914
3220	3219
3220	11915
3220	11916
3220	11917
3220	11918
3220	11919
3223	11920
3223	11921
3223	11922
3223	11923
3223	11924
3223	11925
3223	11926
3223	11927
3223	11928
3223	11929
3223	11930
3223	11931
3224	11925
3224	11930
3224	11932
3224	11933
3224	11934
3226	749
3226	3233
3227	3232
3227	11935
3227	11936
3227	11937
3227	11938
3227	11939
3228	749
3228	3228
3229	749
3230	749
3230	11940
3230	11941
3230	11942
3230	11943
3230	11944
3230	11945
3230	11946
3231	749
3231	11947
3231	11948
3231	11949
3231	11950
3231	11951
3231	11952
3231	11953
3232	749
3233	103
3233	749
3233	3233
3233	11954
3233	11955
3233	11956
3233	11957
3233	11958
3234	749
3236	751
3237	1151
3237	11959
3237	11960
3237	11961
3237	11962
3238	1
3238	751
3238	11963
3238	11964
3239	751
3239	4266
3239	11965
3240	3240
3240	3241
3240	3242
3240	3243
3240	3244
3240	3245
3240	3246
3241	3240
3241	3241
3241	3242
3241	3243
3241	3244
3241	3245
3241	3246
3241	11966
3242	3240
3242	3241
3242	3242
3242	3243
3242	3244
3242	3245
3242	3246
3242	10806
3242	11967
3243	3240
3243	3241
3243	3242
3243	3243
3243	3244
3243	3245
3243	3246
3244	11968
3244	11969
3244	11970
3245	11971
3245	11972
3246	3240
3246	3241
3246	3242
3246	3243
3246	3244
3246	3245
3246	3246
3246	11973
3246	11974
3246	11975
3249	3249
3249	11976
3249	11977
3249	11978
3249	11979
3249	11980
3250	0
3250	3282
3250	11981
3250	11982
3250	11983
3250	11984
3250	11985
3250	11986
3250	11987
3250	11988
3250	11989
3250	11990
3251	11991
3251	11992
3251	11993
3251	11994
3251	11995
3251	11996
3251	11997
3251	11998
3251	11999
3251	12000
3251	12001
3251	12002
3251	12003
3251	12004
3251	12005
3251	12006
3251	12007
3251	12008
3251	12009
3251	12010
3251	12011
3251	12012
3251	12013
3251	12014
3251	12015
3252	755
3252	4111
3253	755
3253	12016
3254	755
3254	3253
3254	12016
3255	755
3255	12016
3256	12017
3257	1302
3258	755
3258	12016
3258	12018
3259	7140
3260	12019
3261	12020
3262	5814
3262	12021
3263	12022
3263	12023
3263	12024
3263	12025
3263	12026
3263	12027
3263	12028
3263	12029
3263	12030
3263	12031
3263	12032
3263	12033
3263	12034
3263	12035
3263	12036
3264	1192
3264	12037
3266	0
3266	12038
3266	12039
3266	12040
3266	12041
3266	12042
3266	12043
3266	12044
3266	12045
3266	12046
3266	12047
3266	12048
3266	12049
3266	12050
3266	12051
3266	12052
3266	12053
3268	12054
3268	12055
3268	12056
3270	3270
3270	5903
3270	12057
3270	12058
3270	12059
3270	12060
3270	12061
3270	12062
3270	12063
3270	12064
3270	12065
3270	12066
3270	12067
3270	12068
3270	12069
3270	12070
3270	12071
3270	12072
3270	12073
3270	12074
3270	12075
3270	12076
3270	12077
3270	12078
3270	12079
3270	12080
3270	12081
3270	12082
3270	12083
3270	12084
3270	12085
3270	12086
3270	12087
3270	12088
3270	12089
3270	12090
3270	12091
3270	12092
3270	12093
3270	12094
3270	12095
3270	12096
3270	12097
3270	12098
3270	12099
3270	12100
3270	12101
3270	12102
3270	12103
3270	12104
3270	12105
3270	12106
3270	12107
3270	12108
3270	12109
3270	12110
3270	12111
3270	12112
3270	12113
3270	12114
3270	12115
3270	12116
3270	12117
3270	12118
3270	12119
3270	12120
3270	12121
3270	12122
3270	12123
3270	12124
3270	12125
3270	12126
3270	12127
3270	12128
3270	12129
3270	12130
3270	12131
3270	12132
3270	12133
3270	12134
3270	12135
3270	12136
3270	12137
3270	12138
3270	12139
3270	12140
3270	12141
3270	12142
3270	12143
3270	12144
3270	12145
3270	12146
3270	12147
3270	12148
3270	12149
3270	12150
3286	12151
3286	12152
3286	12153
3288	758
3290	758
3290	12154
3290	12155
3290	12156
3290	12157
3290	12158
3290	12159
3290	12160
3290	12161
3290	12162
3290	12163
3290	12164
3290	12165
3290	12166
3290	12167
3290	12168
3290	12169
3290	12170
3290	12171
3290	12172
3290	12173
3290	12174
3290	12175
3290	12176
3290	12177
3290	12178
3290	12179
3290	12180
3290	12181
3290	12182
3290	12183
3290	12184
3290	12185
3290	12186
3290	12187
3290	12188
3290	12189
3290	12190
3290	12191
3290	12192
3290	12193
3290	12194
3290	12195
3290	12196
3290	12197
3290	12198
3290	12199
3290	12200
3290	12201
3290	12202
3290	12203
3290	12204
3290	12205
3290	12206
3290	12207
3290	12208
3290	12209
3290	12210
3290	12211
3290	12212
3290	12213
3290	12214
3290	12215
3290	12216
3290	12217
3290	12218
3290	12219
3290	12220
3290	12221
3290	12222
3290	12223
3290	12224
3290	12225
3290	12226
3290	12227
3290	12228
3290	12229
3290	12230
3293	12231
3293	12232
3296	12233
3296	12234
3299	759
3299	12235
3299	12236
3299	12237
3302	12238
3302	12239
3302	12240
3302	12241
3302	12242
3303	3304
3303	12243
3303	12244
3303	12245
3303	12246
3303	12247
3303	12248
3306	3305
3306	12249
3307	0
3308	0
3308	3307
3308	12250
3308	12251
3308	12252
3308	12253
3308	12254
3308	12255
3311	765
3311	12256
3311	12257
3311	12258
3311	12259
3312	765
3313	765
3315	765
3315	786
3315	12260
3315	12261
3315	12262
3315	12263
3315	12264
3315	12265
3315	12266
3315	12267
3315	12268
3316	3316
3317	765
3320	766
3323	12269
3323	12270
3323	12271
3323	12272
3323	12273
3326	766
3327	3323
3327	3327
3328	12274
3330	766
3335	1663
3335	1838
3335	10297
3335	10298
3335	10308
3335	10325
3335	12275
3335	12276
3335	12277
3335	12278
3335	12279
3335	12280
3335	12281
3335	12282
3335	12283
3335	12284
3335	12285
3335	12286
3340	767
3340	3340
3340	3341
3340	3342
3340	3343
3340	3344
3340	3345
3340	3346
3340	3347
3340	12287
3341	767
3341	3340
3341	3341
3341	3342
3341	3343
3341	3344
3341	3345
3341	3346
3341	3347
3341	12287
3342	767
3342	3340
3342	3341
3342	3342
3342	3343
3342	3345
3342	3346
3342	3347
3342	12288
3342	12289
3342	12290
3342	12291
3343	767
3343	3340
3343	3341
3343	3342
3343	3343
3343	3345
3343	3346
3343	3347
3344	767
3344	3340
3344	3341
3344	3342
3344	3343
3344	3344
3344	3345
3344	3346
3344	3347
3344	12287
3345	767
3345	3340
3345	3341
3345	3342
3345	3343
3345	3344
3345	3345
3345	3346
3345	3347
3345	12287
3346	767
3346	3340
3346	3341
3346	3342
3346	3343
3346	3344
3346	3345
3346	3346
3346	3347
3346	12287
3347	767
3347	3340
3347	3341
3347	3342
3347	3343
3347	3344
3347	3345
3347	3346
3347	3347
3347	12287
3348	672
3348	1154
3348	1273
3350	3359
3351	768
3351	12292
3351	12293
3351	12294
3351	12295
3351	12296
3351	12297
3352	768
3352	12298
3352	12299
3353	768
3353	12300
3353	12301
3353	12302
3353	12303
3353	12304
3353	12305
3353	12306
3353	12307
3353	12308
3353	12309
3353	12310
3354	12311
3354	12312
3354	12313
3354	12314
3354	12315
3354	12316
3354	12317
3355	12318
3355	12319
3355	12320
3355	12321
3356	768
3356	12322
3356	12323
3356	12324
3356	12325
3356	12326
3357	12327
3357	12328
3357	12329
3357	12330
3357	12331
3357	12332
3357	12333
3357	12334
3357	12335
3357	12336
3358	768
3362	773
3363	773
3363	3366
3363	12337
3363	12338
3363	12339
3363	12340
3363	12341
3363	12342
3363	12343
3363	12344
3363	12345
3363	12346
3363	12347
3363	12348
3363	12349
3364	773
3368	776
3368	3367
3368	3369
3368	3370
3368	3371
3368	3372
3368	3373
3368	3374
3370	776
3370	12350
3370	12351
3370	12352
3371	12353
3371	12354
3371	12355
3371	12356
3371	12357
3371	12358
3371	12359
3372	776
3372	3367
3372	3374
3372	5376
3372	5422
3372	5516
3372	5607
3372	6051
3372	6294
3372	6680
3372	12360
3372	12361
3372	12362
3372	12363
3372	12364
3373	776
3375	779
3375	3133
3375	3375
3375	3376
3375	3377
3375	3378
3375	3379
3375	3380
3376	779
3376	3375
3376	3376
3376	3377
3376	3378
3376	3379
3376	3380
3377	779
3377	1351
3377	3133
3377	3375
3377	3376
3377	3377
3377	3378
3377	3379
3377	3380
3377	6816
3377	7087
3377	12365
3377	12366
3377	12367
3377	12368
3377	12369
3377	12370
3377	12371
3377	12372
3377	12373
3377	12374
3377	12375
3377	12376
3377	12377
3377	12378
3377	12379
3377	12380
3377	12381
3377	12382
3377	12383
3377	12384
3377	12385
3377	12386
3377	12387
3377	12388
3377	12389
3377	12390
3377	12391
3377	12392
3377	12393
3378	779
3378	3375
3378	3376
3378	3377
3378	3378
3378	3379
3378	3380
3379	779
3379	3375
3379	3376
3379	3377
3379	3378
3379	3379
3379	3380
3380	779
3381	3382
3381	12394
3381	12395
3381	12396
3381	12397
3382	12398
3387	765
3387	790
3387	12261
3387	12399
3387	12400
3387	12401
3387	12402
3387	12403
3387	12404
3387	12405
3387	12406
3387	12407
3387	12408
3387	12409
3387	12410
3387	12411
3387	12412
3387	12413
3387	12414
3387	12415
3388	12416
3388	12417
3388	12418
3388	12419
3388	12420
3388	12421
3388	12422
3389	787
3389	12423
3389	12424
3389	12425
3389	12426
3389	12427
3389	12428
3389	12429
3389	12430
3389	12431
3389	12432
3389	12433
3389	12434
3389	12435
3389	12436
3389	12437
3389	12438
3390	787
3390	12439
3390	12440
3390	12441
3390	12442
3390	12443
3390	12444
3390	12445
3390	12446
3390	12447
3390	12448
3390	12449
3390	12450
3390	12451
3390	12452
3390	12453
3390	12454
3390	12455
3390	12456
3390	12457
3390	12458
3390	12459
3390	12460
3390	12461
3390	12462
3390	12463
3390	12464
3390	12465
3390	12466
3390	12467
3390	12468
3390	12469
3390	12470
3390	12471
3390	12472
3390	12473
3390	12474
3390	12475
3390	12476
3390	12477
3390	12478
3392	787
3392	3393
3393	787
3393	12479
3393	12480
3393	12481
3393	12482
3393	12483
3393	12484
3393	12485
3393	12486
3393	12487
3394	787
3394	12488
3394	12489
3394	12490
3394	12491
3394	12492
3394	12493
3394	12494
3394	12495
3394	12496
3394	12497
3394	12498
3394	12499
3395	787
3395	3394
3396	787
3397	787
3398	160
3398	695
3398	787
3398	4261
3399	160
3399	695
3399	787
3399	4261
3399	12500
3400	787
3401	787
3401	12474
3402	787
3402	12501
3405	3406
3405	3407
3405	3408
3405	12502
3406	3405
3406	3407
3406	3408
3406	12502
3409	793
3409	1155
3409	3409
3409	12503
3409	12504
3409	12505
3411	12506
3418	12507
3418	12508
3418	12509
3418	12510
3418	12511
3418	12512
3418	12513
3420	0
3420	797
3420	3420
3420	3421
3420	3422
3420	3423
3420	3425
3420	3426
3420	3427
3420	3428
3421	0
3421	797
3421	3420
3421	3421
3421	3422
3421	3423
3421	3425
3421	3426
3421	3427
3421	3428
3421	12514
3422	0
3422	797
3422	3420
3422	3421
3422	3422
3422	3423
3422	3425
3422	3426
3422	3427
3422	3428
3423	0
3423	797
3423	3420
3423	3421
3423	3422
3423	3423
3423	3425
3423	3426
3423	3427
3423	3428
3424	0
3424	797
3424	3420
3424	3421
3424	3422
3424	3423
3424	3425
3424	3426
3424	3427
3424	3428
3425	0
3425	797
3425	3420
3425	3421
3425	3422
3425	3423
3425	3425
3425	3426
3425	3427
3425	3428
3426	0
3426	797
3426	3420
3426	3421
3426	3422
3426	3423
3426	3425
3426	3426
3426	3427
3426	3428
3427	0
3427	797
3427	3420
3427	3421
3427	3422
3427	3423
3427	3425
3427	3426
3427	3427
3427	3428
3427	12515
3427	12516
3427	12517
3427	12518
3427	12519
3427	12520
3427	12521
3427	12522
3427	12523
3428	0
3428	797
3428	3420
3428	3421
3428	3422
3428	3423
3428	3425
3428	3426
3428	3427
3428	3428
3430	3429
3430	12524
3430	12525
3430	12526
3430	12527
3430	12528
3430	12529
3430	12530
3431	800
3432	800
3433	800
3433	3431
3433	3437
3433	12531
3433	12532
3433	12533
3434	800
3434	12534
3434	12535
3434	12536
3434	12537
3434	12538
3434	12539
3435	800
3435	12540
3436	800
3437	800
3437	3438
3437	12531
3437	12532
3437	12541
3437	12542
3437	12543
3437	12544
3437	12545
3437	12546
3437	12547
3437	12548
3438	129
3438	800
3438	3435
3438	12540
3438	12547
3438	12549
3444	3444
3444	12550
3444	12551
3444	12552
3444	12553
3444	12554
3444	12555
3444	12556
3444	12557
3444	12558
3445	1902
3445	7127
3447	7128
3447	12559
3447	12560
3447	12561
3447	12562
3447	12563
3447	12564
3447	12565
3449	3451
3450	3450
3450	3451
3451	12566
3451	12567
3451	12568
3451	12569
3451	12570
3451	12571
3451	12572
3451	12573
3451	12574
3451	12575
3451	12576
3452	3451
3452	12577
3453	3449
3453	3450
3453	3451
3453	3454
3453	12578
3453	12579
3453	12580
3453	12581
3453	12582
3453	12583
3454	3451
3454	3454
3455	957
3455	3455
3455	3851
3455	3852
3455	3853
3455	12584
3455	12585
3455	12586
3455	12587
3455	12588
3455	12589
3455	12590
3455	12591
3455	12592
3455	12593
3455	12594
3455	12595
3456	12596
3456	12597
3456	12598
3456	12599
3457	12596
3457	12597
3457	12598
3457	12599
3458	12596
3458	12597
3458	12598
3458	12599
3459	12596
3459	12597
3459	12598
3459	12599
3460	12596
3460	12597
3460	12598
3460	12599
3462	1974
3462	3462
3462	3465
3462	3476
3462	3477
3462	3478
3462	3479
3462	12600
3462	12601
3462	12602
3462	12603
3462	12604
3462	12605
3462	12606
3462	12607
3462	12608
3462	12609
3462	12610
3462	12611
3462	12612
3462	12613
3462	12614
3462	12615
3462	12616
3462	12617
3462	12618
3462	12619
3463	3464
3463	3478
3463	3479
3463	12620
3463	12621
3463	12622
3463	12623
3463	12624
3463	12625
3464	3462
3464	3464
3464	3478
3464	3479
3464	12620
3464	12621
3464	12622
3464	12623
3464	12624
3464	12625
3464	12626
3464	12627
3464	12628
3464	12629
3464	12630
3465	3465
3465	3478
3465	3479
3465	12629
3465	12631
3465	12632
3465	12633
3465	12634
3465	12635
3465	12636
3466	3466
3466	3467
3466	3478
3466	3479
3466	12637
3466	12638
3466	12639
3466	12640
3466	12641
3468	3468
3468	3478
3468	3479
3468	12642
3468	12643
3468	12644
3469	3469
3469	3478
3469	3479
3469	12645
3469	12646
3469	12647
3469	12648
3470	44
3470	3478
3470	3479
3470	12649
3470	12650
3471	3471
3471	3478
3471	3479
3471	12651
3471	12652
3471	12653
3472	0
3472	55
3472	825
3472	3462
3472	3463
3472	3464
3472	3465
3472	3466
3472	3467
3472	3468
3472	3469
3472	3470
3472	3471
3472	3473
3472	12654
3475	3476
3475	3477
3475	3478
3475	3479
3475	12615
3475	12616
3475	12617
3475	12618
3475	12655
3475	12656
3476	3478
3476	3479
3476	12625
3477	3478
3477	3479
3477	12625
3478	3478
3478	3479
3479	3478
3479	3479
3480	12657
3480	12658
3480	12659
3480	12660
3480	12661
3481	45
3481	1038
3481	3478
3481	3479
3481	3482
3481	3483
3481	12662
3481	12663
3481	12664
3481	12665
3481	12666
3481	12667
3481	12668
3481	12669
3481	12670
3482	3478
3482	3479
3482	3482
3482	12664
3482	12668
3482	12669
3482	12671
3482	12672
3482	12673
3482	12674
3482	12675
3482	12676
3483	3478
3483	3479
3483	12664
3484	3478
3484	3479
3484	3484
3484	12677
3484	12678
3484	12679
3484	12680
3484	12681
3484	12682
3484	12683
3596	830
3596	12684
3596	12685
3596	12686
3596	12687
3596	12688
3597	0
3597	751
3597	830
3597	3601
3597	10629
3597	12689
3597	12690
3597	12691
3597	12692
3597	12693
3597	12694
3597	12695
3597	12696
3597	12697
3597	12698
3597	12699
3597	12700
3597	12701
3597	12702
3597	12703
3598	12704
3599	830
3599	12687
3600	830
3601	830
3601	955
3601	2980
3601	3010
3601	5165
3601	5224
3601	5275
3601	5376
3601	5483
3601	5547
3601	5595
3601	5614
3601	5829
3601	5876
3601	5905
3601	5932
3601	6120
3601	6182
3601	6254
3601	6348
3601	6455
3601	6598
3601	6661
3601	12705
3601	12706
3601	12707
3601	12708
3601	12709
3601	12710
3601	12711
3601	12712
3601	12713
3601	12714
3601	12715
3601	12716
3601	12717
3601	12718
3601	12719
3601	12720
3602	3603
3602	12721
3602	12722
3602	12723
3602	12724
3605	832
3605	3608
3605	12725
3605	12726
3605	12727
3605	12728
3605	12729
3605	12730
3605	12731
3605	12732
3605	12733
3605	12734
3605	12735
3605	12736
3605	12737
3605	12738
3605	12739
3605	12740
3605	12741
3605	12742
3605	12743
3605	12744
3605	12745
3605	12746
3605	12747
3605	12748
3606	832
3606	3608
3606	3609
3606	12731
3607	3608
3607	3609
3607	12731
3607	12749
3607	12750
3607	12751
3607	12752
3607	12753
3608	832
3608	3606
3608	3608
3608	3609
3608	12731
3609	832
3609	3608
3609	3609
3609	12731
3610	832
3610	3608
3610	3609
3610	12731
3610	12754
3611	832
3611	3608
3611	3609
3611	5360
3611	5549
3611	6214
3611	12731
3611	12755
3612	832
3612	3608
3612	3609
3612	12731
3613	832
3613	3608
3613	3609
3613	12731
3615	12756
3615	12757
3615	12758
3615	12759
3615	12760
3617	834
3617	3616
3617	3618
3617	3619
3617	3620
3617	3621
3617	3623
3618	834
3618	3616
3618	3617
3618	3619
3618	3620
3618	3621
3618	3623
3619	834
3620	834
3620	3616
3620	3617
3620	3618
3620	3619
3620	3621
3620	3623
3621	834
3621	3616
3621	3617
3621	3618
3621	3619
3621	3620
3621	3623
3622	834
3622	3616
3622	3617
3622	3618
3622	3619
3622	3620
3622	3621
3622	3623
3623	834
3623	3616
3623	3617
3623	3618
3623	3619
3623	3620
3623	3621
3623	5273
3623	5594
3623	5683
3623	5743
3623	6070
3623	6439
3623	6562
3623	12761
3623	12762
3623	12763
3623	12764
3624	835
3624	3624
3624	3625
3624	3626
3624	3627
3624	3628
3624	3629
3625	835
3625	3624
3625	3625
3625	3626
3625	3627
3625	3628
3625	3629
3626	835
3626	3624
3626	3625
3626	3626
3626	3627
3626	3628
3626	3629
3627	835
3627	3624
3627	3625
3627	3626
3627	3627
3627	3628
3627	3629
3627	12765
3628	835
3628	3624
3628	3625
3628	3626
3628	3627
3628	3628
3628	3629
3629	835
3629	3624
3629	3625
3629	3626
3629	3627
3629	3628
3629	3629
3631	0
3631	836
3631	12766
3631	12767
3631	12768
3631	12769
3631	12770
3631	12771
3631	12772
3631	12773
3632	1150
3632	12774
3632	12775
3632	12776
3632	12777
3632	12778
3633	12779
3634	2730
3634	3635
3634	12780
3634	12781
3634	12782
3634	12783
3634	12784
3634	12785
3635	0
3635	12781
3635	12782
3635	12783
3635	12784
3635	12785
3635	12786
3635	12787
3637	12788
3637	12789
3640	849
3640	3072
3640	5290
3640	5300
3640	5311
3640	5336
3640	5393
3640	5560
3640	5841
3640	5843
3640	6033
3640	12790
3640	12791
3642	839
3642	3643
3642	3644
3642	3645
3642	12792
3642	12793
3642	12794
3642	12795
3642	12796
3642	12797
3642	12798
3642	12799
3643	839
3643	3642
3643	3644
3643	3645
3643	12800
3643	12801
3643	12802
3643	12803
3644	839
3644	3642
3644	3643
3644	3645
3644	12804
3644	12805
3645	45
3645	839
3645	3642
3645	3643
3645	3644
3645	12806
3645	12807
3645	12808
3645	12809
3645	12810
3645	12811
3645	12812
3646	12813
3646	12814
3646	12815
3647	1273
3647	3647
3647	3648
3647	6293
3647	12816
3647	12817
3647	12818
3647	12819
3647	12820
3647	12821
3647	12822
3647	12823
3647	12824
3647	12825
3647	12826
3647	12827
3647	12828
3647	12829
3647	12830
3650	0
3650	3827
3650	12831
3650	12832
3650	12833
3650	12834
3650	12835
3650	12836
3650	12837
3650	12838
3650	12839
3650	12840
3650	12841
3650	12842
3650	12843
3650	12844
3650	12845
3650	12846
3650	12847
3650	12848
3650	12849
3650	12850
3650	12851
3650	12852
3650	12853
3650	12854
3650	12855
3651	12856
3654	3652
3654	12857
3654	12858
3654	12859
3654	12860
3654	12861
3655	11
3655	46
3655	47
3655	111
3655	127
3655	135
3655	144
3655	153
3655	162
3655	201
3655	205
3655	210
3655	233
3655	955
3655	1037
3655	1160
3655	1641
3655	2153
3655	12862
3655	12863
3655	12864
3656	12865
3656	12866
3657	12867
3657	12868
3657	12869
3658	12870
3658	12871
3658	12872
3659	0
3659	12873
3659	12874
3659	12875
3659	12876
3660	12877
3660	12878
3662	3661
3662	12879
3662	12880
3662	12881
3662	12882
3663	3664
3663	12883
3663	12884
3663	12885
3663	12886
3663	12887
3663	12888
3666	0
3666	124
3666	135
3666	700
3666	849
3666	862
3666	3026
3666	6791
3666	6799
3666	11728
3666	12692
3666	12889
3666	12890
3666	12891
3666	12892
3666	12893
3666	12894
3666	12895
3666	12896
3666	12897
3666	12898
3666	12899
3666	12900
3666	12901
3666	12902
3671	3665
3671	3666
3671	5254
3671	5450
3671	5747
3671	5813
3671	5954
3671	6278
3671	11858
3671	12903
3671	12904
3671	12905
3671	12906
3671	12907
3671	12908
3671	12909
3671	12910
3671	12911
3671	12912
3671	12913
3671	12914
3671	12915
3671	12916
3671	12917
3671	12918
3671	12919
3671	12920
3671	12921
3671	12922
3671	12923
3671	12924
3671	12925
3675	12926
3675	12927
3676	12928
3676	12929
3676	12930
3676	12931
3677	0
3677	49
3677	58
3677	5023
3677	12932
3677	12933
3677	12934
3677	12935
3677	12936
3677	12937
3677	12938
3677	12939
3677	12940
3677	12941
3677	12942
3677	12943
3677	12944
3677	12945
3677	12946
3677	12947
3678	12948
3678	12949
3679	863
3680	0
3680	862
3680	863
3681	0
3681	6
3681	862
3681	863
3681	865
3681	3693
3681	12950
3681	12951
3681	12952
3681	12953
3682	0
3682	862
3682	863
3682	874
3682	875
3682	12954
3682	12955
3682	12956
3682	12957
3682	12958
3683	0
3683	862
3683	1542
3684	0
3684	862
3684	863
3684	3695
3684	12959
3684	12960
3684	12961
3684	12962
3685	865
3686	865
3687	865
3688	865
3689	865
3690	865
3691	865
3692	865
3693	0
3693	862
3693	863
3693	3694
3695	12963
3696	189
3701	58
3701	920
3701	921
3701	3701
3701	3812
3701	12964
3702	58
3702	920
3702	3702
3702	12965
3702	12966
3703	58
3703	920
3703	3703
3703	12965
3704	58
3704	60
3704	189
3704	879
3704	920
3704	927
3704	3704
3704	12965
3705	58
3705	879
3705	920
3705	927
3705	3705
3705	12965
3706	58
3706	64
3706	879
3706	920
3706	927
3706	3706
3706	12965
3707	58
3707	879
3707	920
3707	927
3707	3707
3707	12965
3708	58
3708	879
3708	920
3708	927
3708	3708
3708	12965
3709	58
3709	879
3709	920
3709	927
3709	3709
3709	12965
3710	58
3710	879
3710	920
3710	927
3710	3710
3710	12965
3710	12967
3710	12968
3711	58
3711	879
3711	920
3711	927
3711	3711
3711	12965
3712	58
3712	879
3712	920
3712	927
3712	3712
3712	12965
3713	58
3713	879
3713	920
3713	3713
3713	3810
3713	3811
3713	12965
3713	12969
3714	58
3714	879
3714	920
3714	927
3714	3714
3714	12965
3715	58
3715	879
3715	920
3715	927
3715	3715
3715	12965
3716	58
3716	879
3716	920
3716	927
3716	3716
3716	12965
3716	12969
3717	58
3717	879
3717	920
3717	927
3717	3717
3717	12965
3717	12966
3717	12970
3718	58
3718	879
3718	920
3718	927
3718	3718
3718	12965
3719	58
3719	879
3719	920
3719	927
3719	3719
3719	12965
3720	58
3720	879
3720	920
3720	927
3720	3720
3720	12965
3721	58
3721	879
3721	920
3721	927
3721	3721
3721	3722
3721	3723
3721	3724
3721	12965
3730	0
3730	53
3730	3730
3730	12971
3730	12972
3730	12973
3730	12974
3730	12975
3731	12976
3731	12977
3731	12978
3731	12979
3732	6474
3732	6521
3732	12980
3732	12981
3732	12982
3732	12983
3732	12984
3732	12985
3732	12986
3732	12987
3732	12988
3732	12989
3732	12990
3732	12991
3732	12992
3732	12993
3732	12994
3732	12995
3732	12996
3735	12976
3735	12977
3735	12978
3735	12997
3735	12998
3737	53
3737	3743
3737	12999
3737	13000
3737	13001
3737	13002
3738	53
3738	13003
3740	52
3740	53
3740	3731
3740	13004
3740	13005
3741	12979
3743	13006
3743	13007
3743	13008
3743	13009
3743	13010
3744	0
3744	55
3744	907
3744	908
3744	3746
3744	3749
3745	0
3745	55
3745	908
3745	3745
3745	3746
3745	13011
3746	0
3746	55
3746	908
3746	3744
3746	3745
3747	55
3747	3748
3747	13012
3748	55
3748	1005
3748	3747
3748	3748
3748	3750
3748	13012
3748	13013
3748	13014
3748	13015
3748	13016
3748	13017
3748	13018
3748	13019
3748	13020
3748	13021
3748	13022
3748	13023
3748	13024
3748	13025
3748	13026
3748	13027
3748	13028
3748	13029
3748	13030
3748	13031
3748	13032
3748	13033
3748	13034
3748	13035
3748	13036
3748	13037
3748	13038
3748	13039
3748	13040
3748	13041
3748	13042
3748	13043
3748	13044
3748	13045
3748	13046
3748	13047
3748	13048
3748	13049
3748	13050
3748	13051
3748	13052
3748	13053
3748	13054
3748	13055
3748	13056
3748	13057
3748	13058
3748	13059
3748	13060
3748	13061
3748	13062
3748	13063
3748	13064
3748	13065
3748	13066
3748	13067
3748	13068
3748	13069
3748	13070
3748	13071
3748	13072
3748	13073
3748	13074
3748	13075
3748	13076
3748	13077
3748	13078
3748	13079
3748	13080
3748	13081
3748	13082
3748	13083
3748	13084
3748	13085
3748	13086
3748	13087
3748	13088
3748	13089
3748	13090
3748	13091
3748	13092
3748	13093
3748	13094
3748	13095
3748	13096
3748	13097
3748	13098
3748	13099
3748	13100
3748	13101
3748	13102
3748	13103
3748	13104
3748	13105
3748	13106
3748	13107
3748	13108
3748	13109
3748	13110
3748	13111
3748	13112
3749	0
3749	55
3749	911
3749	3749
3750	0
3750	55
3750	911
3750	3750
3750	13113
3750	13114
3750	13115
3750	13116
3750	13117
3750	13118
3750	13119
3750	13120
3750	13121
3750	13122
3750	13123
3753	0
3753	912
3753	3763
3753	3764
3753	3770
3754	0
3754	912
3754	3749
3754	3754
3754	3758
3754	3764
3754	3770
3755	0
3755	912
3755	3755
3755	3757
3755	3758
3755	3760
3755	3761
3755	3770
3755	13124
3756	0
3756	912
3756	3756
3756	3759
3756	3770
3757	0
3757	912
3757	3755
3757	3770
3758	0
3758	57
3758	912
3758	3749
3758	3754
3758	3755
3758	3758
3758	3770
3759	0
3759	912
3759	3756
3759	3761
3759	3770
3760	0
3760	55
3760	912
3760	3760
3760	3761
3760	3763
3760	3770
3760	13125
3760	13126
3760	13127
3761	0
3761	55
3761	912
3761	3749
3761	3750
3761	3759
3761	3760
3761	3761
3761	3764
3761	13128
3762	0
3762	55
3762	912
3762	915
3762	3762
3762	13129
3762	13130
3762	13131
3762	13132
3762	13133
3762	13134
3762	13135
3762	13136
3762	13137
3762	13138
3762	13139
3762	13140
3762	13141
3762	13142
3762	13143
3762	13144
3762	13145
3762	13146
3762	13147
3762	13148
3762	13149
3762	13150
3762	13151
3762	13152
3762	13153
3762	13154
3762	13155
3762	13156
3762	13157
3762	13158
3762	13159
3762	13160
3762	13161
3762	13162
3762	13163
3762	13164
3762	13165
3763	0
3763	203
3763	912
3763	3753
3763	3760
3763	3763
3763	3770
3763	13166
3764	0
3764	912
3764	3753
3764	3754
3764	3770
3765	0
3765	55
3765	63
3765	144
3765	201
3765	913
3765	915
3765	957
3765	1016
3765	1661
3765	1662
3765	1664
3765	1668
3765	1669
3765	1670
3765	1671
3765	1687
3765	1901
3765	3765
3765	3766
3765	3781
3765	4120
3765	7420
3765	13167
3766	0
3766	55
3766	63
3766	162
3766	214
3766	913
3766	919
3766	3765
3766	3766
3766	3768
3767	0
3767	55
3767	913
3767	919
3767	3745
3767	3747
3767	3748
3767	3767
3767	13167
3767	13168
3767	13169
3767	13170
3768	0
3768	55
3768	913
3768	3766
3768	13171
3771	0
3771	55
3771	914
3771	3777
3771	3778
3772	0
3772	55
3772	914
3772	3772
3772	3773
3772	3775
3772	3776
3773	0
3773	55
3773	914
3773	3767
3773	3772
3773	3773
3773	3775
3774	0
3774	55
3774	914
3774	3774
3774	3775
3774	3778
3775	0
3775	55
3775	914
3775	3772
3775	3773
3775	3774
3775	3775
3776	0
3776	55
3776	914
3776	3772
3776	3776
3777	0
3777	55
3777	914
3777	3771
3777	3779
3777	3780
3778	0
3778	55
3778	914
3778	3771
3778	3774
3778	3778
3779	0
3779	55
3779	64
3779	918
3779	3752
3779	13172
3780	0
3780	55
3780	918
3780	3752
3781	0
3781	55
3781	915
3782	0
3782	12
3782	55
3782	915
3782	13173
3783	0
3783	55
3783	915
3783	13173
3784	0
3784	55
3784	915
3784	13173
3784	13174
3785	0
3785	55
3785	915
3785	3785
3785	3787
3785	3794
3786	0
3786	55
3786	915
3786	3787
3786	3803
3786	13175
3787	0
3787	55
3787	915
3787	1719
3787	3785
3787	3786
3788	0
3788	55
3788	915
3788	13173
3789	0
3789	55
3789	915
3789	13173
3790	0
3790	55
3790	915
3790	13173
3791	0
3791	55
3791	915
3791	13173
3792	0
3792	55
3792	915
3792	13173
3793	0
3793	55
3793	915
3793	13173
3794	0
3794	55
3794	915
3794	3785
3794	3799
3795	0
3795	55
3795	915
3795	1968
3795	3797
3795	3799
3796	0
3796	55
3796	915
3796	1956
3796	3802
3796	13176
3797	0
3797	55
3797	915
3797	1952
3797	3795
3797	3801
3798	0
3798	55
3798	915
3798	13173
3799	0
3799	55
3799	915
3799	1952
3799	3794
3799	3795
3799	3799
3800	0
3800	55
3800	915
3800	3784
3800	3786
3801	0
3801	55
3801	915
3801	1944
3801	3797
3801	3802
3802	0
3802	55
3802	915
3802	3796
3802	3801
3803	0
3803	55
3803	915
3803	3786
3803	13174
3804	0
3804	55
3804	915
3804	13173
3805	0
3805	55
3805	915
3805	13176
3806	0
3806	55
3806	915
3806	13173
3809	0
3809	55
3809	918
3809	3752
3812	58
3812	59
3812	920
3812	921
3812	3812
3812	13177
3812	13178
3812	13179
3812	13180
3812	13181
3812	13182
3812	13183
3812	13184
3812	13185
3812	13186
3812	13187
3812	13188
3812	13189
3812	13190
3812	13191
3812	13192
3812	13193
3812	13194
3812	13195
3812	13196
3812	13197
3812	13198
3812	13199
3812	13200
3812	13201
3812	13202
3812	13203
3812	13204
3812	13205
3812	13206
3812	13207
3812	13208
3812	13209
3812	13210
3812	13211
3812	13212
3812	13213
3812	13214
3813	1
3813	58
3813	920
3813	922
3813	3813
3813	13198
3813	13215
3813	13216
3813	13217
3813	13218
3813	13219
3813	13220
3813	13221
3813	13222
3813	13223
3813	13224
3813	13225
3813	13226
3813	13227
3813	13228
3813	13229
3813	13230
3813	13231
3813	13232
3813	13233
3813	13234
3813	13235
3813	13236
3813	13237
3813	13238
3813	13239
3813	13240
3813	13241
3813	13242
3813	13243
3813	13244
3813	13245
3813	13246
3813	13247
3813	13248
3813	13249
3813	13250
3813	13251
3813	13252
3813	13253
3813	13254
3813	13255
3813	13256
3813	13257
3813	13258
3813	13259
3813	13260
3813	13261
3813	13262
3813	13263
3813	13264
3813	13265
3813	13266
3813	13267
3813	13268
3813	13269
3813	13270
3813	13271
3813	13272
3813	13273
3813	13274
3813	13275
3813	13276
3813	13277
3813	13278
3813	13279
3813	13280
3813	13281
3813	13282
3813	13283
3813	13284
3813	13285
3813	13286
3813	13287
3813	13288
3813	13289
3813	13290
3813	13291
3813	13292
3813	13293
3813	13294
3813	13295
3814	58
3814	920
3814	927
3814	3814
3814	12965
3814	13296
3814	13297
3815	58
3815	920
3815	927
3815	1971
3815	3815
3815	3820
3815	12965
3815	13298
3815	13299
3815	13300
3815	13301
3815	13302
3815	13303
3815	13304
3815	13305
3815	13306
3816	6
3816	58
3816	169
3816	206
3816	207
3816	215
3816	243
3816	920
3816	927
3816	1662
3816	1971
3816	2153
3816	3813
3816	3816
3816	3820
3816	11889
3816	12965
3816	13307
3816	13308
3816	13309
3816	13310
3816	13311
3816	13312
3816	13313
3817	58
3817	920
3817	927
3817	1542
3817	3817
3817	12965
3817	13314
3817	13315
3817	13316
3817	13317
3818	58
3818	920
3818	927
3818	3818
3818	12965
3818	13318
3818	13319
3818	13320
3818	13321
3819	58
3819	920
3819	927
3819	3813
3819	3819
3819	12965
3819	13198
3819	13322
3819	13323
3819	13324
3820	58
3820	920
3820	927
3820	3820
3820	12965
3820	13325
3820	13326
3820	13327
3820	13328
3821	58
3821	920
3821	927
3821	3821
3821	12965
3821	13329
3821	13330
3822	58
3822	863
3822	920
3822	927
3822	3822
3822	12965
3822	13331
3822	13332
3822	13333
3822	13334
3822	13335
3822	13336
3822	13337
3822	13338
3822	13339
3822	13340
3822	13341
3822	13342
3822	13343
3823	58
3823	920
3823	927
3823	928
3823	3823
3823	12965
3823	13313
3823	13344
3823	13345
3823	13346
3823	13347
3823	13348
3823	13349
3823	13350
3823	13351
3824	954
3825	0
3825	13352
3826	63
3826	951
3828	954
3829	0
3829	13353
3830	63
3830	952
3831	954
3831	13353
3832	0
3832	13354
3832	13355
3832	13356
3833	63
3833	953
3837	956
3839	3912
3839	13357
3839	13358
3842	13358
3842	13359
3842	13360
3842	13361
3842	13362
3842	13363
3842	13364
3842	13365
3842	13366
3845	3834
3845	3835
3845	13358
3845	13359
3845	13360
3845	13361
3845	13362
3845	13363
3845	13364
3845	13365
3845	13366
3845	13367
3848	13357
3848	13358
3848	13368
3848	13369
3848	13370
3848	13371
3848	13372
3848	13373
3848	13374
3850	957
3850	3455
3850	3851
3850	3852
3850	3853
3850	13375
3851	957
3851	3455
3851	3851
3851	3852
3851	3853
3851	13376
3851	13377
3851	13378
3851	13379
3851	13380
3851	13381
3851	13382
3852	957
3852	3455
3852	3851
3852	3852
3852	3853
3852	13383
3852	13384
3852	13385
3852	13386
3853	957
3853	3455
3853	3851
3853	3852
3853	3853
3853	13387
3853	13388
3853	13389
3853	13390
3853	13391
3853	13392
3853	13393
3853	13394
3854	3854
3855	64
3855	3856
3855	13395
3855	13396
3855	13397
3855	13398
3855	13399
3855	13400
3856	3856
3857	64
3857	13401
3857	13402
3857	13403
3857	13404
3857	13405
3857	13406
3857	13407
3857	13408
3857	13409
3857	13410
3857	13411
3857	13412
3857	13413
3857	13414
3857	13415
3857	13416
3857	13417
3857	13418
3857	13419
3857	13420
3857	13421
3857	13422
3857	13423
3857	13424
3857	13425
3857	13426
3857	13427
3857	13428
3857	13429
3857	13430
3857	13431
3857	13432
3857	13433
3857	13434
3857	13435
3857	13436
3857	13437
3857	13438
3857	13439
3857	13440
3857	13441
3857	13442
3857	13443
3857	13444
3857	13445
3857	13446
3857	13447
3857	13448
3857	13449
3857	13450
3857	13451
3857	13452
3857	13453
3857	13454
3857	13455
3858	64
3859	64
3860	3863
3861	64
3862	64
3863	64
3863	13429
3863	13440
3863	13444
3864	64
3869	64
3869	13456
3869	13457
3870	64
3870	962
3870	3873
3870	3891
3870	3892
3870	3893
3870	3894
3870	3895
3870	3896
3870	3897
3870	3898
3870	3899
3870	13458
3870	13459
3870	13460
3870	13461
3870	13462
3871	64
3871	962
3871	3870
3871	3891
3871	3892
3871	3893
3871	3894
3871	3895
3871	3896
3871	3897
3871	3898
3871	3899
3871	13462
3871	13463
3871	13464
3872	64
3872	962
3872	3870
3872	3871
3872	3873
3872	3891
3872	3892
3872	3893
3872	3894
3872	3895
3872	3896
3872	3897
3872	3898
3872	3899
3872	13465
3872	13466
3872	13467
3872	13468
3872	13469
3872	13470
3872	13471
3872	13472
3872	13473
3872	13474
3873	64
3873	962
3873	3870
3873	3891
3873	3892
3873	3893
3873	3894
3873	3895
3873	3896
3873	3897
3873	3898
3873	3899
3873	13461
3873	13462
3873	13475
3873	13476
3873	13477
3873	13478
3873	13479
3873	13480
3873	13481
3873	13482
3873	13483
3873	13484
3873	13485
3873	13486
3873	13487
3873	13488
3873	13489
3873	13490
3873	13491
3873	13492
3873	13493
3873	13494
3874	64
3874	3890
3874	3899
3874	13462
3874	13495
3875	64
3875	3890
3875	3899
3875	13462
3875	13495
3876	64
3876	3890
3876	3899
3876	13462
3876	13495
3877	64
3877	3890
3877	3899
3877	13462
3877	13495
3878	64
3878	3890
3878	3899
3878	13462
3878	13496
3878	13497
3878	13498
3879	64
3879	3890
3879	3899
3879	13462
3879	13496
3879	13497
3880	64
3880	3890
3880	3899
3880	13462
3880	13496
3880	13497
3881	64
3881	3890
3881	3899
3881	13462
3881	13486
3882	64
3882	962
3882	3890
3882	3899
3883	64
3883	3890
3883	3899
3883	13462
3883	13495
3884	64
3884	3890
3884	3899
3884	13462
3884	13495
3885	64
3885	3890
3885	3899
3885	13462
3885	13495
3886	64
3886	3890
3886	3899
3886	13462
3886	13495
3887	64
3887	3890
3887	3899
3887	13462
3887	13495
3888	64
3888	3890
3888	3899
3888	13462
3888	13495
3889	64
3889	3890
3889	3899
3889	13462
3889	13495
3890	64
3890	962
3890	3878
3890	3879
3890	3880
3890	3881
3890	3882
3890	3899
3890	13458
3890	13463
3890	13465
3890	13494
3890	13499
3890	13500
3890	13501
3890	13502
3890	13503
3890	13504
3890	13505
3890	13506
3891	64
3891	962
3891	3870
3891	3873
3891	3892
3891	3893
3891	3894
3891	3895
3891	3896
3891	3897
3891	3898
3891	3899
3891	13461
3891	13462
3891	13499
3891	13507
3891	13508
3891	13509
3891	13510
3891	13511
3891	13512
3891	13513
3891	13514
3891	13515
3891	13516
3891	13517
3891	13518
3891	13519
3891	13520
3891	13521
3891	13522
3891	13523
3892	64
3892	962
3892	3870
3892	3873
3892	3891
3892	3893
3892	3894
3892	3895
3892	3896
3892	3897
3892	3898
3892	3899
3892	13461
3892	13462
3892	13500
3892	13524
3892	13525
3892	13526
3892	13527
3892	13528
3892	13529
3893	64
3893	962
3893	3870
3893	3873
3893	3891
3893	3892
3893	3894
3893	3895
3893	3896
3893	3897
3893	3898
3893	3899
3893	13461
3893	13462
3893	13501
3894	64
3894	962
3894	3870
3894	3873
3894	3891
3894	3892
3894	3893
3894	3895
3894	3896
3894	3897
3894	3898
3894	3899
3894	13461
3894	13462
3894	13502
3894	13530
3894	13531
3894	13532
3894	13533
3895	64
3895	962
3895	3870
3895	3873
3895	3891
3895	3892
3895	3893
3895	3894
3895	3896
3895	3897
3895	3898
3895	3899
3895	13461
3895	13462
3895	13503
3895	13534
3895	13535
3895	13536
3896	64
3896	962
3896	3870
3896	3873
3896	3891
3896	3892
3896	3893
3896	3894
3896	3895
3896	3897
3896	3898
3896	3899
3896	13461
3896	13462
3896	13504
3896	13537
3896	13538
3896	13539
3896	13540
3896	13541
3896	13542
3896	13543
3896	13544
3896	13545
3896	13546
3896	13547
3896	13548
3897	64
3897	962
3897	3870
3897	3873
3897	3891
3897	3892
3897	3893
3897	3894
3897	3895
3897	3896
3897	3898
3897	3899
3897	13461
3897	13462
3897	13505
3897	13549
3897	13550
3897	13551
3897	13552
3898	64
3898	962
3898	3870
3898	3873
3898	3891
3898	3892
3898	3893
3898	3894
3898	3895
3898	3896
3898	3897
3898	3899
3898	13461
3898	13462
3898	13506
3898	13553
3898	13554
3898	13555
3898	13556
3898	13557
3898	13558
3898	13559
3898	13560
3898	13561
3898	13562
3898	13563
3898	13564
3898	13565
3900	64
3901	64
3902	64
3903	13566
3904	64
3905	64
3906	64
3907	64
3908	64
3909	64
3909	1954
3909	13450
3910	64
3911	2742
3911	13567
3911	13568
3912	64
3912	13406
3912	13407
3912	13409
3912	13411
3912	13412
3912	13414
3912	13415
3912	13416
3912	13417
3912	13421
3912	13422
3912	13424
3912	13425
3912	13426
3912	13427
3912	13429
3912	13430
3912	13433
3912	13434
3912	13436
3912	13438
3912	13439
3912	13440
3912	13441
3912	13442
3912	13443
3912	13444
3912	13445
3912	13446
3912	13450
3912	13452
3912	13453
3912	13454
3912	13569
3912	13570
3912	13571
3912	13572
3912	13573
3912	13574
3912	13575
3912	13576
3912	13577
3912	13578
3912	13579
3912	13580
3912	13581
3912	13582
3912	13583
3912	13584
3912	13585
3912	13586
3912	13587
3912	13588
3912	13589
3912	13590
3912	13591
3912	13592
3912	13593
3912	13594
3912	13595
3912	13596
3912	13597
3912	13598
3913	64
3913	13409
3913	13421
3913	13434
3913	13451
3913	13575
3914	64
3916	64
3917	0
3917	820
3917	1017
3917	4111
3917	4112
3917	4117
3917	13599
3917	13600
3917	13601
3917	13602
3917	13603
3917	13604
3917	13605
3932	0
3932	1
3932	4
3932	69
3932	156
3932	202
3932	659
3932	660
3932	661
3932	662
3932	663
3932	664
3932	1601
3933	0
3933	1
3933	4
3933	69
3933	156
3933	202
3933	659
3933	660
3933	661
3933	662
3933	663
3933	664
3933	1601
3934	0
3934	3
3934	7113
3934	13606
3934	13607
3934	13608
3934	13609
3934	13610
3934	13611
3934	13612
3934	13613
3934	13614
3934	13615
3934	13616
3935	0
3935	3935
3935	7113
3935	13606
3935	13607
3935	13608
3935	13609
3935	13610
3935	13611
3935	13612
3935	13613
3935	13615
3935	13616
3936	0
3936	995
3936	11125
3936	13617
3936	13618
3936	13619
3937	0
3937	47
3937	55
3937	990
3937	995
3937	2742
3937	3936
3937	3937
3937	13620
3937	13621
3938	0
3938	995
3938	1661
3938	7625
3938	7628
3938	13619
3938	13622
3938	13623
3938	13624
3938	13625
3938	13626
3938	13627
3938	13628
3938	13629
3938	13630
3938	13631
3939	0
3939	995
3939	13632
3940	0
3940	678
3940	995
3940	3936
3940	3938
3940	3941
3940	13620
3940	13633
3940	13634
3940	13635
3941	0
3941	995
3941	13636
3942	0
3942	140
3942	3953
3944	45
3944	140
3944	152
3944	1037
3944	1542
3944	3945
3944	3948
3944	10298
3944	12283
3944	13637
3944	13638
3944	13639
3945	10305
3945	12281
3945	13640
3945	13641
3945	13642
3945	13643
3946	1258
3946	3946
3946	3947
3946	12285
3946	13644
3946	13645
3946	13646
3946	13647
3946	13648
3946	13649
3946	13650
3946	13651
3946	13652
3946	13653
3946	13654
3946	13655
3947	3952
3947	10309
3947	12284
3947	13656
3947	13657
3947	13658
3947	13659
3947	13660
3947	13661
3947	13662
3947	13663
3947	13664
3947	13665
3947	13666
3947	13667
3948	3948
3948	13668
3948	13669
3948	13670
3948	13671
3948	13672
3948	13673
3948	13674
3948	13675
3948	13676
3948	13677
3948	13678
3948	13679
3948	13680
3948	13681
3948	13682
3948	13683
3948	13684
3948	13685
3949	201
3949	1661
3949	1663
3949	1664
3949	1668
3949	1670
3949	1671
3949	10298
3950	13686
3950	13687
3950	13688
3951	4122
3951	10298
3951	10308
3951	13643
3951	13689
3951	13690
3951	13691
3951	13692
3951	13693
3951	13694
3951	13695
3951	13696
3951	13697
3952	3947
3952	10309
3952	12284
3952	13658
3952	13659
3952	13661
3952	13662
3952	13663
3952	13664
3952	13665
3952	13666
3952	13667
3952	13698
3952	13699
3952	13700
3952	13701
3952	13702
3952	13703
3952	13704
3952	13705
3952	13706
3952	13707
3952	13708
3952	13709
3952	13710
3952	13711
3952	13712
3952	13713
3952	13714
3952	13715
3952	13716
3952	13717
3952	13718
3954	71
3955	71
3957	71
3958	71
3959	71
3960	71
3961	71
3962	71
3963	71
3964	71
3965	71
3967	0
3967	71
3967	998
3967	1007
3969	0
3969	71
3969	1007
3969	3990
3969	13719
3970	0
3970	71
3970	1007
3970	3990
3971	0
3971	1006
3971	1007
3973	0
3973	13720
3973	13721
3975	0
3975	71
3975	1007
3975	1985
3976	0
3976	71
3976	1007
3979	13722
3979	13723
3979	13724
3979	13725
3980	0
3980	71
3980	1005
3980	1007
3980	4025
3980	4026
3980	4037
3980	13726
3980	13727
3980	13728
3980	13729
3980	13730
3981	0
3981	71
3981	184
3981	1007
3981	1564
3981	1572
3981	1573
3981	1575
3981	3697
3981	3981
3981	3987
3981	3991
3981	3996
3981	4008
3981	4020
3981	4022
3981	4026
3981	4027
3981	4030
3981	4033
3981	4035
3981	7438
3981	13723
3981	13727
3981	13731
3981	13732
3981	13733
3981	13734
3981	13735
3981	13736
3981	13737
3981	13738
3981	13739
3981	13740
3981	13741
3981	13742
3981	13743
3981	13744
3981	13745
3981	13746
3981	13747
3981	13748
3981	13749
3981	13750
3981	13751
3981	13752
3981	13753
3981	13754
3981	13755
3981	13756
3981	13757
3981	13758
3981	13759
3981	13760
3981	13761
3981	13762
3981	13763
3981	13764
3981	13765
3981	13766
3981	13767
3981	13768
3981	13769
3981	13770
3981	13771
3981	13772
3981	13773
3981	13774
3981	13775
3981	13776
3981	13777
3981	13778
3981	13779
3981	13780
3981	13781
3981	13782
3981	13783
3981	13784
3981	13785
3981	13786
3981	13787
3981	13788
3981	13789
3981	13790
3981	13791
3981	13792
3982	7259
3982	13793
3983	13794
3989	0
3989	71
3989	1001
3989	1007
3989	3967
3989	3973
3989	3996
3989	4006
3989	4040
3989	4042
3989	4043
3989	4044
3989	4045
3989	13744
3989	13745
3989	13746
3989	13795
3989	13796
3989	13797
3989	13798
3989	13799
3989	13800
3989	13801
3989	13802
3989	13803
3989	13804
3989	13805
3989	13806
3989	13807
3989	13808
3989	13809
3989	13810
3989	13811
3989	13812
3989	13813
3989	13814
3989	13815
3989	13816
3989	13817
3989	13818
3989	13819
3989	13820
3989	13821
3989	13822
3989	13823
3989	13824
3989	13825
3989	13826
3989	13827
3989	13828
3989	13829
3989	13830
3989	13831
3989	13832
3989	13833
3989	13834
3989	13835
3989	13836
3989	13837
3989	13838
3989	13839
3989	13840
3989	13841
3989	13842
3989	13843
3989	13844
3989	13845
3989	13846
3989	13847
3989	13848
3993	0
3993	71
3993	1002
3993	1007
3993	3993
3993	13849
3993	13850
3993	13851
3993	13852
3993	13853
3993	13854
3993	13855
3993	13856
3993	13857
3993	13858
3993	13859
3993	13860
3993	13861
3993	13862
3995	0
3995	71
3995	1002
3995	1007
3996	0
3996	71
3996	950
3996	1002
3996	1007
3996	13795
3996	13847
3996	13848
3996	13863
3996	13864
3996	13865
3996	13866
3996	13867
3996	13868
4003	0
4003	140
4003	4003
4003	13869
4003	13870
4003	13871
4003	13872
4003	13873
4003	13874
4003	13875
4003	13876
4003	13877
4003	13878
4003	13879
4003	13880
4003	13881
4003	13882
4003	13883
4003	13884
4003	13885
4003	13886
4003	13887
4003	13888
4003	13889
4004	0
4004	71
4004	163
4004	164
4004	956
4004	1007
4004	1662
4004	1718
4004	1719
4004	1720
4004	1721
4004	1944
4004	1945
4004	1946
4004	1948
4004	1949
4004	1950
4004	1951
4004	1952
4004	1953
4004	1954
4004	1955
4004	1956
4004	1957
4004	1958
4004	1968
4004	3201
4004	3863
4004	5074
4004	5076
4004	5079
4004	10316
4004	10318
4004	10322
4004	10324
4004	10335
4004	11889
4004	13175
4004	13890
4004	13891
4004	13892
4004	13893
4004	13894
4004	13895
4004	13896
4004	13897
4004	13898
4004	13899
4004	13900
4004	13901
4004	13902
4004	13903
4004	13904
4004	13905
4004	13906
4004	13907
4005	0
4005	71
4005	1006
4005	1007
4005	13908
4005	13909
4005	13910
4005	13911
4005	13912
4005	13913
4005	13914
4006	0
4006	71
4006	1004
4006	1007
4006	13816
4006	13818
4014	13915
4014	13916
4014	13917
4014	13918
4017	71
4042	0
4042	71
4042	1007
4042	3989
4042	13919
4045	13809
4045	13816
4045	13818
4048	13920
4048	13921
4048	13922
4049	13921
4049	13923
4049	13924
4050	13921
4050	13925
4050	13926
4051	13921
4051	13927
4051	13928
4052	13921
4052	13929
4052	13930
4053	173
4053	4048
4053	4049
4053	4050
4053	4051
4053	4052
4053	13931
4053	13932
4053	13933
4053	13934
4053	13935
4053	13936
4053	13937
4053	13938
4053	13939
4053	13940
4053	13941
4053	13942
4053	13943
4053	13944
4053	13945
4053	13946
4053	13947
4053	13948
4053	13949
4053	13950
4053	13951
4053	13952
4053	13953
4053	13954
4053	13955
4053	13956
4053	13957
4053	13958
4053	13959
4053	13960
4053	13961
4053	13962
4053	13963
4053	13964
4053	13965
4053	13966
4053	13967
4053	13968
4053	13969
4054	13970
4055	13971
4055	13972
4055	13973
4055	13974
4055	13975
4055	13976
4055	13977
4055	13978
4055	13979
4057	13980
4059	13981
4059	13982
4107	7051
4108	0
4108	233
4108	1016
4108	1017
4108	1903
4108	2000
4108	4121
4108	4122
4108	7139
4108	13983
4108	13984
4108	13985
4108	13986
4108	13987
4108	13988
4108	13989
4108	13990
4108	13991
4108	13992
4108	13993
4108	13994
4108	13995
4108	13996
4108	13997
4108	13998
4108	13999
4108	14000
4108	14001
4108	14002
4108	14003
4108	14004
4108	14005
4108	14006
4108	14007
4108	14008
4109	233
4109	1016
4109	1017
4109	1901
4109	2742
4109	14009
4109	14010
4109	14011
4110	233
4110	1016
4110	1017
4110	4119
4111	233
4111	1016
4111	1017
4111	1903
4111	2742
4111	4119
4111	10102
4111	14012
4111	14013
4111	14014
4111	14015
4111	14016
4111	14017
4111	14018
4111	14019
4111	14020
4111	14021
4111	14022
4111	14023
4111	14024
4111	14025
4111	14026
4112	233
4112	1016
4112	1017
4112	2742
4112	4119
4112	13599
4112	14011
4112	14027
4112	14028
4112	14029
4112	14030
4112	14031
4112	14032
4112	14033
4112	14034
4112	14035
4112	14036
4112	14037
4112	14038
4112	14039
4112	14040
4112	14041
4112	14042
4112	14043
4112	14044
4112	14045
4112	14046
4112	14047
4112	14048
4112	14049
4112	14050
4112	14051
4112	14052
4112	14053
4112	14054
4112	14055
4112	14056
4112	14057
4112	14058
4112	14059
4112	14060
4112	14061
4113	233
4113	1016
4113	1017
4113	2742
4113	4119
4113	14016
4113	14017
4113	14018
4113	14019
4113	14020
4113	14023
4113	14027
4113	14028
4113	14029
4113	14030
4113	14038
4113	14044
4113	14047
4113	14050
4113	14051
4113	14062
4113	14063
4113	14064
4113	14065
4113	14066
4113	14067
4113	14068
4113	14069
4113	14070
4113	14071
4113	14072
4113	14073
4113	14074
4113	14075
4113	14076
4113	14077
4113	14078
4113	14079
4114	233
4114	1016
4114	1017
4114	4119
4114	14080
4115	233
4115	1016
4115	1017
4115	2742
4115	4108
4115	4119
4115	13986
4115	13995
4115	13996
4115	14081
4115	14082
4116	233
4116	1016
4116	1017
4116	2742
4116	4119
4116	14083
4116	14084
4117	233
4117	1016
4117	1017
4117	2742
4117	4119
4117	11201
4117	14064
4117	14065
4117	14066
4117	14067
4117	14068
4117	14069
4117	14070
4117	14071
4117	14072
4117	14073
4117	14074
4117	14075
4117	14076
4117	14077
4117	14078
4117	14079
4117	14085
4117	14086
4117	14087
4117	14088
4117	14089
4117	14090
4117	14091
4117	14092
4117	14093
4117	14094
4117	14095
4117	14096
4117	14097
4117	14098
4117	14099
4117	14100
4117	14101
4117	14102
4117	14103
4117	14104
4117	14105
4117	14106
4117	14107
4117	14108
4117	14109
4117	14110
4117	14111
4117	14112
4117	14113
4117	14114
4118	1017
4119	4119
4120	1970
4122	4122
4122	14115
4122	14116
4122	14117
4122	14118
4122	14119
4122	14120
4122	14121
4122	14122
4122	14123
4122	14124
4122	14125
4122	14126
4122	14127
4122	14128
4122	14129
4122	14130
4122	14131
4122	14132
4122	14133
4122	14134
4122	14135
4122	14136
4122	14137
4122	14138
4122	14139
4122	14140
4122	14141
4122	14142
4122	14143
4122	14144
4122	14145
4122	14146
4122	14147
4122	14148
4122	14149
4122	14150
4122	14151
4123	0
4123	234
4123	1016
4123	1917
4123	7116
4123	11201
4123	14152
4123	14153
4123	14154
4123	14155
4124	1018
4124	14156
4125	1018
4125	14157
4126	1018
4126	14158
4127	1018
4127	14159
4128	14160
4129	14161
4129	14162
4129	14163
4129	14164
4129	14165
4129	14166
4129	14167
4129	14168
4129	14169
4129	14170
4129	14171
4130	1018
4131	267
4131	1619
4131	3751
4131	8301
4131	8310
4131	10010
4131	11645
4131	11654
4131	11664
4131	11720
4131	12838
4131	13793
4131	14144
4131	14172
4131	14173
4131	14174
4131	14175
4131	14176
4131	14177
4131	14178
4131	14179
4131	14180
4131	14181
4131	14182
4131	14183
4131	14184
4131	14185
4131	14186
4131	14187
4131	14188
4131	14189
4131	14190
4131	14191
4131	14192
4131	14193
4131	14194
4131	14195
4131	14196
4131	14197
4131	14198
4131	14199
4131	14200
4131	14201
4131	14202
4131	14203
4131	14204
4131	14205
4131	14206
4131	14207
4131	14208
4131	14209
4131	14210
4131	14211
4131	14212
4131	14213
4131	14214
4131	14215
4131	14216
4131	14217
4131	14218
4131	14219
4131	14220
4131	14221
4131	14222
4131	14223
4131	14224
4131	14225
4131	14226
4131	14227
4131	14228
4131	14229
4131	14230
4131	14231
4131	14232
4131	14233
4131	14234
4131	14235
4131	14236
4131	14237
4131	14238
4131	14239
4131	14240
4131	14241
4131	14242
4131	14243
4131	14244
4131	14245
4131	14246
4131	14247
4131	14248
4131	14249
4131	14250
4131	14251
4131	14252
4131	14253
4131	14254
4131	14255
4131	14256
4131	14257
4131	14258
4131	14259
4131	14260
4131	14261
4131	14262
4131	14263
4131	14264
4131	14265
4131	14266
4131	14267
4131	14268
4131	14269
4131	14270
4131	14271
4131	14272
4131	14273
4131	14274
4131	14275
4131	14276
4131	14277
4131	14278
4131	14279
4131	14280
4131	14281
4131	14282
4131	14283
4131	14284
4131	14285
4131	14286
4131	14287
4131	14288
4133	1018
4133	14289
4133	14290
4133	14291
4133	14292
4133	14293
4133	14294
4133	14295
4134	1018
4134	14296
4134	14297
4134	14298
4134	14299
4134	14300
4134	14301
4134	14302
4134	14303
4134	14304
4135	0
4135	39
4135	90
4135	1022
4135	1023
4135	4135
4135	14305
4137	0
4137	90
4138	0
4138	90
4138	1027
4138	4137
4138	14306
4138	14307
4138	14308
4141	0
4141	90
4141	4141
4142	0
4142	90
4142	96
4142	3087
4142	3730
4142	4142
4142	14309
4143	0
4143	90
4143	96
4143	111
4143	730
4143	3730
4143	4143
4143	14309
4144	0
4144	90
4144	96
4144	111
4144	3730
4144	4144
4144	14309
4145	0
4145	90
4145	4145
4146	0
4147	0
4147	4147
4150	14
4150	14310
4153	0
4153	102
4153	103
4153	224
4153	1054
4153	1057
4153	1058
4153	1061
4153	1062
4153	4162
4153	4163
4153	4164
4159	55
4159	1944
4159	3335
4159	14311
4159	14312
4159	14313
4159	14314
4159	14315
4160	0
4160	1153
4160	1721
4160	11161
4160	14316
4160	14317
4163	103
4163	224
4163	1054
4163	1057
4163	1058
4163	1061
4163	1062
4163	4185
4163	4190
4163	4191
4164	0
4164	103
4164	224
4164	1054
4164	1057
4164	1058
4164	1061
4164	1062
4164	14318
4164	14319
4164	14320
4164	14321
4184	0
4184	4163
4184	14322
4184	14323
4184	14324
4184	14325
4184	14326
4184	14327
4184	14328
4184	14329
4184	14330
4184	14331
4184	14332
4185	1064
4185	10064
4185	14333
4185	14334
4185	14335
4185	14336
4185	14337
4185	14338
4185	14339
4185	14340
4185	14341
4185	14342
4185	14343
4185	14344
4185	14345
4186	4163
4186	14346
4186	14347
4186	14348
4186	14349
4187	2730
4187	7835
4187	7838
4187	10798
4187	12838
4187	14350
4187	14351
4187	14352
4187	14353
4187	14354
4187	14355
4187	14356
4187	14357
4187	14358
4187	14359
4187	14360
4187	14361
4187	14362
4187	14363
4187	14364
4187	14365
4187	14366
4187	14367
4187	14368
4187	14369
4187	14370
4187	14371
4187	14372
4187	14373
4187	14374
4187	14375
4187	14376
4187	14377
4187	14378
4187	14379
4187	14380
4187	14381
4187	14382
4187	14383
4189	0
4189	103
4189	224
4189	1054
4189	1057
4189	1058
4189	1061
4189	1062
4189	4153
4189	14384
4189	14385
4192	0
4192	140
4192	994
4192	1093
4192	14386
4192	14387
4192	14388
4192	14389
4192	14390
4197	4197
4201	4201
4201	4261
4202	4336
4203	4203
4205	695
4205	4205
4206	4206
4206	14391
4212	695
4213	4261
4214	4214
4214	4337
4215	4215
4215	4330
4216	4216
4217	4217
4220	4220
4220	4323
4220	4336
4222	4222
4223	4223
4224	4224
4224	4261
4227	1151
4227	4227
4234	4234
4239	4239
4239	14391
4240	4240
4242	4323
4244	4245
4244	4342
4245	4244
4245	4342
4248	4323
4248	4330
4248	4336
4248	14392
4251	4261
4252	14393
4253	695
4258	695
4259	4261
4261	14394
4266	751
4266	3239
4268	4269
4269	4337
4270	4336
4271	4272
4273	4325
4274	4325
4277	4321
4277	14395
4279	4279
4279	14396
4280	4323
4281	4281
4282	4337
4283	4325
4284	4325
4288	4325
4289	4326
4290	4325
4291	4337
4292	4337
4296	4337
4297	4323
4299	4325
4303	14397
4303	14398
4304	0
4304	994
4304	1093
4304	1109
4304	4262
4304	4263
4304	4264
4304	4265
4304	4304
4305	0
4305	994
4305	1093
4305	1109
4305	4262
4305	4263
4305	4264
4305	4265
4305	4305
4305	14399
4306	0
4306	106
4306	994
4306	1093
4306	1107
4306	1108
4306	1109
4306	1110
4306	4306
4307	0
4307	106
4307	994
4307	1093
4307	1107
4307	1108
4307	1109
4307	1110
4307	4307
4307	4309
4307	14400
4308	0
4308	994
4308	1093
4308	1109
4308	4262
4308	4263
4308	4264
4308	4265
4308	4308
4309	0
4309	106
4309	994
4309	1093
4309	1107
4309	1108
4309	1109
4309	1110
4309	4309
4310	0
4310	106
4310	994
4310	1093
4310	1107
4310	1108
4310	1109
4310	1110
4310	4310
4311	0
4311	106
4311	994
4311	1093
4311	1107
4311	1108
4311	1109
4311	1110
4311	4279
4311	4311
4311	4320
4312	0
4312	106
4312	994
4312	1093
4312	1107
4312	1108
4312	1109
4312	1110
4312	4279
4312	4310
4312	4312
4312	4320
4313	0
4313	106
4313	994
4313	1093
4313	1107
4313	1108
4313	1109
4313	1110
4313	4313
4313	4320
4313	14401
4314	0
4314	106
4314	994
4314	1093
4314	1107
4314	1108
4314	1109
4314	1110
4314	4314
4315	0
4315	106
4315	994
4315	1093
4315	1107
4315	1108
4315	1109
4315	1110
4315	4314
4315	4315
4315	4320
4315	14400
4315	14401
4315	14402
4316	4317
4317	0
4317	106
4317	994
4317	1093
4317	1107
4317	1108
4317	1109
4317	1110
4317	4316
4317	4317
4317	4320
4317	4322
4317	4323
4317	4325
4317	4326
4317	4330
4317	4331
4317	4332
4317	4334
4317	4335
4317	4336
4317	4337
4317	4338
4317	4339
4317	4341
4317	4342
4318	47
4318	189
4318	4319
4319	0
4319	106
4319	994
4319	1093
4319	1107
4319	1108
4319	1109
4319	1110
4319	4309
4319	4318
4319	4319
4319	4337
4320	4279
4320	14401
4321	4322
4321	14395
4327	1155
4330	5780
4335	1155
4336	4330
4339	1155
4340	4261
4340	4320
4341	1155
4341	4260
4347	1121
4348	4349
4348	4350
4348	4351
4348	14403
4349	4350
4349	4351
4349	14403
4350	4349
4350	4351
4350	14403
4351	4349
4351	4350
4351	4351
4351	14403
4352	14404
4352	14405
4352	14406
4354	214
4354	1135
4354	1748
4355	214
4355	1135
4355	4362
4356	171
4356	214
4356	1135
4356	4356
4356	4357
4356	4360
4356	14407
4357	171
4357	214
4357	1135
4357	4357
4357	4358
4357	14408
4358	214
4358	1135
4358	4359
4359	214
4359	1135
4359	4360
4360	214
4360	1135
4360	4361
4361	214
4361	1135
4361	4355
4362	171
4362	214
4362	1135
4362	1743
4362	4363
4362	14409
4363	214
4363	1135
4363	4354
4364	214
4364	1136
4364	4366
4365	214
4365	1136
4366	214
4366	1136
4366	4367
4367	214
4367	1136
4367	4368
4368	214
4368	1136
4368	4369
4369	214
4369	1136
4369	4370
4370	214
4370	1136
4370	4371
4370	14410
4371	214
4371	1136
4371	4372
4371	14411
4372	214
4372	215
4372	1136
4372	1743
4372	4373
4372	14412
4372	14413
4373	214
4373	1136
4373	4365
4373	14410
4373	14413
4373	14414
4376	214
4376	1140
4376	14415
4378	214
4378	4382
4379	214
4380	214
4381	214
4382	214
4383	214
4384	214
4385	214
4386	214
4387	214
4388	214
4388	1142
4388	14416
4388	14417
4388	14418
4388	14419
4388	14420
4388	14421
4389	214
4390	214
4390	14422
4390	14423
4390	14424
4390	14425
4391	0
4391	1144
4391	4401
4391	14426
4391	14427
4391	14428
4391	14429
4391	14430
4391	14431
4392	0
4392	1144
4392	4401
4392	14432
4393	0
4393	1144
4393	4401
4393	14433
4393	14434
4393	14435
4393	14436
4393	14437
4393	14438
4393	14439
4393	14440
4393	14441
4393	14442
4393	14443
4393	14444
4393	14445
4393	14446
4393	14447
4393	14448
4393	14449
4393	14450
4393	14451
4393	14452
4393	14453
4393	14454
4393	14455
4393	14456
4393	14457
4393	14458
4393	14459
4393	14460
4393	14461
4393	14462
4393	14463
4393	14464
4393	14465
4393	14466
4393	14467
4393	14468
4393	14469
4393	14470
4393	14471
4393	14472
4393	14473
4393	14474
4393	14475
4393	14476
4393	14477
4393	14478
4393	14479
4393	14480
4394	0
4394	1144
4394	1575
4394	4393
4394	4396
4394	4401
4394	11637
4394	11643
4394	12838
4394	13727
4394	14481
4394	14482
4394	14483
4394	14484
4395	0
4395	1144
4395	4397
4395	4401
4395	14485
4396	0
4396	1144
4396	4396
4396	4399
4396	4401
4396	5401
4396	14486
4396	14487
4396	14488
4396	14489
4396	14490
4396	14491
4396	14492
4396	14493
4397	0
4397	1144
4397	4396
4397	4399
4397	4401
4397	14494
4397	14495
4397	14496
4397	14497
4397	14498
4397	14499
4397	14500
4397	14501
4397	14502
4398	0
4398	1144
4398	4401
4398	11660
4398	14503
4398	14504
4398	14505
4398	14506
4398	14507
4398	14508
4398	14509
4398	14510
4398	14511
4398	14512
4398	14513
4398	14514
4398	14515
4398	14516
4398	14517
4398	14518
4398	14519
4398	14520
4398	14521
4398	14522
4398	14523
4398	14524
4398	14525
4398	14526
4398	14527
4398	14528
4398	14529
4398	14530
4399	0
4399	4399
4399	4401
4399	14531
4399	14532
4399	14533
4399	14534
4399	14535
4399	14536
4399	14537
4399	14538
4399	14539
4401	14540
4401	14541
4402	14542
4402	14543
4402	14544
4402	14545
4402	14546
4406	124
4406	14547
4406	14548
4406	14549
4406	14550
4406	14551
4406	14552
4406	14553
4406	14554
4406	14555
4406	14556
4406	14557
4406	14558
4406	14559
4406	14560
4406	14561
4406	14562
4406	14563
4406	14564
4406	14565
4406	14566
4406	14567
4406	14568
4406	14569
4406	14570
4406	14571
4406	14572
4406	14573
4406	14574
4406	14575
4406	14576
4406	14577
4406	14578
4406	14579
4406	14580
4406	14581
4406	14582
4406	14583
4406	14584
4406	14585
4406	14586
4406	14587
4406	14588
4406	14589
4406	14590
4406	14591
4406	14592
4406	14593
4406	14594
4406	14595
4406	14596
4406	14597
4406	14598
4406	14599
4406	14600
4406	14601
4406	14602
4406	14603
4406	14604
4406	14605
4406	14606
4406	14607
4406	14608
4406	14609
4406	14610
4406	14611
4406	14612
4406	14613
4406	14614
4406	14615
4406	14616
4406	14617
4406	14618
4406	14619
4406	14620
4406	14621
4406	14622
4406	14623
4406	14624
4406	14625
4406	14626
4406	14627
4406	14628
4406	14629
4406	14630
4406	14631
4406	14632
4406	14633
4406	14634
4406	14635
4406	14636
4406	14637
4406	14638
4406	14639
4406	14640
4406	14641
4406	14642
4406	14643
4406	14644
4406	14645
4406	14646
4406	14647
4406	14648
4406	14649
4406	14650
4406	14651
4406	14652
4406	14653
4406	14654
4406	14655
4406	14656
4406	14657
4406	14658
4406	14659
4406	14660
4406	14661
4406	14662
4406	14663
4406	14664
4406	14665
4406	14666
4406	14667
4406	14668
4406	14669
4406	14670
4406	14671
4406	14672
4406	14673
4406	14674
4406	14675
4406	14676
4406	14677
4406	14678
4406	14679
4406	14680
4406	14681
4406	14682
4406	14683
4406	14684
4406	14685
4406	14686
4406	14687
4406	14688
4406	14689
4406	14690
4406	14691
4406	14692
4406	14693
4406	14694
4406	14695
4406	14696
4406	14697
4406	14698
4406	14699
4406	14700
4406	14701
4406	14702
4406	14703
4406	14704
4406	14705
4406	14706
4406	14707
4406	14708
4406	14709
4406	14710
4406	14711
4406	14712
4406	14713
4406	14714
4406	14715
4406	14716
4406	14717
4406	14718
4406	14719
4406	14720
4406	14721
4406	14722
4406	14723
4406	14724
4406	14725
4406	14726
4406	14727
4406	14728
4406	14729
4406	14730
4406	14731
4406	14732
4406	14733
4406	14734
4406	14735
4406	14736
4406	14737
4406	14738
4406	14739
4406	14740
4406	14741
4406	14742
4406	14743
4406	14744
4406	14745
4406	14746
4406	14747
4406	14748
4406	14749
4406	14750
4406	14751
4406	14752
4406	14753
4406	14754
4406	14755
4406	14756
4406	14757
4406	14758
4406	14759
4406	14760
4406	14761
4406	14762
4406	14763
4406	14764
4406	14765
4406	14766
4406	14767
4406	14768
4406	14769
4406	14770
4406	14771
4406	14772
4406	14773
4406	14774
4406	14775
4406	14776
4406	14777
4406	14778
4406	14779
4406	14780
4406	14781
4406	14782
4406	14783
4406	14784
4406	14785
4406	14786
4406	14787
4406	14788
4406	14789
4406	14790
4406	14791
4406	14792
4406	14793
4406	14794
4406	14795
4406	14796
4406	14797
4406	14798
4406	14799
4406	14800
4406	14801
4406	14802
4406	14803
4406	14804
4406	14805
4406	14806
4406	14807
4406	14808
4406	14809
4406	14810
4406	14811
4406	14812
4406	14813
4406	14814
4406	14815
4406	14816
4406	14817
4406	14818
4406	14819
4406	14820
4406	14821
4406	14822
4406	14823
4406	14824
4406	14825
4406	14826
4406	14827
4406	14828
4406	14829
4406	14830
4406	14831
4406	14832
4406	14833
4406	14834
4406	14835
4406	14836
4406	14837
4406	14838
4406	14839
4406	14840
4406	14841
4406	14842
4406	14843
4406	14844
4406	14845
4406	14846
4406	14847
4406	14848
4406	14849
4406	14850
4406	14851
4406	14852
4406	14853
4406	14854
4406	14855
4406	14856
4406	14857
4406	14858
4406	14859
4406	14860
4406	14861
4406	14862
4406	14863
4406	14864
4406	14865
4406	14866
4406	14867
4406	14868
4406	14869
4406	14870
4406	14871
4406	14872
4406	14873
4406	14874
4406	14875
4406	14876
4406	14877
4406	14878
4406	14879
4406	14880
4406	14881
4406	14882
4406	14883
4406	14884
4406	14885
4406	14886
4406	14887
4406	14888
4406	14889
4406	14890
4406	14891
4406	14892
4406	14893
4406	14894
4406	14895
4406	14896
4406	14897
4406	14898
4406	14899
4406	14900
4406	14901
4406	14902
4406	14903
4406	14904
4406	14905
4406	14906
4406	14907
4406	14908
4406	14909
4406	14910
4406	14911
4406	14912
4406	14913
4406	14914
4406	14915
4406	14916
4406	14917
4406	14918
4406	14919
4406	14920
4406	14921
4406	14922
4406	14923
4406	14924
4406	14925
4406	14926
4406	14927
4406	14928
4406	14929
4406	14930
4406	14931
4406	14932
4406	14933
4406	14934
4406	14935
4406	14936
4406	14937
4406	14938
4406	14939
4406	14940
4406	14941
4406	14942
4406	14943
4406	14944
4406	14945
4406	14946
4409	124
4409	135
4409	1148
4409	4413
4409	14947
4409	14948
4409	14949
4409	14950
4409	14951
4409	14952
4412	1144
4412	14953
4412	14954
4412	14955
4412	14956
4412	14957
4413	124
4413	1148
4413	4409
4415	1149
4415	1160
4415	14957
4415	14958
4415	14959
4415	14960
4415	14961
4415	14962
4416	0
4416	4416
4416	14957
4416	14963
4416	14964
4416	14965
4416	14966
4416	14967
4416	14968
4416	14969
4416	14970
4428	14971
4453	1151
4453	1152
4466	129
4466	14972
4467	14973
4467	14974
4467	14975
4467	14976
4467	14977
4467	14978
4467	14979
4467	14980
4467	14981
4467	14982
4467	14983
4467	14984
4467	14985
4467	14986
4468	751
4477	14987
4478	0
4478	176
4478	14988
4479	0
4479	176
4479	14989
4479	14990
4479	14991
4480	0
4480	176
4480	14992
4480	14993
4481	0
4481	176
4481	14994
4482	134
4482	1170
4482	1171
4482	1172
4482	1173
4482	1174
4482	1175
4482	1176
4482	1177
4482	14995
4483	134
4483	1170
4483	1171
4483	1172
4483	1173
4483	1174
4483	1175
4483	1176
4483	1177
4484	134
4484	1170
4484	1171
4484	1172
4484	1173
4484	1174
4484	1175
4484	1176
4484	1177
4484	4486
4485	134
4485	1170
4485	1171
4485	1172
4485	1173
4485	1174
4485	1175
4485	1176
4485	1177
4485	4486
4517	134
4517	1170
4517	1171
4517	1172
4517	1173
4517	1174
4517	1175
4517	1176
4517	1177
4518	134
4518	1170
4518	1171
4518	1172
4518	1173
4518	1174
4518	1175
4518	1176
4518	1177
4519	134
4519	1170
4519	1171
4519	1172
4519	1173
4519	1174
4519	1175
4519	1176
4519	1177
4520	134
4520	1170
4520	1171
4520	1172
4520	1173
4520	1174
4520	1175
4520	1176
4520	1177
4521	134
4521	1170
4521	1171
4521	1172
4521	1173
4521	1174
4521	1175
4521	1176
4521	1177
4521	14996
4522	134
4522	1170
4522	1171
4522	1172
4522	1173
4522	1174
4522	1175
4522	1176
4522	1177
4523	134
4523	1170
4523	1171
4523	1172
4523	1173
4523	1174
4523	1175
4523	1176
4523	1177
4524	134
4524	1170
4524	1171
4524	1172
4524	1173
4524	1174
4524	1175
4524	1176
4524	1177
4525	134
4525	1170
4525	1171
4525	1172
4525	1173
4525	1174
4525	1175
4525	1176
4525	1177
4525	4486
4526	134
4526	1170
4526	1171
4526	1172
4526	1173
4526	1174
4526	1175
4526	1176
4526	1177
4526	4486
4527	134
4527	1170
4527	1171
4527	1172
4527	1173
4527	1174
4527	1175
4527	1176
4527	1177
4527	4486
4554	1180
4554	14997
4554	14998
4554	14999
4554	15000
4554	15001
4554	15002
4554	15003
4554	15004
4554	15005
4554	15006
4554	15007
4554	15008
4554	15009
4554	15010
4554	15011
4554	15012
4554	15013
4554	15014
4554	15015
4554	15016
4554	15017
4554	15018
4554	15019
4554	15020
4554	15021
4554	15022
4554	15023
4554	15024
4554	15025
4554	15026
4554	15027
4554	15028
4554	15029
4554	15030
4554	15031
4554	15032
4554	15033
4554	15034
4554	15035
4554	15036
4554	15037
4554	15038
4554	15039
4554	15040
4554	15041
4554	15042
4554	15043
4554	15044
4554	15045
4554	15046
4554	15047
4554	15048
4554	15049
4554	15050
4554	15051
4554	15052
4554	15053
4554	15054
4554	15055
4554	15056
4554	15057
4554	15058
4554	15059
4554	15060
4554	15061
4554	15062
4554	15063
4554	15064
4554	15065
4554	15066
4554	15067
4554	15068
4554	15069
4554	15070
4554	15071
4554	15072
4554	15073
4554	15074
4554	15075
4554	15076
4554	15077
4554	15078
4554	15079
4554	15080
4554	15081
4554	15082
4554	15083
4554	15084
4554	15085
4554	15086
4554	15087
4554	15088
4554	15089
4554	15090
4554	15091
4554	15092
4554	15093
4554	15094
4554	15095
4554	15096
4554	15097
4554	15098
4554	15099
4554	15100
4554	15101
4554	15102
4554	15103
4554	15104
4554	15105
4554	15106
4554	15107
4554	15108
4554	15109
4554	15110
4554	15111
4554	15112
4554	15113
4554	15114
4554	15115
4554	15116
4554	15117
4554	15118
4554	15119
4554	15120
4554	15121
4554	15122
4554	15123
4554	15124
4554	15125
4554	15126
4554	15127
4554	15128
4554	15129
4554	15130
4554	15131
4554	15132
4554	15133
4554	15134
4554	15135
4554	15136
4554	15137
4554	15138
4554	15139
4554	15140
4554	15141
4554	15142
4554	15143
4554	15144
4554	15145
4554	15146
4554	15147
4554	15148
4554	15149
4554	15150
4554	15151
4554	15152
4554	15153
4554	15154
4554	15155
4554	15156
4554	15157
4554	15158
4554	15159
4554	15160
4554	15161
4554	15162
4554	15163
4554	15164
4554	15165
4554	15166
4554	15167
4554	15168
4555	1180
4555	15169
4555	15170
4555	15171
4555	15172
4555	15173
4555	15174
4555	15175
4555	15176
4555	15177
4555	15178
4555	15179
4555	15180
4555	15181
4555	15182
4555	15183
4555	15184
4555	15185
4555	15186
4555	15187
4555	15188
4555	15189
4555	15190
4555	15191
4555	15192
4555	15193
4555	15194
4555	15195
4555	15196
4555	15197
4555	15198
4555	15199
4555	15200
4555	15201
4555	15202
4555	15203
4555	15204
4555	15205
4555	15206
4555	15207
4555	15208
4555	15209
4555	15210
4555	15211
4555	15212
4555	15213
4555	15214
4555	15215
4555	15216
4555	15217
4555	15218
4555	15219
4555	15220
4555	15221
4555	15222
4555	15223
4555	15224
4555	15225
4555	15226
4555	15227
4555	15228
4555	15229
4555	15230
4555	15231
4555	15232
4555	15233
4555	15234
4555	15235
4555	15236
4555	15237
4555	15238
4555	15239
4555	15240
4555	15241
4555	15242
4555	15243
4555	15244
4555	15245
4555	15246
4555	15247
4555	15248
4555	15249
4555	15250
4555	15251
4555	15252
4555	15253
4555	15254
4555	15255
4555	15256
4555	15257
4555	15258
4555	15259
4555	15260
4555	15261
4555	15262
4555	15263
4555	15264
4555	15265
4555	15266
4555	15267
4555	15268
4555	15269
4555	15270
4555	15271
4555	15272
4555	15273
4555	15274
4555	15275
4555	15276
4555	15277
4555	15278
4555	15279
4555	15280
4555	15281
4555	15282
4555	15283
4555	15284
4555	15285
4555	15286
4555	15287
4555	15288
4555	15289
4555	15290
4555	15291
4555	15292
4555	15293
4555	15294
4555	15295
4555	15296
4555	15297
4555	15298
4555	15299
4555	15300
4555	15301
4555	15302
4555	15303
4555	15304
4555	15305
4555	15306
4555	15307
4555	15308
4555	15309
4555	15310
4555	15311
4555	15312
4555	15313
4555	15314
4555	15315
4555	15316
4555	15317
4555	15318
4555	15319
4555	15320
4555	15321
4555	15322
4555	15323
4555	15324
4555	15325
4555	15326
4555	15327
4555	15328
4555	15329
4555	15330
4555	15331
4555	15332
4555	15333
4555	15334
4555	15335
4555	15336
4555	15337
4555	15338
4555	15339
4555	15340
4556	1180
4556	1182
4556	1183
4556	1188
4556	1189
4556	1190
4556	1193
4556	4556
4556	4557
4772	1192
4774	213
4774	4774
4776	0
4776	140
4777	0
4777	140
4778	0
4778	140
4779	0
4779	140
4780	0
4780	140
4781	0
4781	140
4782	0
4782	140
4783	0
4783	140
4784	0
4784	140
4785	0
4785	140
4786	0
4786	140
4787	0
4787	140
4788	0
4788	140
4789	0
4789	140
4790	0
4790	140
4791	0
4791	140
4792	0
4792	140
4793	0
4793	140
4794	0
4794	140
4795	0
4795	140
4796	0
4796	140
4797	0
4797	140
4798	0
4798	140
4799	0
4799	140
4800	0
4800	140
4801	0
4801	140
4802	0
4802	140
4803	0
4803	140
4804	0
4804	140
4805	0
4805	140
4806	0
4806	140
4807	0
4807	140
4808	0
4808	140
4809	0
4809	140
4810	0
4810	140
4811	0
4811	140
4812	0
4812	140
4813	0
4813	140
4814	0
4814	140
4815	0
4815	140
4816	0
4816	140
4817	0
4817	140
4818	0
4818	140
4818	1093
4818	4197
4819	0
4819	140
4820	0
4820	140
4820	15341
4821	0
4821	140
4822	0
4822	140
4823	0
4823	140
4824	0
4824	140
4825	0
4825	140
4826	0
4826	140
4827	0
4827	140
4828	0
4828	140
4829	0
4829	140
4830	0
4830	140
4830	1093
4831	0
4831	140
4831	3953
4832	0
4832	140
4833	0
4833	140
4833	1093
4834	0
4834	140
4835	0
4835	140
4836	0
4836	140
4837	0
4837	140
4838	0
4838	140
4839	0
4839	140
4840	0
4840	140
4840	1093
4841	0
4841	140
4842	0
4842	140
4843	0
4843	140
4844	0
4844	140
4845	0
4845	140
4845	1093
4846	0
4846	140
4846	1093
4847	0
4847	140
4847	1093
4848	0
4848	140
4848	1093
4849	0
4849	140
4850	0
4850	140
4851	0
4851	140
4852	0
4852	140
4853	0
4853	140
4853	15342
4854	0
4854	140
4855	0
4855	140
4856	0
4856	140
4857	0
4857	140
4858	0
4858	140
4859	0
4859	140
4860	0
4860	140
4861	0
4861	140
4862	0
4862	140
4863	0
4863	140
4864	0
4864	140
4865	0
4865	140
4866	0
4866	140
4867	0
4867	140
4868	0
4868	140
4869	0
4869	140
4870	0
4870	140
4871	0
4871	140
4872	0
4872	140
4873	0
4873	140
4874	0
4874	140
4874	10180
4875	0
4875	140
4876	0
4876	140
4877	0
4877	140
4878	0
4878	140
4879	0
4879	140
4880	0
4880	140
4881	0
4881	140
4882	0
4882	103
4882	140
4883	0
4883	140
4884	0
4884	140
4884	10180
4885	0
4885	140
4887	0
4887	140
4888	0
4888	140
4889	0
4889	140
4890	0
4890	140
4891	0
4891	140
4892	0
4892	140
4893	0
4893	140
4894	0
4894	140
4895	0
4895	140
4896	0
4896	140
4897	0
4897	140
4898	0
4898	140
4899	0
4899	140
4899	203
4900	0
4900	140
4901	0
4901	140
4902	0
4902	140
4903	0
4903	140
4904	0
4904	140
4905	0
4905	140
4906	0
4906	140
4907	0
4907	140
4908	0
4908	140
4909	0
4909	140
4910	0
4910	140
4911	0
4911	140
4912	0
4912	140
4913	0
4913	140
4914	0
4914	140
4915	0
4915	140
4916	0
4916	140
4917	0
4917	39
4917	140
4918	0
4918	140
4919	0
4919	140
4920	0
4920	140
4921	0
4921	140
4922	0
4922	140
4923	0
4923	140
4924	0
4924	140
4925	0
4925	140
4926	0
4926	140
4927	0
4927	140
4928	0
4928	140
4929	0
4929	140
4930	0
4930	140
4931	0
4931	140
4931	15343
4932	0
4932	140
4933	0
4933	140
4934	0
4934	140
4935	0
4935	140
4936	0
4936	140
4937	0
4937	140
4938	0
4938	140
4939	0
4939	140
4940	0
4940	140
4941	0
4941	140
4942	0
4942	140
4943	0
4943	140
4944	0
4944	140
4945	0
4945	140
4946	0
4946	140
4947	0
4947	140
4948	0
4948	140
4949	0
4949	140
4950	0
4950	140
4951	0
4951	140
4952	0
4952	140
4953	0
4953	140
4954	0
4954	140
4955	0
4955	140
4956	0
4956	140
4957	0
4957	140
4958	0
4958	140
4959	0
4959	140
4960	0
4960	140
4961	0
4961	140
4961	4214
4962	0
4962	140
4963	0
4963	140
4963	4953
4963	4956
4964	0
4964	140
4965	0
4965	140
4966	0
4966	140
4967	0
4967	140
4968	0
4968	140
4969	0
4969	140
4970	0
4970	140
4971	0
4971	140
4972	0
4972	140
4973	0
4973	140
4974	0
4974	140
4975	0
4975	140
4976	0
4976	140
4977	0
4977	140
4978	0
4978	140
4979	0
4979	140
4980	0
4980	140
4981	0
4981	140
4982	0
4982	140
4983	0
4983	140
4984	0
4984	140
4985	0
4985	140
4986	0
4986	140
4987	0
4987	140
4988	0
4988	140
4989	0
4989	140
4990	0
4990	140
4991	0
4991	140
4992	0
4992	140
4993	0
4993	140
4994	0
4994	140
4995	0
4995	140
4996	0
4996	140
4997	0
4997	140
4998	0
4998	140
4999	0
4999	140
5000	0
5000	140
5001	0
5001	140
5002	0
5002	140
5003	0
5003	140
5004	0
5004	140
5005	0
5005	140
5007	0
5007	140
5008	0
5008	140
5009	0
5009	140
5010	0
5010	140
5011	0
5011	140
5012	0
5012	140
5013	0
5013	140
5014	0
5014	140
5015	0
5015	140
5016	0
5016	140
5017	0
5017	140
5018	0
5018	140
5019	0
5019	140
5020	0
5020	140
5021	0
5021	140
5022	0
5022	140
5023	0
5023	140
5024	0
5024	140
5025	0
5025	140
5026	0
5026	140
5027	0
5027	140
5028	0
5028	140
5029	0
5029	140
5030	0
5030	140
5031	0
5031	140
5032	0
5032	140
5033	0
5033	140
5034	0
5034	140
5035	0
5035	140
5036	0
5036	140
5037	0
5037	140
5038	0
5038	140
5039	0
5039	140
5040	0
5040	140
5040	10180
5041	0
5041	140
5042	0
5042	140
5043	0
5043	140
5044	0
5044	140
5045	0
5045	140
5046	0
5046	140
5047	0
5047	140
5048	0
5048	140
5049	0
5049	140
5049	10245
5050	0
5050	140
5051	0
5051	140
5052	0
5052	140
5053	0
5053	140
5054	0
5054	140
5055	0
5055	140
5055	1229
5055	1230
5055	1231
5055	1232
5055	1233
5055	1234
5055	1898
5055	1899
5055	4824
5055	4828
5055	4831
5055	4882
5055	4883
5055	4953
5055	4954
5055	4955
5055	4956
5055	4957
5055	4958
5055	4960
5055	4961
5055	4962
5055	4963
5055	4964
5055	4965
5055	4966
5055	4967
5055	4968
5055	4969
5055	4970
5055	4971
5055	4972
5055	4973
5055	4974
5055	4975
5055	4976
5055	4977
5055	4978
5055	4979
5055	4980
5055	4981
5055	4982
5055	4983
5055	4984
5055	4985
5055	4986
5055	4987
5055	4988
5055	4989
5055	4990
5055	4991
5055	4992
5055	4993
5055	4994
5055	4995
5055	4996
5055	4997
5055	4998
5055	4999
5055	5000
5055	5001
5055	5002
5055	5003
5055	5004
5055	5005
5055	5006
5055	5007
5055	5008
5055	5009
5055	5010
5055	5011
5055	5012
5055	5013
5055	5014
5055	5015
5055	5016
5055	5017
5055	5018
5055	5019
5055	5020
5055	5021
5055	5022
5055	5023
5055	5024
5055	5025
5055	5026
5055	5027
5055	5028
5055	5029
5055	5030
5055	5031
5055	5032
5055	5033
5055	5034
5055	5035
5055	5036
5055	5037
5055	5038
5055	5039
5055	5040
5055	5041
5055	5042
5055	5043
5055	5044
5055	5045
5055	5046
5055	5047
5055	5048
5055	5049
5055	5050
5055	5051
5055	5052
5055	5053
5055	5054
5055	15344
5055	15345
5056	15346
5057	1258
5057	15347
5057	15348
5057	15349
5057	15350
5057	15351
5057	15352
5057	15353
5057	15354
5057	15355
5057	15356
5058	0
5058	15357
5058	15358
5058	15359
5058	15360
5058	15361
5058	15362
5058	15363
5058	15364
5058	15365
5058	15366
5058	15367
5058	15368
5058	15369
5058	15370
5059	10302
5060	10295
5060	10306
5060	15371
5060	15372
5060	15373
5060	15374
5060	15375
5060	15376
5060	15377
5060	15378
5060	15379
5060	15380
5060	15381
5061	12278
5071	15382
5071	15383
5071	15384
5071	15385
5071	15386
5071	15387
5072	0
5072	1957
5072	15388
5072	15389
5072	15390
5073	0
5073	3950
5073	12353
5073	15391
5073	15392
5073	15393
5073	15394
5073	15395
5073	15396
5073	15397
5073	15398
5073	15399
5073	15400
5074	0
5074	15388
5074	15401
5074	15402
5074	15403
5075	15404
5075	15405
5075	15406
5075	15407
5075	15408
5075	15409
5076	0
5076	3335
5076	15410
5076	15411
5076	15412
5076	15413
5076	15414
5076	15415
5076	15416
5076	15417
5076	15418
5076	15419
5076	15420
5076	15421
5077	0
5077	1273
5077	4401
5077	5057
5077	5077
5077	5284
5077	15422
5077	15423
5077	15424
5077	15425
5077	15426
5077	15427
5077	15428
5077	15429
5077	15430
5077	15431
5077	15432
5077	15433
5077	15434
5077	15435
5077	15436
5077	15437
5077	15438
5077	15439
5077	15440
5077	15441
5077	15442
5077	15443
5077	15444
5077	15445
5077	15446
5077	15447
5077	15448
5077	15449
5077	15450
5077	15451
5077	15452
5077	15453
5077	15454
5077	15455
5078	14957
5078	15456
5078	15457
5078	15458
5078	15459
5078	15460
5078	15461
5078	15462
5078	15463
5078	15464
5078	15465
5078	15466
5078	15467
5078	15468
5078	15469
5078	15470
5078	15471
5078	15472
5078	15473
5078	15474
5078	15475
5078	15476
5078	15477
5078	15478
5078	15479
5079	15480
5079	15481
5079	15482
5079	15483
5079	15484
5079	15485
5079	15486
5079	15487
5079	15488
5079	15489
5079	15490
5080	4428
5082	776
5082	997
5082	1055
5082	1273
5082	3950
5082	4027
5082	12355
5082	15491
5082	15492
5082	15493
5082	15494
5082	15495
5082	15496
5082	15497
5082	15498
5082	15499
5082	15500
5082	15501
5082	15502
5082	15503
5082	15504
5082	15505
5082	15506
5082	15507
5082	15508
5082	15509
5082	15510
5082	15511
5082	15512
5082	15513
5082	15514
5082	15515
5082	15516
5082	15517
5082	15518
5108	218
5108	1779
5108	1780
5108	1781
5108	1782
5108	1785
5108	1786
5108	1787
5108	1788
5108	5084
5108	5085
5108	5086
5108	5087
5108	5095
5108	5096
5110	0
5110	1257
5110	5110
5110	5111
5110	5112
5110	5113
5110	5114
5110	5115
5110	5116
5110	5117
5110	5118
5110	5119
5110	15519
5110	15520
5111	0
5111	1257
5111	5110
5111	5112
5111	5113
5111	5114
5111	5115
5111	5116
5111	5117
5111	5118
5111	5119
5111	15521
5111	15522
5111	15523
5112	0
5112	1257
5112	5110
5112	5111
5112	5113
5112	5114
5112	5115
5112	5116
5112	5117
5112	5118
5112	5119
5112	15524
5112	15525
5113	1257
5113	5110
5113	5111
5113	5112
5113	5113
5113	5114
5113	5115
5113	5116
5113	5117
5113	5118
5113	5119
5113	15526
5114	0
5114	1257
5114	5110
5114	5111
5114	5112
5114	5113
5114	5115
5114	5116
5114	5117
5114	5118
5114	5119
5114	15527
5115	0
5115	1257
5115	15528
5115	15529
5115	15530
5115	15531
5115	15532
5115	15533
5115	15534
5115	15535
5115	15536
5115	15537
5115	15538
5115	15539
5115	15540
5115	15541
5116	0
5116	15542
5116	15543
5117	0
5117	1257
5117	5110
5117	5111
5117	5112
5117	5113
5117	5114
5117	5115
5117	5116
5117	5118
5117	5119
5117	15544
5117	15545
5117	15546
5118	0
5118	1257
5118	5413
5118	15547
5118	15548
5118	15549
5118	15550
5118	15551
5118	15552
5118	15553
5118	15554
5118	15555
5118	15556
5118	15557
5118	15558
5118	15559
5118	15560
5118	15561
5118	15562
5118	15563
5118	15564
5118	15565
5118	15566
5118	15567
5118	15568
5118	15569
5118	15570
5119	0
5119	1153
5119	1257
5119	5110
5119	5111
5119	5112
5119	5113
5119	5114
5119	5115
5119	5116
5119	5117
5119	5118
5119	15522
5119	15571
5121	15572
5121	15573
5121	15574
5121	15575
5122	15576
5122	15577
5122	15578
5122	15579
5122	15580
5122	15581
5122	15582
5122	15583
5122	15584
5122	15585
5123	146
5123	15586
5123	15587
5123	15588
5123	15589
5123	15590
5123	15591
5123	15592
5123	15593
5123	15594
5123	15595
5123	15596
5123	15597
5123	15598
5123	15599
5123	15600
5123	15601
5123	15602
5123	15603
5123	15604
5123	15605
5123	15606
5123	15607
5123	15608
5123	15609
5123	15610
5123	15611
5123	15612
5123	15613
5123	15614
5123	15615
5123	15616
5123	15617
5123	15618
5123	15619
5123	15620
5123	15621
5123	15622
5123	15623
5123	15624
5123	15625
5123	15626
5123	15627
5123	15628
5123	15629
5123	15630
5123	15631
5123	15632
5123	15633
5123	15634
5123	15635
5123	15636
5123	15637
5123	15638
5123	15639
5123	15640
5123	15641
5123	15642
5123	15643
5123	15644
5123	15645
5123	15646
5123	15647
5123	15648
5123	15649
5123	15650
5123	15651
5123	15652
5123	15653
5123	15654
5123	15655
5123	15656
5123	15657
5123	15658
5123	15659
5123	15660
5123	15661
5123	15662
5123	15663
5123	15664
5123	15665
5123	15666
5123	15667
5123	15668
5123	15669
5123	15670
5123	15671
5123	15672
5123	15673
5123	15674
5123	15675
5123	15676
5123	15677
5123	15678
5123	15679
5123	15680
5123	15681
5123	15682
5123	15683
5123	15684
5123	15685
5123	15686
5123	15687
5123	15688
5123	15689
5123	15690
5123	15691
5123	15692
5123	15693
5123	15694
5123	15695
5123	15696
5123	15697
5123	15698
5123	15699
5123	15700
5123	15701
5123	15702
5123	15703
5123	15704
5123	15705
5123	15706
5123	15707
5123	15708
5123	15709
5123	15710
5123	15711
5123	15712
5123	15713
5123	15714
5123	15715
5123	15716
5123	15717
5123	15718
5123	15719
5123	15720
5123	15721
5123	15722
5123	15723
5123	15724
5123	15725
5123	15726
5123	15727
5123	15728
5123	15729
5123	15730
5123	15731
5123	15732
5123	15733
5123	15734
5123	15735
5123	15736
5123	15737
5123	15738
5123	15739
5123	15740
5123	15741
5123	15742
5123	15743
5123	15744
5123	15745
5123	15746
5123	15747
5123	15748
5123	15749
5123	15750
5123	15751
5123	15752
5123	15753
5123	15754
5123	15755
5123	15756
5123	15757
5123	15758
5123	15759
5123	15760
5123	15761
5123	15762
5123	15763
5123	15764
5123	15765
5123	15766
5123	15767
5123	15768
5123	15769
5123	15770
5123	15771
5123	15772
5123	15773
5123	15774
5123	15775
5123	15776
5123	15777
5123	15778
5123	15779
5123	15780
5123	15781
5123	15782
5123	15783
5123	15784
5123	15785
5123	15786
5123	15787
5123	15788
5123	15789
5123	15790
5123	15791
5123	15792
5123	15793
5123	15794
5123	15795
5123	15796
5123	15797
5123	15798
5123	15799
5123	15800
5123	15801
5123	15802
5123	15803
5123	15804
5123	15805
5123	15806
5123	15807
5123	15808
5123	15809
5123	15810
5123	15811
5123	15812
5123	15813
5123	15814
5123	15815
5123	15816
5123	15817
5123	15818
5123	15819
5123	15820
5123	15821
5123	15822
5123	15823
5123	15824
5123	15825
5123	15826
5123	15827
5123	15828
5123	15829
5123	15830
5123	15831
5123	15832
5123	15833
5123	15834
5123	15835
5123	15836
5123	15837
5123	15838
5123	15839
5123	15840
5123	15841
5123	15842
5123	15843
5123	15844
5123	15845
5123	15846
5123	15847
5123	15848
5123	15849
5123	15850
5123	15851
5123	15852
5123	15853
5123	15854
5123	15855
5123	15856
5123	15857
5123	15858
5123	15859
5123	15860
5123	15861
5123	15862
5123	15863
5123	15864
5123	15865
5123	15866
5123	15867
5123	15868
5123	15869
5123	15870
5123	15871
5123	15872
5123	15873
5123	15874
5123	15875
5123	15876
5123	15877
5123	15878
5123	15879
5123	15880
5123	15881
5123	15882
5123	15883
5123	15884
5123	15885
5123	15886
5123	15887
5123	15888
5123	15889
5123	15890
5123	15891
5123	15892
5123	15893
5123	15894
5123	15895
5123	15896
5123	15897
5123	15898
5123	15899
5123	15900
5123	15901
5123	15902
5123	15903
5123	15904
5123	15905
5123	15906
5123	15907
5123	15908
5123	15909
5123	15910
5123	15911
5123	15912
5123	15913
5123	15914
5123	15915
5123	15916
5123	15917
5123	15918
5123	15919
5123	15920
5123	15921
5123	15922
5123	15923
5123	15924
5123	15925
5123	15926
5123	15927
5123	15928
5123	15929
5123	15930
5123	15931
5123	15932
5123	15933
5123	15934
5123	15935
5123	15936
5123	15937
5123	15938
5123	15939
5123	15940
5123	15941
5123	15942
5123	15943
5123	15944
5123	15945
5123	15946
5123	15947
5123	15948
5123	15949
5123	15950
5123	15951
5123	15952
5123	15953
5123	15954
5123	15955
5123	15956
5123	15957
5123	15958
5123	15959
5123	15960
5123	15961
5123	15962
5123	15963
5123	15964
5123	15965
5123	15966
5123	15967
5123	15968
5123	15969
5123	15970
5123	15971
5123	15972
5123	15973
5123	15974
5123	15975
5123	15976
5123	15977
5123	15978
5123	15979
5123	15980
5123	15981
5123	15982
5123	15983
5123	15984
5123	15985
5123	15986
5123	15987
5123	15988
5123	15989
5123	15990
5123	15991
5123	15992
5123	15993
5123	15994
5123	15995
5123	15996
5123	15997
5123	15998
5123	15999
5123	16000
5123	16001
5123	16002
5123	16003
5123	16004
5123	16005
5123	16006
5123	16007
5123	16008
5123	16009
5123	16010
5123	16011
5123	16012
5123	16013
5123	16014
5123	16015
5123	16016
5123	16017
5123	16018
5123	16019
5123	16020
5123	16021
5123	16022
5123	16023
5123	16024
5123	16025
5123	16026
5123	16027
5123	16028
5123	16029
5123	16030
5123	16031
5123	16032
5123	16033
5123	16034
5123	16035
5123	16036
5123	16037
5123	16038
5123	16039
5123	16040
5123	16041
5123	16042
5123	16043
5123	16044
5123	16045
5123	16046
5123	16047
5123	16048
5123	16049
5123	16050
5123	16051
5123	16052
5123	16053
5123	16054
5123	16055
5123	16056
5123	16057
5123	16058
5123	16059
5123	16060
5123	16061
5123	16062
5123	16063
5123	16064
5123	16065
5123	16066
5123	16067
5123	16068
5123	16069
5123	16070
5123	16071
5123	16072
5123	16073
5123	16074
5123	16075
5123	16076
5123	16077
5123	16078
5123	16079
5123	16080
5123	16081
5123	16082
5123	16083
5123	16084
5123	16085
5123	16086
5123	16087
5123	16088
5123	16089
5123	16090
5123	16091
5123	16092
5123	16093
5123	16094
5123	16095
5123	16096
5123	16097
5123	16098
5123	16099
5123	16100
5123	16101
5123	16102
5123	16103
5123	16104
5123	16105
5123	16106
5123	16107
5123	16108
5123	16109
5123	16110
5123	16111
5123	16112
5123	16113
5123	16114
5123	16115
5123	16116
5123	16117
5123	16118
5123	16119
5123	16120
5123	16121
5123	16122
5123	16123
5123	16124
5123	16125
5123	16126
5123	16127
5123	16128
5123	16129
5123	16130
5123	16131
5123	16132
5123	16133
5123	16134
5123	16135
5123	16136
5123	16137
5123	16138
5123	16139
5123	16140
5123	16141
5123	16142
5123	16143
5123	16144
5123	16145
5123	16146
5123	16147
5123	16148
5123	16149
5123	16150
5123	16151
5123	16152
5123	16153
5123	16154
5123	16155
5123	16156
5123	16157
5123	16158
5123	16159
5123	16160
5123	16161
5123	16162
5123	16163
5123	16164
5123	16165
5123	16166
5123	16167
5123	16168
5123	16169
5123	16170
5123	16171
5123	16172
5123	16173
5123	16174
5123	16175
5123	16176
5123	16177
5123	16178
5123	16179
5123	16180
5123	16181
5123	16182
5123	16183
5123	16184
5123	16185
5123	16186
5123	16187
5123	16188
5123	16189
5123	16190
5123	16191
5123	16192
5123	16193
5123	16194
5123	16195
5123	16196
5123	16197
5123	16198
5123	16199
5123	16200
5123	16201
5123	16202
5123	16203
5123	16204
5123	16205
5123	16206
5123	16207
5123	16208
5123	16209
5123	16210
5123	16211
5123	16212
5123	16213
5123	16214
5123	16215
5123	16216
5123	16217
5123	16218
5123	16219
5123	16220
5123	16221
5123	16222
5123	16223
5123	16224
5123	16225
5123	16226
5124	3269
5124	15577
5124	16227
5125	146
5125	5142
5125	15582
5125	16228
5125	16229
5125	16230
5125	16231
5125	16232
5125	16233
5125	16234
5125	16235
5125	16236
5125	16237
5128	11171
5128	11738
5128	15575
5128	16238
5128	16239
5128	16240
5128	16241
5128	16242
5128	16243
5128	16244
5128	16245
5128	16246
5128	16247
5128	16248
5128	16249
5128	16250
5128	16251
5128	16252
5128	16253
5129	15575
5129	16254
5129	16255
5129	16256
5129	16257
5129	16258
5129	16259
5129	16260
5129	16261
5130	6
5130	1092
5130	1257
5130	5127
5130	12672
5130	15575
5130	16238
5130	16250
5130	16262
5130	16263
5130	16264
5130	16265
5130	16266
5130	16267
5130	16268
5130	16269
5130	16270
5130	16271
5130	16272
5130	16273
5130	16274
5130	16275
5130	16276
5130	16277
5130	16278
5130	16279
5130	16280
5130	16281
5130	16282
5130	16283
5130	16284
5130	16285
5130	16286
5130	16287
5130	16288
5130	16289
5130	16290
5130	16291
5131	0
5131	147
5131	148
5131	1518
5131	15575
5131	16292
5131	16293
5131	16294
5131	16295
5131	16296
5131	16297
5131	16298
5131	16299
5131	16300
5131	16301
5131	16302
5131	16303
5131	16304
5131	16305
5131	16306
5131	16307
5131	16308
5131	16309
5131	16310
5131	16311
5131	16312
5131	16313
5131	16314
5131	16315
5131	16316
5131	16317
5131	16318
5131	16319
5131	16320
5131	16321
5131	16322
5131	16323
5131	16324
5132	149
5132	1271
5132	1272
5132	11720
5132	12902
5132	15575
5132	16238
5132	16325
5132	16326
5132	16327
5132	16328
5132	16329
5132	16330
5132	16331
5132	16332
5132	16333
5132	16334
5132	16335
5132	16336
5132	16337
5132	16338
5132	16339
5132	16340
5132	16341
5132	16342
5132	16343
5132	16344
5132	16345
5132	16346
5132	16347
5132	16348
5133	15575
5133	16323
5133	16349
5133	16350
5133	16351
5133	16352
5133	16353
5133	16354
5133	16355
5133	16356
5133	16357
5133	16358
5133	16359
5133	16360
5133	16361
5133	16362
5133	16363
5133	16364
5133	16365
5133	16366
5133	16367
5133	16368
5133	16369
5133	16370
5133	16371
5133	16372
5133	16373
5133	16374
5133	16375
5133	16376
5133	16377
5134	1055
5134	7830
5134	7831
5134	7835
5134	15572
5134	15575
5134	16378
5134	16379
5134	16380
5134	16381
5134	16382
5134	16383
5134	16384
5134	16385
5134	16386
5134	16387
5134	16388
5134	16389
5134	16390
5134	16391
5135	3269
5135	7427
5135	7857
5135	15575
5135	16392
5135	16393
5135	16394
5135	16395
5135	16396
5136	15577
5136	16254
5136	16397
5136	16398
5136	16399
5136	16400
5136	16401
5136	16402
5136	16403
5136	16404
5136	16405
5136	16406
5136	16407
5136	16408
5136	16409
5136	16410
5136	16411
5136	16412
5136	16413
5136	16414
5136	16415
5136	16416
5136	16417
5136	16418
5136	16419
5136	16420
5136	16421
5136	16422
5136	16423
5137	39
5137	12692
5137	15575
5137	16424
5137	16425
5137	16426
5137	16427
5137	16428
5137	16429
5137	16430
5137	16431
5137	16432
5137	16433
5137	16434
5137	16435
5138	15577
5138	16257
5138	16429
5138	16430
5138	16436
5138	16437
5138	16438
5138	16439
5139	15575
5139	16240
5139	16264
5139	16294
5139	16326
5139	16334
5139	16440
5139	16441
5139	16442
5139	16443
5139	16444
5139	16445
5139	16446
5140	0
5140	147
5140	149
5140	1257
5140	1271
5140	1272
5140	1518
5140	3269
5140	4156
5140	5133
5140	5139
5140	7857
5140	12402
5140	12672
5140	15575
5140	16238
5140	16240
5140	16251
5140	16254
5140	16255
5140	16256
5140	16257
5140	16260
5140	16261
5140	16262
5140	16263
5140	16265
5140	16266
5140	16267
5140	16268
5140	16269
5140	16271
5140	16272
5140	16279
5140	16280
5140	16282
5140	16288
5140	16289
5140	16292
5140	16293
5140	16296
5140	16298
5140	16299
5140	16300
5140	16301
5140	16305
5140	16307
5140	16308
5140	16309
5140	16310
5140	16311
5140	16312
5140	16313
5140	16314
5140	16315
5140	16316
5140	16317
5140	16318
5140	16319
5140	16321
5140	16322
5140	16323
5140	16324
5140	16326
5140	16327
5140	16329
5140	16330
5140	16331
5140	16332
5140	16334
5140	16344
5140	16346
5140	16348
5140	16368
5140	16370
5140	16371
5140	16372
5140	16373
5140	16374
5140	16375
5140	16376
5140	16392
5140	16395
5140	16396
5140	16398
5140	16405
5140	16406
5140	16407
5140	16408
5140	16409
5140	16410
5140	16411
5140	16415
5140	16418
5140	16424
5140	16427
5140	16431
5140	16432
5140	16433
5140	16446
5140	16447
5140	16448
5140	16449
5140	16450
5140	16451
5140	16452
5140	16453
5140	16454
5140	16455
5140	16456
5140	16457
5140	16458
5140	16459
5140	16460
5140	16461
5140	16462
5140	16463
5140	16464
5140	16465
5140	16466
5140	16467
5140	16468
5140	16469
5140	16470
5140	16471
5140	16472
5140	16473
5140	16474
5140	16475
5140	16476
5140	16477
5140	16478
5140	16479
5140	16480
5140	16481
5140	16482
5140	16483
5140	16484
5140	16485
5140	16486
5140	16487
5140	16488
5140	16489
5140	16490
5140	16491
5140	16492
5140	16493
5140	16494
5140	16495
5140	16496
5140	16497
5140	16498
5140	16499
5140	16500
5140	16501
5140	16502
5140	16503
5140	16504
5140	16505
5140	16506
5140	16507
5140	16508
5140	16509
5140	16510
5140	16511
5140	16512
5140	16513
5140	16514
5140	16515
5140	16516
5140	16517
5140	16518
5140	16519
5140	16520
5140	16521
5140	16522
5140	16523
5140	16524
5140	16525
5140	16526
5140	16527
5140	16528
5140	16529
5140	16530
5140	16531
5140	16532
5140	16533
5140	16534
5140	16535
5141	1269
5142	2938
5142	16536
5143	146
5143	1269
5143	5141
5144	146
5144	16454
5144	16456
5144	16457
5144	16458
5144	16460
5144	16461
5144	16462
5144	16463
5144	16464
5144	16469
5144	16470
5144	16472
5144	16473
5144	16474
5144	16531
5144	16536
5144	16537
5144	16538
5145	149
5145	1269
5145	1271
5145	16251
5145	16269
5145	16282
5145	16296
5145	16368
5145	16372
5145	16396
5145	16465
5145	16466
5145	16468
5145	16477
5145	16478
5145	16480
5145	16481
5145	16483
5145	16486
5145	16487
5145	16488
5145	16490
5145	16491
5145	16492
5145	16493
5145	16494
5145	16496
5145	16497
5145	16498
5145	16499
5145	16500
5145	16501
5145	16502
5145	16506
5145	16507
5145	16516
5145	16519
5145	16520
5145	16532
5145	16533
5145	16535
5145	16539
5145	16540
5145	16541
5145	16542
5145	16543
5145	16544
5146	149
5146	1269
5146	1271
5146	5133
5146	12402
5146	16254
5146	16268
5146	16296
5146	16330
5146	16344
5146	16369
5146	16374
5146	16375
5146	16398
5146	16405
5146	16406
5146	16407
5146	16408
5146	16409
5146	16410
5146	16412
5146	16415
5146	16447
5146	16450
5146	16467
5146	16479
5146	16484
5146	16495
5146	16503
5146	16504
5146	16508
5146	16514
5146	16518
5146	16521
5146	16522
5146	16525
5146	16529
5146	16545
5146	16546
5146	16547
5146	16548
5146	16549
5146	16550
5146	16551
5146	16552
5148	16553
5148	16554
5148	16555
5148	16556
5148	16557
5148	16558
5148	16559
5148	16560
5148	16561
5148	16562
5148	16563
5149	1271
5149	16554
5150	16564
5152	0
5153	16565
5153	16566
5153	16567
5153	16568
5153	16569
5154	16570
5154	16571
5154	16572
5154	16573
5154	16574
5155	0
5155	45
5155	5604
5155	16575
5155	16576
5155	16577
5155	16578
5155	16579
5155	16580
5155	16581
5156	16582
5156	16583
5156	16584
5157	0
5157	4401
5157	16585
5157	16586
5157	16587
5158	1719
5158	1973
5158	7615
5158	7693
5158	16588
5158	16589
5158	16590
5158	16591
5159	0
5159	16592
5159	16593
5159	16594
5159	16595
5159	16596
5159	16597
5159	16598
5159	16599
5159	16600
5159	16601
5159	16602
5159	16603
5159	16604
5159	16605
5159	16606
5159	16607
5159	16608
5159	16609
5159	16610
5160	0
5161	0
5161	3026
5161	11161
5161	16611
5161	16612
5161	16613
5161	16614
5161	16615
5161	16616
5161	16617
5161	16618
5161	16619
5161	16620
5161	16621
5161	16622
5161	16623
5161	16624
5161	16625
5162	0
5162	39
5162	16626
5162	16627
5162	16628
5162	16629
5162	16630
5162	16631
5162	16632
5162	16633
5162	16634
5162	16635
5162	16636
5162	16637
5162	16638
5162	16639
5162	16640
5162	16641
5162	16642
5162	16643
5162	16644
5162	16645
5162	16646
5163	1149
5163	16647
5163	16648
5163	16649
5163	16650
5163	16651
5163	16652
5163	16653
5164	0
5164	39
5164	1055
5164	16646
5164	16654
5164	16655
5164	16656
5164	16657
5164	16658
5164	16659
5164	16660
5164	16661
5164	16662
5164	16663
5164	16664
5164	16665
5165	830
5165	16666
5165	16667
5166	16668
5166	16669
5166	16670
5166	16671
5167	0
5167	11471
5167	16387
5167	16672
5167	16673
5167	16674
5167	16675
5167	16676
5167	16677
5167	16678
5167	16679
5167	16680
5167	16681
5167	16682
5167	16683
5167	16684
5167	16685
5167	16686
5168	16687
5168	16688
5169	0
5170	0
5170	6070
5170	11664
5170	12902
5170	16689
5170	16690
5171	0
5171	833
5171	862
5171	5171
5171	14375
5171	16691
5171	16692
5171	16693
5171	16694
5171	16695
5171	16696
5171	16697
5171	16698
5171	16699
5171	16700
5171	16701
5171	16702
5171	16703
5171	16704
5172	0
5172	2992
5172	16705
5172	16706
5172	16707
5172	16708
5172	16709
5172	16710
5172	16711
5172	16712
5172	16713
5172	16714
5172	16715
5172	16716
5173	16717
5173	16718
5173	16719
5174	0
5174	3950
5174	5174
5174	10797
5174	16720
5174	16721
5174	16722
5174	16723
5174	16724
5174	16725
5174	16726
5174	16727
5175	0
5175	16728
5175	16729
5176	16730
5176	16731
5176	16732
5177	0
5177	840
5177	10717
5177	11990
5177	12692
5177	16733
5177	16734
5177	16735
5177	16736
5177	16737
5177	16738
5177	16739
5177	16740
5177	16741
5177	16742
5177	16743
5177	16744
5177	16745
5178	201
5178	267
5178	7612
5178	16746
5178	16747
5178	16748
5179	1258
5179	16749
5179	16750
5180	10012
5181	16751
5181	16752
5181	16753
5181	16754
5181	16755
5181	16756
5182	0
5182	16757
5183	0
5183	16758
5183	16759
5184	1273
5184	16760
5184	16761
5184	16762
5184	16763
5184	16764
5184	16765
5184	16766
5184	16767
5184	16768
5184	16769
5184	16770
5184	16771
5184	16772
5184	16773
5184	16774
5184	16775
5184	16776
5184	16777
5184	16778
5184	16779
5184	16780
5184	16781
5184	16782
5184	16783
5184	16784
5184	16785
5184	16786
5184	16787
5185	0
5185	1662
5185	16788
5185	16789
5185	16790
5185	16791
5185	16792
5185	16793
5186	11829
5186	16794
5186	16795
5186	16796
5186	16797
5186	16798
5186	16799
5187	0
5187	5377
5187	5562
5187	6213
5187	6229
5187	6595
5187	16800
5187	16801
5187	16802
5187	16803
5187	16804
5187	16805
5187	16806
5187	16807
5187	16808
5187	16809
5188	0
5188	997
5188	3200
5188	16810
5188	16811
5188	16812
5188	16813
5188	16814
5190	16815
5191	997
5191	16816
5191	16817
5191	16818
5191	16819
5191	16820
5191	16821
5191	16822
5191	16823
5191	16824
5192	0
5193	16825
5193	16826
5193	16827
5194	16828
5195	5653
5195	6146
5197	16829
5197	16830
5197	16831
5197	16832
5197	16833
5198	0
5198	7062
5198	16834
5198	16835
5198	16836
5198	16837
5199	0
5199	5199
5199	16838
5200	0
5200	3001
5200	4401
5200	16839
5200	16840
5200	16841
5200	16842
5200	16843
5200	16844
5200	16845
5201	16846
5201	16847
5202	5202
5202	16848
5203	0
5203	39
5203	848
5203	862
5203	4504
5203	16849
5203	16850
5203	16851
5203	16852
5203	16853
5203	16854
5204	16855
5204	16856
5204	16857
5205	0
5205	5163
5205	16858
5205	16859
5205	16860
5206	0
5206	16861
5206	16862
5206	16863
5206	16864
5206	16865
5206	16866
5206	16867
5206	16868
5206	16869
5206	16870
5206	16871
5206	16872
5206	16873
5206	16874
5207	16875
5207	16876
5208	0
5208	39
5208	697
5208	751
5208	847
5208	3000
5208	6485
5208	7835
5208	12692
5208	16646
5208	16848
5208	16877
5208	16878
5208	16879
5208	16880
5208	16881
5208	16882
5208	16883
5208	16884
5208	16885
5208	16886
5208	16887
5208	16888
5208	16889
5211	16890
5212	16891
5213	0
5213	16892
5214	0
5214	4401
5214	16893
5214	16894
5214	16895
5214	16896
5214	16897
5214	16898
5215	0
5215	172
5215	12692
5215	16899
5215	16900
5215	16901
5215	16902
5215	16903
5215	16904
5216	0
5216	16905
5216	16906
5216	16907
5216	16908
5217	16909
5217	16910
5217	16911
5217	16912
5217	16913
5218	0
5218	862
5218	16914
5218	16915
5218	16916
5218	16917
5219	16918
5219	16919
5219	16920
5219	16921
5220	0
5220	159
5220	16922
5220	16923
5220	16924
5220	16925
5220	16926
5220	16927
5222	16928
5223	0
5223	16929
5223	16930
5223	16931
5223	16932
5223	16933
5224	11183
5224	16934
5224	16935
5224	16936
5224	16937
5224	16938
5224	16939
5224	16940
5224	16941
5224	16942
5225	0
5225	5380
5225	7835
5225	16943
5225	16944
5225	16945
5225	16946
5225	16947
5225	16948
5225	16949
5225	16950
5225	16951
5225	16952
5226	5936
5226	16953
5226	16954
5226	16955
5226	16956
5226	16957
5226	16958
5226	16959
5226	16960
5226	16961
5226	16962
5226	16963
5226	16964
5226	16965
5226	16966
5226	16967
5226	16968
5226	16969
5226	16970
5226	16971
5226	16972
5226	16973
5226	16974
5227	5078
5227	9910
5227	9911
5227	9912
5227	9913
5227	9914
5227	15459
5227	15460
5227	15461
5227	16975
5227	16976
5227	16977
5227	16978
5227	16979
5227	16980
5227	16981
5227	16982
5227	16983
5227	16984
5227	16985
5227	16986
5227	16987
5227	16988
5227	16989
5227	16990
5227	16991
5227	16992
5227	16993
5227	16994
5227	16995
5227	16996
5227	16997
5227	16998
5227	16999
5227	17000
5230	0
5230	39
5230	848
5230	996
5230	1258
5230	3636
5230	4414
5230	12695
5230	16848
5230	17001
5230	17002
5230	17003
5230	17004
5230	17005
5230	17006
5230	17007
5230	17008
5230	17009
5231	0
5231	39
5231	697
5231	835
5231	12692
5231	16888
5231	17010
5231	17011
5231	17012
5231	17013
5232	0
5232	17014
5232	17015
5232	17016
5232	17017
5234	0
5234	3440
5234	11990
5234	12692
5234	12695
5234	17018
5234	17019
5234	17020
5234	17021
5235	0
5235	16434
5235	17022
5235	17023
5235	17024
5235	17025
5236	0
5236	17026
5236	17027
5236	17028
5236	17029
5236	17030
5238	2495
5238	16646
5238	17031
5238	17032
5238	17033
5238	17034
5238	17035
5238	17036
5239	17037
5239	17038
5239	17039
5239	17040
5239	17041
5239	17042
5239	17043
5239	17044
5239	17045
5239	17046
5239	17047
5239	17048
5239	17049
5240	0
5240	201
5240	11466
5240	16641
5240	17050
5240	17051
5240	17052
5240	17053
5240	17054
5241	0
5241	840
5241	10806
5241	12692
5241	17055
5241	17056
5241	17057
5241	17058
5242	17059
5242	17060
5242	17061
5242	17062
5242	17063
5242	17064
5242	17065
5242	17066
5242	17067
5242	17068
5242	17069
5242	17070
5242	17071
5243	17072
5244	0
5244	997
5244	1153
5244	3950
5244	17073
5244	17074
5244	17075
5244	17076
5244	17077
5244	17078
5246	0
5246	5274
5246	5670
5246	6157
5246	17079
5246	17080
5246	17081
5246	17082
5246	17083
5246	17084
5247	17085
5247	17086
5247	17087
5247	17088
5248	17089
5250	5250
5250	17090
5250	17091
5250	17092
5250	17093
5250	17094
5250	17095
5250	17096
5250	17097
5250	17098
5250	17099
5251	9963
5251	13670
5251	16821
5251	17100
5251	17101
5251	17102
5251	17103
5251	17104
5251	17105
5251	17106
5251	17107
5251	17108
5251	17109
5252	1303
5252	17110
5252	17111
5253	0
5254	17112
5254	17113
5255	17114
5256	17115
5256	17116
5256	17117
5256	17118
5256	17119
5256	17120
5257	5257
5257	12695
5257	17121
5257	17122
5257	17123
5258	0
5258	17124
5258	17125
5258	17126
5258	17127
5258	17128
5259	17129
5259	17130
5259	17131
5259	17132
5259	17133
5259	17134
5260	0
5260	5260
5261	0
5261	862
5261	9947
5261	9948
5261	9949
5261	11893
5261	17135
5261	17136
5261	17137
5261	17138
5261	17139
5261	17140
5262	17141
5263	0
5263	17142
5263	17143
5265	6046
5265	17144
5265	17145
5265	17146
5265	17147
5265	17148
5266	0
5266	5266
5266	17149
5267	0
5267	6187
5267	17150
5267	17151
5267	17152
5267	17153
5267	17154
5268	17155
5268	17156
5268	17157
5268	17158
5268	17159
5268	17160
5268	17161
5268	17162
5268	17163
5268	17164
5268	17165
5270	17166
5271	0
5271	17167
5271	17168
5271	17169
5271	17170
5271	17171
5271	17172
5271	17173
5271	17174
5271	17175
5271	17176
5271	17177
5271	17178
5271	17179
5271	17180
5271	17181
5271	17182
5271	17183
5271	17184
5271	17185
5271	17186
5272	846
5272	3026
5272	16739
5272	17182
5272	17187
5272	17188
5272	17189
5272	17190
5272	17191
5272	17192
5272	17193
5272	17194
5272	17195
5272	17196
5272	17197
5272	17198
5272	17199
5272	17200
5273	5682
5273	17201
5273	17202
5273	17203
5273	17204
5273	17205
5273	17206
5274	17207
5275	17208
5275	17209
5276	0
5277	0
5278	17210
5278	17211
5278	17212
5278	17213
5278	17214
5279	758
5279	17215
5279	17216
5279	17217
5280	15367
5280	17218
5280	17219
5281	685
5281	17220
5281	17221
5281	17222
5281	17223
5281	17224
5281	17225
5281	17226
5281	17227
5281	17228
5282	0
5282	17229
5282	17230
5283	0
5283	124
5283	210
5283	722
5283	723
5283	840
5283	955
5283	2730
5283	3133
5283	5544
5283	5748
5283	5822
5283	6040
5283	6126
5283	6185
5283	6274
5283	6300
5283	6557
5283	10652
5283	11685
5283	12671
5283	12692
5283	14957
5283	16244
5283	16387
5283	16665
5283	17231
5283	17232
5283	17233
5283	17234
5283	17235
5283	17236
5283	17237
5283	17238
5283	17239
5283	17240
5283	17241
5283	17242
5283	17243
5283	17244
5283	17245
5283	17246
5283	17247
5283	17248
5283	17249
5284	4401
5284	5077
5286	0
5288	1273
5288	3648
5288	10659
5288	17250
5288	17251
5288	17252
5288	17253
5288	17254
5288	17255
5288	17256
5288	17257
5288	17258
5288	17259
5289	2185
5289	3079
5289	17260
5289	17261
5289	17262
5289	17263
5289	17264
5289	17265
5289	17266
5290	0
5290	3072
5290	5560
5290	12695
5290	12791
5290	17267
5290	17268
5290	17269
5290	17270
5290	17271
5290	17272
5290	17273
5290	17274
5290	17275
5290	17276
5290	17277
5290	17278
5290	17279
5290	17280
5290	17281
5290	17282
5291	267
5291	17283
5291	17284
5291	17285
5291	17286
5291	17287
5291	17288
5291	17289
5293	0
5293	39
5293	732
5293	5420
5293	5531
5293	5726
5293	6044
5293	16641
5293	17290
5293	17291
5293	17292
5293	17293
5293	17294
5294	17295
5295	9936
5295	17296
5295	17297
5295	17298
5296	0
5296	701
5296	17182
5296	17299
5296	17300
5296	17301
5296	17302
5296	17303
5296	17304
5296	17305
5296	17306
5297	17307
5297	17308
5297	17309
5298	12874
5298	17310
5298	17311
5298	17312
5299	0
5299	1130
5299	17313
5299	17314
5299	17315
5299	17316
5299	17317
5299	17318
5300	17319
5300	17320
5300	17321
5300	17322
5301	0
5301	843
5301	12692
5301	17323
5301	17324
5301	17325
5301	17326
5301	17327
5301	17328
5301	17329
5301	17330
5301	17331
5301	17332
5301	17333
5301	17334
5302	17335
5302	17336
5302	17337
5302	17338
5302	17339
5302	17340
5302	17341
5302	17342
5302	17343
5302	17344
5302	17345
5303	17346
5303	17347
5303	17348
5303	17349
5304	0
5304	5304
5304	12891
5304	17350
5304	17351
5304	17352
5304	17353
5304	17354
5305	17355
5305	17356
5305	17357
5306	17358
5306	17359
5306	17360
5307	17361
5307	17362
5308	17363
5308	17364
5308	17365
5309	1192
5309	1573
5309	12838
5309	17366
5309	17367
5309	17368
5309	17369
5310	17370
5311	17371
5311	17372
5311	17373
5313	0
5313	163
5313	17374
5313	17375
5313	17376
5313	17377
5313	17378
5315	17379
5315	17380
5315	17381
5315	17382
5315	17383
5317	0
5317	17384
5317	17385
5317	17386
5317	17387
5317	17388
5317	17389
5317	17390
5317	17391
5318	17392
5318	17393
5318	17394
5319	17395
5320	0
5320	1972
5320	17396
5320	17397
5320	17398
5320	17399
5320	17400
5320	17401
5321	0
5321	17402
5321	17403
5321	17404
5321	17405
5321	17406
5321	17407
5321	17408
5322	17409
5323	0
5323	17410
5323	17411
5323	17412
5323	17413
5323	17414
5323	17415
5323	17416
5323	17417
5323	17418
5323	17419
5323	17420
5323	17421
5323	17422
5323	17423
5323	17424
5323	17425
5323	17426
5323	17427
5323	17428
5323	17429
5323	17430
5323	17431
5323	17432
5323	17433
5323	17434
5323	17435
5323	17436
5323	17437
5323	17438
5323	17439
5323	17440
5323	17441
5323	17442
5323	17443
5323	17444
5323	17445
5323	17446
5323	17447
5323	17448
5323	17449
5323	17450
5323	17451
5323	17452
5323	17453
5323	17454
5323	17455
5323	17456
5323	17457
5323	17458
5323	17459
5323	17460
5323	17461
5323	17462
5323	17463
5323	17464
5323	17465
5323	17466
5323	17467
5323	17468
5323	17469
5323	17470
5323	17471
5323	17472
5323	17473
5323	17474
5323	17475
5323	17476
5323	17477
5323	17478
5323	17479
5323	17480
5323	17481
5323	17482
5323	17483
5323	17484
5323	17485
5323	17486
5323	17487
5323	17488
5323	17489
5323	17490
5323	17491
5323	17492
5323	17493
5323	17494
5323	17495
5323	17496
5323	17497
5323	17498
5323	17499
5323	17500
5323	17501
5323	17502
5323	17503
5323	17504
5323	17505
5323	17506
5323	17507
5323	17508
5323	17509
5323	17510
5323	17511
5323	17512
5323	17513
5323	17514
5323	17515
5323	17516
5323	17517
5323	17518
5323	17519
5323	17520
5323	17521
5323	17522
5323	17523
5323	17524
5323	17525
5323	17526
5323	17527
5323	17528
5323	17529
5323	17530
5323	17531
5323	17532
5324	1258
5324	17533
5324	17534
5324	17535
5324	17536
5324	17537
5324	17538
5324	17539
5325	17540
5326	267
5326	2992
5326	17541
5326	17542
5326	17543
5326	17544
5326	17545
5326	17546
5326	17547
5326	17548
5327	845
5327	5698
5327	17549
5327	17550
5327	17551
5327	17552
5327	17553
5327	17554
5327	17555
5327	17556
5327	17557
5327	17558
5328	17559
5328	17560
5329	0
5329	1950
5329	2877
5329	7122
5329	10038
5329	17561
5329	17562
5329	17563
5329	17564
5329	17565
5329	17566
5329	17567
5329	17568
5329	17569
5329	17570
5330	17571
5330	17572
5330	17573
5330	17574
5331	0
5331	834
5331	17575
5332	0
5332	1055
5333	0
5333	17576
5334	0
5334	8371
5334	11161
5334	14177
5334	17577
5334	17578
5334	17579
5334	17580
5334	17581
5334	17582
5334	17583
5334	17584
5334	17585
5334	17586
5334	17587
5334	17588
5334	17589
5334	17590
5334	17591
5334	17592
5334	17593
5334	17594
5334	17595
5334	17596
5334	17597
5334	17598
5334	17599
5334	17600
5334	17601
5334	17602
5334	17603
5334	17604
5334	17605
5334	17606
5334	17607
5334	17608
5334	17609
5334	17610
5334	17611
5334	17612
5334	17613
5334	17614
5334	17615
5334	17616
5334	17617
5334	17618
5334	17619
5334	17620
5334	17621
5334	17622
5334	17623
5334	17624
5334	17625
5334	17626
5334	17627
5334	17628
5334	17629
5334	17630
5334	17631
5334	17632
5334	17633
5334	17634
5334	17635
5334	17636
5334	17637
5334	17638
5334	17639
5334	17640
5334	17641
5334	17642
5334	17643
5334	17644
5334	17645
5334	17646
5334	17647
5334	17648
5334	17649
5334	17650
5334	17651
5334	17652
5334	17653
5334	17654
5334	17655
5334	17656
5334	17657
5334	17658
5334	17659
5334	17660
5334	17661
5334	17662
5334	17663
5334	17664
5334	17665
5334	17666
5334	17667
5334	17668
5334	17669
5334	17670
5334	17671
5334	17672
5334	17673
5334	17674
5334	17675
5334	17676
5335	3079
5335	17677
5335	17678
5335	17679
5335	17680
5335	17681
5335	17682
5335	17683
5335	17684
5335	17685
5336	0
5336	838
5336	17686
5336	17687
5336	17688
5337	0
5339	39
5339	17689
5339	17690
5339	17691
5339	17692
5339	17693
5339	17694
5339	17695
5339	17696
5339	17697
5339	17698
5340	13605
5341	12692
5341	17333
5341	17699
5341	17700
5341	17701
5342	0
5342	7051
5342	17702
5342	17703
5342	17704
5342	17705
5342	17706
5342	17707
5342	17708
5343	0
5343	844
5343	17709
5343	17710
5343	17711
5343	17712
5343	17713
5343	17714
5344	17715
5344	17716
5344	17717
5344	17718
5344	17719
5344	17720
5344	17721
5344	17722
5345	7697
5345	7756
5345	17723
5345	17724
5346	0
5346	17725
5346	17726
5346	17727
5346	17728
5346	17729
5346	17730
5346	17731
5346	17732
5346	17733
5346	17734
5346	17735
5346	17736
5346	17737
5346	17738
5346	17739
5346	17740
5346	17741
5346	17742
5346	17743
5346	17744
5346	17745
5346	17746
5346	17747
5346	17748
5346	17749
5346	17750
5346	17751
5346	17752
5346	17753
5346	17754
5346	17755
5346	17756
5346	17757
5347	0
5347	127
5347	692
5347	3026
5347	3027
5347	17758
5347	17759
5347	17760
5348	17761
5348	17762
5348	17763
5348	17764
5348	17765
5348	17766
5348	17767
5348	17768
5349	0
5349	698
5349	732
5349	17769
5349	17770
5349	17771
5349	17772
5350	17773
5350	17774
5350	17775
5351	0
5351	6274
5351	12692
5351	12902
5351	17776
5351	17777
5352	0
5352	5352
5352	17778
5352	17779
5353	0
5353	630
5353	756
5353	5687
5353	6372
5353	11743
5353	12898
5353	17780
5353	17781
5353	17782
5353	17783
5353	17784
5354	0
5354	17785
5354	17786
5354	17787
5354	17788
5354	17789
5354	17790
5354	17791
5354	17792
5355	0
5355	135
5355	6303
5355	17793
5355	17794
5355	17795
5356	0
5356	5450
5356	16758
5356	17796
5356	17797
5356	17798
5356	17799
5356	17800
5356	17801
5356	17802
5356	17803
5356	17804
5356	17805
5357	17806
5357	17807
5357	17808
5357	17809
5357	17810
5357	17811
5358	0
5358	124
5358	17812
5358	17813
5358	17814
5358	17815
5358	17816
5358	17817
5359	0
5359	840
5359	17818
5359	17819
5359	17820
5359	17821
5359	17822
5360	17823
5362	0
5362	17824
5362	17825
5362	17826
5362	17827
5362	17828
5362	17829
5362	17830
5362	17831
5362	17832
5362	17833
5362	17834
5362	17835
5363	0
5363	17836
5363	17837
5363	17838
5364	0
5364	842
5364	12692
5364	16713
5364	17839
5364	17840
5364	17841
5364	17842
5365	5365
5365	17843
5365	17844
5365	17845
5365	17846
5366	17847
5366	17848
5366	17849
5367	17850
5368	0
5370	0
5370	17851
5370	17852
5370	17853
5370	17854
5371	831
5371	11664
5371	17855
5371	17856
5371	17857
5372	17858
5372	17859
5372	17860
5373	17861
5373	17862
5374	0
5374	17119
5374	17863
5374	17864
5374	17865
5374	17866
5374	17867
5374	17868
5375	5375
5375	17869
5375	17870
5376	0
5376	233
5376	695
5376	830
5376	12120
5376	17871
5376	17872
5376	17873
5376	17874
5376	17875
5376	17876
5376	17877
5376	17878
5376	17879
5376	17880
5376	17881
5376	17882
5376	17883
5376	17884
5376	17885
5376	17886
5377	0
5377	16807
5377	17198
5377	17887
5377	17888
5377	17889
5377	17890
5377	17891
5377	17892
5378	0
5378	5378
5378	17893
5378	17894
5378	17895
5378	17896
5378	17897
5378	17898
5378	17899
5378	17900
5378	17901
5378	17902
5378	17903
5379	17904
5379	17905
5380	0
5380	8
5380	1542
5380	4151
5380	5225
5380	7835
5380	16387
5380	16948
5380	16949
5380	16951
5380	17906
5380	17907
5380	17908
5380	17909
5380	17910
5380	17911
5380	17912
5381	5665
5381	5882
5381	11643
5381	12692
5381	12902
5381	17913
5381	17914
5381	17915
5381	17916
5381	17917
5382	0
5383	17918
5383	17919
5383	17920
5384	0
5384	39
5384	17921
5384	17922
5384	17923
5384	17924
5384	17925
5384	17926
5385	17927
5385	17928
5385	17929
5385	17930
5385	17931
5386	3026
5386	9928
5386	9929
5386	17932
5386	17933
5386	17934
5386	17935
5387	0
5387	5979
5387	17936
5387	17937
5387	17938
5387	17939
5388	0
5388	5977
5388	17940
5388	17941
5388	17942
5388	17943
5388	17944
5389	0
5389	17945
5389	17946
5389	17947
5389	17948
5389	17949
5389	17950
5389	17951
5389	17952
5389	17953
5389	17954
5389	17955
5389	17956
5389	17957
5389	17958
5389	17959
5390	17960
5390	17961
5390	17962
5391	14957
5391	17963
5392	0
5392	16685
5392	17649
5392	17865
5392	17964
5392	17965
5392	17966
5392	17967
5392	17968
5392	17969
5392	17970
5392	17971
5392	17972
5392	17973
5392	17974
5393	0
5393	14375
5393	17975
5393	17976
5393	17977
5394	127
5394	6449
5394	17978
5394	17979
5394	17980
5394	17981
5394	17982
5394	17983
5395	3636
5395	11728
5395	12692
5395	17984
5395	17985
5396	0
5396	12671
5396	17923
5396	17986
5396	17987
5397	0
5397	17988
5397	17989
5397	17990
5397	17991
5397	17992
5397	17993
5397	17994
5397	17995
5397	17996
5398	0
5398	39
5398	5751
5398	6325
5398	6622
5398	10806
5398	17997
5398	17998
5398	17999
5398	18000
5398	18001
5398	18002
5398	18003
5398	18004
5398	18005
5398	18006
5400	0
5400	267
5400	18007
5400	18008
5400	18009
5400	18010
5400	18011
5400	18012
5400	18013
5400	18014
5400	18015
5400	18016
5400	18017
5400	18018
5400	18019
5400	18020
5400	18021
5400	18022
5400	18023
5400	18024
5400	18025
5400	18026
5400	18027
5400	18028
5400	18029
5400	18030
5401	0
5401	1144
5401	4399
5401	4401
5401	14971
5401	18031
5401	18032
5401	18033
5402	0
5402	18034
5402	18035
5402	18036
5402	18037
5403	0
5403	18038
5404	0
5405	3200
5405	18039
5405	18040
5405	18041
5405	18042
5405	18043
5405	18044
5405	18045
5405	18046
5405	18047
5405	18048
5405	18049
5405	18050
5405	18051
5405	18052
5405	18053
5405	18054
5405	18055
5406	18056
5406	18057
5406	18058
5406	18059
5406	18060
5406	18061
5406	18062
5406	18063
5406	18064
5406	18065
5406	18066
5406	18067
5406	18068
5406	18069
5406	18070
5406	18071
5406	18072
5406	18073
5406	18074
5407	4185
5407	18075
5408	0
5408	848
5408	5504
5408	5601
5408	5626
5408	5963
5408	6121
5408	11488
5408	17085
5408	18076
5408	18077
5408	18078
5408	18079
5408	18080
5408	18081
5408	18082
5408	18083
5408	18084
5408	18085
5408	18086
5408	18087
5409	0
5409	751
5409	11964
5409	18088
5409	18089
5409	18090
5409	18091
5409	18092
5409	18093
5409	18094
5409	18095
5410	0
5410	5410
5410	18096
5411	18097
5411	18098
5412	18099
5412	18100
5412	18101
5412	18102
5412	18103
5412	18104
5412	18105
5412	18106
5412	18107
5412	18108
5412	18109
5413	0
5413	144
5413	5413
5413	18110
5414	18111
5414	18112
5415	0
5416	0
5416	3636
5416	3827
5416	6348
5416	12692
5416	17369
5416	18113
5416	18114
5418	18115
5418	18116
5418	18117
5418	18118
5418	18119
5419	0
5419	18120
5419	18121
5419	18122
5419	18123
5419	18124
5419	18125
5419	18126
5419	18127
5419	18128
5419	18129
5419	18130
5419	18131
5420	18132
5421	0
5421	836
5421	11151
5421	18133
5421	18134
5421	18135
5421	18136
5421	18137
5421	18138
5421	18139
5421	18140
5422	0
5422	5422
5422	18141
5422	18142
5422	18143
5422	18144
5422	18145
5422	18146
5422	18147
5422	18148
5422	18149
5422	18150
5422	18151
5422	18152
5422	18153
5422	18154
5422	18155
5422	18156
5422	18157
5422	18158
5422	18159
5422	18160
5422	18161
5422	18162
5423	0
5423	847
5423	2776
5423	5697
5423	18163
5423	18164
5423	18165
5423	18166
5423	18167
5423	18168
5423	18169
5423	18170
5423	18171
5424	235
5424	10806
5424	18172
5424	18173
5424	18174
5424	18175
5425	18176
5425	18177
5425	18178
5427	0
5427	836
5428	18179
5428	18180
5429	0
5429	18181
5429	18182
5429	18183
5429	18184
5430	0
5430	1155
5430	5258
5430	5430
5430	5937
5430	6042
5430	11756
5430	12763
5430	18185
5430	18186
5430	18187
5430	18188
5430	18189
5430	18190
5430	18191
5430	18192
5430	18193
5430	18194
5431	0
5431	5431
5432	0
5432	842
5432	11575
5432	18195
5432	18196
5432	18197
5433	18198
5433	18199
5433	18200
5434	955
5434	1273
5434	2992
5434	3282
5434	7431
5434	12096
5434	12692
5434	12830
5434	14184
5434	14528
5434	17296
5434	18201
5434	18202
5434	18203
5434	18204
5434	18205
5434	18206
5434	18207
5434	18208
5434	18209
5434	18210
5434	18211
5434	18212
5434	18213
5434	18214
5434	18215
5434	18216
5434	18217
5434	18218
5434	18219
5434	18220
5434	18221
5434	18222
5434	18223
5434	18224
5434	18225
5434	18226
5434	18227
5434	18228
5434	18229
5434	18230
5434	18231
5434	18232
5434	18233
5434	18234
5434	18235
5434	18236
5434	18237
5434	18238
5434	18239
5434	18240
5434	18241
5434	18242
5434	18243
5434	18244
5434	18245
5434	18246
5434	18247
5434	18248
5434	18249
5434	18250
5434	18251
5434	18252
5434	18253
5434	18254
5434	18255
5434	18256
5434	18257
5434	18258
5434	18259
5434	18260
5434	18261
5434	18262
5435	0
5435	1470
5435	7116
5435	11201
5435	18263
5435	18264
5435	18265
5435	18266
5435	18267
5435	18268
5435	18269
5435	18270
5435	18271
5435	18272
5436	0
5438	11664
5438	12854
5438	18273
5438	18274
5438	18275
5438	18276
5438	18277
5439	18278
5439	18279
5440	18280
5440	18281
5441	18015
5441	18282
5441	18283
5441	18284
5441	18285
5441	18286
5442	0
5442	3950
5442	18287
5442	18288
5443	18289
5443	18290
5443	18291
5443	18292
5443	18293
5443	18294
5444	0
5444	863
5444	18295
5444	18296
5444	18297
5446	0
5446	3200
5446	17103
5446	18298
5446	18299
5446	18300
5446	18301
5446	18302
5446	18303
5447	1944
5448	0
5449	0
5449	35
5449	177
5449	1016
5449	2707
5449	2800
5449	3027
5449	14251
5449	16951
5449	18304
5449	18305
5449	18306
5449	18307
5449	18308
5450	14375
5450	14957
5450	18309
5450	18310
5450	18311
5450	18312
5450	18313
5450	18314
5451	18315
5451	18316
5451	18317
5452	5672
5452	6380
5453	5453
5453	18318
5453	18319
5453	18320
5453	18321
5453	18322
5453	18323
5453	18324
5453	18325
5454	0
5454	18326
5454	18327
5454	18328
5454	18329
5454	18330
5455	18331
5456	18332
5456	18333
5456	18334
5456	18335
5457	39
5457	16951
5457	18336
5457	18337
5457	18338
5458	18339
5459	0
5459	18340
5459	18341
5460	0
5460	1016
5460	18342
5460	18343
5460	18344
5460	18345
5460	18346
5460	18347
5460	18348
5460	18349
5461	0
5462	18350
5462	18351
5462	18352
5462	18353
5462	18354
5462	18355
5463	18356
5463	18357
5464	18358
5465	5465
5465	18359
5465	18360
5465	18361
5466	0
5467	18362
5467	18363
5467	18364
5467	18365
5467	18366
5467	18367
5467	18368
5467	18369
5468	7835
5468	18370
5469	18371
5469	18372
5471	0
5471	3200
5471	8309
5471	9963
5471	12096
5471	12106
5471	17106
5471	18373
5471	18374
5471	18375
5471	18376
5471	18377
5471	18378
5471	18379
5471	18380
5471	18381
5471	18382
5472	0
5472	5472
5472	18383
5472	18384
5472	18385
5472	18386
5472	18387
5472	18388
5472	18389
5474	0
5475	0
5475	72
5475	18390
5475	18391
5476	18392
5476	18393
5476	18394
5477	3250
5477	18395
5477	18396
5477	18397
5477	18398
5477	18399
5477	18400
5477	18401
5478	18402
5478	18403
5478	18404
5479	18405
5480	0
5480	18406
5480	18407
5481	18408
5481	18409
5481	18410
5482	0
5483	18411
5483	18412
5483	18413
5483	18414
5483	18415
5484	5523
5484	5943
5484	8418
5484	18416
5484	18417
5484	18418
5484	18419
5484	18420
5484	18421
5484	18422
5484	18423
5484	18424
5484	18425
5485	0
5485	39
5485	5900
5485	18426
5485	18427
5485	18428
5485	18429
5485	18430
5485	18431
5485	18432
5485	18433
5485	18434
5485	18435
5486	5486
5486	18436
5486	18437
5486	18438
5486	18439
5487	0
5487	135
5487	862
5487	1160
5487	3648
5487	10178
5487	11885
5487	18440
5487	18441
5487	18442
5487	18443
5487	18444
5487	18445
5487	18446
5487	18447
5487	18448
5487	18449
5487	18450
5488	0
5488	18451
5489	0
5489	18015
5489	18319
5489	18320
5489	18452
5489	18453
5490	0
5490	751
5490	14957
5490	18454
5490	18455
5490	18456
5490	18457
5490	18458
5490	18459
5491	0
5492	18460
5492	18461
5492	18462
5493	0
5493	16739
5493	18463
5493	18464
5493	18465
5493	18466
5493	18467
5493	18468
5494	0
5494	6619
5494	11830
5494	16305
5494	18469
5494	18470
5494	18471
5494	18472
5494	18473
5494	18474
5494	18475
5494	18476
5494	18477
5494	18478
5494	18479
5494	18480
5494	18481
5494	18482
5494	18483
5494	18484
5495	18485
5495	18486
5496	5496
5498	0
5498	1968
5498	1970
5498	5498
5498	17579
5498	18164
5498	18487
5498	18488
5498	18489
5498	18490
5498	18491
5498	18492
5498	18493
5498	18494
5498	18495
5499	0
5500	0
5500	18496
5500	18497
5500	18498
5501	5543
5501	6103
5501	6345
5501	18499
5501	18500
5501	18501
5501	18502
5501	18503
5501	18504
5502	18505
5502	18506
5502	18507
5502	18508
5502	18509
5503	18510
5503	18511
5503	18512
5504	0
5504	18513
5504	18514
5504	18515
5504	18516
5504	18517
5504	18518
5504	18519
5504	18520
5504	18521
5504	18522
5504	18523
5504	18524
5504	18525
5504	18526
5504	18527
5504	18528
5504	18529
5504	18530
5504	18531
5504	18532
5504	18533
5505	5506
5505	11664
5505	18534
5505	18535
5505	18536
5505	18537
5505	18538
5506	5505
5506	18534
5506	18539
5506	18540
5506	18541
5507	0
5507	844
5507	17198
5507	18542
5507	18543
5507	18544
5508	18545
5508	18546
5508	18547
5509	0
5509	18548
5510	18549
5510	18550
5510	18551
5510	18552
5510	18553
5510	18554
5510	18555
5510	18556
5510	18557
5511	0
5511	90
5511	167
5511	215
5511	709
5511	3730
5511	18558
5511	18559
5511	18560
5513	1258
5513	18561
5513	18562
5513	18563
5514	16646
5514	17866
5514	18382
5514	18564
5514	18565
5514	18566
5515	0
5515	3335
5516	170
5516	776
5516	2730
5516	10806
5516	17055
5516	18567
5516	18568
5516	18569
5516	18570
5516	18571
5516	18572
5516	18573
5516	18574
5516	18575
5516	18576
5516	18577
5516	18578
5516	18579
5518	0
5518	10806
5518	11483
5518	12692
5518	18580
5518	18581
5518	18582
5518	18583
5518	18584
5518	18585
5518	18586
5518	18587
5518	18588
5518	18589
5518	18590
5518	18591
5518	18592
5518	18593
5518	18594
5518	18595
5518	18596
5518	18597
5518	18598
5518	18599
5518	18600
5518	18601
5518	18602
5518	18603
5518	18604
5518	18605
5518	18606
5518	18607
5518	18608
5518	18609
5518	18610
5518	18611
5518	18612
5518	18613
5518	18614
5518	18615
5518	18616
5518	18617
5518	18618
5518	18619
5518	18620
5518	18621
5518	18622
5518	18623
5518	18624
5518	18625
5518	18626
5518	18627
5518	18628
5518	18629
5518	18630
5518	18631
5518	18632
5518	18633
5518	18634
5518	18635
5518	18636
5518	18637
5518	18638
5518	18639
5518	18640
5518	18641
5518	18642
5518	18643
5518	18644
5518	18645
5518	18646
5518	18647
5518	18648
5518	18649
5518	18650
5518	18651
5518	18652
5518	18653
5518	18654
5518	18655
5518	18656
5518	18657
5518	18658
5518	18659
5518	18660
5518	18661
5518	18662
5518	18663
5518	18664
5519	0
5519	18665
5519	18666
5519	18667
5519	18668
5519	18669
5519	18670
5519	18671
5520	0
5520	851
5520	18558
5520	18672
5520	18673
5520	18674
5520	18675
5521	0
5521	17913
5521	18369
5521	18676
5521	18677
5522	0
5523	0
5523	18678
5523	18679
5523	18680
5523	18681
5523	18682
5524	18683
5525	0
5525	758
5525	862
5525	18425
5525	18684
5525	18685
5525	18686
5525	18687
5525	18688
5525	18689
5525	18690
5525	18691
5526	0
5526	1153
5526	5082
5526	15489
5526	18692
5526	18693
5526	18694
5526	18695
5526	18696
5526	18697
5526	18698
5526	18699
5526	18700
5526	18701
5526	18702
5526	18703
5526	18704
5526	18705
5526	18706
5526	18707
5526	18708
5526	18709
5526	18710
5526	18711
5526	18712
5526	18713
5526	18714
5527	4151
5527	12692
5527	18715
5527	18716
5527	18717
5527	18718
5527	18719
5528	5528
5528	18720
5528	18721
5528	18722
5528	18723
5528	18724
5528	18725
5529	204
5529	833
5529	18726
5529	18727
5529	18728
5529	18729
5529	18730
5529	18731
5529	18732
5529	18733
5529	18734
5529	18735
5529	18736
5529	18737
5530	18738
5530	18739
5530	18740
5530	18741
5530	18742
5530	18743
5530	18744
5530	18745
5530	18746
5530	18747
5530	18748
5530	18749
5530	18750
5531	18751
5531	18752
5531	18753
5533	18754
5533	18755
5534	837
5534	18756
5534	18757
5534	18758
5534	18759
5534	18760
5535	18761
5535	18762
5535	18763
5535	18764
5535	18765
5535	18766
5535	18767
5535	18768
5536	0
5536	1668
5536	5536
5538	0
5538	12891
5538	18769
5538	18770
5539	0
5539	10688
5539	12692
5539	17216
5539	18771
5539	18772
5539	18773
5539	18774
5539	18775
5539	18776
5539	18777
5539	18778
5539	18779
5539	18780
5539	18781
5539	18782
5539	18783
5539	18784
5539	18785
5539	18786
5539	18787
5540	0
5540	842
5540	12692
5540	18788
5540	18789
5541	18790
5541	18791
5541	18792
5541	18793
5542	3636
5542	11664
5542	18794
5542	18795
5542	18796
5543	18797
5543	18798
5543	18799
5543	18800
5543	18801
5543	18802
5544	3636
5544	7253
5544	18803
5544	18804
5544	18805
5547	0
5547	16898
5547	18806
5547	18807
5547	18808
5547	18809
5547	18810
5547	18811
5548	18812
5549	18813
5549	18814
5550	0
5550	5058
5550	18815
5550	18816
5550	18817
5550	18818
5550	18819
5550	18820
5551	18821
5552	7762
5552	17089
5553	18822
5553	18823
5554	0
5554	18824
5554	18825
5554	18826
5556	0
5556	18827
5557	0
5557	7835
5557	18828
5557	18829
5557	18830
5557	18831
5557	18832
5557	18833
5558	0
5558	18834
5558	18835
5559	0
5559	18836
5559	18837
5559	18838
5559	18839
5559	18840
5559	18841
5559	18842
5559	18843
5559	18844
5559	18845
5559	18846
5559	18847
5559	18848
5559	18849
5559	18850
5559	18851
5559	18852
5559	18853
5559	18854
5559	18855
5559	18856
5559	18857
5559	18858
5559	18859
5559	18860
5559	18861
5559	18862
5559	18863
5559	18864
5559	18865
5559	18866
5559	18867
5559	18868
5559	18869
5559	18870
5559	18871
5559	18872
5559	18873
5559	18874
5559	18875
5559	18876
5559	18877
5559	18878
5559	18879
5559	18880
5559	18881
5559	18882
5559	18883
5559	18884
5559	18885
5559	18886
5559	18887
5559	18888
5559	18889
5559	18890
5559	18891
5559	18892
5559	18893
5559	18894
5559	18895
5559	18896
5559	18897
5559	18898
5559	18899
5559	18900
5559	18901
5559	18902
5559	18903
5559	18904
5559	18905
5559	18906
5559	18907
5559	18908
5559	18909
5559	18910
5559	18911
5559	18912
5559	18913
5559	18914
5559	18915
5559	18916
5559	18917
5559	18918
5559	18919
5559	18920
5559	18921
5559	18922
5559	18923
5559	18924
5559	18925
5559	18926
5559	18927
5559	18928
5559	18929
5559	18930
5559	18931
5559	18932
5559	18933
5559	18934
5559	18935
5560	0
5560	838
5560	18936
5560	18937
5560	18938
5560	18939
5560	18940
5560	18941
5561	0
5561	5561
5561	11171
5561	17031
5561	18942
5561	18943
5562	6213
5562	18944
5562	18945
5562	18946
5563	0
5563	5563
5563	18947
5563	18948
5563	18949
5563	18950
5563	18951
5565	0
5565	5565
5565	18952
5567	0
5567	18953
5567	18954
5568	18955
5568	18956
5568	18957
5568	18958
5568	18959
5568	18960
5568	18961
5568	18962
5569	18963
5569	18964
5569	18965
5569	18966
5569	18967
5570	0
5570	18968
5571	12692
5571	18969
5571	18970
5571	18971
5571	18972
5572	0
5572	1154
5572	18973
5572	18974
5572	18975
5573	155
5573	1198
5573	1789
5573	2981
5573	10806
5573	11155
5573	12692
5573	18976
5573	18977
5573	18978
5573	18979
5573	18980
5573	18981
5573	18982
5574	5574
5574	7835
5574	12692
5574	16282
5574	16713
5574	17119
5574	18983
5574	18984
5574	18985
5574	18986
5574	18987
5574	18988
5574	18989
5574	18990
5574	18991
5574	18992
5574	18993
5574	18994
5574	18995
5575	0
5575	836
5576	18996
5576	18997
5576	18998
5576	18999
5576	19000
5576	19001
5576	19002
5576	19003
5578	19004
5578	19005
5578	19006
5578	19007
5578	19008
5578	19009
5581	0
5581	4401
5581	5058
5581	5581
5581	6172
5581	19010
5581	19011
5581	19012
5582	19013
5583	0
5583	843
5583	5724
5583	5856
5583	10797
5583	19014
5583	19015
5583	19016
5583	19017
5583	19018
5583	19019
5583	19020
5585	0
5586	19021
5586	19022
5586	19023
5587	0
5587	19024
5587	19025
5587	19026
5587	19027
5587	19028
5587	19029
5587	19030
5588	0
5588	39
5588	135
5588	5504
5588	19031
5588	19032
5588	19033
5588	19034
5588	19035
5588	19036
5589	0
5589	19037
5589	19038
5589	19039
5589	19040
5590	0
5590	5590
5590	19041
5591	0
5591	160
5591	1093
5591	5591
5592	19042
5592	19043
5592	19044
5592	19045
5593	61
5593	234
5593	267
5593	1016
5593	1917
5593	7116
5593	19046
5593	19047
5593	19048
5593	19049
5593	19050
5593	19051
5594	19052
5594	19053
5594	19054
5595	0
5595	830
5595	5165
5595	5270
5595	5483
5595	19055
5595	19056
5595	19057
5595	19058
5596	19059
5596	19060
5596	19061
5597	0
5597	5597
5597	10039
5597	18015
5597	19062
5597	19063
5597	19064
5597	19065
5597	19066
5597	19067
5597	19068
5597	19069
5597	19070
5597	19071
5598	0
5598	19072
5598	19073
5598	19074
5599	14362
5599	19075
5599	19076
5599	19077
5599	19078
5599	19079
5599	19080
5599	19081
5599	19082
5599	19083
5599	19084
5599	19085
5599	19086
5599	19087
5600	0
5600	201
5600	1673
5600	1675
5600	1688
5600	1693
5600	7610
5600	19088
5600	19089
5600	19090
5600	19091
5600	19092
5600	19093
5600	19094
5600	19095
5600	19096
5600	19097
5600	19098
5600	19099
5600	19100
5600	19101
5601	0
5601	12
5601	39
5601	172
5601	10652
5601	12692
5601	17182
5601	19102
5601	19103
5601	19104
5601	19105
5601	19106
5601	19107
5601	19108
5601	19109
5602	0
5602	135
5603	0
5603	630
5603	756
5603	17119
5603	19110
5603	19111
5603	19112
5603	19113
5603	19114
5603	19115
5604	0
5604	45
5604	124
5604	135
5604	205
5604	683
5604	833
5604	900
5604	3000
5604	3002
5604	10798
5604	10806
5604	12692
5604	16885
5604	19116
5604	19117
5604	19118
5604	19119
5604	19120
5604	19121
5604	19122
5604	19123
5604	19124
5604	19125
5604	19126
5604	19127
5604	19128
5604	19129
5604	19130
5604	19131
5604	19132
5604	19133
5604	19134
5604	19135
5604	19136
5604	19137
5604	19138
5604	19139
5604	19140
5604	19141
5605	762
5605	13172
5605	19142
5605	19143
5605	19144
5605	19145
5605	19146
5605	19147
5605	19148
5606	0
5606	39
5606	123
5606	851
5606	6002
5606	6676
5606	7007
5606	8371
5606	12692
5606	19149
5606	19150
5606	19151
5606	19152
5606	19153
5606	19154
5606	19155
5606	19156
5606	19157
5606	19158
5606	19159
5607	0
5607	19160
5608	0
5608	717
5608	3001
5608	3200
5608	19161
5608	19162
5608	19163
5608	19164
5608	19165
5608	19166
5608	19167
5608	19168
5608	19169
5610	5749
5610	6410
5610	7467
5610	19170
5610	19171
5610	19172
5610	19173
5610	19174
5610	19175
5610	19176
5611	0
5611	124
5611	135
5611	213
5611	1738
5611	7830
5611	7835
5611	8383
5611	16337
5611	19177
5611	19178
5613	0
5613	1037
5613	1092
5613	19179
5614	0
5614	830
5614	17192
5614	19180
5614	19181
5614	19182
5614	19183
5614	19184
5614	19185
5614	19186
5615	19142
5615	19187
5615	19188
5616	0
5616	16661
5616	17917
5616	19189
5616	19190
5616	19191
5616	19192
5616	19193
5616	19194
5616	19195
5616	19196
5616	19197
5616	19198
5617	19199
5617	19200
5618	0
5618	187
5618	1929
5618	5618
5618	19201
5618	19202
5618	19203
5619	0
5619	7782
5619	16641
5619	19204
5619	19205
5619	19206
5619	19207
5619	19208
5619	19209
5619	19210
5619	19211
5619	19212
5619	19213
5619	19214
5619	19215
5619	19216
5620	0
5621	0
5621	19217
5621	19218
5621	19219
5622	0
5622	11151
5622	12692
5622	19198
5622	19220
5622	19221
5622	19222
5622	19223
5622	19224
5622	19225
5622	19226
5622	19227
5622	19228
5622	19229
5622	19230
5622	19231
5623	4027
5623	12692
5623	17198
5623	19232
5623	19233
5624	0
5624	695
5624	6672
5624	7835
5624	12838
5624	19234
5624	19235
5624	19236
5624	19237
5624	19238
5624	19239
5624	19240
5624	19241
5624	19242
5624	19243
5624	19244
5624	19245
5624	19246
5624	19247
5624	19248
5624	19249
5624	19250
5624	19251
5624	19252
5624	19253
5624	19254
5625	19255
5626	0
5626	124
5626	848
5626	1037
5626	12692
5626	12891
5626	17943
5626	19256
5626	19257
5626	19258
5626	19259
5626	19260
5626	19261
5626	19262
5627	17099
5627	19263
5627	19264
5629	19265
5629	19266
5630	0
5630	149
5630	694
5630	850
5630	1663
5630	3114
5630	6580
5630	6791
5630	6799
5630	11471
5630	11472
5630	16337
5630	19267
5630	19268
5630	19269
5630	19270
5630	19271
5630	19272
5630	19273
5630	19274
5630	19275
5630	19276
5631	19277
5631	19278
5632	19279
5632	19280
5633	850
5633	16622
5633	19281
5633	19282
5634	0
5635	19283
5635	19284
5636	0
5636	5636
5636	5745
5636	19285
5636	19286
5636	19287
5636	19288
5636	19289
5636	19290
5636	19291
5636	19292
5636	19293
5636	19294
5636	19295
5636	19296
5636	19297
5636	19298
5636	19299
5636	19300
5636	19301
5636	19302
5636	19303
5636	19304
5636	19305
5636	19306
5636	19307
5636	19308
5637	1258
5637	19309
5637	19310
5638	19311
5638	19312
5639	19313
5639	19314
5639	19315
5639	19316
5640	19317
5641	19318
5641	19319
5642	3079
5642	19320
5642	19321
5642	19322
5642	19323
5642	19324
5642	19325
5643	19326
5643	19327
5643	19328
5643	19329
5643	19330
5643	19331
5644	0
5644	19332
5644	19333
5644	19334
5644	19335
5644	19336
5645	0
5645	19337
5647	19338
5647	19339
5648	19340
5648	19341
5650	0
5650	19342
5651	0
5651	149
5651	847
5651	3440
5651	5826
5651	6659
5651	19343
5651	19344
5651	19345
5651	19346
5651	19347
5651	19348
5651	19349
5651	19350
5651	19351
5651	19352
5652	0
5652	840
5652	7831
5652	19353
5652	19354
5652	19355
5653	5195
5653	6146
5654	1273
5654	2981
5654	17085
5654	19356
5654	19357
5654	19358
5654	19359
5654	19360
5654	19361
5655	0
5656	3636
5656	6657
5656	12692
5656	19362
5656	19363
5656	19364
5657	0
5657	16646
5657	17866
5657	18565
5657	18566
5657	19365
5657	19366
5658	201
5658	19367
5658	19368
5658	19369
5659	0
5659	163
5659	19370
5659	19371
5659	19372
5659	19373
5659	19374
5659	19375
5659	19376
5659	19377
5659	19378
5659	19379
5659	19380
5659	19381
5659	19382
5659	19383
5659	19384
5659	19385
5660	19386
5660	19387
5660	19388
5660	19389
5660	19390
5661	5661
5661	19391
5661	19392
5661	19393
5661	19394
5661	19395
5661	19396
5661	19397
5661	19398
5662	0
5662	851
5662	11155
5662	19399
5662	19400
5662	19401
5663	19402
5663	19403
5664	0
5664	4401
5664	5328
5664	5664
5664	6667
5664	11637
5664	11640
5664	12838
5664	19404
5664	19405
5664	19406
5664	19407
5664	19408
5664	19409
5664	19410
5664	19411
5664	19412
5665	19413
5666	0
5666	833
5666	12692
5666	16888
5666	19414
5666	19415
5667	0
5667	11483
5667	19416
5667	19417
5667	19418
5667	19419
5667	19420
5668	19421
5668	19422
5668	19423
5669	19424
5669	19425
5669	19426
5670	0
5670	7831
5670	18993
5670	19427
5670	19428
5670	19429
5670	19430
5670	19431
5670	19432
5670	19433
5670	19434
5670	19435
5670	19436
5670	19437
5670	19438
5670	19439
5670	19440
5671	0
5671	19441
5671	19442
5671	19443
5671	19444
5671	19445
5671	19446
5671	19447
5671	19448
5672	0
5672	11561
5672	19449
5672	19450
5672	19451
5672	19452
5672	19453
5672	19454
5673	1150
5673	19455
5673	19456
5674	19457
5674	19458
5675	3184
5675	19459
5675	19460
5675	19461
5675	19462
5675	19463
5676	0
5676	39
5676	701
5676	737
5676	837
5676	4261
5676	19464
5676	19465
5676	19466
5676	19467
5676	19468
5676	19469
5676	19470
5676	19471
5676	19472
5676	19473
5676	19474
5676	19475
5676	19476
5676	19477
5676	19478
5676	19479
5677	0
5677	19480
5677	19481
5677	19482
5678	19483
5678	19484
5678	19485
5679	0
5679	10559
5679	16641
5679	17290
5679	19486
5679	19487
5679	19488
5679	19489
5679	19490
5680	19491
5681	0
5681	201
5681	1789
5681	5681
5681	7638
5681	7741
5681	11721
5681	12692
5681	18481
5681	18538
5681	19492
5681	19493
5681	19494
5681	19495
5681	19496
5681	19497
5681	19498
5681	19499
5681	19500
5681	19501
5681	19502
5681	19503
5681	19504
5681	19505
5681	19506
5681	19507
5681	19508
5681	19509
5681	19510
5681	19511
5681	19512
5681	19513
5681	19514
5681	19515
5681	19516
5681	19517
5681	19518
5681	19519
5681	19520
5681	19521
5681	19522
5681	19523
5681	19524
5681	19525
5681	19526
5681	19527
5681	19528
5681	19529
5681	19530
5681	19531
5681	19532
5681	19533
5681	19534
5681	19535
5681	19536
5681	19537
5681	19538
5681	19539
5681	19540
5681	19541
5681	19542
5681	19543
5681	19544
5681	19545
5681	19546
5681	19547
5681	19548
5681	19549
5681	19550
5681	19551
5681	19552
5681	19553
5681	19554
5681	19555
5681	19556
5681	19557
5681	19558
5681	19559
5681	19560
5681	19561
5681	19562
5681	19563
5681	19564
5681	19565
5681	19566
5681	19567
5681	19568
5681	19569
5681	19570
5681	19571
5681	19572
5681	19573
5681	19574
5681	19575
5681	19576
5681	19577
5681	19578
5681	19579
5681	19580
5681	19581
5681	19582
5681	19583
5681	19584
5681	19585
5681	19586
5681	19587
5681	19588
5681	19589
5681	19590
5681	19591
5681	19592
5681	19593
5681	19594
5681	19595
5681	19596
5681	19597
5681	19598
5681	19599
5681	19600
5681	19601
5681	19602
5681	19603
5681	19604
5681	19605
5681	19606
5681	19607
5681	19608
5681	19609
5681	19610
5681	19611
5682	19612
5682	19613
5682	19614
5682	19615
5682	19616
5682	19617
5682	19618
5682	19619
5682	19620
5682	19621
5683	0
5683	19622
5683	19623
5683	19624
5683	19625
5683	19626
5683	19627
5683	19628
5683	19629
5683	19630
5683	19631
5683	19632
5683	19633
5683	19634
5683	19635
5683	19636
5683	19637
5683	19638
5683	19639
5683	19640
5683	19641
5683	19642
5683	19643
5683	19644
5683	19645
5683	19646
5683	19647
5683	19648
5683	19649
5683	19650
5683	19651
5683	19652
5683	19653
5683	19654
5683	19655
5683	19656
5683	19657
5683	19658
5683	19659
5683	19660
5683	19661
5683	19662
5683	19663
5683	19664
5683	19665
5683	19666
5683	19667
5683	19668
5683	19669
5683	19670
5683	19671
5683	19672
5683	19673
5683	19674
5683	19675
5683	19676
5683	19677
5683	19678
5683	19679
5683	19680
5683	19681
5683	19682
5683	19683
5683	19684
5683	19685
5683	19686
5683	19687
5683	19688
5683	19689
5683	19690
5683	19691
5683	19692
5683	19693
5683	19694
5683	19695
5683	19696
5683	19697
5683	19698
5683	19699
5683	19700
5683	19701
5683	19702
5683	19703
5683	19704
5683	19705
5683	19706
5683	19707
5683	19708
5683	19709
5683	19710
5683	19711
5683	19712
5683	19713
5683	19714
5683	19715
5683	19716
5683	19717
5683	19718
5683	19719
5683	19720
5683	19721
5683	19722
5683	19723
5683	19724
5683	19725
5683	19726
5683	19727
5683	19728
5683	19729
5683	19730
5683	19731
5683	19732
5683	19733
5683	19734
5683	19735
5683	19736
5683	19737
5683	19738
5683	19739
5683	19740
5683	19741
5683	19742
5683	19743
5683	19744
5683	19745
5683	19746
5683	19747
5683	19748
5683	19749
5683	19750
5683	19751
5683	19752
5683	19753
5683	19754
5683	19755
5683	19756
5683	19757
5683	19758
5683	19759
5683	19760
5683	19761
5683	19762
5683	19763
5683	19764
5683	19765
5683	19766
5683	19767
5683	19768
5683	19769
5684	0
5684	5677
5684	19770
5684	19771
5684	19772
5684	19773
5685	0
5685	19774
5685	19775
5685	19776
5685	19777
5685	19778
5685	19779
5685	19780
5685	19781
5685	19782
5685	19783
5685	19784
5685	19785
5685	19786
5685	19787
5685	19788
5685	19789
5686	0
5686	997
5686	3200
5686	19790
5686	19791
5687	0
5687	700
5687	17943
5687	19792
5687	19793
5687	19794
5689	19795
5689	19796
5689	19797
5689	19798
5689	19799
5689	19800
5689	19801
5689	19802
5691	0
5691	3636
5691	10652
5691	11741
5691	16888
5691	19803
5691	19804
5692	175
5692	19805
5693	12902
5693	19806
5693	19807
5693	19808
5693	19809
5693	19810
5693	19811
5694	19812
5694	19813
5694	19814
5695	7835
5695	19815
5695	19816
5695	19817
5695	19818
5695	19819
5695	19820
5695	19821
5695	19822
5695	19823
5695	19824
5695	19825
5695	19826
5695	19827
5695	19828
5695	19829
5695	19830
5696	0
5696	19831
5696	19832
5697	19833
5697	19834
5698	845
5698	3079
5698	5327
5698	17549
5698	17554
5698	19485
5698	19835
5698	19836
5698	19837
5698	19838
5698	19839
5698	19840
5698	19841
5698	19842
5698	19843
5698	19844
5700	19845
5702	0
5702	3950
5702	7271
5702	12353
5702	19846
5702	19847
5702	19848
5702	19849
5702	19850
5702	19851
5702	19852
5702	19853
5702	19854
5702	19855
5703	0
5703	19856
5704	0
5704	5704
5704	19857
5704	19858
5704	19859
5704	19860
5704	19861
5705	121
5705	146
5705	4156
5705	16429
5706	0
5706	6060
5706	19862
5706	19863
5706	19864
5706	19865
5707	0
5708	0
5708	19866
5708	19867
5708	19868
5708	19869
5708	19870
5709	19871
5709	19872
5709	19873
5709	19874
5710	0
5712	0
5713	0
5714	0
5716	0
5716	3444
5716	14957
5716	19875
5716	19876
5716	19877
5716	19878
5716	19879
5716	19880
5716	19881
5716	19882
5716	19883
5716	19884
5716	19885
5716	19886
5718	0
5718	716
5718	842
5718	3184
5718	3200
5718	4163
5718	5364
5718	5432
5718	11467
5718	11471
5718	11575
5718	12895
5718	16713
5718	16947
5718	17865
5718	19887
5718	19888
5718	19889
5718	19890
5718	19891
5718	19892
5718	19893
5718	19894
5718	19895
5718	19896
5718	19897
5718	19898
5718	19899
5718	19900
5718	19901
5718	19902
5718	19903
5718	19904
5718	19905
5718	19906
5719	0
5719	4401
5719	19907
5719	19908
5720	19909
5720	19910
5720	19911
5720	19912
5720	19913
5720	19914
5721	0
5721	751
5721	19915
5722	19916
5722	19917
5722	19918
5722	19919
5722	19920
5722	19921
5722	19922
5723	19923
5724	10798
5724	19924
5724	19925
5724	19926
5725	0
5725	689
5725	832
5725	851
5725	11151
5725	16641
5725	16873
5725	17318
5725	17943
5725	18566
5725	19927
5725	19928
5725	19929
5725	19930
5725	19931
5725	19932
5725	19933
5725	19934
5725	19935
5725	19936
5725	19937
5725	19938
5725	19939
5725	19940
5725	19941
5726	19942
5726	19943
5726	19944
5726	19945
5726	19946
5726	19947
5726	19948
5726	19949
5727	0
5727	58
5727	5727
5727	19950
5728	19951
5728	19952
5728	19953
5728	19954
5729	19955
5730	0
5730	850
5730	12718
5730	19956
5731	8450
5732	5732
5732	19957
5732	19958
5733	19959
5733	19960
5733	19961
5735	0
5736	19962
5736	19963
5737	19964
5737	19965
5737	19966
5737	19967
5738	0
5738	997
5738	3200
5738	13892
5738	19968
5738	19969
5738	19970
5738	19971
5738	19972
5738	19973
5738	19974
5738	19975
5739	19976
5739	19977
5740	0
5740	19978
5740	19979
5740	19980
5740	19981
5740	19982
5740	19983
5741	19984
5743	19985
5743	19986
5743	19987
5743	19988
5743	19989
5743	19990
5743	19991
5744	19992
5744	19993
5745	0
5745	17182
5745	19994
5745	19995
5746	0
5746	862
5746	11893
5746	19996
5746	19997
5746	19998
5746	19999
5747	0
5747	39
5747	41
5747	45
5747	128
5747	129
5747	147
5747	345
5747	849
5747	1153
5747	3200
5747	4466
5747	10806
5747	11655
5747	12692
5747	16293
5747	16742
5747	19197
5747	20000
5747	20001
5747	20002
5747	20003
5747	20004
5747	20005
5747	20006
5747	20007
5747	20008
5747	20009
5747	20010
5747	20011
5747	20012
5747	20013
5747	20014
5747	20015
5747	20016
5747	20017
5747	20018
5747	20019
5747	20020
5747	20021
5748	840
5748	5544
5748	11664
5748	12692
5748	20022
5748	20023
5748	20024
5748	20025
5749	19170
5749	20026
5750	0
5750	20027
5750	20028
5750	20029
5750	20030
5751	267
5751	679
5751	697
5751	2992
5751	5398
5751	5437
5751	5562
5751	5751
5751	5832
5751	6213
5751	6622
5751	17998
5751	17999
5751	20031
5751	20032
5751	20033
5751	20034
5751	20035
5751	20036
5751	20037
5751	20038
5751	20039
5751	20040
5751	20041
5751	20042
5751	20043
5751	20044
5751	20045
5751	20046
5752	0
5752	5750
5752	5869
5752	6355
5752	14375
5752	17572
5752	20047
5752	20048
5752	20049
5752	20050
5753	20051
5753	20052
5753	20053
5753	20054
5754	3298
5754	5816
5754	12692
5754	20055
5754	20056
5754	20057
5754	20058
5754	20059
5755	5662
5755	9952
5755	11664
5755	12902
5755	19400
5755	20060
5755	20061
5755	20062
5756	18486
5756	18759
5756	19035
5757	124
5757	3648
5757	5757
5757	20063
5757	20064
5757	20065
5757	20066
5757	20067
5757	20068
5757	20069
5757	20070
5757	20071
5757	20072
5758	836
5758	5758
5758	20073
5758	20074
5759	0
5759	1518
5759	16428
5759	20075
5759	20076
5759	20077
5759	20078
5759	20079
5759	20080
5759	20081
5761	0
5761	2981
5761	6484
5761	12131
5761	20082
5761	20083
5761	20084
5761	20085
5762	0
5763	0
5763	6139
5763	20086
5763	20087
5763	20088
5763	20089
5763	20090
5764	0
5764	127
5764	221
5764	1154
5764	20091
5764	20092
5764	20093
5765	20094
5767	17182
5767	17821
5767	20095
5768	4156
5768	5768
5768	20096
5768	20097
5768	20098
5769	0
5769	862
5769	20099
5769	20100
5769	20101
5769	20102
5769	20103
5770	124
5770	135
5771	20104
5771	20105
5771	20106
5771	20107
5771	20108
5771	20109
5771	20110
5771	20111
5771	20112
5772	20113
5772	20114
5772	20115
5772	20116
5772	20117
5772	20118
5773	6243
5773	20119
5773	20120
5773	20121
5773	20122
5773	20123
5773	20124
5773	20125
5773	20126
5773	20127
5774	20128
5775	20129
5775	20130
5775	20131
5775	20132
5776	17318
5776	18197
5776	20133
5776	20134
5776	20135
5776	20136
5776	20137
5776	20138
5776	20139
5776	20140
5776	20141
5776	20142
5776	20143
5776	20144
5776	20145
5777	0
5777	20146
5777	20147
5777	20148
5777	20149
5777	20150
5777	20151
5777	20152
5777	20153
5777	20154
5777	20155
5777	20156
5777	20157
5778	0
5778	20158
5778	20159
5778	20160
5778	20161
5778	20162
5778	20163
5778	20164
5779	20165
5779	20166
5779	20167
5780	0
5780	20168
5780	20169
5780	20170
5780	20171
5780	20172
5780	20173
5780	20174
5781	20175
5781	20176
5781	20177
5781	20178
5781	20179
5781	20180
5781	20181
5781	20182
5781	20183
5781	20184
5782	0
5782	203
5782	20185
5782	20186
5782	20187
5784	12838
5784	20188
5784	20189
5784	20190
5784	20191
5785	20192
5785	20193
5785	20194
5786	20195
5786	20196
5787	0
5787	124
5787	135
5787	169
5787	842
5787	7831
5787	18993
5787	20197
5787	20198
5787	20199
5787	20200
5787	20201
5788	0
5788	5788
5788	9907
5788	20202
5788	20203
5789	0
5789	20204
5789	20205
5789	20206
5789	20207
5789	20208
5789	20209
5789	20210
5789	20211
5789	20212
5790	0
5790	156
5790	20213
5790	20214
5790	20215
5790	20216
5790	20217
5790	20218
5790	20219
5790	20220
5790	20221
5790	20222
5790	20223
5790	20224
5790	20225
5790	20226
5791	0
5791	842
5791	994
5791	3184
5791	20227
5791	20228
5791	20229
5791	20230
5792	1153
5792	1155
5792	4404
5792	20231
5792	20232
5792	20233
5792	20234
5792	20235
5792	20236
5792	20237
5792	20238
5792	20239
5792	20240
5793	0
5793	11161
5793	20241
5793	20242
5793	20243
5793	20244
5793	20245
5793	20246
5793	20247
5793	20248
5793	20249
5794	20250
5794	20251
5794	20252
5794	20253
5794	20254
5794	20255
5794	20256
5794	20257
5794	20258
5794	20259
5794	20260
5794	20261
5795	1258
5795	6267
5795	20262
5795	20263
5795	20264
5796	20265
5797	20266
5797	20267
5797	20268
5797	20269
5797	20270
5797	20271
5797	20272
5797	20273
5798	0
5798	11645
5798	12671
5798	12838
5798	12895
5798	16378
5798	20274
5798	20275
5798	20276
5798	20277
5798	20278
5798	20279
5798	20280
5798	20281
5798	20282
5798	20283
5798	20284
5798	20285
5799	267
5799	1016
5799	4108
5799	7150
5799	18478
5799	20286
5799	20287
5799	20288
5800	0
5800	1944
5800	1963
5800	20289
5800	20290
5800	20291
5802	0
5802	169
5802	997
5802	16885
5802	20292
5802	20293
5802	20294
5802	20295
5802	20296
5802	20297
5802	20298
5802	20299
5803	20300
5804	0
5804	3335
5804	20301
5804	20302
5804	20303
5804	20304
5804	20305
5804	20306
5804	20307
5804	20308
5804	20309
5804	20310
5804	20311
5805	0
5805	127
5805	5805
5805	14957
5805	20312
5805	20313
5805	20314
5805	20315
5805	20316
5805	20317
5805	20318
5805	20319
5805	20320
5805	20321
5805	20322
5805	20323
5805	20324
5805	20325
5805	20326
5805	20327
5805	20328
5805	20329
5805	20330
5806	0
5806	3200
5806	13676
5806	18373
5806	20331
5807	0
5807	124
5807	127
5807	1144
5807	1153
5807	4399
5807	4401
5807	5807
5807	20332
5807	20333
5807	20334
5807	20335
5807	20336
5808	10798
5808	10799
5808	20337
5808	20338
5808	20339
5808	20340
5808	20341
5808	20342
5808	20343
5808	20344
5808	20345
5808	20346
5808	20347
5808	20348
5808	20349
5808	20350
5808	20351
5808	20352
5808	20353
5808	20354
5808	20355
5808	20356
5809	0
5809	12353
5809	20357
5809	20358
5809	20359
5809	20360
5809	20361
5809	20362
5809	20363
5809	20364
5809	20365
5809	20366
5809	20367
5809	20368
5809	20369
5809	20370
5809	20371
5810	3636
5810	20372
5810	20373
5810	20374
5810	20375
5812	5570
5812	5818
5812	6490
5812	20376
5812	20377
5813	0
5813	20378
5813	20379
5813	20380
5814	0
5814	20381
5814	20382
5814	20383
5814	20384
5814	20385
5814	20386
5814	20387
5814	20388
5814	20389
5814	20390
5814	20391
5814	20392
5814	20393
5814	20394
5814	20395
5815	0
5815	15402
5815	20396
5815	20397
5815	20398
5815	20399
5815	20400
5815	20401
5815	20402
5815	20403
5815	20404
5816	5816
5816	12692
5816	17333
5816	20405
5816	20406
5816	20407
5816	20408
5816	20409
5816	20410
5817	20411
5817	20412
5818	0
5818	5570
5818	5812
5818	6490
5818	20413
5818	20414
5818	20415
5818	20416
5818	20417
5818	20418
5818	20419
5818	20420
5818	20421
5819	20422
5819	20423
5819	20424
5819	20425
5819	20426
5819	20427
5819	20428
5819	20429
5820	20430
5820	20431
5820	20432
5820	20433
5820	20434
5821	20435
5821	20436
5821	20437
5821	20438
5821	20439
5821	20440
5821	20441
5822	0
5822	840
5822	17230
5822	20442
5822	20443
5822	20444
5822	20445
5822	20446
5822	20447
5822	20448
5822	20449
5823	20450
5823	20451
5824	0
5824	172
5824	16618
5824	17333
5824	17943
5824	18131
5824	20452
5824	20453
5824	20454
5824	20455
5824	20456
5824	20457
5824	20458
5824	20459
5824	20460
5824	20461
5824	20462
5824	20463
5824	20464
5824	20465
5824	20466
5824	20467
5824	20468
5824	20469
5824	20470
5824	20471
5824	20472
5824	20473
5824	20474
5825	0
5825	5792
5825	20475
5825	20476
5825	20477
5825	20478
5825	20479
5825	20480
5825	20481
5825	20482
5825	20483
5825	20484
5825	20485
5826	0
5826	835
5826	20486
5826	20487
5826	20488
5826	20489
5826	20490
5826	20491
5826	20492
5827	0
5827	170
5827	842
5827	17148
5827	19480
5827	20493
5827	20494
5827	20495
5827	20496
5827	20497
5827	20498
5828	20499
5829	20500
5829	20501
5829	20502
5829	20503
5829	20504
5830	20505
5830	20506
5831	0
5831	5831
5831	20507
5832	20508
5832	20509
5832	20510
5832	20511
5832	20512
5832	20513
5832	20514
5832	20515
5832	20516
5832	20517
5834	0
5835	20518
5835	20519
5835	20520
5836	1150
5836	20521
5836	20522
5836	20523
5837	19770
5838	20524
5839	20525
5839	20526
5839	20527
5839	20528
5839	20529
5839	20530
5839	20531
5839	20532
5840	11161
5840	12874
5840	20533
5840	20534
5840	20535
5840	20536
5840	20537
5840	20538
5840	20539
5840	20540
5840	20541
5840	20542
5842	0
5842	846
5842	5842
5842	20543
5842	20544
5842	20545
5843	20546
5843	20547
5843	20548
5843	20549
5843	20550
5843	20551
5843	20552
5844	12692
5844	12902
5844	17244
5844	20553
5844	20554
5845	20555
5846	20556
5847	0
5847	16646
5847	18172
5847	18759
5847	20557
5847	20558
5847	20559
5847	20560
5847	20561
5847	20562
5847	20563
5848	0
5848	20564
5848	20565
5848	20566
5848	20567
5848	20568
5849	20569
5849	20570
5849	20571
5849	20572
5850	20573
5850	20574
5850	20575
5850	20576
5850	20577
5850	20578
5850	20579
5851	0
5851	20580
5852	0
5852	20581
5852	20582
5852	20583
5852	20584
5853	5853
5854	7116
5854	20585
5854	20586
5854	20587
5854	20588
5854	20589
5854	20590
5854	20591
5854	20592
5854	20593
5854	20594
5854	20595
5854	20596
5854	20597
5854	20598
5854	20599
5854	20600
5854	20601
5855	20602
5855	20603
5856	20300
5857	16873
5857	20604
5857	20605
5857	20606
5858	0
5858	72
5858	5858
5858	20607
5859	0
5859	5859
5859	20608
5860	20609
5861	0
5861	1303
5861	1470
5861	20610
5862	20611
5862	20612
5863	0
5865	0
5867	12902
5867	20613
5867	20614
5868	0
5868	5868
5869	5752
5869	17917
5869	20047
5869	20615
5869	20616
5869	20617
5870	20618
5870	20619
5871	0
5871	20620
5871	20621
5871	20622
5871	20623
5871	20624
5871	20625
5872	20626
5872	20627
5873	17089
5874	3636
5874	19008
5874	20628
5874	20629
5874	20630
5874	20631
5875	20012
5875	20632
5875	20633
5875	20634
5875	20635
5875	20636
5875	20637
5875	20638
5875	20639
5876	1150
5876	2980
5876	7835
5876	16387
5876	20640
5876	20641
5876	20642
5876	20643
5876	20644
5876	20645
5877	0
5877	124
5877	6046
5877	11990
5877	17144
5877	17333
5877	18131
5877	20646
5877	20647
5877	20648
5878	3442
5878	20649
5878	20650
5879	20651
5880	20652
5880	20653
5880	20654
5880	20655
5880	20656
5880	20657
5880	20658
5880	20659
5881	0
5881	3335
5881	20660
5881	20661
5881	20662
5881	20663
5881	20664
5881	20665
5881	20666
5881	20667
5882	20668
5882	20669
5882	20670
5882	20671
5883	20672
5884	20673
5884	20674
5884	20675
5884	20676
5884	20677
5884	20678
5884	20679
5884	20680
5884	20681
5884	20682
5884	20683
5884	20684
5884	20685
5884	20686
5884	20687
5884	20688
5884	20689
5884	20690
5884	20691
5884	20692
5884	20693
5884	20694
5884	20695
5885	20696
5886	0
5887	0
5887	7427
5887	12692
5887	20298
5887	20697
5888	1153
5888	14957
5888	20698
5888	20699
5888	20700
5888	20701
5888	20702
5888	20703
5888	20704
5888	20705
5888	20706
5888	20707
5889	0
5889	61
5889	7116
5889	20708
5890	0
5890	6401
5890	16888
5890	18406
5890	20709
5890	20710
5890	20711
5890	20712
5890	20713
5891	776
5891	3650
5891	6067
5891	20714
5891	20715
5891	20716
5891	20717
5891	20718
5891	20719
5892	0
5892	39
5892	751
5892	836
5892	1258
5892	11183
5892	16646
5892	17303
5892	20720
5892	20721
5892	20722
5892	20723
5892	20724
5892	20725
5892	20726
5892	20727
5893	0
5894	20728
5895	0
5895	1958
5895	20729
5895	20730
5895	20731
5895	20732
5895	20733
5895	20734
5895	20735
5895	20736
5896	20737
5896	20738
5897	0
5897	20739
5897	20740
5897	20741
5898	216
5898	851
5898	5772
5898	6049
5898	12891
5898	16898
5898	20142
5898	20742
5898	20743
5898	20744
5898	20745
5898	20746
5898	20747
5898	20748
5898	20749
5899	4156
5899	5899
5899	20096
5899	20750
5899	20751
5900	0
5900	205
5900	847
5900	17366
5900	20752
5900	20753
5900	20754
5900	20755
5900	20756
5900	20757
5901	203
5901	267
5901	16713
5901	17119
5901	20758
5903	0
5903	4401
5903	20759
5903	20760
5903	20761
5903	20762
5903	20763
5903	20764
5903	20765
5903	20766
5903	20767
5903	20768
5903	20769
5903	20770
5904	1258
5904	20771
5904	20772
5904	20773
5904	20774
5905	39
5905	1258
5905	12895
5905	20775
5905	20776
5905	20777
5905	20778
5905	20779
5905	20780
5905	20781
5906	0
5906	6632
5907	20782
5907	20783
5908	20784
5908	20785
5909	0
5909	16874
5909	20786
5909	20787
5909	20788
5909	20789
5909	20790
5909	20791
5909	20792
5909	20793
5911	20794
5911	20795
5912	20796
5912	20797
5912	20798
5912	20799
5912	20800
5912	20801
5912	20802
5912	20803
5913	0
5913	3000
5913	20804
5913	20805
5913	20806
5913	20807
5913	20808
5913	20809
5913	20810
5914	0
5914	20811
5915	19170
5917	20812
5918	20813
5919	838
5919	11664
5919	17943
5919	20814
5919	20815
5920	20816
5920	20817
5920	20818
5921	3440
5921	20819
5921	20820
5921	20821
5921	20822
5921	20823
5921	20824
5921	20825
5921	20826
5923	1958
5923	9922
5923	9923
5923	9924
5923	10323
5923	20827
5924	0
5925	1273
5925	7835
5925	11161
5925	17604
5925	20828
5925	20829
5925	20830
5925	20831
5925	20832
5925	20833
5926	1258
5926	20834
5926	20835
5926	20836
5927	12692
5927	12902
5927	17333
5927	18539
5927	20837
5927	20838
5927	20839
5927	20840
5927	20841
5927	20842
5928	20843
5929	3026
5930	19485
5930	20844
5931	267
5931	20845
5931	20846
5931	20847
5931	20848
5931	20849
5931	20850
5931	20851
5931	20852
5932	0
5933	1273
5933	20853
5933	20854
5933	20855
5933	20856
5933	20857
5933	20858
5933	20859
5934	20860
5935	0
5935	20861
5935	20862
5935	20863
5935	20864
5936	0
5936	3950
5936	5226
5936	20865
5936	20866
5936	20867
5937	20868
5937	20869
5937	20870
5937	20871
5937	20872
5937	20873
5938	20874
5939	20875
5939	20876
5939	20877
5939	20878
5939	20879
5939	20880
5939	20881
5939	20882
5939	20883
5939	20884
5939	20885
5940	0
5940	7831
5940	19440
5940	20886
5940	20887
5940	20888
5940	20889
5940	20890
5940	20891
5941	0
5941	3636
5941	11664
5941	12692
5941	16713
5941	20892
5941	20893
5941	20894
5942	20895
5942	20896
5942	20897
5942	20898
5942	20899
5942	20900
5942	20901
5942	20902
5943	0
5943	836
5943	3026
5943	18682
5943	20639
5943	20903
5943	20904
5943	20905
5943	20906
5943	20907
5943	20908
5943	20909
5943	20910
5943	20911
5943	20912
5943	20913
5943	20914
5943	20915
5943	20916
5944	20917
5944	20918
5945	0
5945	1575
5945	2983
5945	3000
5945	3002
5945	4401
5945	5058
5945	5945
5945	11645
5945	11653
5945	12838
5945	14144
5945	14259
5945	16976
5945	20919
5945	20920
5945	20921
5945	20922
5945	20923
5945	20924
5945	20925
5945	20926
5945	20927
5945	20928
5945	20929
5945	20930
5945	20931
5945	20932
5945	20933
5945	20934
5945	20935
5945	20936
5945	20937
5945	20938
5945	20939
5945	20940
5945	20941
5945	20942
5945	20943
5945	20944
5945	20945
5945	20946
5945	20947
5945	20948
5945	20949
5945	20950
5945	20951
5945	20952
5945	20953
5945	20954
5945	20955
5945	20956
5945	20957
5945	20958
5945	20959
5945	20960
5945	20961
5945	20962
5945	20963
5945	20964
5945	20965
5945	20966
5945	20967
5945	20968
5945	20969
5945	20970
5945	20971
5945	20972
5945	20973
5945	20974
5945	20975
5945	20976
5945	20977
5945	20978
5945	20979
5945	20980
5946	0
5946	20981
5946	20982
5947	20983
5947	20984
5948	16679
5948	16684
5948	20985
5948	20986
5948	20987
5948	20988
5948	20989
5949	0
5949	20990
5950	20991
5951	20992
5952	0
5952	20993
5952	20994
5952	20995
5952	20996
5952	20997
5952	20998
5953	0
5953	6077
5953	20999
5953	21000
5953	21001
5953	21002
5953	21003
5953	21004
5953	21005
5953	21006
5953	21007
5953	21008
5953	21009
5953	21010
5953	21011
5953	21012
5953	21013
5953	21014
5953	21015
5953	21016
5953	21017
5954	21018
5955	21019
5956	0
5956	202
5957	21020
5957	21021
5957	21022
5958	0
5958	21023
5960	5960
5960	21024
5961	0
5961	5153
5961	19791
5961	20212
5962	21025
5962	21026
5962	21027
5962	21028
5962	21029
5962	21030
5963	147
5963	16292
5963	20925
5963	21031
5963	21032
5963	21033
5963	21034
5963	21035
5963	21036
5965	4030
5965	14351
5965	21037
5965	21038
5965	21039
5965	21040
5965	21041
5965	21042
5965	21043
5965	21044
5965	21045
5965	21046
5965	21047
5965	21048
5965	21049
5965	21050
5966	21051
5966	21052
5967	5967
5967	21053
5967	21054
5967	21055
5969	0
5969	21056
5969	21057
5970	0
5970	794
5970	2992
5970	21058
5970	21059
5970	21060
5970	21061
5970	21062
5971	21063
5972	192
5973	21064
5973	21065
5973	21066
5974	0
5974	3335
5974	21067
5974	21068
5974	21069
5974	21070
5974	21071
5974	21072
5974	21073
5974	21074
5974	21075
5975	21076
5976	5582
5976	21077
5976	21078
5977	0
5977	836
5977	19156
5977	19482
5977	21079
5977	21080
5977	21081
5977	21082
5977	21083
5977	21084
5977	21085
5977	21086
5978	0
5978	21087
5978	21088
5978	21089
5978	21090
5978	21091
5978	21092
5978	21093
5978	21094
5978	21095
5978	21096
5978	21097
5978	21098
5978	21099
5978	21100
5978	21101
5978	21102
5978	21103
5978	21104
5978	21105
5978	21106
5978	21107
5978	21108
5978	21109
5978	21110
5978	21111
5978	21112
5978	21113
5978	21114
5978	21115
5978	21116
5978	21117
5978	21118
5978	21119
5978	21120
5978	21121
5978	21122
5978	21123
5978	21124
5978	21125
5978	21126
5978	21127
5978	21128
5978	21129
5978	21130
5978	21131
5978	21132
5978	21133
5978	21134
5978	21135
5978	21136
5978	21137
5978	21138
5978	21139
5978	21140
5978	21141
5978	21142
5979	0
5979	831
5979	5387
5979	21143
5979	21144
5979	21145
5979	21146
5979	21147
5981	21148
5981	21149
5983	21150
5983	21151
5984	0
5984	1160
5984	21152
5984	21153
5984	21154
5984	21155
5984	21156
5984	21157
5985	780
5985	786
5985	11488
5985	12401
5985	12415
5985	17370
5985	21158
5985	21159
5985	21160
5985	21161
5985	21162
5985	21163
5985	21164
5985	21165
5985	21166
5985	21167
5985	21168
5985	21169
5985	21170
5985	21171
5985	21172
5985	21173
5985	21174
5985	21175
5985	21176
5985	21177
5985	21178
5985	21179
5985	21180
5985	21181
5985	21182
5985	21183
5985	21184
5985	21185
5985	21186
5985	21187
5985	21188
5985	21189
5985	21190
5985	21191
5985	21192
5985	21193
5985	21194
5985	21195
5985	21196
5985	21197
5985	21198
5985	21199
5985	21200
5985	21201
5985	21202
5985	21203
5985	21204
5985	21205
5985	21206
5985	21207
5985	21208
5985	21209
5985	21210
5985	21211
5985	21212
5986	0
5986	21213
5987	5987
5987	21214
5987	21215
5988	3636
5988	3827
5988	21216
5988	21217
5988	21218
5988	21219
5988	21220
5988	21221
5988	21222
5988	21223
5989	0
5989	7835
5989	16951
5989	21224
5989	21225
5989	21226
5989	21227
5989	21228
5989	21229
5990	21230
5990	21231
5990	21232
5990	21233
5990	21234
5990	21235
5991	5991
5991	21236
5992	0
5992	732
5992	21237
5992	21238
5992	21239
5992	21240
5992	21241
5993	5079
5993	21242
5993	21243
5993	21244
5993	21245
5993	21246
5993	21247
5993	21248
5994	21249
5994	21250
5994	21251
5994	21252
5994	21253
5994	21254
5996	21255
5996	21256
5996	21257
5996	21258
5996	21259
5997	21260
5998	6248
5998	6657
5998	12692
5998	19364
5998	21261
5998	21262
5998	21263
5998	21264
5999	0
5999	997
5999	1155
5999	12503
5999	21265
5999	21266
5999	21267
5999	21268
5999	21269
6000	0
6000	17085
6000	21270
6000	21271
6000	21272
6000	21273
6000	21274
6000	21275
6001	0
6001	3281
6001	21276
6001	21277
6001	21278
6001	21279
6001	21280
6001	21281
6001	21282
6001	21283
6001	21284
6001	21285
6001	21286
6001	21287
6001	21288
6001	21289
6002	21290
6002	21291
6002	21292
6003	0
6003	21293
6003	21294
6003	21295
6003	21296
6004	0
6004	12692
6004	17926
6004	20298
6004	21297
6004	21298
6004	21299
6004	21300
6004	21301
6004	21302
6004	21303
6004	21304
6004	21305
6004	21306
6004	21307
6004	21308
6004	21309
6004	21310
6004	21311
6004	21312
6004	21313
6004	21314
6005	0
6005	124
6005	135
6005	213
6005	3440
6005	4156
6005	10667
6005	11483
6005	17241
6005	21315
6005	21316
6005	21317
6005	21318
6005	21319
6005	21320
6005	21321
6005	21322
6005	21323
6005	21324
6005	21325
6005	21326
6005	21327
6005	21328
6006	0
6007	0
6007	21329
6008	0
6008	201
6008	3269
6008	6008
6008	7755
6008	7864
6008	16848
6008	20585
6008	21330
6008	21331
6008	21332
6008	21333
6008	21334
6008	21335
6008	21336
6008	21337
6008	21338
6008	21339
6008	21340
6008	21341
6008	21342
6009	267
6009	7835
6009	7836
6009	21343
6009	21344
6009	21345
6009	21346
6009	21347
6010	0
6010	21348
6011	203
6011	267
6011	21349
6011	21350
6011	21351
6012	0
6012	4261
6012	20191
6012	21352
6012	21353
6012	21354
6014	0
6015	6015
6016	21355
6016	21356
6017	836
6017	21357
6017	21358
6017	21359
6017	21360
6017	21361
6017	21362
6017	21363
6018	0
6018	18015
6018	21364
6018	21365
6018	21366
6019	21367
6020	21368
6020	21369
6021	0
6022	0
6022	21370
6022	21371
6022	21372
6022	21373
6022	21374
6022	21375
6023	21376
6023	21377
6025	0
6025	21378
6026	6026
6027	21379
6027	21380
6027	21381
6028	21382
6028	21383
6029	0
6029	2980
6029	5281
6029	6380
6029	21384
6029	21385
6029	21386
6029	21387
6029	21388
6029	21389
6029	21390
6029	21391
6029	21392
6029	21393
6029	21394
6029	21395
6029	21396
6029	21397
6029	21398
6029	21399
6029	21400
6029	21401
6029	21402
6030	0
6030	3298
6030	5678
6030	5744
6030	21403
6030	21404
6030	21405
6030	21406
6030	21407
6031	16947
6031	21408
6031	21409
6031	21410
6031	21411
6031	21412
6031	21413
6031	21414
6031	21415
6031	21416
6031	21417
6031	21418
6031	21419
6031	21420
6031	21421
6031	21422
6031	21423
6031	21424
6031	21425
6031	21426
6031	21427
6031	21428
6031	21429
6031	21430
6031	21431
6031	21432
6031	21433
6031	21434
6031	21435
6031	21436
6031	21437
6031	21438
6031	21439
6031	21440
6031	21441
6031	21442
6031	21443
6031	21444
6031	21445
6031	21446
6031	21447
6031	21448
6031	21449
6031	21450
6031	21451
6031	21452
6031	21453
6031	21454
6031	21455
6031	21456
6031	21457
6031	21458
6031	21459
6031	21460
6031	21461
6031	21462
6032	21463
6033	6033
6033	21464
6033	21465
6033	21466
6033	21467
6033	21468
6033	21469
6033	21470
6033	21471
6033	21472
6033	21473
6033	21474
6033	21475
6035	0
6035	2992
6035	21476
6035	21477
6035	21478
6035	21479
6035	21480
6035	21481
6035	21482
6035	21483
6035	21484
6035	21485
6035	21486
6035	21487
6035	21488
6035	21489
6035	21490
6035	21491
6036	2992
6036	21492
6036	21493
6036	21494
6037	0
6037	21495
6037	21496
6038	0
6038	18307
6038	21497
6038	21498
6038	21499
6038	21500
6038	21501
6038	21502
6038	21503
6038	21504
6038	21505
6038	21506
6038	21507
6038	21508
6039	0
6039	21509
6039	21510
6040	21511
6040	21512
6040	21513
6040	21514
6041	0
6041	21515
6041	21516
6041	21517
6041	21518
6041	21519
6041	21520
6041	21521
6041	21522
6041	21523
6041	21524
6041	21525
6041	21526
6041	21527
6041	21528
6041	21529
6041	21530
6042	21531
6042	21532
6042	21533
6042	21534
6042	21535
6042	21536
6042	21537
6042	21538
6042	21539
6042	21540
6042	21541
6042	21542
6042	21543
6042	21544
6042	21545
6042	21546
6043	21547
6043	21548
6044	0
6044	21549
6044	21550
6044	21551
6045	0
6045	848
6045	3030
6045	11183
6045	21552
6045	21553
6045	21554
6045	21555
6046	1258
6046	5877
6046	17144
6046	21556
6048	0
6048	149
6048	1153
6048	5079
6048	15482
6048	15489
6048	21557
6048	21558
6048	21559
6048	21560
6048	21561
6048	21562
6048	21563
6048	21564
6048	21565
6048	21566
6048	21567
6050	21568
6050	21569
6051	21570
6051	21571
6052	39
6052	12692
6052	21572
6052	21573
6052	21574
6052	21575
6053	21576
6054	0
6054	836
6054	18456
6054	21577
6054	21578
6054	21579
6054	21580
6054	21581
6054	21582
6054	21583
6054	21584
6054	21585
6054	21586
6054	21587
6054	21588
6054	21589
6054	21590
6054	21591
6054	21592
6054	21593
6054	21594
6054	21595
6054	21596
6054	21597
6056	6056
6056	10168
6056	18164
6056	21598
6056	21599
6056	21600
6056	21601
6056	21602
6056	21603
6056	21604
6056	21605
6056	21606
6056	21607
6057	21608
6058	0
6058	12
6058	2800
6058	19936
6058	21609
6059	0
6059	5177
6059	6645
6059	17234
6059	19260
6059	21610
6059	21611
6059	21612
6059	21613
6060	0
6060	21614
6060	21615
6060	21616
6060	21617
6060	21618
6061	0
6061	6061
6061	21619
6061	21620
6061	21621
6061	21622
6062	0
6062	4401
6062	14957
6062	21623
6062	21624
6062	21625
6062	21626
6062	21627
6063	6063
6063	21628
6063	21629
6063	21630
6063	21631
6063	21632
6064	0
6064	5790
6064	6174
6064	9947
6064	21633
6064	21634
6064	21635
6064	21636
6064	21637
6064	21638
6064	21639
6064	21640
6064	21641
6065	21642
6065	21643
6066	21644
6066	21645
6066	21646
6066	21647
6067	21648
6069	0
6069	16686
6069	21649
6069	21650
6069	21651
6069	21652
6069	21653
6069	21654
6069	21655
6070	0
6070	834
6070	5170
6070	5189
6070	6439
6070	7441
6070	16690
6070	17885
6070	18440
6070	21656
6070	21657
6070	21658
6070	21659
6070	21660
6070	21661
6071	0
6071	4047
6071	21662
6071	21663
6072	0
6072	4401
6072	21664
6072	21665
6072	21666
6072	21667
6073	0
6073	58
6073	862
6073	6073
6073	11887
6073	11892
6073	11893
6073	21668
6073	21669
6073	21670
6073	21671
6073	21672
6073	21673
6073	21674
6074	0
6074	17318
6074	17944
6074	20560
6074	21675
6074	21676
6074	21677
6074	21678
6075	0
6075	737
6075	21679
6075	21680
6075	21681
6075	21682
6075	21683
6075	21684
6075	21685
6075	21686
6076	1258
6076	21687
6076	21688
6076	21689
6076	21690
6077	0
6077	862
6077	21691
6077	21692
6077	21693
6078	0
6078	21694
6078	21695
6078	21696
6078	21697
6079	6079
6080	0
6080	21698
6080	21699
6080	21700
6080	21701
6080	21702
6080	21703
6080	21704
6080	21705
6080	21706
6080	21707
6080	21708
6080	21709
6080	21710
6080	21711
6080	21712
6080	21713
6080	21714
6081	21715
6081	21716
6082	0
6082	6082
6082	21717
6083	21718
6083	21719
6083	21720
6083	21721
6083	21722
6084	0
6084	1045
6084	1958
6084	21306
6084	21723
6084	21724
6084	21725
6084	21726
6084	21727
6084	21728
6084	21729
6084	21730
6084	21731
6085	0
6085	6085
6085	21732
6086	0
6086	64
6086	12372
6086	13575
6086	16947
6086	21733
6086	21734
6087	0
6087	21735
6087	21736
6087	21737
6087	21738
6087	21739
6088	12874
6088	21740
6088	21741
6088	21742
6088	21743
6088	21744
6088	21745
6088	21746
6088	21747
6088	21748
6088	21749
6088	21750
6088	21751
6088	21752
6088	21753
6088	21754
6088	21755
6088	21756
6089	0
6089	21757
6089	21758
6090	1464
6090	1465
6090	1466
6090	1467
6090	1468
6090	21759
6090	21760
6090	21761
6090	21762
6090	21763
6090	21764
6090	21765
6091	0
6091	21766
6091	21767
6092	0
6092	6092
6092	21768
6092	21769
6092	21770
6093	1944
6093	5792
6093	21771
6093	21772
6093	21773
6093	21774
6093	21775
6093	21776
6093	21777
6093	21778
6093	21779
6093	21780
6094	0
6094	21781
6095	21782
6095	21783
6095	21784
6096	21785
6097	21786
6097	21787
6097	21788
6098	0
6098	21789
6100	0
6100	6100
6100	21790
6101	21791
6101	21792
6101	21793
6102	21794
6102	21795
6103	21796
6103	21797
6104	0
6104	21798
6104	21799
6104	21800
6104	21801
6104	21802
6106	1956
6107	21803
6108	0
6108	11893
6108	21804
6108	21805
6108	21806
6108	21807
6108	21808
6108	21809
6108	21810
6108	21811
6108	21812
6108	21813
6109	21814
6110	0
6110	1789
6110	8371
6110	17206
6110	21815
6111	6111
6111	14179
6111	20096
6112	6112
6112	21816
6112	21817
6112	21818
6112	21819
6112	21820
6112	21821
6112	21822
6113	21823
6113	21824
6114	21825
6115	0
6115	17
6115	1470
6115	6427
6115	18257
6115	21826
6115	21827
6115	21828
6115	21829
6115	21830
6115	21831
6115	21832
6115	21833
6115	21834
6116	21835
6116	21836
6116	21837
6117	0
6117	21838
6118	0
6118	21839
6119	21840
6120	0
6120	39
6120	830
6120	3335
6120	5196
6120	6120
6120	6644
6120	12713
6120	16645
6120	16646
6120	17216
6120	21841
6120	21842
6120	21843
6120	21844
6120	21845
6120	21846
6120	21847
6120	21848
6120	21849
6120	21850
6120	21851
6121	0
6121	18690
6121	20142
6121	21852
6121	21853
6121	21854
6121	21855
6121	21856
6121	21857
6122	0
6122	17974
6122	18164
6122	21858
6122	21859
6122	21860
6122	21861
6122	21862
6122	21863
6122	21864
6122	21865
6122	21866
6122	21867
6122	21868
6122	21869
6122	21870
6122	21871
6122	21872
6122	21873
6122	21874
6122	21875
6122	21876
6122	21877
6122	21878
6122	21879
6122	21880
6122	21881
6122	21882
6122	21883
6122	21884
6122	21885
6122	21886
6122	21887
6122	21888
6122	21889
6124	0
6124	6124
6124	21890
6125	0
6125	1130
6125	18486
6125	21891
6125	21892
6126	19616
6126	21893
6126	21894
6126	21895
6126	21896
6126	21897
6127	21898
6128	0
6128	6095
6128	21899
6129	0
6129	6128
6129	6178
6129	6885
6129	12692
6129	16713
6129	21900
6130	1273
6130	14957
6130	21901
6130	21902
6130	21903
6132	756
6132	18759
6132	21904
6132	21905
6132	21906
6132	21907
6132	21908
6132	21909
6132	21910
6132	21911
6132	21912
6132	21913
6132	21914
6132	21915
6132	21916
6134	21917
6134	21918
6134	21919
6134	21920
6134	21921
6134	21922
6134	21923
6134	21924
6134	21925
6134	21926
6134	21927
6135	0
6136	149
6136	21928
6136	21929
6136	21930
6136	21931
6136	21932
6136	21933
6136	21934
6137	17099
6137	21935
6137	21936
6137	21937
6137	21938
6137	21939
6138	124
6138	135
6138	3298
6138	12692
6138	18164
6138	18805
6138	19142
6138	21940
6138	21941
6138	21942
6138	21943
6138	21944
6138	21945
6138	21946
6138	21947
6138	21948
6138	21949
6138	21950
6138	21951
6138	21952
6138	21953
6138	21954
6138	21955
6139	21956
6139	21957
6140	267
6140	6140
6140	19997
6140	21958
6140	21959
6140	21960
6140	21961
6141	21962
6141	21963
6142	2769
6142	21964
6142	21965
6142	21966
6143	0
6143	20646
6143	21967
6143	21968
6143	21969
6143	21970
6144	18486
6144	21971
6144	21972
6144	21973
6144	21974
6145	21975
6145	21976
6145	21977
6146	5195
6146	5653
6147	21978
6147	21979
6148	6148
6148	21980
6148	21981
6148	21982
6148	21983
6148	21984
6148	21985
6148	21986
6148	21987
6148	21988
6148	21989
6148	21990
6148	21991
6148	21992
6148	21993
6148	21994
6148	21995
6149	3442
6149	6885
6149	12692
6149	21996
6150	0
6150	3636
6150	6012
6150	10733
6150	21997
6150	21998
6150	21999
6151	22000
6151	22001
6151	22002
6152	22003
6152	22004
6152	22005
6152	22006
6152	22007
6152	22008
6152	22009
6152	22010
6152	22011
6152	22012
6153	22013
6153	22014
6154	0
6154	846
6154	22015
6154	22016
6154	22017
6154	22018
6154	22019
6154	22020
6154	22021
6155	0
6155	12
6155	7051
6155	7835
6155	16387
6155	22022
6155	22023
6155	22024
6155	22025
6155	22026
6155	22027
6155	22028
6155	22029
6155	22030
6155	22031
6155	22032
6155	22033
6155	22034
6157	7831
6157	10085
6157	10356
6157	10485
6157	12702
6157	22035
6157	22036
6157	22037
6157	22038
6157	22039
6157	22040
6159	22041
6161	0
6161	845
6161	7838
6161	16704
6161	19996
6161	22042
6161	22043
6161	22044
6161	22045
6161	22046
6161	22047
6161	22048
6161	22049
6161	22050
6161	22051
6161	22052
6161	22053
6161	22054
6162	0
6163	0
6163	1016
6163	20091
6163	22055
6163	22056
6163	22057
6164	0
6164	18015
6164	22058
6164	22059
6164	22060
6165	1273
6165	2730
6165	4401
6165	5807
6165	20332
6165	22061
6165	22062
6165	22063
6166	22064
6166	22065
6166	22066
6166	22067
6167	0
6167	4401
6167	19405
6167	22068
6168	0
6168	22069
6168	22070
6168	22071
6168	22072
6168	22073
6168	22074
6168	22075
6168	22076
6169	22077
6169	22078
6169	22079
6169	22080
6169	22081
6169	22082
6169	22083
6170	0
6170	758
6170	3636
6170	12692
6170	12895
6170	17119
6170	17182
6170	18803
6170	22084
6170	22085
6171	22086
6171	22087
6171	22088
6171	22089
6171	22090
6171	22091
6171	22092
6172	0
6172	5077
6172	22093
6172	22094
6172	22095
6172	22096
6172	22097
6172	22098
6172	22099
6172	22100
6172	22101
6172	22102
6172	22103
6174	0
6174	751
6174	843
6174	6064
6174	11756
6174	16646
6174	18382
6174	18566
6174	19939
6174	20372
6174	22104
6174	22105
6174	22106
6174	22107
6174	22108
6174	22109
6174	22110
6174	22111
6174	22112
6174	22113
6174	22114
6174	22115
6174	22116
6175	22117
6175	22118
6175	22119
6175	22120
6176	0
6176	169
6176	22121
6177	0
6177	1672
6177	16946
6177	19463
6177	22122
6178	0
6178	751
6178	1258
6178	22123
6178	22124
6178	22125
6178	22126
6178	22127
6178	22128
6178	22129
6179	22130
6179	22131
6180	20646
6180	22132
6180	22133
6180	22134
6180	22135
6181	0
6181	5905
6181	22136
6181	22137
6182	22138
6182	22139
6184	22140
6184	22141
6184	22142
6185	22143
6185	22144
6186	22145
6186	22146
6186	22147
6186	22148
6186	22149
6187	22150
6188	0
6188	22151
6188	22152
6188	22153
6188	22154
6189	6189
6189	22155
6189	22156
6189	22157
6189	22158
6189	22159
6189	22160
6189	22161
6189	22162
6189	22163
6189	22164
6190	0
6190	17085
6190	22165
6190	22166
6190	22167
6190	22168
6190	22169
6190	22170
6190	22171
6190	22172
6190	22173
6191	22174
6191	22175
6192	0
6192	123
6192	6791
6192	6799
6192	8371
6192	11469
6192	11720
6192	16848
6192	21080
6192	22176
6192	22177
6192	22178
6192	22179
6192	22180
6192	22181
6192	22182
6192	22183
6192	22184
6192	22185
6192	22186
6192	22187
6192	22188
6192	22189
6192	22190
6192	22191
6192	22192
6192	22193
6192	22194
6192	22195
6192	22196
6192	22197
6192	22198
6192	22199
6192	22200
6192	22201
6192	22202
6192	22203
6192	22204
6192	22205
6192	22206
6192	22207
6192	22208
6192	22209
6192	22210
6192	22211
6192	22212
6192	22213
6193	7835
6193	11744
6193	22214
6193	22215
6194	0
6194	844
6194	11738
6194	22216
6194	22217
6194	22218
6194	22219
6194	22220
6194	22221
6194	22222
6194	22223
6194	22224
6196	0
6196	22225
6196	22226
6196	22227
6196	22228
6196	22229
6196	22230
6196	22231
6196	22232
6196	22233
6196	22234
6196	22235
6196	22236
6196	22237
6196	22238
6196	22239
6196	22240
6196	22241
6197	0
6198	1273
6198	10302
6198	22242
6198	22243
6200	0
6200	6315
6200	12838
6200	20291
6200	22244
6200	22245
6200	22246
6200	22247
6200	22248
6200	22249
6200	22250
6200	22251
6202	0
6202	124
6202	135
6202	16888
6202	17198
6202	22252
6202	22253
6202	22254
6202	22255
6203	0
6203	6203
6204	0
6204	124
6204	135
6204	5977
6204	6114
6204	18418
6204	18423
6204	22256
6204	22257
6204	22258
6204	22259
6205	0
6205	124
6205	17031
6205	18756
6205	21573
6205	22260
6205	22261
6205	22262
6205	22263
6206	18015
6206	22264
6206	22265
6206	22266
6206	22267
6206	22268
6207	737
6207	11151
6207	22269
6207	22270
6207	22271
6207	22272
6207	22273
6207	22274
6207	22275
6207	22276
6207	22277
6207	22278
6207	22279
6207	22280
6207	22281
6207	22282
6207	22283
6207	22284
6207	22285
6207	22286
6207	22287
6207	22288
6207	22289
6207	22290
6207	22291
6207	22292
6207	22293
6207	22294
6207	22295
6207	22296
6208	0
6209	0
6209	848
6209	20852
6209	22297
6209	22298
6209	22299
6209	22300
6209	22301
6209	22302
6209	22303
6209	22304
6210	0
6211	22305
6211	22306
6211	22307
6211	22308
6212	0
6212	39
6212	8371
6212	16685
6212	19216
6212	22309
6212	22310
6212	22311
6212	22312
6212	22313
6212	22314
6212	22315
6212	22316
6212	22317
6212	22318
6212	22319
6212	22320
6212	22321
6212	22322
6212	22323
6212	22324
6212	22325
6212	22326
6212	22327
6212	22328
6212	22329
6212	22330
6212	22331
6213	22332
6213	22333
6214	22334
6215	7427
6215	22335
6215	22336
6216	0
6216	22337
6216	22338
6216	22339
6216	22340
6216	22341
6216	22342
6216	22343
6216	22344
6216	22345
6216	22346
6216	22347
6217	6217
6217	22348
6217	22349
6217	22350
6217	22351
6217	22352
6217	22353
6217	22354
6218	0
6219	0
6219	111
6219	16264
6219	16284
6219	22355
6219	22356
6219	22357
6220	22358
6221	22359
6222	0
6222	22360
6223	0
6223	22361
6223	22362
6223	22363
6223	22364
6223	22365
6223	22366
6223	22367
6223	22368
6224	22369
6224	22370
6224	22371
6224	22372
6224	22373
6224	22374
6224	22375
6225	0
6225	12692
6225	16646
6225	22376
6225	22377
6225	22378
6225	22379
6226	6226
6226	22380
6226	22381
6226	22382
6227	0
6227	45
6227	6227
6227	7051
6227	22383
6227	22384
6227	22385
6227	22386
6228	0
6228	124
6228	194
6228	847
6228	7540
6228	10652
6228	17009
6228	22387
6228	22388
6228	22389
6228	22390
6228	22391
6229	0
6229	10684
6229	16807
6229	16808
6229	22392
6229	22393
6229	22394
6229	22395
6229	22396
6229	22397
6229	22398
6229	22399
6229	22400
6229	22401
6229	22402
6231	899
6232	22403
6233	0
6233	6233
6233	20205
6233	22404
6233	22405
6233	22406
6233	22407
6233	22408
6233	22409
6233	22410
6233	22411
6233	22412
6233	22413
6235	1259
6235	22414
6235	22415
6235	22416
6235	22417
6235	22418
6235	22419
6235	22420
6235	22421
6235	22422
6236	22423
6236	22424
6237	6237
6238	22425
6238	22426
6238	22427
6240	0
6240	833
6240	1258
6240	22428
6240	22429
6240	22430
6240	22431
6240	22432
6240	22433
6240	22434
6240	22435
6240	22436
6240	22437
6240	22438
6240	22439
6240	22440
6240	22441
6241	3298
6241	22442
6241	22443
6242	22444
6242	22445
6242	22446
6242	22447
6242	22448
6242	22449
6242	22450
6242	22451
6243	22452
6243	22453
6243	22454
6243	22455
6243	22456
6244	0
6245	22457
6245	22458
6245	22459
6245	22460
6245	22461
6246	201
6246	862
6246	1662
6246	22462
6246	22463
6246	22464
6246	22465
6246	22466
6248	6657
6248	10652
6248	12692
6248	19364
6249	0
6249	22467
6249	22468
6249	22469
6249	22470
6249	22471
6250	22472
6251	847
6251	18407
6251	21308
6251	22473
6251	22474
6251	22475
6251	22476
6251	22477
6251	22478
6251	22479
6252	0
6252	12709
6252	22480
6252	22481
6252	22482
6253	22483
6254	0
6254	22484
6255	0
6255	756
6255	22485
6255	22486
6255	22487
6255	22488
6255	22489
6255	22490
6256	0
6256	6256
6256	22491
6256	22492
6256	22493
6256	22494
6256	22495
6256	22496
6256	22497
6256	22498
6256	22499
6257	0
6257	3184
6257	11826
6257	20828
6257	22500
6257	22501
6257	22502
6257	22503
6257	22504
6257	22505
6257	22506
6257	22507
6257	22508
6257	22509
6257	22510
6257	22511
6257	22512
6257	22513
6257	22514
6257	22515
6257	22516
6257	22517
6257	22518
6257	22519
6257	22520
6257	22521
6257	22522
6257	22523
6257	22524
6257	22525
6257	22526
6257	22527
6257	22528
6257	22529
6257	22530
6257	22531
6257	22532
6257	22533
6257	22534
6257	22535
6257	22536
6257	22537
6257	22538
6257	22539
6257	22540
6257	22541
6257	22542
6257	22543
6257	22544
6257	22545
6257	22546
6257	22547
6257	22548
6257	22549
6257	22550
6257	22551
6257	22552
6257	22553
6257	22554
6257	22555
6257	22556
6257	22557
6257	22558
6258	235
6258	22218
6258	22559
6258	22560
6258	22561
6259	0
6259	4352
6259	7835
6259	20516
6259	22562
6259	22563
6259	22564
6259	22565
6259	22566
6259	22567
6259	22568
6259	22569
6260	4120
6260	6260
6260	22570
6260	22571
6260	22572
6261	22573
6261	22574
6261	22575
6261	22576
6261	22577
6261	22578
6261	22579
6261	22580
6261	22581
6261	22582
6261	22583
6262	22584
6262	22585
6262	22586
6263	18538
6263	22587
6263	22588
6264	0
6264	39
6264	1274
6264	14375
6264	22589
6264	22590
6264	22591
6264	22592
6264	22593
6264	22594
6264	22595
6264	22596
6264	22597
6264	22598
6266	830
6266	4508
6266	6266
6266	22599
6266	22600
6266	22601
6266	22602
6267	1258
6267	5795
6267	17217
6267	20264
6267	22603
6268	5222
6269	846
6269	16888
6269	22604
6269	22605
6269	22606
6269	22607
6269	22608
6269	22609
6269	22610
6269	22611
6269	22612
6270	0
6270	22613
6270	22614
6270	22615
6270	22616
6270	22617
6270	22618
6271	0
6271	22619
6271	22620
6271	22621
6271	22622
6272	6272
6272	17939
6272	21036
6272	22623
6272	22624
6272	22625
6272	22626
6273	0
6273	838
6273	14375
6273	16292
6273	19035
6273	22627
6273	22628
6273	22629
6273	22630
6273	22631
6273	22632
6273	22633
6274	3636
6274	5283
6274	7540
6274	22634
6274	22635
6274	22636
6274	22637
6274	22638
6275	0
6275	3200
6275	9964
6275	9965
6275	17106
6275	22639
6275	22640
6275	22641
6275	22642
6275	22643
6275	22644
6275	22645
6275	22646
6276	6468
6276	12896
6276	22647
6276	22648
6276	22649
6276	22650
6276	22651
6276	22652
6276	22653
6276	22654
6276	22655
6276	22656
6276	22657
6276	22658
6276	22659
6276	22660
6276	22661
6277	11990
6277	22595
6277	22662
6277	22663
6277	22664
6277	22665
6278	0
6278	849
6278	3827
6278	12692
6278	12695
6278	22666
6278	22667
6278	22668
6278	22669
6278	22670
6278	22671
6278	22672
6278	22673
6281	0
6282	5358
6282	5678
6282	22674
6282	22675
6283	0
6283	22676
6283	22677
6283	22678
6283	22679
6283	22680
6283	22681
6283	22682
6283	22683
6283	22684
6283	22685
6283	22686
6284	12692
6284	22687
6284	22688
6284	22689
6284	22690
6284	22691
6286	0
6286	18015
6286	18453
6286	22692
6287	0
6287	5694
6287	6314
6287	22693
6288	12692
6288	22694
6288	22695
6289	0
6289	22696
6289	22697
6289	22698
6289	22699
6289	22700
6289	22701
6289	22702
6289	22703
6289	22704
6289	22705
6289	22706
6289	22707
6289	22708
6289	22709
6290	0
6291	22710
6292	0
6292	12692
6292	20802
6292	22711
6292	22712
6292	22713
6293	22714
6293	22715
6293	22716
6293	22717
6293	22718
6293	22719
6293	22720
6293	22721
6293	22722
6293	22723
6293	22724
6293	22725
6293	22726
6293	22727
6293	22728
6293	22729
6293	22730
6293	22731
6293	22732
6293	22733
6293	22734
6293	22735
6293	22736
6293	22737
6293	22738
6293	22739
6293	22740
6293	22741
6293	22742
6293	22743
6293	22744
6294	0
6294	235
6294	701
6294	776
6294	846
6294	3374
6294	3950
6294	5082
6294	15506
6294	22745
6294	22746
6294	22747
6294	22748
6294	22749
6294	22750
6294	22751
6294	22752
6294	22753
6294	22754
6294	22755
6294	22756
6295	22757
6295	22758
6295	22759
6295	22760
6295	22761
6296	22762
6297	17089
6297	22763
6298	0
6299	0
6299	11471
6299	18164
6299	18379
6299	22764
6299	22765
6299	22766
6299	22767
6300	22768
6300	22769
6301	0
6301	4401
6301	7431
6301	20584
6301	22770
6301	22771
6301	22772
6301	22773
6302	0
6303	0
6303	22774
6303	22775
6303	22776
6304	0
6304	217
6304	842
6304	6304
6304	11161
6304	22777
6304	22778
6304	22779
6304	22780
6304	22781
6304	22782
6304	22783
6304	22784
6304	22785
6304	22786
6304	22787
6304	22788
6304	22789
6304	22790
6304	22791
6304	22792
6304	22793
6305	22794
6305	22795
6305	22796
6305	22797
6306	0
6307	22798
6307	22799
6307	22800
6307	22801
6307	22802
6307	22803
6307	22804
6307	22805
6308	0
6308	140
6308	6308
6308	22806
6310	0
6311	0
6311	10717
6311	12692
6311	22807
6311	22808
6311	22809
6312	22810
6312	22811
6312	22812
6313	22813
6313	22814
6313	22815
6313	22816
6314	22817
6314	22818
6315	22819
6315	22820
6315	22821
6315	22822
6315	22823
6315	22824
6315	22825
6315	22826
6316	22827
6317	22828
6318	0
6318	22829
6318	22830
6318	22831
6318	22832
6319	0
6319	22833
6319	22834
6319	22835
6319	22836
6319	22837
6319	22838
6319	22839
6320	11664
6320	12692
6320	22840
6320	22841
6320	22842
6320	22843
6321	22844
6321	22845
6321	22846
6323	0
6323	6323
6323	22847
6323	22848
6323	22849
6323	22850
6324	0
6324	4401
6324	5077
6324	22851
6324	22852
6324	22853
6324	22854
6325	22855
6325	22856
6326	22857
6326	22858
6326	22859
6327	22860
6328	22861
6328	22862
6328	22863
6328	22864
6328	22865
6330	22866
6330	22867
6331	22868
6332	20646
6333	0
6333	7122
6333	7473
6334	0
6334	3200
6334	10179
6334	16947
6334	22267
6334	22869
6334	22870
6334	22871
6334	22872
6334	22873
6334	22874
6334	22875
6336	0
6336	7469
6336	12692
6336	16661
6336	17085
6336	22876
6336	22877
6336	22878
6336	22879
6337	170
6337	22880
6337	22881
6338	6338
6339	22882
6339	22883
6340	22884
6340	22885
6340	22886
6340	22887
6340	22888
6340	22889
6340	22890
6341	22891
6341	22892
6342	45
6342	129
6342	7831
6342	22893
6342	22894
6342	22895
6342	22896
6342	22897
6342	22898
6342	22899
6342	22900
6342	22901
6343	147
6343	170
6343	1499
6343	22902
6344	0
6344	6344
6344	22903
6344	22904
6344	22905
6344	22906
6344	22907
6344	22908
6345	22909
6345	22910
6347	0
6347	22911
6347	22912
6347	22913
6347	22914
6348	22915
6349	768
6349	21728
6349	22916
6349	22917
6349	22918
6349	22919
6349	22920
6349	22921
6349	22922
6350	0
6350	12902
6350	22923
6350	22924
6350	22925
6352	6352
6352	22926
6352	22927
6352	22928
6353	22929
6353	22930
6354	6354
6354	22931
6355	832
6355	22932
6355	22933
6355	22934
6355	22935
6356	0
6356	4401
6356	22936
6356	22937
6356	22938
6356	22939
6356	22940
6356	22941
6356	22942
6357	22943
6357	22944
6357	22945
6357	22946
6357	22947
6357	22948
6358	0
6358	144
6358	1155
6358	5721
6358	5989
6358	22949
6358	22950
6358	22951
6358	22952
6359	0
6359	39
6359	5365
6359	16646
6359	22953
6359	22954
6359	22955
6359	22956
6359	22957
6359	22958
6359	22959
6359	22960
6359	22961
6359	22962
6359	22963
6359	22964
6359	22965
6359	22966
6359	22967
6359	22968
6359	22969
6359	22970
6359	22971
6359	22972
6359	22973
6359	22974
6360	0
6360	6360
6360	22975
6360	22976
6360	22977
6360	22978
6360	22979
6360	22980
6360	22981
6360	22982
6361	22983
6362	22984
6362	22985
6362	22986
6363	0
6363	5778
6363	7835
6363	11664
6363	11990
6363	12692
6363	12902
6363	14367
6363	22267
6363	22482
6363	22987
6363	22988
6363	22989
6363	22990
6363	22991
6363	22992
6363	22993
6363	22994
6363	22995
6363	22996
6363	22997
6363	22998
6363	22999
6363	23000
6363	23001
6363	23002
6363	23003
6363	23004
6363	23005
6363	23006
6363	23007
6363	23008
6363	23009
6363	23010
6363	23011
6364	0
6364	15374
6364	15375
6364	23012
6364	23013
6364	23014
6364	23015
6364	23016
6364	23017
6364	23018
6364	23019
6364	23020
6364	23021
6364	23022
6364	23023
6364	23024
6364	23025
6364	23026
6364	23027
6365	23028
6365	23029
6365	23030
6365	23031
6365	23032
6366	23033
6366	23034
6366	23035
6366	23036
6366	23037
6366	23038
6366	23039
6367	0
6367	6367
6367	23040
6367	23041
6367	23042
6367	23043
6367	23044
6367	23045
6368	23046
6368	23047
6370	3648
6370	23048
6370	23049
6371	12692
6371	23050
6371	23051
6371	23052
6371	23053
6372	0
6372	837
6372	1952
6372	23054
6372	23055
6372	23056
6372	23057
6374	23058
6375	23059
6376	23060
6377	23061
6378	0
6378	23062
6378	23063
6378	23064
6378	23065
6378	23066
6379	0
6379	124
6379	5787
6379	5802
6379	12306
6379	23067
6379	23068
6379	23069
6379	23070
6380	23071
6380	23072
6382	23073
6383	0
6383	833
6383	5488
6383	6211
6383	23074
6383	23075
6384	23076
6385	23077
6385	23078
6385	23079
6385	23080
6385	23081
6385	23082
6385	23083
6385	23084
6386	23085
6387	0
6387	6387
6387	23086
6388	0
6388	23087
6390	23088
6390	23089
6391	23090
6391	23091
6391	23092
6392	201
6392	3440
6392	23093
6392	23094
6392	23095
6392	23096
6393	0
6393	6393
6393	23097
6394	23098
6394	23099
6394	23100
6394	23101
6394	23102
6394	23103
6394	23104
6395	0
6395	1092
6395	1789
6395	1955
6395	6395
6395	7431
6395	7741
6395	7835
6395	7836
6395	7838
6395	8371
6395	10180
6395	11336
6395	12672
6395	16244
6395	16685
6395	16972
6395	17351
6395	17648
6395	18164
6395	18295
6395	19586
6395	20010
6395	21504
6395	21604
6395	22085
6395	22116
6395	23105
6395	23106
6395	23107
6395	23108
6395	23109
6395	23110
6395	23111
6395	23112
6395	23113
6395	23114
6395	23115
6395	23116
6395	23117
6395	23118
6395	23119
6395	23120
6395	23121
6395	23122
6395	23123
6395	23124
6395	23125
6395	23126
6395	23127
6395	23128
6395	23129
6395	23130
6395	23131
6395	23132
6395	23133
6395	23134
6395	23135
6395	23136
6395	23137
6395	23138
6395	23139
6395	23140
6395	23141
6395	23142
6395	23143
6395	23144
6395	23145
6395	23146
6395	23147
6395	23148
6395	23149
6395	23150
6395	23151
6395	23152
6395	23153
6395	23154
6395	23155
6395	23156
6395	23157
6395	23158
6395	23159
6395	23160
6395	23161
6395	23162
6395	23163
6395	23164
6395	23165
6395	23166
6395	23167
6395	23168
6395	23169
6395	23170
6395	23171
6395	23172
6395	23173
6395	23174
6395	23175
6395	23176
6395	23177
6395	23178
6395	23179
6395	23180
6395	23181
6395	23182
6395	23183
6395	23184
6395	23185
6395	23186
6395	23187
6395	23188
6395	23189
6395	23190
6395	23191
6395	23192
6395	23193
6395	23194
6395	23195
6395	23196
6395	23197
6395	23198
6395	23199
6395	23200
6395	23201
6395	23202
6395	23203
6395	23204
6395	23205
6395	23206
6395	23207
6395	23208
6395	23209
6395	23210
6395	23211
6395	23212
6395	23213
6395	23214
6395	23215
6395	23216
6395	23217
6395	23218
6395	23219
6395	23220
6395	23221
6395	23222
6395	23223
6395	23224
6395	23225
6395	23226
6395	23227
6395	23228
6395	23229
6395	23230
6395	23231
6395	23232
6395	23233
6395	23234
6395	23235
6395	23236
6395	23237
6395	23238
6395	23239
6395	23240
6395	23241
6395	23242
6395	23243
6395	23244
6395	23245
6395	23246
6395	23247
6395	23248
6395	23249
6395	23250
6395	23251
6395	23252
6396	1575
6396	3251
6396	5433
6396	5463
6396	6317
6396	6682
6396	8140
6396	16713
6396	23253
6396	23254
6396	23255
6396	23256
6396	23257
6396	23258
6396	23259
6396	23260
6396	23261
6396	23262
6396	23263
6396	23264
6396	23265
6396	23266
6396	23267
6396	23268
6396	23269
6396	23270
6396	23271
6396	23272
6396	23273
6396	23274
6396	23275
6396	23276
6396	23277
6396	23278
6396	23279
6396	23280
6396	23281
6396	23282
6396	23283
6396	23284
6396	23285
6396	23286
6396	23287
6396	23288
6396	23289
6396	23290
6396	23291
6396	23292
6396	23293
6396	23294
6396	23295
6396	23296
6396	23297
6396	23298
6396	23299
6396	23300
6396	23301
6396	23302
6397	19478
6397	23303
6397	23304
6398	0
6399	0
6400	0
6400	23305
6401	0
6401	862
6401	1155
6401	10806
6401	19940
6401	23306
6401	23307
6401	23308
6402	23309
6402	23310
6402	23311
6404	23312
6404	23313
6404	23314
6404	23315
6404	23316
6404	23317
6404	23318
6404	23319
6404	23320
6405	203
6405	267
6406	0
6406	842
6406	5432
6406	12692
6406	16888
6406	23321
6406	23322
6406	23323
6406	23324
6407	23325
6409	0
6410	5749
6410	5915
6410	19170
6410	19171
6410	23326
6410	23327
6410	23328
6411	0
6411	1156
6411	7835
6411	7836
6411	16885
6411	17198
6411	23329
6411	23330
6411	23331
6411	23332
6411	23333
6411	23334
6412	0
6412	23335
6412	23336
6413	23337
6413	23338
6413	23339
6413	23340
6413	23341
6413	23342
6413	23343
6414	23344
6415	0
6415	23345
6415	23346
6415	23347
6415	23348
6415	23349
6415	23350
6415	23351
6415	23352
6415	23353
6415	23354
6415	23355
6415	23356
6415	23357
6415	23358
6415	23359
6415	23360
6415	23361
6415	23362
6416	762
6416	23363
6416	23364
6416	23365
6417	23366
6417	23367
6417	23368
6417	23369
6418	4261
6418	23370
6418	23371
6418	23372
6418	23373
6418	23374
6418	23375
6419	267
6419	23376
6419	23377
6421	23378
6421	23379
6421	23380
6422	23381
6422	23382
6422	23383
6423	0
6423	23384
6423	23385
6424	5660
6424	6424
6424	17122
6424	23386
6424	23387
6424	23388
6424	23389
6424	23390
6424	23391
6425	1573
6425	22935
6425	23392
6425	23393
6425	23394
6425	23395
6425	23396
6426	0
6426	6426
6426	23397
6427	32
6427	158
6427	162
6427	23398
6427	23399
6427	23400
6428	5633
6428	12692
6428	16622
6428	23401
6428	23402
6428	23403
6429	17095
6429	23404
6429	23405
6429	23406
6429	23407
6429	23408
6429	23409
6429	23410
6430	7835
6430	23411
6430	23412
6430	23413
6430	23414
6430	23415
6430	23416
6431	0
6432	1092
6432	3000
6432	16244
6432	20810
6432	23417
6432	23418
6432	23419
6432	23420
6432	23421
6432	23422
6432	23423
6432	23424
6433	19586
6433	23425
6433	23426
6433	23427
6433	23428
6433	23429
6433	23430
6434	23431
6434	23432
6435	23433
6435	23434
6435	23435
6435	23436
6435	23437
6435	23438
6435	23439
6435	23440
6435	23441
6435	23442
6435	23443
6435	23444
6436	23445
6436	23446
6436	23447
6436	23448
6436	23449
6436	23450
6436	23451
6436	23452
6436	23453
6437	23454
6437	23455
6437	23456
6437	23457
6437	23458
6437	23459
6437	23460
6438	2495
6438	10797
6438	23461
6438	23462
6438	23463
6438	23464
6438	23465
6438	23466
6438	23467
6438	23468
6439	0
6439	160
6439	23469
6439	23470
6439	23471
6440	0
6441	0
6441	23472
6442	9927
6442	23473
6442	23474
6442	23475
6442	23476
6442	23477
6442	23478
6442	23479
6442	23480
6443	23481
6443	23482
6444	0
6444	74
6444	23483
6444	23484
6444	23485
6444	23486
6445	0
6446	0
6446	5071
6446	13904
6446	17085
6446	23487
6446	23488
6446	23489
6446	23490
6446	23491
6446	23492
6446	23493
6446	23494
6446	23495
6446	23496
6447	20205
6447	22404
6447	23497
6447	23498
6447	23499
6448	23500
6448	23501
6449	5394
6449	23502
6449	23503
6449	23504
6449	23505
6449	23506
6449	23507
6449	23508
6450	23509
6452	23510
6452	23511
6452	23512
6452	23513
6452	23514
6453	0
6453	6585
6453	23515
6453	23516
6453	23517
6454	0
6454	6454
6454	23518
6455	23519
6457	23520
6457	23521
6457	23522
6457	23523
6458	997
6458	23524
6458	23525
6459	0
6459	58
6459	3000
6459	5058
6459	7835
6459	17987
6459	18486
6459	23526
6459	23527
6459	23528
6460	0
6460	23529
6463	3184
6463	11838
6463	11841
6463	23530
6463	23531
6463	23532
6463	23533
6463	23534
6463	23535
6463	23536
6464	0
6464	23537
6464	23538
6464	23539
6464	23540
6464	23541
6464	23542
6464	23543
6465	267
6465	2992
6465	17543
6465	23544
6465	23545
6466	0
6466	21804
6466	23546
6466	23547
6466	23548
6466	23549
6466	23550
6467	172
6467	3636
6467	12692
6467	23551
6467	23552
6468	0
6468	851
6468	5662
6468	12692
6468	17119
6468	23553
6468	23554
6468	23555
6468	23556
6468	23557
6468	23558
6468	23559
6468	23560
6468	23561
6468	23562
6468	23563
6468	23564
6468	23565
6468	23566
6468	23567
6468	23568
6468	23569
6468	23570
6468	23571
6468	23572
6468	23573
6468	23574
6468	23575
6468	23576
6468	23577
6468	23578
6469	23579
6469	23580
6469	23581
6470	0
6470	6470
6470	23582
6470	23583
6470	23584
6470	23585
6470	23586
6470	23587
6471	3827
6471	23588
6471	23589
6472	23590
6472	23591
6472	23592
6474	53
6474	3026
6474	23593
6474	23594
6475	4467
6475	14973
6475	23595
6475	23596
6475	23597
6475	23598
6475	23599
6475	23600
6475	23601
6475	23602
6475	23603
6476	0
6476	1518
6476	4401
6476	23604
6476	23605
6476	23606
6477	23607
6478	23608
6478	23609
6479	23610
6479	23611
6479	23612
6479	23613
6480	0
6480	23614
6481	0
6482	23394
6482	23615
6482	23616
6482	23617
6482	23618
6483	11664
6483	23619
6483	23620
6483	23621
6483	23622
6484	0
6484	20205
6484	23623
6484	23624
6484	23625
6484	23626
6484	23627
6484	23628
6484	23629
6484	23630
6484	23631
6484	23632
6484	23633
6485	0
6485	20472
6485	23634
6485	23635
6485	23636
6485	23637
6485	23638
6485	23639
6485	23640
6485	23641
6485	23642
6485	23643
6485	23644
6485	23645
6485	23646
6485	23647
6485	23648
6485	23649
6485	23650
6485	23651
6485	23652
6485	23653
6485	23654
6485	23655
6485	23656
6485	23657
6485	23658
6485	23659
6485	23660
6485	23661
6485	23662
6485	23663
6485	23664
6485	23665
6485	23666
6485	23667
6485	23668
6485	23669
6485	23670
6485	23671
6485	23672
6485	23673
6485	23674
6485	23675
6485	23676
6485	23677
6485	23678
6485	23679
6485	23680
6485	23681
6485	23682
6485	23683
6485	23684
6485	23685
6485	23686
6485	23687
6487	3210
6487	6487
6487	23688
6487	23689
6487	23690
6487	23691
6487	23692
6487	23693
6487	23694
6488	5823
6488	6319
6488	22833
6488	23695
6490	0
6490	5812
6490	23696
6490	23697
6491	23698
6492	0
6492	32
6492	39
6492	127
6492	843
6492	3335
6492	16873
6492	19996
6492	23699
6492	23700
6492	23701
6492	23702
6492	23703
6492	23704
6492	23705
6492	23706
6492	23707
6492	23708
6492	23709
6492	23710
6492	23711
6492	23712
6492	23713
6492	23714
6492	23715
6492	23716
6492	23717
6492	23718
6493	23719
6493	23720
6493	23721
6493	23722
6493	23723
6494	843
6494	1155
6494	1192
6494	11756
6494	17943
6494	23724
6494	23725
6495	214
6495	23726
6495	23727
6495	23728
6495	23729
6495	23730
6496	23731
6496	23732
6496	23733
6496	23734
6497	23735
6498	0
6499	23736
6499	23737
6499	23738
6499	23739
6499	23740
6500	123
6500	23741
6500	23742
6500	23743
6500	23744
6503	0
6503	6503
6503	7051
6503	23745
6503	23746
6504	23747
6505	0
6505	1258
6505	23748
6505	23749
6505	23750
6506	0
6507	0
6507	4021
6507	18991
6507	23751
6507	23752
6508	840
6508	1192
6508	5177
6508	12692
6508	12838
6508	17369
6508	23304
6508	23753
6508	23754
6508	23755
6508	23756
6509	6509
6509	23757
6510	23758
6510	23759
6511	23760
6511	23761
6511	23762
6512	0
6512	23763
6512	23764
6512	23765
6512	23766
6512	23767
6512	23768
6513	7835
6513	7836
6513	18566
6513	20012
6513	23769
6513	23770
6513	23771
6513	23772
6513	23773
6513	23774
6515	0
6516	23775
6517	0
6517	758
6517	23776
6517	23777
6518	0
6518	737
6518	836
6518	3677
6518	5676
6518	6637
6518	6666
6518	11151
6518	12671
6518	17198
6518	17369
6518	18486
6518	19464
6518	20410
6518	22270
6518	23778
6518	23779
6518	23780
6518	23781
6518	23782
6518	23783
6518	23784
6518	23785
6519	23786
6519	23787
6520	23788
6520	23789
6521	23790
6521	23791
6521	23792
6521	23793
6522	23794
6522	23795
6523	0
6523	39
6523	3026
6523	3648
6523	19260
6523	23796
6523	23797
6523	23798
6523	23799
6523	23800
6523	23801
6523	23802
6523	23803
6523	23804
6523	23805
6523	23806
6523	23807
6523	23808
6523	23809
6523	23810
6524	5543
6524	6145
6524	18500
6524	23811
6524	23812
6524	23813
6526	0
6526	23814
6526	23815
6526	23816
6526	23817
6526	23818
6527	23819
6527	23820
6527	23821
6527	23822
6528	127
6528	267
6528	1951
6528	18164
6528	23113
6528	23823
6528	23824
6528	23825
6528	23826
6528	23827
6528	23828
6528	23829
6528	23830
6528	23831
6528	23832
6528	23833
6528	23834
6528	23835
6529	23836
6529	23837
6530	6530
6530	16848
6530	23838
6530	23839
6530	23840
6530	23841
6531	0
6531	6531
6531	23842
6532	1661
6532	23843
6532	23844
6532	23845
6535	23846
6535	23847
6535	23848
6536	0
6536	23849
6536	23850
6536	23851
6536	23852
6536	23853
6536	23854
6536	23855
6536	23856
6536	23857
6536	23858
6536	23859
6536	23860
6536	23861
6536	23862
6537	0
6537	758
6537	23863
6537	23864
6537	23865
6537	23866
6537	23867
6537	23868
6538	0
6538	834
6538	23869
6538	23870
6538	23871
6538	23872
6538	23873
6538	23874
6539	0
6539	12695
6539	16807
6539	17198
6539	23875
6539	23876
6540	12692
6540	14375
6540	19176
6540	23877
6542	124
6542	12503
6542	23878
6542	23879
6542	23880
6542	23881
6542	23882
6542	23883
6542	23884
6543	64
6543	16873
6543	20604
6543	23885
6543	23886
6543	23887
6543	23888
6543	23889
6543	23890
6543	23891
6543	23892
6544	5079
6544	19579
6544	23893
6544	23894
6544	23895
6544	23896
6544	23897
6544	23898
6544	23899
6544	23900
6544	23901
6544	23902
6545	23903
6546	47
6546	716
6546	23904
6546	23905
6546	23906
6547	0
6547	3636
6547	12692
6547	16713
6547	19156
6547	23394
6547	23907
6547	23908
6548	23909
6549	23910
6549	23911
6550	0
6550	11893
6550	23912
6550	23913
6552	0
6552	23914
6552	23915
6552	23916
6552	23917
6553	23918
6553	23919
6554	23920
6554	23921
6554	23922
6554	23923
6554	23924
6554	23925
6555	1958
6555	23926
6556	23927
6556	23928
6557	23929
6557	23930
6557	23931
6557	23932
6557	23933
6557	23934
6557	23935
6557	23936
6558	0
6558	6558
6558	12692
6558	17944
6558	18080
6558	20206
6558	21826
6558	23937
6558	23938
6558	23939
6558	23940
6558	23941
6559	0
6559	6559
6559	23942
6560	23943
6560	23944
6560	23945
6561	18406
6561	23946
6561	23947
6562	0
6562	834
6562	23948
6562	23949
6562	23950
6562	23951
6562	23952
6562	23953
6562	23954
6562	23955
6563	23956
6563	23957
6564	23958
6565	6417
6565	23925
6565	23959
6565	23960
6566	0
6566	23961
6566	23962
6566	23963
6566	23964
6566	23965
6566	23966
6566	23967
6567	23968
6568	0
6569	0
6569	6569
6569	23969
6570	23970
6571	23971
6571	23972
6572	6572
6572	23973
6572	23974
6572	23975
6572	23976
6572	23977
6572	23978
6572	23979
6572	23980
6572	23981
6573	0
6573	3335
6573	11990
6573	14179
6573	17119
6573	18243
6573	18486
6573	23982
6573	23983
6573	23984
6573	23985
6573	23986
6573	23987
6573	23988
6573	23989
6573	23990
6574	23991
6574	23992
6575	0
6575	23993
6575	23994
6575	23995
6575	23996
6575	23997
6575	23998
6575	23999
6576	24000
6576	24001
6577	11562
6577	12692
6577	24002
6577	24003
6577	24004
6577	24005
6578	24006
6578	24007
6578	24008
6579	24009
6579	24010
6579	24011
6580	7831
6580	7836
6580	11990
6580	12671
6580	16387
6580	24012
6580	24013
6580	24014
6580	24015
6580	24016
6580	24017
6581	0
6581	16888
6581	18406
6581	22254
6581	24018
6581	24019
6582	0
6582	1258
6582	17318
6582	18795
6582	24020
6582	24021
6583	24022
6583	24023
6583	24024
6583	24025
6584	24026
6584	24027
6585	24028
6585	24029
6585	24030
6585	24031
6585	24032
6585	24033
6585	24034
6585	24035
6585	24036
6586	5732
6587	24037
6587	24038
6587	24039
6587	24040
6587	24041
6587	24042
6587	24043
6587	24044
6587	24045
6587	24046
6587	24047
6587	24048
6587	24049
6587	24050
6587	24051
6587	24052
6587	24053
6587	24054
6587	24055
6587	24056
6587	24057
6587	24058
6588	7830
6588	7835
6588	7836
6588	7838
6588	12695
6588	16646
6588	16951
6588	24059
6588	24060
6588	24061
6588	24062
6588	24063
6588	24064
6588	24065
6588	24066
6588	24067
6589	24068
6589	24069
6589	24070
6591	0
6591	147
6591	1518
6591	4024
6591	6591
6591	7467
6591	24071
6593	0
6594	0
6594	862
6594	6594
6594	24072
6594	24073
6594	24074
6594	24075
6594	24076
6594	24077
6594	24078
6594	24079
6594	24080
6594	24081
6595	0
6595	16808
6595	24082
6595	24083
6595	24084
6595	24085
6595	24086
6595	24087
6595	24088
6596	9977
6596	9978
6596	9979
6596	9980
6596	9981
6596	24089
6596	24090
6596	24091
6596	24092
6596	24093
6596	24094
6596	24095
6596	24096
6597	0
6597	7
6597	124
6597	135
6597	7140
6597	14973
6597	24097
6598	24098
6598	24099
6599	24100
6599	24101
6600	24102
6600	24103
6600	24104
6601	23483
6601	24105
6601	24106
6601	24107
6602	862
6602	22595
6602	24108
6603	24109
6604	1273
6604	24110
6605	1273
6605	2992
6605	5434
6605	6036
6605	6656
6605	6668
6605	24111
6605	24112
6605	24113
6605	24114
6605	24115
6605	24116
6605	24117
6605	24118
6605	24119
6605	24120
6605	24121
6605	24122
6605	24123
6605	24124
6605	24125
6605	24126
6605	24127
6605	24128
6605	24129
6605	24130
6605	24131
6605	24132
6605	24133
6605	24134
6606	0
6606	24135
6607	24136
6611	0
6611	24137
6612	24138
6612	24139
6612	24140
6612	24141
6612	24142
6613	0
6613	39
6613	124
6613	131
6613	135
6613	732
6613	3827
6613	10741
6613	16873
6613	24143
6613	24144
6613	24145
6613	24146
6613	24147
6613	24148
6613	24149
6613	24150
6613	24151
6613	24152
6613	24153
6613	24154
6615	0
6615	24155
6616	0
6616	39
6616	12692
6616	24156
6617	0
6618	24157
6619	124
6619	216
6619	1185
6619	5275
6619	11830
6619	24158
6620	0
6620	24159
6620	24160
6620	24161
6620	24162
6620	24163
6620	24164
6620	24165
6620	24166
6621	16739
6621	24167
6621	24168
6621	24169
6621	24170
6621	24171
6621	24172
6621	24173
6621	24174
6622	24175
6622	24176
6624	0
6624	14957
6624	24177
6624	24178
6624	24179
6624	24180
6624	24181
6624	24182
6624	24183
6624	24184
6624	24185
6625	24186
6625	24187
6625	24188
6625	24189
6625	24190
6626	24191
6626	24192
6627	24193
6627	24194
6628	24195
6629	0
6629	3335
6629	24196
6629	24197
6629	24198
6629	24199
6629	24200
6629	24201
6629	24202
6629	24203
6629	24204
6629	24205
6629	24206
6629	24207
6629	24208
6629	24209
6629	24210
6629	24211
6629	24212
6629	24213
6631	0
6631	201
6631	955
6631	3335
6631	5881
6631	7141
6631	7846
6631	12702
6631	12899
6631	14125
6631	18578
6631	20666
6631	21848
6631	24214
6631	24215
6631	24216
6631	24217
6631	24218
6631	24219
6631	24220
6631	24221
6631	24222
6631	24223
6631	24224
6631	24225
6631	24226
6631	24227
6631	24228
6631	24229
6631	24230
6631	24231
6631	24232
6632	0
6632	3200
6632	17106
6632	24233
6632	24234
6632	24235
6632	24236
6632	24237
6632	24238
6632	24239
6632	24240
6633	24241
6633	24242
6633	24243
6633	24244
6633	24245
6634	24246
6634	24247
6634	24248
6634	24249
6634	24250
6634	24251
6634	24252
6634	24253
6634	24254
6634	24255
6635	0
6635	24256
6637	24257
6637	24258
6637	24259
6637	24260
6637	24261
6637	24262
6637	24263
6637	24264
6638	24265
6638	24266
6638	24267
6639	0
6640	24268
6640	24269
6640	24270
6640	24271
6640	24272
6640	24273
6641	0
6641	24274
6641	24275
6641	24276
6641	24277
6641	24278
6642	0
6642	997
6642	3200
6642	24279
6642	24280
6642	24281
6642	24282
6642	24283
6643	24284
6643	24285
6643	24286
6643	24287
6644	24288
6644	24289
6645	0
6645	10717
6645	12692
6645	19811
6645	23622
6645	24290
6645	24291
6645	24292
6646	0
6646	201
6646	1675
6646	1688
6646	1693
6646	7610
6646	24293
6647	24294
6647	24295
6647	24296
6648	1273
6648	3026
6648	3636
6648	24297
6648	24298
6648	24299
6648	24300
6649	24301
6650	24302
6651	24303
6651	24304
6652	24305
6652	24306
6653	16425
6653	24307
6653	24308
6653	24309
6653	24310
6653	24311
6654	1258
6654	24312
6654	24313
6655	862
6655	6655
6655	24314
6655	24315
6655	24316
6656	0
6656	2992
6656	12091
6656	12096
6656	13793
6656	14528
6656	18204
6656	18205
6656	18207
6656	18209
6656	18230
6656	18232
6656	18379
6656	19997
6656	24317
6656	24318
6656	24319
6656	24320
6656	24321
6656	24322
6656	24323
6656	24324
6656	24325
6656	24326
6656	24327
6656	24328
6656	24329
6656	24330
6656	24331
6656	24332
6656	24333
6656	24334
6657	3636
6657	17198
6657	24335
6657	24336
6657	24337
6657	24338
6657	24339
6658	0
6658	1259
6658	12533
6658	24340
6658	24341
6658	24342
6658	24343
6658	24344
6658	24345
6658	24346
6658	24347
6658	24348
6658	24349
6658	24350
6658	24351
6658	24352
6658	24353
6658	24354
6658	24355
6659	12898
6659	24356
6659	24357
6660	6660
6660	20096
6660	24358
6660	24359
6660	24360
6660	24361
6661	14144
6661	24141
6661	24362
6661	24363
6661	24364
6661	24365
6661	24366
6662	0
6664	24367
6664	24368
6664	24369
6664	24370
6665	24371
6665	24372
6665	24373
6665	24374
6665	24375
6665	24376
6665	24377
6665	24378
6665	24379
6666	24380
6667	6667
6667	24381
6667	24382
6667	24383
6667	24384
6667	24385
6667	24386
6667	24387
6667	24388
6668	6668
6668	24389
6668	24390
6668	24391
6668	24392
6668	24393
6668	24394
6668	24395
6668	24396
6668	24397
6669	0
6669	2981
6669	17085
6669	24398
6669	24399
6669	24400
6669	24401
6669	24402
6669	24403
6669	24404
6669	24405
6671	0
6671	24406
6671	24407
6671	24408
6671	24409
6671	24410
6671	24411
6674	24412
6674	24413
6674	24414
6674	24415
6674	24416
6674	24417
6674	24418
6674	24419
6674	24420
6674	24421
6674	24422
6674	24423
6675	24424
6676	12902
6676	23032
6676	24425
6676	24426
6676	24427
6676	24428
6678	0
6679	24429
6679	24430
6679	24431
6679	24432
6680	24433
6680	24434
6681	0
6681	1155
6681	12503
6681	24435
6681	24436
6681	24437
6681	24438
6682	14957
6682	24439
6682	24440
6682	24441
6683	0
6684	5061
6684	5463
6684	24442
6684	24443
6684	24444
6685	0
6685	14957
6685	19885
6685	24445
6685	24446
6685	24447
6685	24448
6685	24449
6685	24450
6686	24451
6686	24452
6686	24453
6686	24454
6686	24455
6686	24456
6686	24457
6687	154
6687	1303
6687	1470
6687	24458
6687	24459
6687	24460
6687	24461
6688	0
6688	154
6688	6687
6688	24459
6688	24460
6688	24461
6688	24462
6690	157
6691	1311
6738	0
6738	1322
6738	6753
6738	6763
6739	0
6739	1322
6739	6751
6739	6767
6740	0
6740	1322
6740	6754
6740	6756
6741	0
6741	1322
6741	6747
6741	6770
6742	0
6742	1322
6742	6749
6742	6766
6743	0
6743	1322
6743	6748
6743	6764
6744	0
6744	1322
6744	6768
6744	6771
6745	0
6745	1322
6745	6750
6745	6764
6746	0
6746	1322
6746	6761
6746	6762
6747	0
6747	1322
6747	6741
6747	6769
6748	0
6748	1322
6748	6743
6748	6771
6749	0
6749	1322
6749	6742
6749	6765
6750	0
6750	1322
6750	6745
6750	6770
6751	0
6751	1322
6751	6739
6751	6745
6751	6771
6752	0
6752	1322
6752	6766
6752	6768
6753	0
6753	1322
6753	6738
6754	0
6754	1322
6754	6740
6754	6767
6755	0
6755	1322
6755	6760
6755	6769
6756	0
6756	1322
6756	6740
6756	6765
6757	0
6757	1322
6757	6758
6757	6759
6758	0
6758	1322
6758	6757
6758	6761
6759	0
6759	1322
6759	6757
6759	6760
6760	0
6760	1322
6760	6755
6760	6759
6761	0
6761	1322
6761	6746
6761	6758
6762	0
6762	1322
6762	6746
6762	6763
6763	0
6763	1322
6763	6738
6763	6762
6764	0
6764	1322
6764	6743
6764	6745
6765	0
6765	1322
6765	6749
6765	6756
6766	0
6766	1322
6766	6742
6766	6752
6767	0
6767	1322
6767	6739
6767	6754
6768	0
6768	1322
6768	6744
6768	6752
6769	0
6769	1322
6769	6747
6769	6755
6770	0
6770	1322
6770	6741
6770	6750
6771	0
6771	1322
6771	6744
6771	6748
6772	0
6772	1324
6773	0
6773	1324
6774	0
6774	1324
6775	0
6775	1324
6776	0
6776	1324
6776	24463
6777	0
6777	1324
6777	6777
6778	0
6778	1324
6778	6778
6779	0
6779	1324
6780	0
6780	1324
6781	0
6781	1324
6782	0
6782	1324
6782	24463
6783	0
6783	1328
6821	0
6821	1328
6823	0
6823	1329
6825	0
6825	1329
6826	0
6826	1329
6827	0
6827	1329
6828	0
6828	1329
6829	0
6829	1329
6831	1332
6831	6834
6832	1332
6832	6834
6833	1332
6833	6834
6834	160
6834	1332
6835	1333
6836	1333
6837	160
6837	162
6837	6837
6837	6838
6837	24464
6837	24465
6837	24466
6837	24467
6837	24468
6837	24469
6837	24470
6837	24471
6837	24472
6837	24473
6837	24474
6837	24475
6837	24476
6837	24477
6837	24478
6837	24479
6839	1336
6839	24480
6839	24481
6839	24482
6839	24483
6839	24484
6839	24485
6839	24486
6839	24487
6840	1336
6840	24488
6840	24489
6840	24490
6840	24491
6840	24492
6840	24493
6840	24494
6840	24495
6840	24496
6840	24497
6841	1336
6841	24498
6841	24499
6841	24500
6841	24501
6841	24502
6841	24503
6842	1336
6842	24504
6842	24505
6842	24506
6842	24507
6842	24508
6842	24509
6842	24510
6842	24511
6842	24512
6842	24513
6842	24514
6842	24515
6842	24516
6842	24517
6842	24518
6842	24519
6842	24520
6842	24521
6842	24522
6842	24523
6842	24524
6843	1336
6843	24525
6843	24526
6843	24527
6843	24528
6843	24529
6843	24530
6843	24531
6843	24532
6843	24533
6843	24534
6843	24535
6843	24536
6843	24537
6843	24538
6843	24539
6844	1336
6844	24540
6844	24541
6844	24542
6844	24543
6844	24544
6844	24545
6844	24546
6844	24547
6844	24548
6844	24549
6844	24550
6844	24551
6844	24552
6844	24553
6845	1336
6845	24554
6845	24555
6846	1336
6846	24556
6846	24557
6846	24558
6846	24559
6846	24560
6846	24561
6846	24562
6846	24563
6846	24564
6846	24565
6846	24566
6846	24567
6846	24568
6846	24569
6846	24570
6847	1336
6847	24571
6847	24572
6847	24573
6847	24574
6848	1336
6848	24575
6848	24576
6848	24577
6848	24578
6848	24579
6848	24580
6848	24581
6848	24582
6848	24583
6848	24584
6850	1336
6850	24585
6850	24586
6850	24587
6850	24588
6850	24589
6850	24590
6850	24591
6850	24592
6850	24593
6850	24594
6850	24595
6851	1333
6852	1333
6853	1333
6854	1333
6855	1333
6856	1333
6858	160
6858	1345
6859	1343
6861	1343
6862	1343
6863	160
6864	1344
6865	1342
6865	1344
6866	1344
6867	1344
6868	1344
6869	160
6869	1340
6870	1342
6876	1344
6877	1344
6878	160
6878	1340
6903	6903
6903	24596
6903	24597
6917	24598
6989	1384
6993	162
6994	162
6994	24599
6994	24600
6995	162
6995	24601
6997	162
6998	0
6998	162
6998	4779
6998	24602
6998	24603
6998	24604
6998	24605
6998	24606
6998	24607
6998	24608
6998	24609
6998	24610
6998	24611
6998	24612
6998	24613
6998	24614
7000	24615
7000	24616
7002	7000
7002	17374
7002	17378
7002	19385
7002	24617
7002	24618
7002	24619
7002	24620
7002	24621
7007	12
7007	19385
7007	24620
7007	24622
7007	24623
7007	24624
7007	24625
7008	24626
7008	24627
7008	24628
7008	24629
7008	24630
7008	24631
7008	24632
7008	24633
7008	24634
7008	24635
7008	24636
7008	24637
7008	24638
7008	24639
7009	5313
7009	7000
7009	7003
7009	19385
7009	24620
7011	0
7011	1437
7011	7012
7011	7013
7011	7014
7011	24640
7011	24641
7011	24642
7011	24643
7011	24644
7011	24645
7011	24646
7011	24647
7011	24648
7012	0
7012	1437
7012	7011
7012	7013
7012	7014
7012	24640
7012	24641
7012	24642
7012	24643
7012	24644
7012	24645
7012	24646
7012	24647
7013	164
7013	1434
7013	1437
7013	1438
7013	1441
7013	1442
7013	1443
7013	1444
7013	1445
7013	7011
7013	7012
7013	7014
7013	7045
7013	24649
7013	24650
7014	164
7014	1434
7014	1437
7014	1438
7014	1441
7014	1442
7014	1443
7014	1444
7014	1445
7014	7011
7014	7012
7014	7013
7014	7045
7014	24651
7015	164
7015	1433
7015	1434
7015	1438
7015	1441
7015	1442
7015	1443
7015	1444
7015	1445
7019	164
7019	7019
7020	164
7020	1438
7020	1441
7020	1442
7020	1443
7020	1444
7020	1445
7020	7032
7020	7037
7020	7038
7020	7040
7020	7041
7020	7043
7020	7044
7020	7045
7021	164
7021	7021
7022	164
7022	7022
7023	164
7023	7023
7024	164
7024	1438
7024	1441
7024	1442
7024	1443
7024	1444
7024	1445
7024	7029
7024	7037
7024	7038
7024	7040
7024	7041
7024	7043
7024	7044
7024	7045
7025	164
7026	164
7026	1438
7026	1441
7026	1442
7026	1443
7026	1444
7026	1445
7026	7029
7026	7037
7026	7038
7026	7040
7026	7041
7026	7043
7026	7044
7026	7045
7027	164
7027	7027
7028	164
7029	164
7029	1438
7029	1441
7029	1442
7029	1443
7029	1444
7029	1445
7029	7029
7029	7037
7029	7038
7029	7040
7029	7041
7029	7043
7029	7044
7029	7045
7030	164
7030	7030
7031	164
7031	7031
7031	24652
7031	24653
7031	24654
7032	164
7032	1438
7032	1441
7032	1442
7032	1443
7032	1444
7032	1445
7032	7032
7032	7037
7032	7038
7032	7040
7032	7041
7032	7043
7032	7044
7032	7045
7033	164
7033	1438
7033	1441
7033	1442
7033	1443
7033	1444
7033	1445
7033	7029
7033	7037
7033	7038
7033	7040
7033	7041
7033	7043
7033	7044
7033	7045
7034	164
7034	1438
7034	1441
7034	1442
7034	1443
7034	1444
7034	1445
7034	7029
7034	7037
7034	7038
7034	7040
7034	7041
7034	7043
7034	7044
7034	7045
7036	164
7037	164
7037	1434
7037	1437
7037	1438
7037	1441
7037	1442
7037	1443
7037	1444
7037	1445
7037	7038
7037	7040
7037	7041
7037	7043
7037	7044
7038	164
7038	1434
7038	1437
7038	1438
7038	1441
7038	1442
7038	1443
7038	1444
7038	1445
7038	7019
7038	7020
7038	7021
7038	7022
7038	7023
7038	7024
7038	7025
7038	7026
7038	7027
7038	7028
7038	7029
7038	7030
7038	7031
7038	7032
7038	7033
7038	7034
7038	7036
7038	7037
7038	7040
7038	7041
7038	7043
7038	7044
7040	164
7040	1434
7040	1437
7040	1438
7040	1441
7040	1442
7040	1443
7040	1444
7040	1445
7040	7037
7040	7038
7040	7040
7040	7041
7040	7043
7040	7044
7040	24649
7040	24655
7040	24656
7041	164
7041	1434
7041	1437
7041	1438
7041	1441
7041	1442
7041	1443
7041	1444
7041	1445
7041	7037
7041	7038
7041	7040
7041	7043
7041	7044
7041	24657
7043	164
7043	1434
7043	1437
7043	1438
7043	1441
7043	1442
7043	1443
7043	1444
7043	1445
7043	7037
7043	7038
7043	7040
7043	7041
7043	7044
7044	164
7044	1434
7044	1437
7044	1438
7044	1441
7044	1442
7044	1443
7044	1444
7044	1445
7044	7040
7044	7057
7044	24655
7044	24656
7044	24658
7044	24659
7045	164
7045	1433
7045	1434
7045	1438
7045	1441
7045	1442
7045	1443
7045	1444
7045	1445
7045	7011
7045	7012
7045	7013
7045	7014
7045	7015
7046	164
7046	1434
7046	1435
7046	1438
7046	1441
7046	1442
7046	1443
7046	1444
7046	1445
7046	7045
7046	7046
7046	7047
7047	164
7047	1434
7047	1435
7047	1438
7047	1441
7047	1442
7047	1443
7047	1444
7047	1445
7047	7045
7047	7046
7047	7047
7047	24649
7047	24650
7048	1436
7048	24660
7049	1436
7049	7048
7049	7057
7050	164
7050	1438
7050	1441
7050	1442
7050	1443
7050	1444
7050	1445
7050	7045
7050	24661
7051	24662
7051	24663
7051	24664
7052	164
7052	1434
7052	1438
7052	1441
7052	1442
7052	1443
7052	1444
7052	1445
7052	7045
7052	7048
7052	7049
7057	164
7057	1433
7057	1434
7057	1438
7057	1441
7057	1442
7057	1443
7057	1444
7057	1445
7057	7044
7057	7057
7057	24658
7058	164
7058	1433
7058	1434
7058	1438
7058	1441
7058	1442
7058	1443
7058	1444
7058	1445
7058	24665
7058	24666
7059	164
7059	1434
7059	1438
7059	1441
7059	1442
7059	1443
7059	1444
7059	1445
7059	7040
7059	7045
7059	24667
7059	24668
7059	24669
7059	24670
7059	24671
7059	24672
7059	24673
7059	24674
7060	164
7060	1434
7060	1438
7060	1441
7060	1442
7060	1443
7060	1444
7060	1445
7060	1446
7060	7045
7060	24649
7060	24675
7064	165
7064	1450
7065	1452
7068	166
7068	24676
7068	24677
7068	24678
7068	24679
7068	24680
7070	167
7070	1455
7070	1456
7070	7070
7070	24681
7071	168
7071	1457
7071	1459
7071	1460
7071	1461
7071	1462
7071	1463
7071	7071
7073	168
7073	24682
7073	24683
7073	24684
7073	24685
7073	24686
7073	24687
7073	24688
7073	24689
7074	168
7074	7073
7074	7074
7074	7075
7074	7076
7074	7077
7074	7078
7075	168
7075	7073
7075	7074
7075	7075
7075	7076
7075	7077
7075	7078
7076	168
7076	24690
7076	24691
7076	24692
7076	24693
7076	24694
7077	168
7077	7073
7077	7074
7077	7075
7077	7076
7077	7077
7077	7078
7078	168
7078	7073
7078	7074
7078	7075
7078	7076
7078	7077
7078	7078
7079	168
7079	1460
7079	7079
7079	7080
7079	24695
7080	168
7080	1460
7080	7079
7080	7080
7080	24696
7081	168
7081	1461
7081	7081
7081	7082
7081	7083
7081	7084
7082	168
7082	1461
7082	7081
7082	7082
7082	7083
7082	7084
7083	168
7083	1461
7083	7081
7083	7082
7083	7083
7083	7084
7084	168
7084	1461
7084	7081
7084	7082
7084	7083
7084	7084
7089	1917
7089	7090
7089	24697
7089	24698
7090	0
7090	7089
7090	24699
7090	24700
7090	24701
7091	0
7091	24700
7092	0
7092	24700
7093	0
7093	24700
7094	0
7094	24700
7095	0
7095	24700
7096	0
7096	24700
7097	0
7097	24700
7098	0
7098	24700
7099	0
7099	24700
7099	24702
7100	0
7100	24700
7101	0
7101	24700
7102	0
7102	7115
7102	24700
7103	0
7103	24700
7104	0
7104	1470
7104	1473
7104	1474
7104	1477
7104	1479
7104	1480
7104	1481
7104	4467
7104	7110
7104	7112
7104	7146
7104	24703
7104	24704
7104	24705
7104	24706
7104	24707
7105	0
7105	234
7105	1017
7105	1303
7105	1470
7105	1473
7105	1474
7105	1477
7105	1479
7105	1480
7105	1481
7105	1917
7105	1965
7105	1970
7105	1972
7105	4467
7105	7089
7105	7104
7105	7105
7105	7110
7105	7116
7105	7122
7105	7146
7105	24706
7105	24708
7105	24709
7106	0
7106	86
7106	234
7106	1470
7106	1471
7106	1472
7106	1473
7106	1474
7106	1477
7106	1479
7106	1480
7106	1481
7106	1917
7106	1965
7106	1970
7106	1972
7106	7110
7106	7112
7106	7113
7106	7114
7106	7115
7106	7116
7106	7117
7106	7118
7106	7119
7106	7120
7106	7121
7106	7122
7106	7123
7106	7124
7106	7125
7106	7126
7107	0
7107	86
7107	1470
7107	1471
7107	1472
7107	1473
7107	1474
7107	1477
7107	1479
7107	1480
7107	1481
7107	1902
7107	3445
7107	3447
7107	7127
7107	7128
7108	7130
7108	7131
7109	0
7109	86
7109	1470
7109	1471
7109	1472
7109	1473
7109	1474
7109	1477
7109	1479
7109	1480
7109	1481
7110	0
7110	1273
7110	4124
7110	4125
7110	4126
7110	4127
7110	4128
7110	4129
7110	4130
7110	4131
7110	4132
7110	4133
7110	4134
7111	0
7111	1470
7111	1473
7111	1474
7111	1477
7111	1479
7111	1480
7111	1481
7111	7146
7111	24706
7112	0
7112	233
7112	1016
7112	1017
7112	1901
7112	3445
7112	3917
7112	10356
7112	10357
7112	10358
7112	10359
7112	10360
7112	10361
7112	10362
7112	10363
7112	10364
7112	10365
7112	10366
7112	10367
7113	24710
7113	24711
7115	24712
7115	24713
7116	24714
7117	24715
7118	24716
7118	24717
7119	7120
7119	24718
7119	24719
7120	7119
7120	24719
7120	24720
7120	24721
7120	24722
7120	24723
7120	24724
7120	24725
7120	24726
7120	24727
7120	24728
7120	24729
7120	24730
7120	24731
7120	24732
7120	24733
7120	24734
7120	24735
7120	24736
7121	24737
7121	24738
7122	0
7122	24739
7122	24740
7122	24741
7123	24742
7123	24743
7124	0
7124	1470
7124	1473
7124	1474
7124	1477
7124	1479
7124	1480
7124	1481
7124	1878
7124	1879
7124	1880
7124	7124
7125	0
7125	86
7125	1470
7125	1471
7125	1472
7125	1473
7125	1474
7125	1477
7125	1479
7125	1480
7125	1481
7125	1972
7125	7125
7125	24744
7125	24745
7125	24746
7126	4122
7126	10298
7126	10308
7126	13643
7126	13689
7126	13690
7126	13691
7126	13692
7126	13693
7126	13694
7126	13695
7126	13696
7126	13697
7127	24747
7127	24748
7128	191
7128	3447
7128	24749
7128	24750
7128	24751
7128	24752
7128	24753
7129	0
7129	86
7129	1469
7129	1470
7129	1471
7129	1472
7129	1473
7129	1474
7129	1475
7129	1476
7129	1477
7129	1478
7129	1479
7129	1480
7129	1481
7130	24754
7130	24755
7130	24756
7130	24757
7130	24758
7130	24759
7130	24760
7130	24761
7130	24762
7130	24763
7130	24764
7132	7133
7133	0
7133	86
7133	1470
7133	1471
7133	1472
7133	1473
7133	1474
7133	1477
7133	1480
7133	1481
7133	24765
7134	0
7134	86
7134	1470
7134	1471
7134	1472
7134	1473
7134	1474
7134	1477
7134	1480
7134	1481
7134	7134
7134	14121
7134	24766
7134	24767
7134	24768
7134	24769
7134	24770
7134	24771
7134	24772
7134	24773
7135	0
7135	86
7135	1470
7135	1471
7135	1472
7135	1473
7135	1474
7135	1477
7135	1479
7135	1480
7135	1481
7135	1972
7135	7125
7135	24744
7135	24745
7135	24746
7136	169
7136	1972
7136	7115
7136	24774
7136	24775
7137	0
7137	3
7137	4
7137	5
7137	6
7137	7
7137	8
7137	9
7137	10
7137	11
7137	12
7137	13
7137	14
7137	15
7137	16
7137	33
7137	34
7137	35
7137	36
7137	37
7137	40
7137	41
7137	42
7137	45
7137	46
7137	47
7137	48
7137	49
7137	50
7137	51
7137	52
7137	53
7137	54
7137	55
7137	56
7137	57
7137	58
7137	59
7137	60
7137	61
7137	63
7137	64
7137	65
7137	66
7137	67
7137	68
7137	69
7137	70
7137	71
7137	72
7137	73
7137	74
7137	89
7137	90
7137	91
7137	92
7137	93
7137	94
7137	95
7137	96
7137	97
7137	98
7137	99
7137	100
7137	101
7137	102
7137	103
7137	104
7137	105
7137	106
7137	107
7137	109
7137	110
7137	111
7137	112
7137	113
7137	114
7137	115
7137	125
7137	126
7137	127
7137	131
7137	132
7137	133
7137	134
7137	135
7137	136
7137	137
7137	138
7137	139
7137	140
7137	141
7137	142
7137	143
7137	144
7137	145
7137	153
7137	154
7137	155
7137	157
7137	158
7137	159
7137	160
7137	161
7137	162
7137	163
7137	164
7137	166
7137	167
7137	168
7137	169
7137	170
7137	171
7137	172
7137	176
7137	181
7137	187
7137	189
7137	191
7137	192
7137	193
7137	194
7137	196
7137	198
7137	199
7137	200
7137	201
7137	202
7137	203
7137	204
7137	205
7137	206
7137	208
7137	210
7137	212
7137	213
7137	214
7137	215
7137	216
7137	217
7137	221
7137	222
7137	223
7137	224
7137	226
7137	227
7137	228
7137	229
7137	231
7137	232
7137	233
7137	235
7137	236
7137	237
7137	238
7137	240
7137	241
7137	242
7137	243
7137	244
7137	245
7137	246
7137	249
7137	255
7137	267
7137	635
7137	636
7137	637
7137	638
7137	639
7137	640
7137	643
7137	644
7137	645
7137	650
7137	652
7137	655
7137	658
7137	659
7137	660
7137	661
7137	662
7137	663
7137	664
7137	666
7137	668
7137	669
7137	670
7137	672
7137	674
7137	678
7137	680
7137	685
7137	688
7137	689
7137	695
7137	696
7137	697
7137	699
7137	700
7137	704
7137	708
7137	716
7137	719
7137	722
7137	723
7137	727
7137	732
7137	737
7137	751
7137	753
7137	755
7137	758
7137	767
7137	768
7137	777
7137	779
7137	787
7137	800
7137	803
7137	804
7137	805
7137	806
7137	807
7137	827
7137	828
7137	829
7137	830
7137	831
7137	832
7137	833
7137	834
7137	835
7137	836
7137	837
7137	838
7137	839
7137	840
7137	841
7137	842
7137	843
7137	844
7137	845
7137	846
7137	847
7137	848
7137	849
7137	850
7137	851
7137	862
7137	863
7137	865
7137	870
7137	872
7137	873
7137	874
7137	875
7137	876
7137	877
7137	878
7137	879
7137	882
7137	887
7137	900
7137	901
7137	902
7137	903
7137	904
7137	905
7137	906
7137	907
7137	908
7137	911
7137	912
7137	913
7137	914
7137	915
7137	918
7137	920
7137	921
7137	922
7137	927
7137	930
7137	931
7137	936
7137	937
7137	951
7137	952
7137	953
7137	955
7137	956
7137	957
7137	958
7137	959
7137	960
7137	961
7137	962
7137	963
7137	964
7137	965
7137	966
7137	967
7137	968
7137	969
7137	970
7137	979
7137	981
7137	983
7137	987
7137	994
7137	995
7137	996
7137	1003
7137	1008
7137	1009
7137	1010
7137	1011
7137	1012
7137	1013
7137	1014
7137	1015
7137	1016
7137	1017
7137	1030
7137	1031
7137	1034
7137	1037
7137	1038
7137	1046
7137	1050
7137	1051
7137	1052
7137	1054
7137	1057
7137	1058
7137	1061
7137	1093
7137	1101
7137	1107
7137	1108
7137	1112
7137	1117
7137	1119
7137	1120
7137	1130
7137	1141
7137	1151
7137	1152
7137	1153
7137	1155
7137	1161
7137	1162
7137	1163
7137	1180
7137	1182
7137	1184
7137	1186
7137	1187
7137	1189
7137	1192
7137	1193
7137	1194
7137	1195
7137	1196
7137	1197
7137	1198
7137	1199
7137	1201
7137	1202
7137	1203
7137	1204
7137	1205
7137	1207
7137	1216
7137	1217
7137	1224
7137	1229
7137	1230
7137	1231
7137	1232
7137	1236
7137	1249
7137	1250
7137	1257
7137	1273
7137	1274
7137	1275
7137	1276
7137	1277
7137	1278
7137	1279
7137	1280
7137	1281
7137	1282
7137	1283
7137	1284
7137	1285
7137	1286
7137	1287
7137	1288
7137	1289
7137	1290
7137	1291
7137	1292
7137	1293
7137	1294
7137	1295
7137	1297
7137	1298
7137	1299
7137	1300
7137	1301
7137	1302
7137	1303
7137	1312
7137	1319
7137	1347
7137	1348
7137	1362
7137	1365
7137	1411
7137	1430
7137	1431
7137	1432
7137	1433
7137	1434
7137	1441
7137	1442
7137	1444
7137	1445
7137	1458
7137	1459
7137	1460
7137	1461
7137	1462
7137	1463
7137	1470
7137	1471
7137	1472
7137	1473
7137	1479
7137	1480
7137	1486
7137	1498
7137	1509
7137	1515
7137	1520
7137	1521
7137	1579
7137	1580
7137	1581
7137	1582
7137	1596
7137	1602
7137	1620
7137	1621
7137	1622
7137	1625
7137	1632
7137	1633
7137	1634
7137	1637
7137	1638
7137	1642
7137	1659
7137	1660
7137	1661
7137	1662
7137	1663
7137	1666
7137	1667
7137	1668
7137	1669
7137	1670
7137	1671
7137	1672
7137	1674
7137	1675
7137	1676
7137	1678
7137	1679
7137	1680
7137	1681
7137	1682
7137	1683
7137	1684
7137	1685
7137	1686
7137	1687
7137	1688
7137	1689
7137	1690
7137	1691
7137	1692
7137	1693
7137	1694
7137	1695
7137	1697
7137	1698
7137	1701
7137	1702
7137	1703
7137	1704
7137	1705
7137	1707
7137	1709
7137	1711
7137	1712
7137	1713
7137	1714
7137	1718
7137	1719
7137	1720
7137	1721
7137	1727
7137	1735
7137	1752
7137	1754
7137	1758
7137	1760
7137	1761
7137	1767
7137	1833
7137	1834
7137	1835
7137	1836
7137	1838
7137	1843
7137	1844
7137	1845
7137	1846
7137	1847
7137	1848
7137	1851
7137	1852
7137	1874
7137	1880
7137	1881
7137	1883
7137	1884
7137	1886
7137	1894
7137	1896
7137	1897
7137	1899
7137	1901
7137	1904
7137	1914
7137	1917
7137	1918
7137	1919
7137	1920
7137	1937
7137	1939
7137	1945
7137	1946
7137	1947
7137	1948
7137	1949
7137	1950
7137	1951
7137	1952
7137	1953
7137	1954
7137	1955
7137	1956
7137	1965
7137	1970
7137	1972
7137	1974
7137	2000
7137	2153
7137	2883
7137	2884
7137	2885
7137	2886
7137	2887
7137	2888
7137	2925
7137	2937
7137	2947
7137	2964
7137	2980
7137	2981
7137	2986
7137	2987
7137	2992
7137	3000
7137	3001
7137	3005
7137	3010
7137	3012
7137	3013
7137	3014
7137	3015
7137	3026
7137	3030
7137	3031
7137	3076
7137	3084
7137	3113
7137	3114
7137	3148
7137	3164
7137	3167
7137	3170
7137	3184
7137	3193
7137	3194
7137	3210
7137	3236
7137	3237
7137	3238
7137	3250
7137	3251
7137	3253
7137	3263
7137	3266
7137	3292
7137	3293
7137	3294
7137	3303
7137	3304
7137	3305
7137	3355
7137	3358
7137	3438
7137	3447
7137	3485
7137	3486
7137	3487
7137	3488
7137	3489
7137	3490
7137	3491
7137	3492
7137	3495
7137	3496
7137	3497
7137	3498
7137	3499
7137	3500
7137	3501
7137	3502
7137	3503
7137	3504
7137	3505
7137	3507
7137	3508
7137	3509
7137	3510
7137	3511
7137	3514
7137	3516
7137	3517
7137	3518
7137	3519
7137	3520
7137	3521
7137	3522
7137	3524
7137	3526
7137	3528
7137	3529
7137	3530
7137	3531
7137	3532
7137	3533
7137	3535
7137	3536
7137	3537
7137	3538
7137	3539
7137	3540
7137	3541
7137	3543
7137	3544
7137	3545
7137	3546
7137	3547
7137	3548
7137	3550
7137	3551
7137	3552
7137	3553
7137	3554
7137	3555
7137	3557
7137	3558
7137	3560
7137	3561
7137	3562
7137	3563
7137	3564
7137	3565
7137	3566
7137	3568
7137	3570
7137	3571
7137	3573
7137	3574
7137	3575
7137	3576
7137	3578
7137	3579
7137	3580
7137	3581
7137	3582
7137	3583
7137	3584
7137	3585
7137	3586
7137	3587
7137	3589
7137	3590
7137	3591
7137	3592
7137	3593
7137	3595
7137	3596
7137	3597
7137	3599
7137	3601
7137	3602
7137	3603
7137	3611
7137	3612
7137	3615
7137	3617
7137	3621
7137	3623
7137	3625
7137	3627
7137	3631
7137	3632
7137	3633
7137	3634
7137	3635
7137	3637
7137	3638
7137	3641
7137	3642
7137	3645
7137	3646
7137	3647
7137	3650
7137	3654
7137	3656
7137	3657
7137	3658
7137	3659
7137	3660
7137	3661
7137	3662
7137	3663
7137	3664
7137	3666
7137	3671
7137	3672
7137	3673
7137	3675
7137	3677
7137	3678
7137	3680
7137	3682
7137	3684
7137	3709
7137	3711
7137	3713
7137	3714
7137	3715
7137	3718
7137	3721
7137	3727
7137	3731
7137	3733
7137	3734
7137	3737
7137	3738
7137	3743
7137	3744
7137	3745
7137	3746
7137	3749
7137	3755
7137	3756
7137	3759
7137	3760
7137	3761
7137	3762
7137	3763
7137	3767
7137	3779
7137	3812
7137	3813
7137	3819
7137	3820
7137	3822
7137	3823
7137	3824
7137	3825
7137	3826
7137	3828
7137	3829
7137	3830
7137	3831
7137	3832
7137	3833
7137	3852
7137	3854
7137	3855
7137	3857
7137	3858
7137	3860
7137	3891
7137	3893
7137	3894
7137	3895
7137	3900
7137	3901
7137	3902
7137	3903
7137	3904
7137	3905
7137	3906
7137	3910
7137	3911
7137	3912
7137	3913
7137	3914
7137	3915
7137	3916
7137	3934
7137	3936
7137	3937
7137	3939
7137	3940
7137	3941
7137	4003
7137	4048
7137	4049
7137	4051
7137	4053
7137	4060
7137	4073
7137	4074
7137	4107
7137	4108
7137	4111
7137	4114
7137	4117
7137	4122
7137	4149
7137	4159
7137	4160
7137	4163
7137	4184
7137	4234
7137	4261
7137	4307
7137	4315
7137	4348
7137	4349
7137	4350
7137	4351
7137	4352
7137	4379
7137	4401
7137	4453
7137	4466
7137	4473
7137	4475
7137	5023
7137	5054
7137	5058
7137	5071
7137	5074
7137	5076
7137	5077
7137	5079
7137	5099
7137	5102
7137	5107
7137	5111
7137	5156
7137	5162
7137	5164
7137	5173
7137	5185
7137	5187
7137	5188
7137	5195
7137	5197
7137	5200
7137	5207
7137	5208
7137	5210
7137	5214
7137	5224
7137	5234
7137	5251
7137	5258
7137	5261
7137	5284
7137	5299
7137	5311
7137	5327
7137	5335
7137	5347
7137	5348
7137	5354
7137	5363
7137	5372
7137	5386
7137	5394
7137	5409
7137	5412
7137	5421
7137	5434
7137	5435
7137	5450
7137	5456
7137	5463
7137	5471
7137	5476
7137	5518
7137	5526
7137	5551
7137	5583
7137	5584
7137	5587
7137	5597
7137	5600
7137	5613
7137	5619
7137	5622
7137	5635
7137	5660
7137	5663
7137	5698
7137	5720
7137	5722
7137	5723
7137	5724
7137	5725
7137	5728
7137	5771
7137	5790
7137	5797
7137	5806
7137	5814
7137	5822
7137	5842
7137	5845
7137	5857
7137	5877
7137	5884
7137	5904
7137	5908
7137	5916
7137	5931
7137	5935
7137	5937
7137	5943
7137	5954
7137	5965
7137	5997
7137	6001
7137	6005
7137	6031
7137	6033
7137	6041
7137	6073
7137	6074
7137	6102
7137	6108
7137	6115
7137	6126
7137	6148
7137	6165
7137	6169
7137	6173
7137	6175
7137	6185
7137	6200
7137	6220
7137	6235
7137	6240
7137	6263
7137	6274
7137	6275
7137	6293
7137	6300
7137	6304
7137	6313
7137	6325
7137	6328
7137	6330
7137	6334
7137	6356
7137	6359
7137	6363
7137	6364
7137	6368
7137	6395
7137	6396
7137	6404
7137	6415
7137	6433
7137	6440
7137	6446
7137	6447
7137	6449
7137	6455
7137	6459
7137	6462
7137	6469
7137	6485
7137	6497
7137	6533
7137	6557
7137	6578
7137	6607
7137	6613
7137	6625
7137	6626
7137	6628
7137	6629
7137	6631
7137	6637
7137	6650
7137	6674
7137	6681
7137	6687
7137	6688
7137	6893
7137	6897
7137	6899
7137	6900
7137	6903
7137	6989
7137	7007
7137	7014
7137	7051
7137	7079
7137	7080
7137	7113
7137	7115
7137	7116
7137	7122
7137	7124
7137	7127
7137	7128
7137	7132
7137	7133
7137	7137
7137	7142
7137	7143
7137	7144
7137	7147
7137	7149
7137	7153
7137	7199
7137	7280
7137	7281
7137	7304
7137	7488
7137	7528
7137	7530
7137	7531
7137	7560
7137	7571
7137	7574
7137	7576
7137	7577
7137	7605
7137	7608
7137	7610
7137	7611
7137	7612
7137	7617
7137	7630
7137	7637
7137	7638
7137	7643
7137	7645
7137	7649
7137	7650
7137	7652
7137	7701
7137	7704
7137	7706
7137	7716
7137	7725
7137	7733
7137	7762
7137	7768
7137	7769
7137	7782
7137	7783
7137	7784
7137	7788
7137	7789
7137	7791
7137	7792
7137	7794
7137	7795
7137	7797
7137	7799
7137	7800
7137	7884
7137	7886
7137	7887
7137	7888
7137	7909
7137	7926
7137	8035
7137	8039
7137	8197
7137	8344
7137	8345
7137	8346
7137	8350
7137	8351
7137	8369
7137	8451
7137	9907
7137	9919
7137	9928
7137	9929
7137	9933
7137	9945
7137	9946
7137	9948
7137	9949
7137	9950
7137	9953
7137	9963
7137	9964
7137	9968
7137	9970
7137	9971
7137	9972
7137	9982
7137	10012
7137	10013
7137	10014
7137	10018
7137	10019
7137	10022
7137	10023
7137	10024
7137	10025
7137	10026
7137	10027
7137	10064
7137	10123
7137	10124
7137	10125
7137	10126
7137	10127
7137	10128
7137	10129
7137	10131
7137	10169
7137	10178
7137	10179
7137	10180
7137	10195
7137	10196
7137	10207
7137	10218
7137	10232
7137	10236
7137	10242
7137	10256
7137	10257
7137	10258
7137	10259
7137	10265
7137	10272
7137	10274
7137	10275
7137	10296
7137	10338
7137	10339
7137	10344
7137	10370
7137	10371
7137	10379
7137	10381
7137	10384
7137	10388
7137	10659
7137	10688
7137	10991
7137	10992
7137	10993
7137	10994
7137	10995
7137	10996
7137	10997
7137	10998
7137	10999
7137	11000
7137	11001
7137	11102
7137	11150
7137	11161
7137	11238
7137	11240
7137	11244
7137	11246
7137	11249
7137	11252
7137	11255
7137	11259
7137	11268
7137	11269
7137	11270
7137	11299
7137	11300
7137	11301
7137	11303
7137	11305
7137	11309
7137	11328
7137	11349
7137	11351
7137	11352
7137	11361
7137	11365
7137	11367
7137	11381
7137	11471
7137	11495
7137	11496
7137	11688
7137	11756
7137	11830
7137	11834
7137	11835
7137	11843
7137	11852
7137	11887
7137	11890
7137	11893
7137	11902
7137	11904
7137	11905
7137	11906
7137	11909
7137	11910
7137	11945
7137	11959
7137	11960
7137	11964
7137	11976
7137	12039
7137	12232
7137	12319
7137	12320
7137	12503
7137	12547
7137	12687
7137	12709
7137	12712
7137	12717
7137	12721
7137	12722
7137	12723
7137	12724
7137	12757
7137	12758
7137	12759
7137	12760
7137	12771
7137	12782
7137	12784
7137	12785
7137	12812
7137	12813
7137	12814
7137	12815
7137	12825
7137	12828
7137	12833
7137	12836
7137	12865
7137	12866
7137	12867
7137	12868
7137	12870
7137	12871
7137	12872
7137	12873
7137	12877
7137	12878
7137	12880
7137	12881
7137	12882
7137	12884
7137	12886
7137	12888
7137	12891
7137	12926
7137	12927
7137	12929
7137	12932
7137	12935
7137	12939
7137	12940
7137	12941
7137	12942
7137	12944
7137	12945
7137	12948
7137	12949
7137	12954
7137	12999
7137	13006
7137	13007
7137	13008
7137	13009
7137	13010
7137	13141
7137	13150
7137	13160
7137	13198
7137	13327
7137	13332
7137	13333
7137	13336
7137	13340
7137	13348
7137	13352
7137	13353
7137	13354
7137	13355
7137	13356
7137	13417
7137	13489
7137	13606
7137	13608
7137	13610
7137	13615
7137	13616
7137	13634
7137	13905
7137	13906
7137	13920
7137	13921
7137	13922
7137	13923
7137	13924
7137	13927
7137	13928
7137	13932
7137	13933
7137	13934
7137	13939
7137	13962
7137	14121
7137	14125
7137	14310
7137	14334
7137	14351
7137	14394
7137	14404
7137	14405
7137	14406
7137	14413
7137	14540
7137	14541
7137	15357
7137	15360
7137	15365
7137	15366
7137	15368
7137	15402
7137	15403
7137	15441
7137	15442
7137	15522
7137	15523
7137	15530
7137	15531
7137	16263
7137	16398
7137	16424
7137	16582
7137	16584
7137	16591
7137	16673
7137	16694
7137	16817
7137	16853
7137	16862
7137	16946
7137	16947
7137	16966
7137	17010
7137	17085
7137	17089
7137	17145
7137	17290
7137	17372
7137	17604
7137	17764
7137	17800
7137	17838
7137	17858
7137	17859
7137	17860
7137	17979
7137	17980
7137	17981
7137	17982
7137	17998
7137	18015
7137	18164
7137	18263
7137	18298
7137	18331
7137	18356
7137	18357
7137	18373
7137	18376
7137	18386
7137	18456
7137	18505
7137	18684
7137	18685
7137	18976
7137	18977
7137	19026
7137	19095
7137	19100
7137	19142
7137	19144
7137	19194
7137	19204
7137	19206
7137	19208
7137	19225
7137	19402
7137	19403
7137	19405
7137	19416
7137	19463
7137	19491
7137	19838
7137	19839
7137	19923
7137	19924
7137	19925
7137	19926
7137	19955
7137	20041
7137	20043
7137	20086
7137	20101
7137	20119
7137	20175
7137	20176
7137	20178
7137	20181
7137	20205
7137	20269
7137	20270
7137	20321
7137	20332
7137	20381
7137	20382
7137	20385
7137	20389
7137	20390
7137	20443
7137	20444
7137	20445
7137	20446
7137	20536
7137	20545
7137	20555
7137	20558
7137	20646
7137	20759
7137	20771
7137	20773
7137	20774
7137	20784
7137	20785
7137	20846
7137	20847
7137	20850
7137	20861
7137	20903
7137	20909
7137	21018
7137	21236
7137	21260
7137	21279
7137	21367
7137	21447
7137	21523
7137	21628
7137	21794
7137	21795
7137	21804
7137	21829
7137	22042
7137	22112
7137	22120
7137	22143
7137	22144
7137	22332
7137	22424
7137	22451
7137	22576
7137	22618
7137	22643
7137	22729
7137	22768
7137	22769
7137	22777
7137	22778
7137	22780
7137	22787
7137	22788
7137	22789
7137	22792
7137	22855
7137	22856
7137	22866
7137	22867
7137	22927
7137	22937
7137	22940
7137	22941
7137	22951
7137	23046
7137	23047
7137	23462
7137	23477
7137	23483
7137	23490
7137	23493
7137	23499
7137	23519
7137	23579
7137	23581
7137	23601
7137	23633
7137	23725
7137	23728
7137	23826
7137	23841
7137	23929
7137	23971
7137	23972
7137	24096
7137	24110
7137	24113
7137	24145
7137	24188
7137	24189
7137	24190
7137	24191
7137	24192
7137	24195
7137	24261
7137	24310
7137	24662
7137	24663
7137	24710
7137	24711
7137	24712
7137	24713
7137	24714
7137	24740
7137	24741
7137	24748
7137	24765
7137	24774
7137	24775
7137	24776
7137	24777
7137	24778
7137	24779
7137	24780
7137	24781
7137	24782
7137	24783
7137	24784
7137	24785
7137	24786
7137	24787
7137	24788
7137	24789
7137	24790
7137	24791
7137	24792
7137	24793
7137	24794
7137	24795
7137	24796
7137	24797
7137	24798
7137	24799
7137	24800
7137	24801
7137	24802
7137	24803
7137	24804
7137	24805
7137	24806
7137	24807
7137	24808
7137	24809
7137	24810
7137	24811
7137	24812
7137	24813
7137	24814
7137	24815
7137	24816
7137	24817
7137	24818
7137	24819
7137	24820
7137	24821
7137	24822
7137	24823
7137	24824
7137	24825
7137	24826
7137	24827
7137	24828
7137	24829
7137	24830
7137	24831
7137	24832
7137	24833
7137	24834
7137	24835
7137	24836
7137	24837
7137	24838
7137	24839
7137	24840
7137	24841
7137	24842
7137	24843
7137	24844
7137	24845
7137	24846
7137	24847
7137	24848
7137	24849
7137	24850
7137	24851
7137	24852
7137	24853
7137	24854
7137	24855
7137	24856
7137	24857
7137	24858
7137	24859
7137	24860
7137	24861
7137	24862
7137	24863
7137	24864
7137	24865
7137	24866
7137	24867
7137	24868
7137	24869
7137	24870
7137	24871
7137	24872
7137	24873
7137	24874
7137	24875
7137	24876
7137	24877
7137	24878
7137	24879
7137	24880
7137	24881
7137	24882
7137	24883
7137	24884
7137	24885
7137	24886
7137	24887
7137	24888
7137	24889
7137	24890
7137	24891
7137	24892
7137	24893
7137	24894
7137	24895
7137	24896
7137	24897
7137	24898
7137	24899
7137	24900
7137	24901
7137	24902
7137	24903
7137	24904
7137	24905
7137	24906
7137	24907
7137	24908
7137	24909
7137	24910
7137	24911
7137	24912
7137	24913
7137	24914
7137	24915
7137	24916
7137	24917
7137	24918
7137	24919
7137	24920
7137	24921
7137	24922
7137	24923
7137	24924
7137	24925
7137	24926
7137	24927
7137	24928
7137	24929
7137	24930
7137	24931
7137	24932
7137	24933
7137	24934
7137	24935
7137	24936
7137	24937
7137	24938
7137	24939
7137	24940
7137	24941
7137	24942
7137	24943
7137	24944
7137	24945
7137	24946
7137	24947
7137	24948
7137	24949
7137	24950
7137	24951
7137	24952
7137	24953
7137	24954
7137	24955
7137	24956
7137	24957
7137	24958
7137	24959
7137	24960
7137	24961
7137	24962
7137	24963
7137	24964
7137	24965
7137	24966
7137	24967
7137	24968
7137	24969
7137	24970
7137	24971
7137	24972
7137	24973
7137	24974
7137	24975
7137	24976
7137	24977
7137	24978
7137	24979
7137	24980
7137	24981
7137	24982
7137	24983
7137	24984
7137	24985
7137	24986
7137	24987
7137	24988
7137	24989
7137	24990
7137	24991
7137	24992
7137	24993
7137	24994
7137	24995
7137	24996
7137	24997
7137	24998
7137	24999
7137	25000
7137	25001
7137	25002
7137	25003
7137	25004
7137	25005
7137	25006
7137	25007
7137	25008
7137	25009
7137	25010
7137	25011
7137	25012
7137	25013
7137	25014
7137	25015
7137	25016
7137	25017
7137	25018
7137	25019
7137	25020
7137	25021
7137	25022
7137	25023
7137	25024
7137	25025
7137	25026
7137	25027
7137	25028
7137	25029
7137	25030
7137	25031
7137	25032
7137	25033
7137	25034
7137	25035
7137	25036
7137	25037
7137	25038
7137	25039
7137	25040
7137	25041
7137	25042
7137	25043
7137	25044
7137	25045
7137	25046
7137	25047
7137	25048
7137	25049
7137	25050
7137	25051
7137	25052
7137	25053
7137	25054
7137	25055
7137	25056
7137	25057
7137	25058
7137	25059
7137	25060
7137	25061
7137	25062
7137	25063
7137	25064
7137	25065
7137	25066
7137	25067
7137	25068
7137	25069
7137	25070
7137	25071
7137	25072
7137	25073
7137	25074
7137	25075
7137	25076
7137	25077
7137	25078
7137	25079
7137	25080
7137	25081
7137	25082
7137	25083
7137	25084
7137	25085
7137	25086
7137	25087
7137	25088
7137	25089
7137	25090
7137	25091
7137	25092
7137	25093
7137	25094
7137	25095
7137	25096
7137	25097
7137	25098
7137	25099
7137	25100
7137	25101
7137	25102
7137	25103
7137	25104
7137	25105
7137	25106
7137	25107
7137	25108
7137	25109
7137	25110
7137	25111
7137	25112
7137	25113
7137	25114
7137	25115
7137	25116
7137	25117
7137	25118
7137	25119
7137	25120
7137	25121
7137	25122
7137	25123
7137	25124
7137	25125
7137	25126
7137	25127
7137	25128
7137	25129
7137	25130
7137	25131
7137	25132
7137	25133
7137	25134
7137	25135
7137	25136
7137	25137
7137	25138
7137	25139
7137	25140
7137	25141
7137	25142
7137	25143
7137	25144
7137	25145
7137	25146
7137	25147
7137	25148
7137	25149
7137	25150
7137	25151
7137	25152
7137	25153
7137	25154
7137	25155
7137	25156
7137	25157
7137	25158
7137	25159
7137	25160
7137	25161
7137	25162
7137	25163
7137	25164
7137	25165
7137	25166
7137	25167
7137	25168
7137	25169
7137	25170
7137	25171
7137	25172
7137	25173
7137	25174
7137	25175
7137	25176
7137	25177
7137	25178
7137	25179
7137	25180
7137	25181
7137	25182
7137	25183
7137	25184
7137	25185
7137	25186
7137	25187
7137	25188
7137	25189
7137	25190
7137	25191
7137	25192
7137	25193
7137	25194
7137	25195
7137	25196
7137	25197
7137	25198
7137	25199
7137	25200
7137	25201
7137	25202
7137	25203
7137	25204
7137	25205
7137	25206
7137	25207
7137	25208
7137	25209
7137	25210
7137	25211
7137	25212
7137	25213
7137	25214
7137	25215
7137	25216
7137	25217
7137	25218
7137	25219
7137	25220
7137	25221
7137	25222
7137	25223
7137	25224
7137	25225
7137	25226
7137	25227
7137	25228
7137	25229
7137	25230
7137	25231
7137	25232
7137	25233
7137	25234
7137	25235
7137	25236
7137	25237
7137	25238
7137	25239
7137	25240
7137	25241
7137	25242
7137	25243
7137	25244
7137	25245
7137	25246
7137	25247
7137	25248
7137	25249
7137	25250
7137	25251
7137	25252
7137	25253
7137	25254
7137	25255
7137	25256
7137	25257
7137	25258
7137	25259
7137	25260
7137	25261
7137	25262
7137	25263
7137	25264
7137	25265
7137	25266
7137	25267
7137	25268
7137	25269
7137	25270
7137	25271
7137	25272
7137	25273
7137	25274
7137	25275
7137	25276
7137	25277
7137	25278
7137	25279
7137	25280
7137	25281
7137	25282
7137	25283
7137	25284
7137	25285
7137	25286
7137	25287
7137	25288
7137	25289
7137	25290
7137	25291
7137	25292
7137	25293
7137	25294
7137	25295
7137	25296
7137	25297
7137	25298
7137	25299
7137	25300
7137	25301
7137	25302
7137	25303
7137	25304
7137	25305
7137	25306
7137	25307
7137	25308
7137	25309
7137	25310
7137	25311
7137	25312
7137	25313
7137	25314
7137	25315
7137	25316
7137	25317
7137	25318
7137	25319
7137	25320
7137	25321
7137	25322
7137	25323
7137	25324
7137	25325
7137	25326
7137	25327
7137	25328
7137	25329
7137	25330
7137	25331
7137	25332
7137	25333
7137	25334
7137	25335
7137	25336
7137	25337
7137	25338
7137	25339
7137	25340
7137	25341
7137	25342
7137	25343
7137	25344
7137	25345
7137	25346
7137	25347
7137	25348
7137	25349
7137	25350
7137	25351
7137	25352
7137	25353
7137	25354
7137	25355
7137	25356
7137	25357
7137	25358
7137	25359
7137	25360
7137	25361
7137	25362
7137	25363
7137	25364
7137	25365
7137	25366
7137	25367
7137	25368
7137	25369
7137	25370
7137	25371
7137	25372
7137	25373
7137	25374
7137	25375
7137	25376
7137	25377
7137	25378
7137	25379
7137	25380
7137	25381
7137	25382
7137	25383
7137	25384
7137	25385
7137	25386
7137	25387
7137	25388
7137	25389
7137	25390
7137	25391
7137	25392
7137	25393
7137	25394
7137	25395
7137	25396
7137	25397
7137	25398
7137	25399
7137	25400
7137	25401
7137	25402
7137	25403
7137	25404
7137	25405
7137	25406
7137	25407
7137	25408
7137	25409
7137	25410
7137	25411
7137	25412
7137	25413
7137	25414
7137	25415
7137	25416
7137	25417
7137	25418
7137	25419
7137	25420
7137	25421
7137	25422
7137	25423
7137	25424
7137	25425
7137	25426
7137	25427
7137	25428
7137	25429
7137	25430
7137	25431
7137	25432
7137	25433
7137	25434
7137	25435
7137	25436
7137	25437
7137	25438
7137	25439
7137	25440
7137	25441
7137	25442
7137	25443
7137	25444
7137	25445
7137	25446
7137	25447
7137	25448
7137	25449
7137	25450
7137	25451
7137	25452
7137	25453
7137	25454
7137	25455
7137	25456
7137	25457
7137	25458
7137	25459
7137	25460
7137	25461
7137	25462
7137	25463
7137	25464
7137	25465
7137	25466
7137	25467
7137	25468
7137	25469
7137	25470
7137	25471
7137	25472
7137	25473
7137	25474
7137	25475
7137	25476
7137	25477
7137	25478
7137	25479
7137	25480
7137	25481
7137	25482
7137	25483
7137	25484
7137	25485
7137	25486
7137	25487
7137	25488
7137	25489
7137	25490
7137	25491
7137	25492
7137	25493
7137	25494
7137	25495
7137	25496
7137	25497
7137	25498
7137	25499
7137	25500
7137	25501
7137	25502
7137	25503
7137	25504
7137	25505
7137	25506
7137	25507
7137	25508
7137	25509
7137	25510
7137	25511
7137	25512
7137	25513
7137	25514
7137	25515
7137	25516
7137	25517
7137	25518
7137	25519
7137	25520
7137	25521
7137	25522
7137	25523
7137	25524
7137	25525
7137	25526
7137	25527
7137	25528
7137	25529
7137	25530
7137	25531
7137	25532
7137	25533
7137	25534
7137	25535
7137	25536
7137	25537
7137	25538
7137	25539
7137	25540
7137	25541
7137	25542
7137	25543
7137	25544
7137	25545
7137	25546
7137	25547
7137	25548
7137	25549
7137	25550
7137	25551
7137	25552
7137	25553
7137	25554
7137	25555
7137	25556
7137	25557
7137	25558
7137	25559
7137	25560
7137	25561
7137	25562
7137	25563
7137	25564
7137	25565
7137	25566
7137	25567
7137	25568
7137	25569
7137	25570
7137	25571
7137	25572
7137	25573
7137	25574
7137	25575
7137	25576
7137	25577
7137	25578
7137	25579
7137	25580
7137	25581
7137	25582
7137	25583
7137	25584
7137	25585
7137	25586
7137	25587
7137	25588
7137	25589
7137	25590
7137	25591
7137	25592
7137	25593
7137	25594
7137	25595
7137	25596
7137	25597
7137	25598
7137	25599
7137	25600
7137	25601
7137	25602
7137	25603
7137	25604
7137	25605
7137	25606
7137	25607
7137	25608
7137	25609
7137	25610
7137	25611
7137	25612
7137	25613
7137	25614
7137	25615
7137	25616
7137	25617
7137	25618
7137	25619
7137	25620
7137	25621
7137	25622
7137	25623
7137	25624
7137	25625
7137	25626
7137	25627
7137	25628
7137	25629
7137	25630
7137	25631
7137	25632
7137	25633
7137	25634
7137	25635
7137	25636
7137	25637
7137	25638
7137	25639
7137	25640
7137	25641
7137	25642
7137	25643
7137	25644
7137	25645
7137	25646
7137	25647
7137	25648
7137	25649
7137	25650
7137	25651
7137	25652
7137	25653
7137	25654
7137	25655
7137	25656
7137	25657
7137	25658
7137	25659
7137	25660
7137	25661
7137	25662
7137	25663
7137	25664
7137	25665
7137	25666
7137	25667
7137	25668
7137	25669
7137	25670
7137	25671
7137	25672
7137	25673
7137	25674
7137	25675
7137	25676
7137	25677
7137	25678
7137	25679
7137	25680
7137	25681
7137	25682
7137	25683
7137	25684
7137	25685
7137	25686
7137	25687
7137	25688
7137	25689
7137	25690
7137	25691
7137	25692
7137	25693
7137	25694
7137	25695
7137	25696
7137	25697
7137	25698
7137	25699
7137	25700
7137	25701
7137	25702
7137	25703
7137	25704
7137	25705
7137	25706
7137	25707
7137	25708
7137	25709
7137	25710
7137	25711
7137	25712
7137	25713
7137	25714
7137	25715
7137	25716
7137	25717
7137	25718
7137	25719
7137	25720
7137	25721
7137	25722
7137	25723
7137	25724
7137	25725
7137	25726
7137	25727
7137	25728
7137	25729
7137	25730
7137	25731
7137	25732
7137	25733
7137	25734
7137	25735
7137	25736
7137	25737
7137	25738
7137	25739
7137	25740
7137	25741
7137	25742
7137	25743
7137	25744
7137	25745
7137	25746
7137	25747
7137	25748
7137	25749
7137	25750
7137	25751
7137	25752
7137	25753
7137	25754
7137	25755
7137	25756
7137	25757
7137	25758
7137	25759
7137	25760
7137	25761
7137	25762
7137	25763
7137	25764
7137	25765
7137	25766
7137	25767
7137	25768
7137	25769
7137	25770
7137	25771
7137	25772
7137	25773
7137	25774
7137	25775
7137	25776
7137	25777
7137	25778
7137	25779
7137	25780
7137	25781
7137	25782
7137	25783
7137	25784
7137	25785
7137	25786
7137	25787
7137	25788
7137	25789
7137	25790
7137	25791
7137	25792
7137	25793
7137	25794
7137	25795
7137	25796
7137	25797
7137	25798
7137	25799
7137	25800
7137	25801
7137	25802
7137	25803
7137	25804
7137	25805
7137	25806
7137	25807
7137	25808
7137	25809
7137	25810
7137	25811
7137	25812
7137	25813
7137	25814
7137	25815
7137	25816
7137	25817
7137	25818
7137	25819
7137	25820
7137	25821
7137	25822
7137	25823
7137	25824
7137	25825
7137	25826
7137	25827
7137	25828
7137	25829
7137	25830
7137	25831
7137	25832
7137	25833
7137	25834
7137	25835
7137	25836
7137	25837
7137	25838
7137	25839
7137	25840
7137	25841
7137	25842
7137	25843
7137	25844
7137	25845
7137	25846
7137	25847
7137	25848
7137	25849
7137	25850
7137	25851
7137	25852
7137	25853
7137	25854
7137	25855
7137	25856
7137	25857
7137	25858
7137	25859
7137	25860
7137	25861
7137	25862
7137	25863
7137	25864
7137	25865
7137	25866
7137	25867
7137	25868
7137	25869
7137	25870
7137	25871
7137	25872
7137	25873
7137	25874
7137	25875
7137	25876
7137	25877
7137	25878
7137	25879
7137	25880
7137	25881
7137	25882
7137	25883
7137	25884
7137	25885
7137	25886
7137	25887
7137	25888
7137	25889
7137	25890
7137	25891
7137	25892
7137	25893
7137	25894
7137	25895
7137	25896
7137	25897
7137	25898
7137	25899
7137	25900
7137	25901
7137	25902
7137	25903
7137	25904
7137	25905
7137	25906
7137	25907
7137	25908
7137	25909
7137	25910
7137	25911
7137	25912
7137	25913
7137	25914
7137	25915
7137	25916
7137	25917
7137	25918
7137	25919
7137	25920
7137	25921
7137	25922
7137	25923
7137	25924
7137	25925
7137	25926
7137	25927
7137	25928
7137	25929
7137	25930
7137	25931
7137	25932
7137	25933
7137	25934
7137	25935
7137	25936
7137	25937
7137	25938
7137	25939
7137	25940
7137	25941
7137	25942
7137	25943
7137	25944
7137	25945
7137	25946
7137	25947
7137	25948
7137	25949
7137	25950
7137	25951
7137	25952
7137	25953
7137	25954
7137	25955
7137	25956
7137	25957
7137	25958
7137	25959
7137	25960
7137	25961
7137	25962
7137	25963
7137	25964
7137	25965
7137	25966
7137	25967
7137	25968
7137	25969
7137	25970
7137	25971
7137	25972
7137	25973
7137	25974
7137	25975
7137	25976
7137	25977
7137	25978
7137	25979
7137	25980
7137	25981
7137	25982
7137	25983
7137	25984
7137	25985
7137	25986
7137	25987
7137	25988
7137	25989
7137	25990
7137	25991
7137	25992
7137	25993
7137	25994
7137	25995
7137	25996
7137	25997
7137	25998
7137	25999
7137	26000
7137	26001
7137	26002
7137	26003
7137	26004
7137	26005
7137	26006
7137	26007
7137	26008
7137	26009
7137	26010
7137	26011
7137	26012
7137	26013
7137	26014
7137	26015
7137	26016
7137	26017
7137	26018
7137	26019
7137	26020
7137	26021
7137	26022
7137	26023
7137	26024
7137	26025
7137	26026
7137	26027
7137	26028
7137	26029
7137	26030
7137	26031
7137	26032
7137	26033
7137	26034
7137	26035
7137	26036
7137	26037
7137	26038
7137	26039
7137	26040
7137	26041
7137	26042
7137	26043
7137	26044
7137	26045
7137	26046
7137	26047
7137	26048
7137	26049
7137	26050
7137	26051
7137	26052
7137	26053
7137	26054
7137	26055
7137	26056
7137	26057
7137	26058
7137	26059
7137	26060
7137	26061
7137	26062
7137	26063
7137	26064
7137	26065
7137	26066
7137	26067
7137	26068
7137	26069
7137	26070
7137	26071
7137	26072
7137	26073
7137	26074
7137	26075
7137	26076
7137	26077
7137	26078
7137	26079
7137	26080
7137	26081
7137	26082
7137	26083
7137	26084
7137	26085
7137	26086
7137	26087
7137	26088
7137	26089
7137	26090
7137	26091
7137	26092
7137	26093
7137	26094
7137	26095
7137	26096
7137	26097
7137	26098
7137	26099
7137	26100
7137	26101
7137	26102
7137	26103
7137	26104
7137	26105
7137	26106
7137	26107
7137	26108
7137	26109
7137	26110
7137	26111
7137	26112
7137	26113
7137	26114
7137	26115
7137	26116
7137	26117
7137	26118
7137	26119
7137	26120
7137	26121
7137	26122
7137	26123
7137	26124
7137	26125
7137	26126
7137	26127
7137	26128
7137	26129
7137	26130
7137	26131
7137	26132
7137	26133
7137	26134
7137	26135
7137	26136
7137	26137
7137	26138
7137	26139
7137	26140
7137	26141
7137	26142
7137	26143
7137	26144
7137	26145
7137	26146
7137	26147
7137	26148
7137	26149
7137	26150
7137	26151
7137	26152
7137	26153
7137	26154
7137	26155
7137	26156
7137	26157
7137	26158
7137	26159
7137	26160
7137	26161
7137	26162
7137	26163
7137	26164
7137	26165
7137	26166
7137	26167
7137	26168
7137	26169
7137	26170
7137	26171
7137	26172
7137	26173
7137	26174
7137	26175
7137	26176
7137	26177
7137	26178
7137	26179
7137	26180
7137	26181
7137	26182
7137	26183
7137	26184
7137	26185
7137	26186
7137	26187
7137	26188
7137	26189
7137	26190
7137	26191
7137	26192
7137	26193
7137	26194
7137	26195
7137	26196
7137	26197
7137	26198
7137	26199
7137	26200
7137	26201
7137	26202
7137	26203
7137	26204
7137	26205
7137	26206
7137	26207
7137	26208
7137	26209
7137	26210
7137	26211
7137	26212
7137	26213
7137	26214
7137	26215
7137	26216
7137	26217
7137	26218
7137	26219
7137	26220
7137	26221
7137	26222
7137	26223
7137	26224
7137	26225
7137	26226
7137	26227
7137	26228
7137	26229
7137	26230
7137	26231
7137	26232
7137	26233
7137	26234
7137	26235
7137	26236
7137	26237
7137	26238
7137	26239
7137	26240
7137	26241
7137	26242
7137	26243
7137	26244
7137	26245
7137	26246
7137	26247
7137	26248
7137	26249
7137	26250
7137	26251
7137	26252
7137	26253
7137	26254
7137	26255
7137	26256
7137	26257
7137	26258
7137	26259
7137	26260
7137	26261
7137	26262
7137	26263
7137	26264
7137	26265
7137	26266
7137	26267
7137	26268
7137	26269
7137	26270
7137	26271
7137	26272
7137	26273
7137	26274
7137	26275
7137	26276
7137	26277
7137	26278
7137	26279
7137	26280
7137	26281
7137	26282
7137	26283
7137	26284
7137	26285
7137	26286
7137	26287
7137	26288
7137	26289
7137	26290
7137	26291
7137	26292
7137	26293
7137	26294
7137	26295
7137	26296
7137	26297
7137	26298
7137	26299
7137	26300
7137	26301
7137	26302
7137	26303
7137	26304
7137	26305
7137	26306
7137	26307
7137	26308
7137	26309
7137	26310
7137	26311
7137	26312
7137	26313
7137	26314
7137	26315
7137	26316
7137	26317
7137	26318
7137	26319
7137	26320
7137	26321
7137	26322
7137	26323
7137	26324
7137	26325
7137	26326
7137	26327
7137	26328
7137	26329
7137	26330
7137	26331
7137	26332
7137	26333
7137	26334
7137	26335
7137	26336
7137	26337
7137	26338
7137	26339
7137	26340
7137	26341
7137	26342
7137	26343
7137	26344
7137	26345
7137	26346
7137	26347
7137	26348
7137	26349
7137	26350
7137	26351
7137	26352
7137	26353
7137	26354
7137	26355
7137	26356
7137	26357
7137	26358
7137	26359
7137	26360
7137	26361
7137	26362
7137	26363
7137	26364
7137	26365
7137	26366
7137	26367
7137	26368
7137	26369
7137	26370
7137	26371
7137	26372
7137	26373
7137	26374
7137	26375
7137	26376
7137	26377
7137	26378
7137	26379
7137	26380
7137	26381
7137	26382
7137	26383
7137	26384
7137	26385
7137	26386
7137	26387
7137	26388
7137	26389
7137	26390
7137	26391
7137	26392
7137	26393
7137	26394
7137	26395
7137	26396
7137	26397
7137	26398
7137	26399
7137	26400
7137	26401
7137	26402
7137	26403
7137	26404
7137	26405
7137	26406
7137	26407
7137	26408
7137	26409
7137	26410
7137	26411
7137	26412
7137	26413
7137	26414
7137	26415
7137	26416
7137	26417
7137	26418
7137	26419
7137	26420
7137	26421
7137	26422
7137	26423
7137	26424
7137	26425
7137	26426
7137	26427
7137	26428
7137	26429
7137	26430
7137	26431
7137	26432
7137	26433
7137	26434
7137	26435
7137	26436
7137	26437
7137	26438
7137	26439
7137	26440
7137	26441
7137	26442
7137	26443
7137	26444
7137	26445
7137	26446
7137	26447
7137	26448
7137	26449
7137	26450
7137	26451
7137	26452
7137	26453
7137	26454
7137	26455
7137	26456
7137	26457
7137	26458
7137	26459
7137	26460
7137	26461
7137	26462
7137	26463
7137	26464
7137	26465
7137	26466
7137	26467
7137	26468
7137	26469
7137	26470
7137	26471
7137	26472
7137	26473
7137	26474
7137	26475
7137	26476
7137	26477
7137	26478
7137	26479
7137	26480
7137	26481
7137	26482
7137	26483
7137	26484
7137	26485
7137	26486
7137	26487
7137	26488
7137	26489
7137	26490
7137	26491
7137	26492
7137	26493
7137	26494
7137	26495
7137	26496
7137	26497
7137	26498
7137	26499
7137	26500
7137	26501
7137	26502
7137	26503
7137	26504
7137	26505
7137	26506
7137	26507
7137	26508
7137	26509
7137	26510
7137	26511
7137	26512
7137	26513
7137	26514
7137	26515
7137	26516
7137	26517
7137	26518
7137	26519
7137	26520
7137	26521
7137	26522
7137	26523
7137	26524
7137	26525
7137	26526
7137	26527
7137	26528
7137	26529
7137	26530
7137	26531
7137	26532
7137	26533
7137	26534
7137	26535
7137	26536
7137	26537
7137	26538
7137	26539
7137	26540
7137	26541
7137	26542
7137	26543
7137	26544
7137	26545
7137	26546
7137	26547
7137	26548
7137	26549
7137	26550
7137	26551
7137	26552
7137	26553
7137	26554
7137	26555
7137	26556
7137	26557
7137	26558
7137	26559
7137	26560
7137	26561
7137	26562
7137	26563
7137	26564
7137	26565
7137	26566
7137	26567
7137	26568
7137	26569
7137	26570
7137	26571
7137	26572
7137	26573
7137	26574
7137	26575
7137	26576
7137	26577
7137	26578
7137	26579
7137	26580
7137	26581
7137	26582
7137	26583
7137	26584
7137	26585
7137	26586
7137	26587
7137	26588
7137	26589
7137	26590
7137	26591
7137	26592
7137	26593
7137	26594
7137	26595
7137	26596
7137	26597
7137	26598
7137	26599
7137	26600
7137	26601
7137	26602
7137	26603
7137	26604
7137	26605
7137	26606
7137	26607
7137	26608
7137	26609
7137	26610
7137	26611
7137	26612
7137	26613
7137	26614
7137	26615
7137	26616
7137	26617
7137	26618
7137	26619
7137	26620
7137	26621
7137	26622
7137	26623
7137	26624
7137	26625
7137	26626
7137	26627
7137	26628
7137	26629
7137	26630
7137	26631
7137	26632
7137	26633
7137	26634
7137	26635
7139	14023
7139	26636
7140	0
7140	820
7140	1017
7140	4111
7140	4112
7140	4117
7140	13599
7140	13600
7140	13601
7140	13602
7140	13603
7140	13604
7140	13605
7141	26637
7141	26638
7142	10358
7142	14020
7142	26639
7142	26640
7143	0
7143	86
7143	1470
7143	1471
7143	1472
7143	1473
7143	1474
7143	1477
7143	1479
7143	1480
7143	1481
7143	21830
7143	26084
7143	26085
7143	26641
7143	26642
7143	26643
7143	26644
7143	26645
7143	26646
7144	0
7144	86
7144	234
7144	1470
7144	1471
7144	1472
7144	1473
7144	1474
7144	1477
7144	1479
7144	1480
7144	1481
7144	1917
7144	7116
7144	7122
7145	0
7145	86
7145	1470
7145	1471
7145	1472
7145	1473
7145	1474
7145	1477
7145	1479
7145	1480
7145	1481
7145	7122
7146	0
7146	86
7146	1470
7146	1471
7146	1472
7146	1473
7146	1474
7146	1477
7146	1479
7146	1480
7146	1481
7147	0
7147	1470
7147	1474
7147	1477
7147	1479
7147	1480
7147	1481
7147	1972
7147	26647
7147	26648
7147	26649
7147	26650
7147	26651
7147	26652
7147	26653
7148	0
7148	86
7148	1470
7148	1471
7148	1472
7148	1473
7148	1474
7148	1477
7148	1479
7148	1480
7148	1481
7149	0
7149	86
7149	1470
7149	1471
7149	1472
7149	1473
7149	1474
7149	1477
7149	1479
7149	1480
7149	1481
7150	26654
7150	26655
7150	26656
7150	26657
7151	4122
7151	7151
7151	26335
7151	26336
7151	26658
7151	26659
7151	26660
7151	26661
7151	26662
7151	26663
7151	26664
7151	26665
7151	26666
7151	26667
7151	26668
7151	26669
7151	26670
7151	26671
7151	26672
7151	26673
7151	26674
7151	26675
7151	26676
7151	26677
7151	26678
7151	26679
7151	26680
7151	26681
7151	26682
7151	26683
7151	26684
7151	26685
7151	26686
7151	26687
7151	26688
7151	26689
7151	26690
7151	26691
7151	26692
7151	26693
7151	26694
7151	26695
7151	26696
7151	26697
7151	26698
7151	26699
7151	26700
7151	26701
7151	26702
7151	26703
7151	26704
7151	26705
7151	26706
7151	26707
7151	26708
7151	26709
7151	26710
7151	26711
7151	26712
7151	26713
7151	26714
7151	26715
7151	26716
7151	26717
7151	26718
7151	26719
7151	26720
7151	26721
7151	26722
7151	26723
7151	26724
7151	26725
7151	26726
7151	26727
7151	26728
7151	26729
7151	26730
7151	26731
7151	26732
7151	26733
7151	26734
7151	26735
7151	26736
7151	26737
7151	26738
7151	26739
7151	26740
7151	26741
7151	26742
7151	26743
7151	26744
7151	26745
7151	26746
7151	26747
7151	26748
7151	26749
7151	26750
7151	26751
7151	26752
7151	26753
7151	26754
7151	26755
7151	26756
7152	1500
7152	26757
7153	170
7153	7188
7153	7199
7153	7201
7153	7203
7153	7207
7154	170
7154	7154
7154	7190
7154	26758
7154	26759
7154	26760
7154	26761
7154	26762
7154	26763
7154	26764
7154	26765
7154	26766
7154	26767
7154	26768
7155	1500
7155	26769
7155	26770
7155	26771
7155	26772
7156	170
7156	1486
7156	7159
7157	170
7157	1486
7157	7158
7157	7166
7157	26773
7157	26774
7157	26775
7157	26776
7157	26777
7158	170
7158	1156
7158	1158
7158	1486
7158	7157
7158	7200
7158	7245
7158	7246
7158	7249
7158	7255
7158	7285
7158	7286
7158	11728
7158	26778
7158	26779
7158	26780
7158	26781
7158	26782
7158	26783
7159	170
7159	1486
7159	7156
7159	7160
7160	170
7160	1486
7160	7159
7160	7161
7161	170
7161	1486
7161	1508
7161	7160
7161	7162
7162	170
7162	1486
7162	7161
7162	7163
7163	170
7163	1486
7163	7162
7163	7164
7163	7281
7164	170
7164	674
7164	1486
7164	7163
7164	7165
7165	170
7165	1486
7165	7164
7165	7166
7166	170
7166	1486
7166	7157
7166	7165
7166	26784
7166	26785
7166	26786
7166	26787
7166	26788
7166	26789
7187	1500
7187	26790
7187	26791
7187	26792
7187	26793
7187	26794
7188	170
7188	1500
7188	26795
7188	26796
7189	1500
7189	26797
7189	26798
7189	26799
7189	26800
7189	26801
7190	0
7190	170
7190	4019
7190	7190
7190	7223
7190	7257
7190	26802
7190	26803
7190	26804
7190	26805
7190	26806
7190	26807
7190	26808
7191	26809
7191	26810
7191	26811
7191	26812
7191	26813
7191	26814
7191	26815
7191	26816
7191	26817
7191	26818
7191	26819
7191	26820
7191	26821
7191	26822
7191	26823
7191	26824
7191	26825
7191	26826
7191	26827
7191	26828
7192	1500
7192	26829
7199	1486
7199	1495
7199	1500
7199	1515
7199	7152
7199	7155
7199	7187
7199	7189
7199	7190
7199	7203
7199	7205
7199	7206
7199	7208
7199	7280
7199	7281
7199	7282
7199	7283
7199	7284
7199	7287
7199	11220
7199	26830
7199	26831
7199	26832
7200	1500
7200	26809
7200	26833
7200	26834
7200	26835
7200	26836
7200	26837
7200	26838
7200	26839
7200	26840
7201	1500
7202	1500
7203	26841
7203	26842
7203	26843
7203	26844
7203	26845
7205	1500
7205	26846
7205	26847
7205	26848
7205	26849
7206	1500
7207	1500
7207	1505
7207	1506
7207	7282
7207	7284
7207	26850
7280	1500
7280	26803
7280	26851
7280	26852
7280	26853
7280	26854
7280	26855
7280	26856
7280	26857
7280	26858
7280	26859
7280	26860
7280	26861
7280	26862
7280	26863
7280	26864
7280	26865
7280	26866
7280	26867
7280	26868
7280	26869
7280	26870
7280	26871
7280	26872
7280	26873
7280	26874
7280	26875
7281	1500
7281	7163
7281	26876
7282	1500
7283	1500
7284	1500
7287	1500
7289	6591
7289	26877
7289	26878
7289	26879
7289	26880
7289	26881
7290	26882
7291	26883
7291	26884
7291	26885
7291	26886
7291	26887
7291	26888
7291	26889
7292	170
7292	172
7292	204
7292	1634
7292	4024
7292	8230
7292	8232
7292	8237
7292	8239
7292	8241
7292	8243
7292	8258
7292	8259
7292	8263
7292	8264
7292	8265
7292	8266
7292	8267
7292	8270
7292	8272
7292	8274
7292	8275
7292	8276
7292	8277
7292	8278
7292	16904
7292	26890
7292	26891
7292	26892
7292	26893
7292	26894
7292	26895
7292	26896
7292	26897
7292	26898
7292	26899
7292	26900
7292	26901
7292	26902
7292	26903
7292	26904
7292	26905
7292	26906
7292	26907
7292	26908
7292	26909
7292	26910
7292	26911
7292	26912
7293	26913
7293	26914
7293	26915
7294	26916
7294	26917
7294	26918
7294	26919
7294	26920
7294	26921
7294	26922
7294	26923
7294	26924
7294	26925
7298	7297
7301	26926
7303	174
7303	1525
7303	7303
7303	7304
7304	0
7304	15
7304	174
7304	198
7304	202
7304	1524
7304	1525
7304	1526
7304	1527
7304	1528
7304	7303
7304	7304
7305	0
7305	15
7305	174
7305	198
7305	202
7306	0
7306	15
7306	174
7306	198
7306	202
7307	0
7307	15
7307	174
7307	198
7307	202
7308	0
7308	15
7308	174
7308	198
7308	202
7309	0
7309	15
7309	174
7309	198
7309	202
7310	0
7310	15
7310	174
7310	198
7310	202
7311	0
7311	15
7311	174
7311	198
7311	202
7312	0
7312	15
7312	174
7312	198
7312	202
7313	0
7313	15
7313	174
7313	198
7313	202
7314	0
7314	15
7314	174
7314	198
7314	202
7315	0
7315	15
7315	174
7315	198
7315	202
7316	0
7316	15
7316	174
7316	198
7316	202
7317	0
7317	15
7317	174
7317	198
7317	202
7318	0
7318	15
7318	174
7318	198
7318	202
7319	0
7319	15
7319	174
7319	198
7319	202
7320	0
7320	15
7320	174
7320	198
7320	202
7321	0
7321	15
7321	174
7321	198
7321	202
7322	0
7322	15
7322	174
7322	198
7322	202
7323	0
7323	15
7323	174
7323	198
7323	202
7324	0
7324	15
7324	174
7324	198
7324	202
7325	0
7325	15
7325	174
7325	198
7325	202
7326	0
7326	15
7326	174
7326	198
7326	202
7327	0
7327	15
7327	174
7327	198
7327	202
7328	0
7328	15
7328	174
7328	198
7328	202
7329	0
7329	15
7329	174
7329	198
7329	202
7330	0
7330	15
7330	174
7330	198
7330	202
7331	0
7331	15
7331	174
7331	198
7331	202
7332	0
7332	15
7332	174
7332	198
7332	202
7333	0
7333	15
7333	174
7333	198
7333	202
7334	0
7334	15
7334	174
7334	198
7334	202
7335	0
7335	15
7335	174
7335	198
7335	202
7336	0
7336	15
7336	174
7336	198
7336	202
7337	0
7337	15
7337	174
7337	198
7337	202
7338	0
7338	15
7338	174
7338	198
7338	202
7339	0
7339	15
7339	174
7339	198
7339	202
7340	0
7340	15
7340	174
7340	198
7340	202
7341	0
7341	15
7341	174
7341	198
7341	202
7342	0
7342	15
7342	174
7342	198
7342	202
7343	0
7343	15
7343	174
7343	198
7343	202
7344	0
7344	15
7344	174
7344	198
7344	202
7345	0
7345	15
7345	174
7345	198
7345	202
7346	0
7346	15
7346	174
7346	198
7346	202
7347	0
7347	15
7347	174
7347	198
7347	202
7348	0
7348	15
7348	174
7348	198
7348	202
7349	0
7349	15
7349	174
7349	198
7349	202
7350	0
7350	15
7350	174
7350	198
7350	202
7351	0
7351	15
7351	174
7351	198
7351	202
7352	0
7352	15
7352	174
7352	198
7352	202
7353	0
7353	15
7353	174
7353	198
7353	202
7354	0
7354	15
7354	174
7354	198
7354	202
7355	0
7355	15
7355	174
7355	198
7355	202
7356	0
7356	15
7356	174
7356	198
7356	202
7357	0
7357	15
7357	174
7357	198
7357	202
7358	0
7358	15
7358	174
7358	198
7358	202
7359	0
7359	15
7359	174
7359	198
7359	202
7360	0
7360	15
7360	174
7360	198
7360	202
7361	0
7361	15
7361	174
7361	198
7361	202
7362	0
7362	15
7362	174
7362	198
7362	202
7363	0
7363	15
7363	174
7363	198
7363	202
7364	0
7364	15
7364	174
7364	198
7364	202
7365	0
7365	15
7365	174
7365	198
7365	202
7366	0
7366	15
7366	174
7366	198
7366	202
7367	0
7367	15
7367	174
7367	198
7367	202
7368	0
7368	15
7368	174
7368	198
7368	202
7369	0
7369	15
7369	174
7369	198
7369	202
7370	0
7370	15
7370	174
7370	198
7370	202
7371	0
7371	15
7371	174
7371	198
7371	202
7372	0
7372	15
7372	174
7372	198
7372	202
7373	0
7373	15
7373	174
7373	198
7373	202
7374	0
7374	15
7374	174
7374	198
7374	202
7375	0
7375	15
7375	174
7375	198
7375	202
7376	0
7376	15
7376	174
7376	198
7376	202
7377	0
7377	15
7377	174
7377	198
7377	202
7378	0
7378	15
7378	174
7378	198
7378	202
7379	0
7379	15
7379	174
7379	198
7379	202
7380	0
7380	15
7380	174
7380	198
7380	202
7381	0
7381	15
7381	174
7381	198
7381	202
7382	0
7382	15
7382	174
7382	198
7382	202
7383	0
7383	15
7383	174
7383	198
7383	202
7384	0
7384	15
7384	174
7384	198
7384	202
7385	0
7385	15
7385	174
7385	198
7385	202
7386	0
7386	15
7386	174
7386	198
7386	202
7387	0
7387	15
7387	174
7387	198
7387	202
7388	0
7388	15
7388	174
7388	198
7388	202
7389	0
7389	15
7389	174
7389	198
7389	202
7390	0
7390	15
7390	174
7390	198
7390	202
7391	0
7391	15
7391	174
7391	198
7391	202
7392	0
7392	15
7392	174
7392	198
7392	202
7393	0
7393	15
7393	174
7393	198
7393	202
7394	0
7394	15
7394	174
7394	198
7394	202
7395	0
7395	15
7395	174
7395	198
7395	202
7396	0
7396	15
7396	174
7396	198
7396	202
7397	0
7397	15
7397	174
7397	198
7397	202
7398	0
7398	15
7398	174
7398	198
7398	202
7399	0
7399	15
7399	174
7399	198
7399	202
7400	0
7400	15
7400	174
7400	198
7400	202
7401	0
7401	15
7401	174
7401	198
7401	202
7402	0
7402	15
7402	174
7402	198
7402	202
7403	0
7403	15
7403	174
7403	198
7403	202
7404	0
7404	15
7404	174
7404	198
7404	202
7405	0
7405	15
7405	174
7405	198
7405	202
7405	1524
7405	1525
7405	1526
7405	1527
7405	1528
7405	2742
7405	7405
7405	7406
7405	26927
7406	0
7406	15
7406	174
7406	198
7406	202
7406	1524
7406	1525
7406	1526
7406	1527
7406	1528
7406	7405
7406	7406
7419	267
7419	7843
7419	21330
7419	21829
7419	26928
7419	26929
7419	26930
7419	26931
7419	26932
7419	26933
7419	26934
7419	26935
7419	26936
7419	26937
7419	26938
7419	26939
7419	26940
7419	26941
7419	26942
7419	26943
7419	26944
7419	26945
7419	26946
7419	26947
7419	26948
7419	26949
7419	26950
7419	26951
7420	1972
7449	177
7449	1540
7450	0
7450	64
7450	177
7450	1536
7450	1537
7450	1538
7450	1540
7450	26952
7454	14
7454	26953
7455	26954
7471	0
7471	7470
7471	26955
7471	26956
7471	26957
7471	26958
7471	26959
7471	26960
7471	26961
7471	26962
7471	26963
7471	26964
7471	26965
7471	26966
7471	26967
7471	26968
7471	26969
7491	26970
7491	26971
7491	26972
7491	26973
7491	26974
7494	191
7494	7492
7510	26975
7511	26976
7511	26977
7511	26978
7511	26979
7511	26980
7511	26981
7514	26982
7514	26983
7514	26984
7514	26985
7514	26986
7514	26987
7514	26988
7515	26982
7515	26989
7517	26990
7517	26991
7517	26992
7517	26993
7517	26994
7517	26995
7517	26996
7517	26997
7517	26998
7517	26999
7517	27000
7517	27001
7517	27002
7517	27003
7517	27004
7517	27005
7517	27006
7517	27007
7517	27008
7517	27009
7517	27010
7517	27011
7517	27012
7517	27013
7517	27014
7517	27015
7517	27016
7517	27017
7517	27018
7517	27019
7521	1610
7522	1609
7522	27020
7522	27021
7522	27022
7522	27023
7523	0
7523	110
7523	111
7523	144
7523	162
7523	163
7523	191
7523	201
7523	203
7523	214
7523	1583
7523	1753
7523	7522
7523	27023
7523	27024
7523	27025
7523	27026
7523	27027
7523	27028
7523	27029
7523	27030
7523	27031
7525	0
7525	15
7525	1620
7525	1967
7525	7524
7525	7525
7525	7526
7525	7527
7525	7528
7525	7529
7525	10342
7525	27032
7525	27033
7525	27034
7526	0
7526	15
7526	1620
7526	1967
7526	7524
7526	7525
7526	7526
7526	7527
7526	7528
7526	7529
7526	10342
7526	27035
7527	0
7527	15
7527	1620
7527	1967
7527	7524
7527	7525
7527	7526
7527	7527
7527	7528
7527	7529
7527	10342
7527	27036
7527	27037
7527	27038
7527	27039
7527	27040
7528	25402
7528	25403
7528	25404
7529	0
7529	15
7529	1620
7529	1967
7529	7524
7529	7525
7529	7526
7529	7527
7529	7528
7529	7529
7529	10342
7529	27041
7529	27042
7529	27043
7529	27044
7529	27045
7529	27046
7530	22451
7530	27047
7530	27048
7530	27049
7530	27050
7530	27051
7530	27052
7530	27053
7530	27054
7530	27055
7530	27056
7530	27057
7530	27058
7536	8303
7536	16378
7536	17641
7536	27059
7536	27060
7536	27061
7550	27062
7550	27063
7550	27064
7552	27065
7552	27066
7552	27067
7554	27068
7554	27069
7554	27070
7555	1633
7555	1705
7555	1707
7557	1633
7557	1705
7557	1707
7558	47
7558	1633
7558	1705
7558	1707
7558	7558
7558	7560
7558	8221
7559	1633
7559	1705
7559	1707
7560	1633
7560	1705
7560	1707
7560	7560
7560	27071
7561	170
7561	172
7561	204
7561	7213
7561	7214
7561	7220
7561	7222
7561	7223
7561	7227
7561	7232
7561	7243
7561	7263
7561	7267
7561	7831
7561	7835
7561	8230
7561	8231
7561	8232
7561	8237
7561	8238
7561	8239
7561	8241
7561	8243
7561	8245
7561	8255
7561	8257
7561	8258
7561	8259
7561	8262
7561	8263
7561	8264
7561	8265
7561	8266
7561	8267
7561	8270
7561	8271
7561	8272
7561	8274
7561	8275
7561	8276
7561	8277
7561	8278
7561	8281
7561	8282
7561	8283
7561	14280
7561	16391
7561	27072
7561	27073
7561	27074
7561	27075
7562	1634
7566	1642
7567	1642
7568	1642
7569	1642
7570	1642
7571	1642
7572	1642
7573	136
7573	1642
7574	1642
7575	1642
7576	1642
7577	1642
7578	1642
7579	1642
7580	1642
7581	137
7583	199
7583	1646
7583	27076
7584	27077
7584	27078
7585	7584
7585	27079
7586	200
7586	1654
7586	27080
7587	200
7587	1654
7588	200
7588	1654
7588	27081
7589	200
7589	1654
7589	27082
7590	200
7590	7590
7590	27083
7591	200
7591	1654
7592	200
7592	1654
7593	200
7593	1654
7593	27084
7594	200
7594	1654
7594	27085
7595	200
7595	1654
7596	200
7596	1654
7596	27086
7597	200
7597	1654
7597	27087
7598	200
7598	1654
7598	27088
7598	27089
7599	200
7599	27090
7600	200
7600	1656
7600	27091
7601	200
7601	7601
7601	27092
7603	0
7603	201
7603	1659
7603	1661
7603	1662
7603	1663
7603	1664
7603	1668
7603	1669
7603	1670
7603	1671
7603	1673
7603	1675
7603	1688
7603	1693
7603	1973
7603	7124
7603	7603
7603	7604
7603	7605
7603	7606
7603	7607
7603	7608
7603	7609
7603	7610
7603	7612
7603	7613
7604	0
7604	201
7604	1659
7604	1661
7604	1662
7604	1663
7604	1664
7604	1668
7604	1669
7604	1670
7604	1671
7604	1673
7604	1675
7604	1688
7604	1693
7604	1973
7604	7124
7604	7603
7604	7604
7604	7605
7604	7606
7604	7607
7604	7608
7604	7609
7604	7610
7604	7612
7604	7613
7605	0
7605	201
7605	1659
7605	1661
7605	1662
7605	1664
7605	1668
7605	1669
7605	1670
7605	1671
7605	1673
7605	1675
7605	1688
7605	1693
7605	1973
7605	7124
7605	7603
7605	7604
7605	7605
7605	7606
7605	7607
7605	7608
7605	7609
7605	7610
7605	7612
7605	7613
7605	27093
7606	0
7606	201
7606	1659
7606	1661
7606	1662
7606	1663
7606	1664
7606	1668
7606	1669
7606	1670
7606	1671
7606	1673
7606	1675
7606	1688
7606	1693
7606	1973
7606	7124
7606	7603
7606	7604
7606	7605
7606	7606
7606	7607
7606	7608
7606	7609
7606	7610
7606	7612
7606	7613
7607	0
7607	201
7607	1675
7607	1688
7607	1693
7607	7607
7607	7610
7607	7751
7608	0
7608	201
7608	1659
7608	1661
7608	1663
7608	1668
7608	1670
7608	1671
7608	1675
7608	1687
7608	1688
7608	1693
7608	7610
7608	27094
7609	0
7609	201
7609	1669
7609	7722
7609	8371
7609	12096
7609	17649
7609	21886
7609	27095
7609	27096
7609	27097
7609	27098
7609	27099
7609	27100
7609	27101
7609	27102
7609	27103
7609	27104
7609	27105
7609	27106
7610	43
7611	8186
7611	26194
7611	26195
7611	26196
7611	26198
7611	27107
7612	201
7612	267
7612	1659
7612	1676
7612	7760
7612	7761
7612	7770
7612	7886
7612	7887
7612	27108
7612	27109
7612	27110
7612	27111
7612	27112
7613	0
7613	201
7613	1659
7613	1675
7613	1688
7613	1693
7613	7610
7613	7613
7613	7654
7613	7655
7613	7751
7615	0
7615	7615
7615	24944
7615	27113
7615	27114
7615	27115
7615	27116
7615	27117
7615	27118
7615	27119
7615	27120
7615	27121
7615	27122
7615	27123
7615	27124
7615	27125
7615	27126
7615	27127
7615	27128
7615	27129
7615	27130
7615	27131
7615	27132
7615	27133
7615	27134
7615	27135
7615	27136
7615	27137
7615	27138
7615	27139
7615	27140
7615	27141
7615	27142
7615	27143
7615	27144
7615	27145
7615	27146
7615	27147
7615	27148
7615	27149
7615	27150
7615	27151
7615	27152
7615	27153
7615	27154
7615	27155
7615	27156
7615	27157
7615	27158
7615	27159
7615	27160
7615	27161
7615	27162
7615	27163
7615	27164
7615	27165
7615	27166
7615	27167
7615	27168
7615	27169
7615	27170
7615	27171
7615	27172
7615	27173
7615	27174
7615	27175
7615	27176
7615	27177
7615	27178
7615	27179
7615	27180
7615	27181
7615	27182
7615	27183
7615	27184
7615	27185
7615	27186
7615	27187
7615	27188
7615	27189
7615	27190
7615	27191
7615	27192
7615	27193
7615	27194
7615	27195
7615	27196
7615	27197
7615	27198
7615	27199
7615	27200
7615	27201
7615	27202
7615	27203
7615	27204
7615	27205
7615	27206
7615	27207
7615	27208
7615	27209
7615	27210
7615	27211
7615	27212
7615	27213
7615	27214
7615	27215
7615	27216
7615	27217
7615	27218
7615	27219
7615	27220
7615	27221
7615	27222
7615	27223
7615	27224
7615	27225
7615	27226
7615	27227
7615	27228
7615	27229
7615	27230
7615	27231
7615	27232
7615	27233
7615	27234
7615	27235
7615	27236
7615	27237
7615	27238
7615	27239
7615	27240
7615	27241
7615	27242
7615	27243
7615	27244
7615	27245
7615	27246
7615	27247
7615	27248
7615	27249
7615	27250
7615	27251
7615	27252
7615	27253
7615	27254
7615	27255
7615	27256
7615	27257
7615	27258
7615	27259
7615	27260
7615	27261
7615	27262
7615	27263
7615	27264
7615	27265
7615	27266
7615	27267
7615	27268
7615	27269
7615	27270
7615	27271
7615	27272
7615	27273
7615	27274
7615	27275
7615	27276
7615	27277
7615	27278
7615	27279
7615	27280
7615	27281
7615	27282
7615	27283
7615	27284
7615	27285
7615	27286
7615	27287
7615	27288
7615	27289
7615	27290
7615	27291
7615	27292
7615	27293
7615	27294
7615	27295
7615	27296
7615	27297
7615	27298
7615	27299
7615	27300
7615	27301
7615	27302
7615	27303
7615	27304
7615	27305
7615	27306
7615	27307
7615	27308
7615	27309
7615	27310
7615	27311
7615	27312
7615	27313
7615	27314
7615	27315
7615	27316
7615	27317
7615	27318
7615	27319
7615	27320
7615	27321
7615	27322
7615	27323
7615	27324
7615	27325
7615	27326
7615	27327
7615	27328
7615	27329
7615	27330
7615	27331
7615	27332
7615	27333
7615	27334
7615	27335
7615	27336
7615	27337
7615	27338
7615	27339
7615	27340
7615	27341
7615	27342
7615	27343
7615	27344
7615	27345
7615	27346
7615	27347
7615	27348
7615	27349
7615	27350
7615	27351
7615	27352
7615	27353
7615	27354
7615	27355
7615	27356
7615	27357
7615	27358
7615	27359
7615	27360
7615	27361
7615	27362
7615	27363
7615	27364
7615	27365
7615	27366
7615	27367
7615	27368
7615	27369
7615	27370
7615	27371
7615	27372
7615	27373
7615	27374
7615	27375
7615	27376
7615	27377
7615	27378
7615	27379
7615	27380
7615	27381
7615	27382
7615	27383
7615	27384
7615	27385
7615	27386
7615	27387
7615	27388
7615	27389
7615	27390
7615	27391
7615	27392
7615	27393
7615	27394
7615	27395
7615	27396
7615	27397
7615	27398
7615	27399
7615	27400
7615	27401
7615	27402
7615	27403
7615	27404
7615	27405
7615	27406
7615	27407
7615	27408
7615	27409
7615	27410
7615	27411
7615	27412
7615	27413
7615	27414
7615	27415
7615	27416
7615	27417
7615	27418
7615	27419
7615	27420
7615	27421
7615	27422
7615	27423
7615	27424
7615	27425
7615	27426
7615	27427
7615	27428
7615	27429
7615	27430
7615	27431
7615	27432
7615	27433
7615	27434
7615	27435
7615	27436
7615	27437
7615	27438
7615	27439
7615	27440
7615	27441
7615	27442
7615	27443
7615	27444
7615	27445
7615	27446
7615	27447
7615	27448
7615	27449
7615	27450
7615	27451
7615	27452
7615	27453
7615	27454
7615	27455
7615	27456
7615	27457
7615	27458
7615	27459
7615	27460
7615	27461
7615	27462
7615	27463
7615	27464
7615	27465
7615	27466
7615	27467
7615	27468
7615	27469
7615	27470
7615	27471
7615	27472
7615	27473
7615	27474
7615	27475
7615	27476
7615	27477
7615	27478
7615	27479
7615	27480
7615	27481
7615	27482
7615	27483
7615	27484
7615	27485
7615	27486
7615	27487
7617	1660
7617	7617
7617	24941
7617	24942
7617	24943
7617	24945
7617	24946
7617	24947
7617	24948
7617	24949
7617	24950
7617	24951
7617	24952
7617	24954
7617	24956
7617	24957
7617	24958
7617	24959
7617	24960
7617	24961
7617	24962
7617	24963
7617	24964
7617	24965
7617	24966
7617	24967
7617	27488
7617	27489
7617	27490
7617	27491
7617	27492
7617	27493
7617	27494
7617	27495
7617	27496
7617	27497
7617	27498
7617	27499
7617	27500
7617	27501
7617	27502
7617	27503
7617	27504
7617	27505
7617	27506
7617	27507
7617	27508
7617	27509
7617	27510
7617	27511
7617	27512
7617	27513
7617	27514
7617	27515
7617	27516
7617	27517
7617	27518
7617	27519
7617	27520
7617	27521
7617	27522
7617	27523
7617	27524
7617	27525
7617	27526
7617	27527
7617	27528
7617	27529
7617	27530
7617	27531
7617	27532
7617	27533
7617	27534
7617	27535
7617	27536
7617	27537
7617	27538
7617	27539
7617	27540
7617	27541
7617	27542
7617	27543
7617	27544
7617	27545
7617	27546
7617	27547
7617	27548
7617	27549
7617	27550
7617	27551
7617	27552
7617	27553
7617	27554
7617	27555
7617	27556
7617	27557
7617	27558
7617	27559
7617	27560
7617	27561
7617	27562
7617	27563
7617	27564
7617	27565
7617	27566
7617	27567
7617	27568
7617	27569
7617	27570
7617	27571
7617	27572
7617	27573
7617	27574
7617	27575
7617	27576
7617	27577
7617	27578
7617	27579
7617	27580
7617	27581
7617	27582
7617	27583
7617	27584
7617	27585
7617	27586
7617	27587
7617	27588
7617	27589
7617	27590
7617	27591
7617	27592
7617	27593
7617	27594
7617	27595
7617	27596
7617	27597
7617	27598
7617	27599
7617	27600
7617	27601
7617	27602
7617	27603
7617	27604
7617	27605
7617	27606
7617	27607
7617	27608
7617	27609
7617	27610
7617	27611
7617	27612
7617	27613
7617	27614
7617	27615
7617	27616
7617	27617
7617	27618
7617	27619
7617	27620
7617	27621
7617	27622
7617	27623
7617	27624
7617	27625
7617	27626
7617	27627
7617	27628
7618	1973
7618	27629
7618	27630
7618	27631
7618	27632
7618	27633
7618	27634
7618	27635
7618	27636
7618	27637
7618	27638
7618	27639
7618	27640
7618	27641
7618	27642
7618	27643
7618	27644
7618	27645
7618	27646
7618	27647
7618	27648
7618	27649
7618	27650
7618	27651
7618	27652
7618	27653
7618	27654
7618	27655
7618	27656
7618	27657
7618	27658
7618	27659
7618	27660
7618	27661
7618	27662
7618	27663
7618	27664
7618	27665
7618	27666
7618	27667
7618	27668
7618	27669
7618	27670
7618	27671
7618	27672
7618	27673
7618	27674
7618	27675
7618	27676
7618	27677
7618	27678
7618	27679
7618	27680
7618	27681
7618	27682
7618	27683
7618	27684
7619	1660
7623	0
7623	201
7623	1661
7623	27685
7623	27686
7623	27687
7623	27688
7623	27689
7623	27690
7623	27691
7623	27692
7623	27693
7623	27694
7623	27695
7623	27696
7623	27697
7624	0
7624	201
7624	1661
7624	27698
7624	27699
7624	27700
7624	27701
7624	27702
7624	27703
7624	27704
7624	27705
7624	27706
7624	27707
7624	27708
7624	27709
7624	27710
7624	27711
7624	27712
7625	0
7625	201
7625	1661
7625	10166
7625	11127
7625	13625
7625	13630
7625	13631
7625	27713
7625	27714
7625	27715
7625	27716
7625	27717
7625	27718
7625	27719
7625	27720
7625	27721
7626	0
7626	201
7626	1661
7626	7786
7626	27722
7627	0
7627	201
7627	1661
7628	0
7628	201
7628	1661
7628	13622
7628	27723
7628	27724
7628	27725
7628	27726
7628	27727
7628	27728
7628	27729
7628	27730
7629	0
7629	201
7629	1662
7629	1675
7629	1681
7629	1682
7629	1688
7629	1693
7629	7610
7629	27731
7629	27732
7629	27733
7630	0
7630	201
7630	1662
7630	1675
7630	1681
7630	1682
7630	1688
7630	1693
7630	7443
7630	7610
7630	7630
7630	7638
7630	7783
7630	7803
7630	7808
7630	21885
7630	21886
7630	25301
7630	27734
7630	27735
7630	27736
7630	27737
7630	27738
7630	27739
7630	27740
7630	27741
7630	27742
7630	27743
7630	27744
7630	27745
7630	27746
7630	27747
7630	27748
7630	27749
7630	27750
7630	27751
7631	0
7631	201
7631	1662
7631	1675
7631	1688
7631	1693
7631	7124
7631	7610
7631	7631
7632	0
7632	201
7632	1662
7632	1675
7632	1688
7632	1693
7632	7610
7632	7630
7632	27752
7632	27753
7632	27754
7632	27755
7632	27756
7632	27757
7632	27758
7632	27759
7632	27760
7632	27761
7632	27762
7632	27763
7632	27764
7632	27765
7632	27766
7632	27767
7633	0
7633	201
7633	1662
7633	1675
7633	1681
7633	1682
7633	1688
7633	1693
7633	7610
7633	11721
7633	11732
7633	17970
7633	19592
7633	19595
7633	21885
7633	27742
7633	27748
7633	27768
7633	27769
7633	27770
7633	27771
7633	27772
7633	27773
7633	27774
7633	27775
7633	27776
7633	27777
7633	27778
7633	27779
7633	27780
7633	27781
7633	27782
7634	0
7634	201
7634	1662
7634	1675
7634	1688
7634	1691
7634	1693
7634	7610
7634	7649
7634	7650
7634	7681
7634	7741
7635	0
7635	201
7635	1662
7635	1675
7635	1688
7635	1693
7635	5278
7635	6246
7635	7610
7635	27783
7635	27784
7636	0
7636	53
7636	58
7636	61
7636	193
7636	862
7636	863
7636	955
7636	3210
7636	7636
7636	7637
7636	11871
7636	11872
7636	11873
7636	11874
7636	11875
7636	11876
7636	11877
7636	11878
7636	11879
7636	11880
7636	11881
7636	12891
7636	19142
7636	22042
7636	27785
7637	0
7637	862
7637	26024
7637	26025
7637	27786
7637	27787
7637	27788
7637	27789
7637	27790
7637	27791
7637	27792
7637	27793
7638	0
7638	201
7638	1662
7638	1675
7638	1682
7638	1688
7638	1693
7638	7610
7638	7638
7638	7652
7638	7782
7638	7783
7638	7787
7638	7789
7638	7790
7638	7791
7638	7793
7638	7794
7638	7795
7638	7796
7638	7797
7638	7798
7638	7799
7638	7800
7638	7801
7638	7803
7638	7807
7638	7808
7638	7810
7638	7846
7638	21885
7638	27738
7638	27739
7638	27748
7638	27794
7638	27795
7638	27796
7638	27797
7638	27798
7640	201
7640	957
7640	1661
7640	1662
7640	1663
7640	1664
7640	1668
7640	1669
7640	1670
7640	1671
7642	1663
7642	7639
7642	7644
7642	27799
7642	27800
7642	27801
7643	0
7643	201
7643	1663
7643	7652
7643	8030
7643	8141
7643	8143
7643	8157
7643	8158
7643	8159
7643	8160
7643	8161
7643	8162
7643	8163
7643	8164
7643	8165
7643	8166
7643	8167
7643	8168
7643	8169
7643	8170
7643	8171
7643	8172
7643	8173
7643	8174
7643	8181
7643	8182
7643	8183
7643	8184
7643	27802
7643	27803
7643	27804
7643	27805
7643	27806
7643	27807
7643	27808
7643	27809
7643	27810
7643	27811
7643	27812
7643	27813
7643	27814
7643	27815
7643	27816
7643	27817
7643	27818
7643	27819
7643	27820
7643	27821
7643	27822
7643	27823
7643	27824
7643	27825
7643	27826
7643	27827
7643	27828
7643	27829
7643	27830
7643	27831
7643	27832
7643	27833
7643	27834
7643	27835
7643	27836
7643	27837
7643	27838
7643	27839
7643	27840
7643	27841
7643	27842
7643	27843
7643	27844
7643	27845
7643	27846
7643	27847
7643	27848
7643	27849
7643	27850
7643	27851
7643	27852
7643	27853
7643	27854
7643	27855
7643	27856
7643	27857
7643	27858
7643	27859
7643	27860
7643	27861
7643	27862
7643	27863
7643	27864
7643	27865
7643	27866
7643	27867
7643	27868
7643	27869
7643	27870
7643	27871
7643	27872
7643	27873
7643	27874
7644	1663
7644	27875
7644	27876
7644	27877
7644	27878
7644	27879
7644	27880
7644	27881
7644	27882
7644	27883
7644	27884
7644	27885
7644	27886
7644	27887
7644	27888
7645	3337
7645	15509
7645	15515
7645	27889
7645	27890
7645	27891
7645	27892
7645	27893
7645	27894
7645	27895
7645	27896
7645	27897
7645	27898
7645	27899
7645	27900
7645	27901
7645	27902
7645	27903
7645	27904
7645	27905
7645	27906
7645	27907
7645	27908
7645	27909
7645	27910
7645	27911
7645	27912
7645	27913
7645	27914
7645	27915
7645	27916
7645	27917
7645	27918
7645	27919
7645	27920
7645	27921
7645	27922
7645	27923
7645	27924
7645	27925
7645	27926
7645	27927
7646	1659
7646	1663
7646	7647
7646	7648
7646	7649
7646	7650
7646	7654
7646	7655
7646	27928
7651	201
7651	267
7651	27929
7652	0
7652	201
7652	1675
7652	1682
7652	1683
7652	1688
7652	1693
7652	7610
7652	7638
7652	7742
7652	7782
7652	7783
7652	7789
7652	7791
7652	7793
7652	7794
7652	7795
7652	7796
7652	7798
7652	7799
7652	7800
7652	7801
7652	7810
7652	7846
7652	17106
7652	27894
7652	27918
7652	27930
7652	27931
7652	27932
7652	27933
7652	27934
7652	27935
7652	27936
7652	27937
7652	27938
7652	27939
7652	27940
7652	27941
7652	27942
7652	27943
7652	27944
7652	27945
7658	1154
7658	1273
7658	7831
7658	7836
7658	7838
7658	27946
7658	27947
7658	27948
7658	27949
7658	27950
7658	27951
7659	0
7659	201
7659	267
7659	1675
7659	1688
7659	1689
7659	1693
7659	7610
7659	7659
7659	7668
7659	7670
7659	7671
7661	201
7661	267
7661	1665
7661	7671
7661	27952
7661	27953
7662	201
7662	267
7662	1665
7662	7671
7662	27954
7663	0
7663	201
7663	1665
7663	1666
7663	1667
7663	1675
7663	1688
7663	1689
7663	1693
7663	7610
7663	7663
7663	7671
7663	27955
7663	27956
7663	27957
7663	27958
7663	27959
7663	27960
7663	27961
7663	27962
7663	27963
7663	27964
7663	27965
7663	27966
7663	27967
7663	27968
7664	201
7664	267
7664	1665
7664	7671
7664	27969
7664	27970
7664	27971
7664	27972
7664	27973
7664	27974
7664	27975
7665	0
7665	201
7665	1665
7665	1666
7665	1667
7665	1675
7665	1688
7665	1689
7665	1693
7665	7610
7665	7665
7665	7671
7665	27976
7665	27977
7665	27978
7665	27979
7666	0
7666	201
7666	1665
7666	1666
7666	1667
7666	1675
7666	1688
7666	1689
7666	1693
7666	7610
7666	7666
7666	7671
7666	27980
7666	27981
7666	27982
7666	27983
7666	27984
7666	27985
7666	27986
7666	27987
7667	0
7667	201
7667	1665
7667	1666
7667	1667
7667	1675
7667	1688
7667	1689
7667	1693
7667	7610
7667	7667
7667	7671
7667	27988
7667	27989
7667	27990
7667	27991
7668	0
7668	201
7668	1665
7668	1667
7668	1675
7668	1688
7668	1689
7668	1693
7668	7610
7668	7659
7668	7668
7668	7669
7668	7671
7668	7734
7668	27799
7668	27800
7668	27992
7668	27993
7668	27994
7668	27995
7668	27996
7668	27997
7668	27998
7668	27999
7668	28000
7668	28001
7668	28002
7668	28003
7668	28004
7668	28005
7668	28006
7668	28007
7668	28008
7668	28009
7668	28010
7668	28011
7668	28012
7668	28013
7668	28014
7668	28015
7668	28016
7668	28017
7668	28018
7668	28019
7668	28020
7668	28021
7668	28022
7668	28023
7668	28024
7668	28025
7668	28026
7668	28027
7669	0
7669	201
7669	1675
7669	1688
7669	1689
7669	1693
7669	7610
7669	7668
7669	7670
7669	7671
7669	7682
7669	7683
7669	28028
7669	28029
7670	0
7670	201
7670	267
7670	1675
7670	1688
7670	1689
7670	1693
7670	7610
7670	7659
7670	7669
7670	7670
7670	7671
7670	7734
7670	27799
7670	27800
7670	27992
7670	27993
7670	27994
7670	27995
7670	27996
7670	27997
7670	27998
7670	27999
7670	28000
7670	28001
7670	28002
7670	28003
7670	28004
7670	28005
7670	28006
7670	28007
7670	28008
7670	28009
7670	28010
7670	28011
7670	28012
7670	28013
7670	28014
7670	28015
7670	28016
7670	28017
7670	28018
7670	28019
7670	28020
7670	28021
7670	28022
7670	28023
7670	28024
7670	28025
7670	28026
7670	28027
7671	0
7671	201
7671	1660
7671	1665
7671	1666
7671	1667
7671	1675
7671	1688
7671	1693
7671	7607
7671	7610
7671	7611
7671	7668
7671	7669
7671	7670
7671	7681
7671	28030
7671	28031
7671	28032
7672	201
7672	267
7672	1665
7672	7671
7672	28033
7672	28034
7672	28035
7673	201
7673	267
7673	1665
7673	7671
7673	7673
7673	28036
7673	28037
7673	28038
7674	0
7674	201
7674	1665
7674	1666
7674	1667
7674	1675
7674	1688
7674	1689
7674	1693
7674	7610
7674	7671
7674	28039
7674	28040
7674	28041
7674	28042
7674	28043
7674	28044
7674	28045
7674	28046
7675	201
7675	267
7675	1665
7675	7671
7675	28047
7675	28048
7675	28049
7676	28050
7676	28051
7676	28052
7676	28053
7676	28054
7676	28055
7676	28056
7676	28057
7676	28058
7676	28059
7676	28060
7676	28061
7676	28062
7676	28063
7676	28064
7676	28065
7676	28066
7676	28067
7676	28068
7676	28069
7676	28070
7676	28071
7676	28072
7676	28073
7676	28074
7676	28075
7676	28076
7676	28077
7676	28078
7676	28079
7676	28080
7676	28081
7676	28082
7676	28083
7676	28084
7676	28085
7676	28086
7676	28087
7676	28088
7676	28089
7676	28090
7676	28091
7676	28092
7676	28093
7676	28094
7676	28095
7676	28096
7676	28097
7676	28098
7676	28099
7676	28100
7676	28101
7677	1669
7677	28102
7677	28103
7677	28104
7677	28105
7677	28106
7677	28107
7677	28108
7677	28109
7677	28110
7677	28111
7677	28112
7677	28113
7677	28114
7677	28115
7677	28116
7677	28117
7677	28118
7677	28119
7677	28120
7677	28121
7677	28122
7677	28123
7677	28124
7677	28125
7678	201
7678	267
7678	1670
7678	1958
7678	28126
7678	28127
7678	28128
7678	28129
7678	28130
7678	28131
7678	28132
7678	28133
7678	28134
7678	28135
7678	28136
7678	28137
7678	28138
7679	1671
7679	28139
7679	28140
7679	28141
7679	28142
7679	28143
7679	28144
7679	28145
7680	191
7680	201
7680	267
7680	7611
7680	7671
7680	7680
7680	7681
7680	7706
7680	7755
7680	7764
7680	28032
7680	28146
7680	28147
7680	28148
7680	28149
7680	28150
7680	28151
7680	28152
7680	28153
7680	28154
7680	28155
7682	0
7682	201
7682	267
7682	1675
7682	1688
7682	1689
7682	1693
7682	7610
7682	7668
7682	7669
7682	7670
7682	7671
7682	7682
7682	28002
7682	28024
7683	0
7683	201
7683	267
7683	1675
7683	1688
7683	1689
7683	1693
7683	7610
7683	7668
7683	7669
7683	7670
7683	7671
7683	7683
7683	28002
7683	28024
7684	201
7684	267
7684	1666
7684	1667
7684	7671
7684	7684
7684	7744
7684	28009
7684	28156
7684	28157
7685	0
7685	201
7685	1666
7685	7671
7685	27996
7685	28158
7686	0
7686	164
7686	201
7686	1660
7686	1665
7686	1667
7686	1675
7686	1681
7686	1682
7686	1683
7686	1688
7686	1692
7686	1693
7686	1694
7686	1698
7686	1718
7686	1719
7686	1720
7686	1721
7686	1946
7686	1973
7686	7610
7686	7611
7686	7681
7686	7761
7686	7763
7686	16590
7686	16591
7686	25367
7686	27999
7686	28159
7686	28160
7686	28161
7686	28162
7686	28163
7687	201
7687	267
7687	1663
7687	1666
7687	7671
7687	27799
7687	28164
7688	201
7688	267
7688	1666
7688	1667
7688	1671
7688	7671
7688	7688
7688	7734
7688	28165
7689	201
7689	267
7689	1663
7689	1666
7689	1667
7689	7671
7689	7689
7689	27800
7689	28165
7690	0
7690	201
7690	1666
7690	1667
7690	7671
7690	7690
7690	7819
7690	28166
7690	28167
7690	28168
7690	28169
7690	28170
7690	28171
7690	28172
7690	28173
7690	28174
7690	28175
7691	0
7691	201
7691	1666
7691	1667
7691	1669
7691	1951
7691	1952
7691	7671
7691	7691
7691	7760
7691	27097
7691	28020
7691	28176
7691	28177
7691	28178
7691	28179
7691	28180
7691	28181
7691	28182
7691	28183
7692	0
7692	201
7692	1666
7692	1667
7692	7671
7692	7773
7692	25367
7692	28010
7693	0
7693	201
7693	1666
7693	1667
7693	1949
7693	7671
7693	7693
7693	25127
7693	28012
7693	28184
7693	28185
7694	0
7694	201
7694	1666
7694	1667
7694	1669
7694	7671
7694	7694
7694	28014
7694	28186
7694	28187
7695	201
7695	267
7695	1666
7695	1667
7695	7611
7695	7671
7695	7695
7695	28188
7695	28189
7695	28190
7696	201
7696	267
7696	1666
7696	1667
7696	7665
7696	7696
7696	7701
7696	7773
7696	16947
7696	28018
7696	28191
7696	28192
7697	201
7697	267
7697	1666
7697	1667
7697	7671
7697	7697
7697	28019
7698	0
7698	201
7698	1666
7698	1667
7698	7671
7698	7682
7698	7698
7698	28002
7698	28193
7699	201
7699	267
7699	1666
7699	1667
7699	7671
7699	7683
7699	7699
7699	28024
7699	28193
7700	0
7700	201
7700	1666
7700	1667
7700	7671
7700	7700
7700	25128
7700	28001
7700	28194
7701	201
7701	267
7701	1666
7701	1667
7701	7671
7701	7701
7701	16943
7701	28195
7701	28196
7701	28197
7701	28198
7701	28199
7701	28200
7701	28201
7701	28202
7701	28203
7701	28204
7701	28205
7702	201
7702	267
7702	1250
7702	1666
7702	1667
7702	7051
7702	7085
7702	7086
7702	7667
7702	7671
7702	7702
7702	7773
7702	28027
7702	28206
7702	28207
7702	28208
7703	0
7703	201
7703	996
7703	1668
7703	7671
7703	7676
7703	7681
7703	7713
7703	7714
7703	7716
7703	7717
7703	7719
7703	7720
7703	28005
7703	28209
7703	28210
7703	28211
7703	28212
7703	28213
7703	28214
7704	7611
7704	7880
7704	7888
7704	7901
7704	28215
7704	28216
7704	28217
7704	28218
7704	28219
7704	28220
7704	28221
7704	28222
7704	28223
7704	28224
7705	28225
7705	28226
7705	28227
7706	0
7706	201
7706	1673
7706	1675
7706	1687
7706	1688
7706	1693
7706	7610
7706	26162
7706	26163
7706	28228
7706	28229
7706	28230
7706	28231
7706	28232
7706	28233
7706	28234
7706	28235
7706	28236
7706	28237
7706	28238
7707	0
7707	201
7707	1661
7707	1666
7707	1667
7707	7671
7707	7707
7707	27727
7707	27995
7708	201
7708	267
7708	1666
7708	1667
7708	7665
7708	7671
7708	7701
7708	7708
7708	7773
7708	16947
7708	28018
7708	28192
7709	0
7709	201
7709	1675
7709	1688
7709	1689
7709	1693
7709	1694
7709	7610
7709	7671
7709	28239
7710	0
7710	201
7710	1675
7710	1688
7710	1689
7710	1693
7710	1694
7710	7610
7710	7671
7710	28240
7711	201
7711	267
7711	1666
7711	1667
7711	1952
7711	7671
7711	7711
7711	7729
7712	0
7712	201
7712	1666
7712	1670
7712	1958
7712	7712
7712	7733
7712	28015
7712	28241
7712	28242
7713	1668
7713	28243
7714	0
7714	201
7714	996
7714	1659
7714	1668
7714	7660
7714	7703
7714	7715
7714	7716
7714	7717
7714	7719
7714	7775
7714	28050
7714	28214
7714	28244
7715	28210
7716	0
7716	201
7716	996
7716	1668
7716	1698
7716	7652
7716	7703
7716	7714
7716	7717
7716	7719
7716	27891
7716	27895
7716	27905
7716	27918
7716	27920
7716	28214
7716	28245
7716	28246
7716	28247
7716	28248
7716	28249
7716	28250
7716	28251
7716	28252
7716	28253
7716	28254
7717	0
7717	43
7717	201
7717	996
7717	1667
7717	1668
7717	7703
7717	7714
7717	7716
7717	7719
7717	17240
7717	19231
7717	28214
7717	28255
7717	28256
7717	28257
7718	7652
7719	0
7719	201
7719	996
7719	1668
7719	7640
7719	7703
7719	7714
7719	7716
7719	7717
7719	7843
7719	7876
7719	28214
7719	28258
7719	28259
7719	28260
7719	28261
7719	28262
7719	28263
7719	28264
7719	28265
7719	28266
7719	28267
7719	28268
7719	28269
7719	28270
7719	28271
7719	28272
7719	28273
7719	28274
7719	28275
7719	28276
7719	28277
7720	1668
7720	28212
7720	28213
7721	43
7722	201
7722	7609
7723	7724
7723	25808
7723	28278
7723	28279
7723	28280
7723	28281
7723	28282
7723	28283
7723	28284
7723	28285
7723	28286
7723	28287
7724	1669
7724	1951
7724	7722
7724	7726
7724	7729
7724	7794
7724	7909
7724	26429
7724	28288
7724	28289
7724	28290
7724	28291
7725	7725
7725	28292
7725	28293
7725	28294
7725	28295
7725	28296
7725	28297
7725	28298
7725	28299
7726	1669
7726	1951
7726	7760
7726	21886
7726	27097
7726	28180
7726	28181
7726	28300
7726	28301
7726	28302
7726	28303
7726	28304
7726	28305
7726	28306
7726	28307
7726	28308
7726	28309
7726	28310
7727	0
7727	201
7727	1659
7727	1669
7727	1675
7727	1682
7727	1687
7727	1688
7727	1693
7727	1951
7727	1952
7727	7610
7727	7649
7727	7650
7727	7677
7727	7681
7727	28311
7727	28312
7727	28313
7727	28314
7728	0
7728	43
7728	201
7728	1659
7728	1669
7728	1675
7728	1676
7728	1681
7728	1682
7728	1687
7728	1688
7728	1689
7728	1691
7728	1693
7728	1951
7728	1952
7728	7610
7728	7649
7728	7650
7728	7677
7728	7681
7728	7722
7728	7727
7728	18100
7728	26429
7728	28315
7728	28316
7728	28317
7728	28318
7728	28319
7728	28320
7728	28321
7729	1669
7729	1951
7729	1952
7729	3849
7729	28322
7729	28323
7729	28324
7729	28325
7729	28326
7729	28327
7729	28328
7729	28329
7729	28330
7729	28331
7729	28332
7729	28333
7729	28334
7730	1669
7730	1951
7730	7612
7730	8467
7730	17051
7730	28335
7730	28336
7730	28337
7730	28338
7730	28339
7730	28340
7730	28341
7730	28342
7730	28343
7731	201
7731	267
7731	1670
7731	1958
7731	7731
7732	201
7732	267
7732	1670
7732	1958
7732	7660
7733	201
7733	267
7733	1670
7733	1958
7733	7656
7733	7733
7733	7741
7733	7786
7733	7808
7733	7810
7733	7846
7733	27894
7733	27935
7733	27937
7733	27938
7733	28344
7733	28345
7733	28346
7733	28347
7733	28348
7733	28349
7733	28350
7733	28351
7733	28352
7733	28353
7734	0
7734	201
7734	267
7734	1671
7734	1675
7734	1688
7734	1689
7734	1693
7734	7610
7734	7668
7734	7670
7734	7671
7734	7734
7736	1671
7736	7736
7736	7936
7736	8042
7736	8044
7736	8045
7736	8054
7736	8088
7736	8099
7736	8110
7736	8121
7736	8122
7736	8135
7736	8146
7736	8147
7736	8148
7736	8149
7736	8150
7736	8151
7736	8152
7736	8153
7736	8154
7736	8155
7736	8156
7736	17105
7736	28354
7736	28355
7736	28356
7736	28357
7736	28358
7736	28359
7736	28360
7736	28361
7736	28362
7736	28363
7736	28364
7736	28365
7736	28366
7736	28367
7736	28368
7736	28369
7736	28370
7736	28371
7736	28372
7736	28373
7736	28374
7736	28375
7736	28376
7736	28377
7736	28378
7736	28379
7736	28380
7736	28381
7736	28382
7736	28383
7736	28384
7736	28385
7736	28386
7736	28387
7736	28388
7736	28389
7736	28390
7736	28391
7736	28392
7736	28393
7736	28394
7736	28395
7736	28396
7736	28397
7736	28398
7736	28399
7736	28400
7736	28401
7736	28402
7736	28403
7736	28404
7736	28405
7736	28406
7736	28407
7736	28408
7736	28409
7736	28410
7736	28411
7736	28412
7736	28413
7736	28414
7736	28415
7736	28416
7736	28417
7736	28418
7736	28419
7737	0
7737	43
7737	201
7737	1659
7737	3200
7737	7649
7737	7650
7737	7652
7737	7654
7737	7655
7737	7656
7737	7679
7737	7734
7737	7735
7737	7736
7737	7737
7737	7738
7737	7740
7737	7742
7737	28214
7737	28420
7737	28421
7737	28422
7737	28423
7737	28424
7737	28425
7737	28426
7737	28427
7737	28428
7738	1671
7743	1672
7743	28429
7743	28430
7743	28431
7744	7611
7744	7704
7744	7745
7744	7888
7744	26194
7744	26195
7744	26196
7744	26198
7744	27107
7744	28432
7744	28433
7744	28434
7744	28435
7744	28436
7744	28437
7744	28438
7745	7611
7745	7744
7745	26194
7745	26195
7745	26196
7745	26198
7745	27107
7745	28433
7745	28439
7745	28440
7745	28441
7745	28442
7745	28443
7745	28444
7746	7611
7746	26193
7746	26194
7746	26195
7746	26196
7746	26198
7746	27107
7746	28433
7746	28442
7746	28445
7746	28446
7746	28447
7746	28448
7746	28449
7746	28450
7746	28451
7747	7611
7747	7744
7747	7745
7747	26194
7747	26195
7747	26196
7747	26198
7747	27107
7747	28433
7747	28442
7747	28447
7747	28451
7747	28452
7747	28453
7747	28454
7747	28455
7747	28456
7747	28457
7747	28458
7747	28459
7747	28460
7748	15522
7749	8188
7749	10329
7749	28215
7749	28461
7749	28462
7749	28463
7749	28464
7749	28465
7749	28466
7749	28467
7749	28468
7750	0
7750	201
7750	1661
7750	1662
7750	1663
7750	1664
7750	1668
7750	1669
7750	1670
7750	1671
7750	1672
7750	1673
7750	1675
7750	1681
7750	1688
7750	1689
7750	1693
7750	1699
7750	7607
7750	7608
7750	7609
7750	7610
7750	7612
7750	7613
7750	7671
7750	7706
7750	7750
7750	7751
7750	7753
7750	7755
7750	7760
7750	7761
7750	7763
7750	7764
7750	7765
7750	7770
7750	7889
7750	8186
7750	28469
7751	0
7751	201
7751	1675
7751	1688
7751	1693
7751	7607
7751	7608
7751	7610
7751	7613
7751	7752
7751	28470
7751	28471
7751	28472
7751	28473
7752	0
7752	43
7752	201
7752	1673
7752	1675
7752	1676
7752	1687
7752	1688
7752	1693
7752	7608
7752	7752
7752	28474
7752	28475
7752	28476
7753	267
7753	7768
7753	24876
7753	28155
7753	28477
7753	28478
7753	28479
7755	201
7755	267
7755	7890
7755	7891
7755	7892
7755	28214
7755	28480
7755	28481
7755	28482
7756	0
7756	201
7756	1675
7756	1688
7756	1693
7756	5345
7756	7610
7756	7755
7756	28483
7757	0
7757	201
7757	1675
7757	1688
7757	1693
7757	7610
7757	7755
7757	25045
7758	201
7758	267
7758	7755
7758	28484
7758	28485
7758	28486
7758	28487
7759	0
7759	201
7759	1675
7759	1688
7759	1693
7759	7610
7759	7755
7760	146
7760	201
7760	1273
7760	3366
7760	7430
7760	7612
7760	11728
7760	16337
7760	25182
7760	27097
7760	28301
7760	28488
7760	28489
7760	28490
7760	28491
7760	28492
7760	28493
7760	28494
7760	28495
7760	28496
7760	28497
7760	28498
7760	28499
7760	28500
7760	28501
7760	28502
7760	28503
7760	28504
7760	28505
7761	201
7761	1273
7761	7649
7761	7650
7761	7761
7762	8188
7762	10329
7762	28215
7762	28461
7762	28462
7762	28463
7762	28464
7762	28465
7762	28466
7762	28467
7762	28468
7763	0
7763	201
7763	1675
7763	1688
7763	1693
7763	1698
7763	7610
7763	28506
7764	0
7764	201
7764	1698
7764	7763
7764	7764
7764	8461
7764	11660
7764	16821
7764	25142
7764	28255
7764	28507
7764	28508
7764	28509
7764	28510
7764	28511
7764	28512
7764	28513
7764	28514
7764	28515
7764	28516
7764	28517
7764	28518
7764	28519
7764	28520
7764	28521
7764	28522
7764	28523
7764	28524
7764	28525
7764	28526
7764	28527
7764	28528
7764	28529
7764	28530
7764	28531
7764	28532
7764	28533
7764	28534
7764	28535
7764	28536
7764	28537
7764	28538
7764	28539
7764	28540
7764	28541
7764	28542
7764	28543
7764	28544
7764	28545
7764	28546
7764	28547
7764	28548
7764	28549
7764	28550
7764	28551
7764	28552
7764	28553
7764	28554
7764	28555
7764	28556
7765	201
7765	7781
7765	26429
7765	27737
7765	28557
7765	28558
7765	28559
7765	28560
7765	28561
7765	28562
7765	28563
7766	3318
7766	3949
7766	7831
7766	8298
7766	15509
7766	15510
7766	16572
7766	18205
7766	18236
7766	28564
7766	28565
7766	28566
7766	28567
7766	28568
7766	28569
7766	28570
7766	28571
7766	28572
7766	28573
7766	28574
7766	28575
7766	28576
7766	28577
7766	28578
7766	28579
7766	28580
7766	28581
7766	28582
7766	28583
7766	28584
7766	28585
7766	28586
7767	201
7767	267
7767	1672
7767	1973
7767	7607
7767	7608
7767	7609
7767	7611
7767	7612
7767	7613
7767	7671
7767	7705
7767	7751
7767	7755
7767	7760
7767	7761
7767	7764
7767	27108
7767	28587
7767	28588
7767	28589
7767	28590
7767	28591
7767	28592
7767	28593
7767	28594
7767	28595
7767	28596
7768	189
7768	191
7768	201
7768	267
7770	201
7770	267
7770	1659
7770	7770
7770	7914
7770	27109
7770	27110
7770	28597
7770	28598
7771	201
7771	267
7771	1952
7771	7612
7771	7772
7771	7773
7771	28186
7771	28599
7772	201
7772	267
7772	7612
7772	7771
7772	7773
7772	7774
7772	28600
7772	28601
7773	201
7773	267
7773	7612
7773	7771
7773	7772
7773	28602
7773	28603
7774	201
7774	267
7774	7612
7774	28604
7774	28605
7774	28606
7774	28607
7777	28608
7777	28609
7777	28610
7777	28611
7777	28612
7777	28613
7777	28614
7777	28615
7777	28616
7777	28617
7777	28618
7777	28619
7777	28620
7777	28621
7777	28622
7777	28623
7777	28624
7777	28625
7777	28626
7777	28627
7777	28628
7777	28629
7777	28630
7777	28631
7777	28632
7777	28633
7777	28634
7777	28635
7777	28636
7777	28637
7777	28638
7777	28639
7777	28640
7777	28641
7777	28642
7777	28643
7777	28644
7777	28645
7777	28646
7777	28647
7777	28648
7777	28649
7777	28650
7777	28651
7777	28652
7777	28653
7777	28654
7777	28655
7777	28656
7777	28657
7777	28658
7777	28659
7777	28660
7777	28661
7777	28662
7777	28663
7777	28664
7777	28665
7777	28666
7777	28667
7777	28668
7777	28669
7777	28670
7777	28671
7777	28672
7777	28673
7777	28674
7777	28675
7777	28676
7778	0
7778	201
7778	1673
7778	1675
7778	1677
7778	1681
7778	1688
7778	1689
7778	1693
7778	7610
7779	0
7779	201
7779	1673
7779	1675
7779	1681
7779	1688
7779	1689
7779	1693
7779	7610
7780	201
7780	267
7780	7612
7781	28561
7781	28677
7782	0
7782	201
7782	1675
7782	1682
7782	1683
7782	1688
7782	1693
7782	7610
7782	7638
7782	7652
7782	7656
7782	7741
7782	7742
7782	7782
7782	7783
7782	7785
7782	7786
7782	7789
7782	7791
7782	7793
7782	7794
7782	7795
7782	7796
7782	7798
7782	7799
7782	7800
7782	7801
7782	7803
7782	7804
7782	7805
7782	7806
7782	7808
7782	7810
7782	7811
7782	7813
7782	7846
7782	17106
7782	19231
7782	27096
7782	27794
7782	27796
7782	27798
7782	27918
7782	27933
7782	27937
7782	27938
7782	27940
7782	27941
7782	27945
7782	28215
7782	28300
7782	28320
7782	28321
7782	28678
7782	28679
7782	28680
7782	28681
7782	28682
7782	28683
7782	28684
7782	28685
7782	28686
7782	28687
7782	28688
7782	28689
7782	28690
7782	28691
7782	28692
7782	28693
7782	28694
7782	28695
7782	28696
7782	28697
7782	28698
7782	28699
7783	0
7783	201
7783	1675
7783	1682
7783	1688
7783	1693
7783	7610
7783	7638
7783	7652
7783	7782
7783	7789
7783	7791
7783	7793
7783	7794
7783	7795
7783	7796
7783	7798
7783	7799
7783	7800
7783	7801
7783	28700
7784	1675
7784	1688
7784	1693
7784	7610
7785	28701
7786	28702
7786	28703
7786	28704
7786	28705
7786	28706
7786	28707
7786	28708
7786	28709
7786	28710
7786	28711
7786	28712
7786	28713
7786	28714
7786	28715
7786	28716
7786	28717
7786	28718
7786	28719
7786	28720
7786	28721
7786	28722
7788	28723
7788	28724
7789	0
7789	201
7789	1675
7789	1682
7789	1683
7789	1688
7789	1693
7789	7610
7789	7638
7789	7652
7789	7782
7789	7783
7789	7786
7789	7791
7789	7793
7789	7794
7789	7795
7789	7796
7789	7798
7789	7799
7789	7800
7789	7801
7789	27945
7789	28678
7789	28691
7789	28692
7789	28694
7789	28725
7789	28726
7789	28727
7789	28728
7790	0
7790	201
7790	1682
7790	7638
7790	7782
7790	7789
7790	7790
7790	7791
7790	7793
7790	7794
7790	7795
7790	7796
7790	7798
7790	7799
7790	7800
7790	28729
7791	0
7791	201
7791	1675
7791	1682
7791	1688
7791	1693
7791	7610
7791	7638
7791	7652
7791	7782
7791	7783
7791	7786
7791	7788
7791	7789
7791	7793
7791	7794
7791	7795
7791	7796
7791	7798
7791	7799
7791	7800
7791	7801
7791	7846
7791	28688
7791	28698
7791	28730
7792	1675
7792	1688
7792	1693
7792	7610
7792	7792
7793	0
7793	201
7793	1675
7793	1682
7793	1688
7793	1693
7793	7610
7793	7638
7793	7652
7793	7782
7793	7789
7793	7791
7793	7794
7793	7795
7793	7796
7793	7798
7793	7799
7793	7800
7793	7801
7793	7806
7793	7846
7793	19231
7794	0
7794	201
7794	1675
7794	1682
7794	1688
7794	1693
7794	7430
7794	7610
7794	7638
7794	7652
7794	7722
7794	7782
7794	7783
7794	7789
7794	7791
7794	7793
7794	7795
7794	7796
7794	7797
7794	7798
7794	7799
7794	7800
7794	7801
7794	7802
7794	7803
7794	7846
7794	21885
7794	26429
7794	27794
7794	27930
7794	28300
7794	28684
7794	28688
7794	28731
7795	0
7795	201
7795	1675
7795	1682
7795	1683
7795	1688
7795	1693
7795	7610
7795	7638
7795	7652
7795	7782
7795	7783
7795	7785
7795	7786
7795	7789
7795	7791
7795	7792
7795	7793
7795	7794
7795	7795
7795	7796
7795	7798
7795	7799
7795	7800
7795	7801
7795	7804
7795	7806
7795	7808
7795	7810
7795	7811
7795	7812
7795	7813
7795	7846
7795	28215
7795	28679
7795	28681
7795	28682
7795	28686
7795	28687
7795	28688
7795	28689
7795	28690
7795	28695
7795	28697
7795	28698
7795	28730
7795	28732
7795	28733
7796	0
7796	201
7796	1669
7796	1675
7796	1682
7796	1688
7796	1693
7796	7610
7796	7638
7796	7652
7796	7782
7796	7783
7796	7789
7796	7791
7796	7793
7796	7794
7796	7795
7796	7796
7796	7798
7796	7799
7796	7800
7796	7801
7796	7846
7796	26429
7796	28300
7796	28315
7796	28320
7796	28321
7796	28688
7796	28731
7796	28734
7796	28735
7796	28736
7797	1675
7797	1688
7797	1693
7797	7610
7797	7797
7797	28737
7797	28738
7798	0
7798	201
7798	1675
7798	1682
7798	1688
7798	1693
7798	7610
7798	7638
7798	7652
7798	7782
7798	7783
7798	7787
7798	7789
7798	7791
7798	7793
7798	7794
7798	7795
7798	7796
7798	7797
7798	7798
7798	7799
7798	7800
7798	7801
7798	7803
7798	7810
7798	26429
7798	27798
7798	28739
7799	0
7799	201
7799	1675
7799	1682
7799	1688
7799	1693
7799	7610
7799	7638
7799	7652
7799	7782
7799	7783
7799	7789
7799	7791
7799	7793
7799	7794
7799	7795
7799	7796
7799	7798
7799	7800
7799	7801
7799	28688
7799	28697
7799	28699
7799	28730
7799	28740
7800	0
7800	201
7800	1675
7800	1682
7800	1683
7800	1688
7800	1693
7800	7610
7800	7638
7800	7652
7800	7782
7800	7783
7800	7789
7800	7791
7800	7793
7800	7794
7800	7795
7800	7796
7800	7798
7800	7799
7800	7800
7800	7801
7800	7802
7800	7808
7800	7810
7800	7811
7800	7812
7800	7846
7800	27795
7800	27945
7800	28680
7800	28688
7800	28690
7800	28693
7800	28730
7800	28731
7800	28741
7800	28742
7800	28743
7800	28744
7800	28745
7801	0
7801	201
7801	1675
7801	1682
7801	1688
7801	1693
7801	7610
7801	7638
7801	7652
7801	7782
7801	7789
7801	7791
7801	7793
7801	7794
7801	7795
7801	7796
7801	7798
7801	7799
7801	7800
7801	7846
7801	27945
7801	28746
7801	28747
7801	28748
7801	28749
7801	28750
7801	28751
7801	28752
7801	28753
7846	28754
7846	28755
7846	28756
7846	28757
7846	28758
7846	28759
7846	28760
7846	28761
7846	28762
7846	28763
7846	28764
7846	28765
7846	28766
7846	28767
7846	28768
7846	28769
7846	28770
7846	28771
7846	28772
7846	28773
7846	28774
7846	28775
7846	28776
7846	28777
7846	28778
7846	28779
7846	28780
7846	28781
7846	28782
7846	28783
7846	28784
7846	28785
7846	28786
7846	28787
7846	28788
7846	28789
7846	28790
7846	28791
7846	28792
7846	28793
7846	28794
7846	28795
7846	28796
7846	28797
7846	28798
7846	28799
7846	28800
7846	28801
7846	28802
7846	28803
7846	28804
7846	28805
7846	28806
7846	28807
7846	28808
7846	28809
7846	28810
7846	28811
7846	28812
7846	28813
7846	28814
7846	28815
7846	28816
7846	28817
7883	0
7883	201
7883	1672
7883	1673
7883	1675
7883	1681
7883	1687
7883	1688
7883	1689
7883	1693
7883	1960
7883	7607
7883	7608
7883	7609
7883	7610
7883	7612
7883	7613
7883	7671
7883	7705
7883	7706
7883	7754
7883	7755
7883	7760
7883	7761
7883	7763
7883	7764
7883	7770
7884	0
7884	201
7884	1675
7884	1681
7884	1688
7884	1693
7884	7440
7884	7610
7884	7884
7884	7885
7884	12671
7884	12692
7884	16244
7884	16713
7884	17648
7884	19231
7884	20453
7884	28257
7884	28554
7884	28564
7884	28579
7884	28818
7884	28819
7884	28820
7884	28821
7884	28822
7884	28823
7884	28824
7884	28825
7884	28826
7884	28827
7884	28828
7884	28829
7884	28830
7884	28831
7884	28832
7884	28833
7884	28834
7884	28835
7884	28836
7884	28837
7884	28838
7884	28839
7884	28840
7884	28841
7884	28842
7884	28843
7884	28844
7884	28845
7884	28846
7884	28847
7885	0
7885	201
7885	1669
7885	1675
7885	1681
7885	1688
7885	1693
7885	7610
7885	7645
7885	7690
7885	7701
7885	7729
7885	7733
7885	7760
7885	7884
7885	13385
7885	16591
7885	25127
7885	28156
7885	28157
7885	28158
7885	28188
7885	28193
7885	28194
7885	28248
7887	0
7887	201
7887	1659
7887	1676
7887	1677
7887	7887
7887	7916
7887	28848
7887	28849
7887	28850
7887	28851
7887	28852
7887	28853
7887	28854
7887	28855
7887	28856
7887	28857
7887	28858
7887	28859
7887	28860
7887	28861
7887	28862
7887	28863
7887	28864
7887	28865
7887	28866
7887	28867
7887	28868
7887	28869
7887	28870
7887	28871
7887	28872
7887	28873
7887	28874
7887	28875
7887	28876
7887	28877
7887	28878
7887	28879
7887	28880
7888	7749
7888	7900
7888	10329
7888	28224
7888	28881
7888	28882
7888	28883
7888	28884
7888	28885
7888	28886
7888	28887
7888	28888
7888	28889
7888	28890
7888	28891
7888	28892
7888	28893
7888	28894
7888	28895
7888	28896
7889	7749
7889	7888
7889	7900
7889	28215
7889	28897
7889	28898
7889	28899
7889	28900
7889	28901
7889	28902
7892	7681
7892	7886
7892	28903
7894	7894
7894	7895
7894	7896
7894	8189
7894	26195
7894	28904
7894	28905
7894	28906
7894	28907
7894	28908
7894	28909
7894	28910
7894	28911
7894	28912
7894	28913
7894	28914
7894	28915
7894	28916
7894	28917
7894	28918
7894	28919
7894	28920
7895	7895
7895	8189
7895	26195
7895	26215
7895	26217
7895	28916
7895	28919
7895	28921
7895	28922
7895	28923
7895	28924
7895	28925
7895	28926
7896	7894
7896	7897
7896	8189
7896	26195
7896	28927
7896	28928
7896	28929
7896	28930
7896	28931
7896	28932
7896	28933
7896	28934
7896	28935
7896	28936
7896	28937
7896	28938
7896	28939
7896	28940
7896	28941
7896	28942
7896	28943
7896	28944
7896	28945
7896	28946
7896	28947
7896	28948
7896	28949
7896	28950
7896	28951
7896	28952
7896	28953
7896	28954
7896	28955
7896	28956
7896	28957
7896	28958
7896	28959
7896	28960
7897	7894
7897	7896
7897	7897
7897	26195
7897	28921
7897	28925
7897	28926
7897	28927
7898	7894
7898	7899
7898	8189
7898	28961
7898	28962
7898	28963
7898	28964
7898	28965
7898	28966
7898	28967
7898	28968
7898	28969
7898	28970
7898	28971
7898	28972
7898	28973
7898	28974
7898	28975
7898	28976
7898	28977
7898	28978
7898	28979
7898	28980
7899	7894
7899	7899
7899	8189
7899	28921
7899	28925
7899	28926
7899	28961
7899	28962
7899	28963
7899	28964
7900	7611
7900	7880
7900	7888
7900	7901
7900	28215
7900	28216
7900	28217
7900	28218
7900	28219
7900	28220
7900	28221
7900	28222
7900	28223
7900	28224
7901	7900
7901	28921
7901	28925
7901	28926
7902	28981
7902	28982
7902	28983
7903	28984
7903	28985
7903	28986
7904	7611
7905	7905
7905	7906
7905	8189
7905	28987
7905	28988
7905	28989
7905	28990
7905	28991
7905	28992
7905	28993
7905	28994
7905	28995
7905	28996
7905	28997
7906	2742
7906	7905
7906	7906
7906	8189
7906	26201
7906	26211
7906	26212
7906	28987
7906	28994
7906	28998
7907	7888
7907	7907
7907	28999
7909	0
7909	201
7909	1675
7909	1682
7909	1688
7909	1693
7909	7610
7909	7638
7909	7782
7909	7789
7909	7791
7909	7793
7909	7794
7909	7795
7909	7796
7909	7798
7909	7799
7909	7800
7909	7909
7909	29000
7911	7916
7911	28866
7911	29001
7913	201
7913	1676
7913	1696
7913	7612
7914	201
7914	1676
7914	1696
7914	7612
7914	7912
7915	201
7915	1676
7915	1696
7915	7612
7915	28853
7915	28867
7915	28877
7915	29002
7915	29003
7915	29004
7915	29005
7915	29006
7915	29007
7916	29008
7916	29009
7917	0
7917	43
7917	201
7917	1675
7917	1688
7917	1693
7917	1697
7917	7920
7918	0
7918	201
7918	1675
7918	1688
7918	1693
7918	1697
7918	7610
7919	0
7919	201
7919	1675
7919	1688
7919	1693
7919	1697
7919	7610
7919	29010
7919	29011
7919	29012
7919	29013
7919	29014
7919	29015
7919	29016
7919	29017
7919	29018
7919	29019
7919	29020
7919	29021
7919	29022
7919	29023
7919	29024
7919	29025
7920	0
7920	201
7920	1675
7920	1688
7920	1693
7920	7610
7921	0
7921	201
7921	1675
7921	1688
7921	1693
7921	1697
7921	7610
7921	28155
7922	0
7922	201
7922	1675
7922	1688
7922	1693
7922	1697
7922	7610
7923	0
7923	201
7923	1675
7923	1688
7923	1693
7923	1697
7923	7610
7924	0
7924	43
7924	201
7924	1675
7924	1688
7924	1693
7924	1697
7924	7924
7924	29026
7924	29027
7924	29028
7924	29029
7924	29030
7924	29031
7925	0
7925	201
7925	1675
7925	1688
7925	1693
7925	1697
7925	7610
7926	0
7926	201
7926	1675
7926	1688
7926	1693
7926	1697
7926	7610
7926	28587
7926	28588
7926	28589
7926	28590
7926	28591
7926	28593
7926	28594
7926	28595
7926	28596
7926	29032
7926	29033
7926	29034
7926	29035
7927	1697
7928	0
7928	201
7928	1675
7928	1688
7928	1693
7928	1697
7928	7610
7929	0
7929	43
7929	201
7929	1675
7929	1688
7929	1693
7929	1697
7929	29036
7982	12286
7982	29037
7982	29038
7982	29039
7983	12286
7983	27823
7983	29037
7983	29039
7984	29040
7984	29041
7984	29042
7984	29043
7984	29044
7984	29045
7984	29046
7984	29047
7985	12286
7985	29037
7985	29039
7985	29048
7986	12286
7986	29037
7986	29039
7986	29049
7987	12286
7987	29037
7987	29039
7987	29050
7988	7991
7988	7999
7988	8015
7988	8018
7988	8023
7988	29051
7988	29052
7989	12286
7989	29037
7989	29039
7989	29053
7990	12286
7990	29037
7990	29039
7990	29053
7991	12286
7991	28361
7991	29037
7991	29039
7992	12286
7992	27828
7992	29037
7992	29039
7993	12286
7993	29037
7993	29039
7993	29054
7994	12286
7994	29037
7994	29039
7994	29055
7995	12286
7995	27827
7995	29037
7995	29039
7996	12286
7996	29037
7996	29039
7996	29056
7997	12286
7997	29037
7997	29039
7997	29057
7998	12286
7998	27827
7998	29037
7998	29039
7999	12286
7999	28362
7999	29037
7999	29039
8000	12286
8000	29037
8000	29039
8000	29058
8001	12286
8001	29037
8001	29039
8001	29059
8002	12286
8002	29037
8002	29039
8002	29060
8003	7995
8003	7998
8003	8004
8003	8008
8003	8009
8003	8010
8003	8011
8003	8012
8003	8016
8003	8019
8003	8020
8003	8024
8003	8025
8003	8027
8003	8028
8003	8031
8003	29061
8004	12286
8004	27827
8004	29037
8004	29039
8005	12286
8005	27826
8005	29037
8006	12286
8006	29037
8006	29039
8006	29062
8007	12286
8007	29037
8007	29039
8007	29063
8008	12286
8008	27827
8008	29037
8008	29039
8009	12286
8009	27827
8009	29037
8009	29039
8010	12286
8010	27827
8010	29037
8010	29039
8011	12286
8011	27827
8011	29037
8011	29039
8012	12286
8012	27827
8012	29037
8012	29039
8013	12286
8013	29037
8013	29039
8013	29064
8014	12286
8014	29039
8014	29065
8015	12286
8015	28364
8015	29037
8015	29039
8016	12286
8016	27827
8016	29037
8016	29039
8017	12286
8017	29037
8017	29039
8017	29066
8018	12286
8018	28365
8018	29037
8018	29039
8019	12286
8019	27827
8019	29037
8019	29039
8020	12286
8020	27827
8020	29037
8020	29039
8021	12286
8021	29037
8021	29039
8021	29067
8022	12286
8022	29037
8022	29039
8022	29068
8023	12286
8023	28366
8023	29037
8023	29039
8024	12286
8024	27827
8024	29037
8024	29039
8025	12286
8025	27827
8025	29037
8025	29039
8026	12286
8026	29037
8026	29039
8026	29069
8027	12286
8027	27827
8027	29037
8027	29039
8028	12286
8028	27827
8028	29037
8028	29039
8029	12286
8029	29037
8029	29039
8029	29048
8030	12286
8030	29039
8030	29070
8031	12286
8031	27827
8031	29037
8031	29039
8032	12286
8032	29037
8032	29039
8032	29071
8033	12286
8033	29037
8033	29039
8033	29072
8034	12286
8034	29037
8034	29039
8034	29073
8035	29074
8035	29075
8035	29076
8036	0
8036	201
8036	1675
8036	1681
8036	1688
8036	1693
8036	1698
8036	7610
8036	7930
8036	7931
8036	7932
8036	7933
8036	7934
8036	7935
8036	7936
8036	7937
8036	7938
8036	7939
8036	7940
8036	7941
8036	7942
8036	7943
8036	7944
8036	7945
8036	7946
8036	7947
8036	7948
8036	7949
8036	7950
8036	7951
8036	7952
8036	7953
8036	7954
8036	7955
8036	7956
8036	7957
8036	7958
8036	7959
8036	7960
8036	7961
8036	7962
8036	7963
8036	7964
8036	7965
8036	7966
8036	7967
8036	7968
8036	7969
8036	7970
8036	7971
8036	7972
8036	7973
8036	7974
8036	7975
8036	7976
8036	7977
8036	7978
8036	7979
8036	7980
8036	7981
8036	7982
8036	7983
8036	7984
8036	7985
8036	7986
8036	7987
8036	7988
8036	7989
8036	7990
8036	7991
8036	7992
8036	7993
8036	7994
8036	7995
8036	7996
8036	7997
8036	7998
8036	7999
8036	8000
8036	8001
8036	8002
8036	8003
8036	8004
8036	8005
8036	8006
8036	8007
8036	8008
8036	8009
8036	8010
8036	8011
8036	8012
8036	8013
8036	8014
8036	8015
8036	8016
8036	8017
8036	8018
8036	8019
8036	8020
8036	8021
8036	8022
8036	8023
8036	8024
8036	8025
8036	8026
8036	8027
8036	8028
8036	8029
8036	8030
8036	8031
8036	8032
8036	8033
8036	8034
8036	8035
8036	8036
8036	8037
8036	8038
8036	8039
8036	8040
8036	8041
8036	8042
8036	8043
8036	8044
8036	8045
8036	8046
8036	8047
8036	8048
8036	8049
8036	8050
8036	8051
8036	8052
8036	8053
8036	8054
8036	8055
8036	8056
8036	8057
8036	8058
8036	8059
8036	8060
8036	8061
8036	8062
8036	8063
8036	8064
8036	8065
8036	8066
8036	8067
8036	8068
8036	8069
8036	8070
8036	8071
8036	8072
8036	8073
8036	8074
8036	8075
8036	8076
8036	8077
8036	8078
8036	8079
8036	8080
8036	8081
8036	8082
8036	8083
8036	8084
8036	8085
8036	8086
8036	8087
8036	8088
8036	8089
8036	8090
8036	8091
8036	8092
8036	8093
8036	8094
8036	8095
8036	8096
8036	8097
8036	8098
8036	8099
8036	8100
8036	8101
8036	8102
8036	8103
8036	8104
8036	8105
8036	8106
8036	8107
8036	8108
8036	8109
8036	8110
8036	8111
8036	8112
8036	8113
8036	8114
8036	8115
8036	8116
8036	8117
8036	8118
8036	8119
8036	8120
8036	8121
8036	8122
8036	8123
8036	8124
8036	8125
8036	8126
8036	8127
8036	8128
8036	8129
8036	8130
8036	8131
8036	8132
8036	8133
8036	8134
8036	8135
8036	8136
8036	8137
8036	8138
8036	8139
8036	8140
8036	8141
8036	8142
8036	8143
8036	8144
8036	8145
8036	8146
8036	8147
8036	8148
8036	8149
8036	8150
8036	8151
8036	8152
8036	8153
8036	8154
8036	8155
8036	8156
8036	8157
8036	8158
8036	8159
8036	8160
8036	8161
8036	8162
8036	8163
8036	8164
8036	8165
8036	8166
8036	8167
8036	8168
8036	8169
8036	8170
8036	8171
8036	8172
8036	8173
8036	8174
8036	8175
8036	8176
8036	8177
8036	8178
8036	8179
8036	8180
8036	8181
8036	8182
8036	8183
8036	8184
8036	8185
8037	0
8037	201
8037	1675
8037	1681
8037	1688
8037	1693
8037	1698
8037	7610
8037	7930
8037	7931
8037	7932
8037	7933
8037	7934
8037	7935
8037	7936
8037	7937
8037	7938
8037	7939
8037	7940
8037	7941
8037	7942
8037	7943
8037	7944
8037	7945
8037	7946
8037	7947
8037	7948
8037	7949
8037	7950
8037	7951
8037	7952
8037	7953
8037	7954
8037	7955
8037	7956
8037	7957
8037	7958
8037	7959
8037	7960
8037	7961
8037	7962
8037	7963
8037	7964
8037	7965
8037	7966
8037	7967
8037	7968
8037	7969
8037	7970
8037	7971
8037	7972
8037	7973
8037	7974
8037	7975
8037	7976
8037	7977
8037	7978
8037	7979
8037	7980
8037	7981
8037	7982
8037	7983
8037	7984
8037	7985
8037	7986
8037	7987
8037	7988
8037	7989
8037	7990
8037	7991
8037	7992
8037	7993
8037	7994
8037	7995
8037	7996
8037	7997
8037	7998
8037	7999
8037	8000
8037	8001
8037	8002
8037	8003
8037	8004
8037	8005
8037	8006
8037	8007
8037	8008
8037	8009
8037	8010
8037	8011
8037	8012
8037	8013
8037	8014
8037	8015
8037	8016
8037	8017
8037	8018
8037	8019
8037	8020
8037	8021
8037	8022
8037	8023
8037	8024
8037	8025
8037	8026
8037	8027
8037	8028
8037	8029
8037	8030
8037	8031
8037	8032
8037	8033
8037	8034
8037	8035
8037	8036
8037	8038
8037	8039
8037	8040
8037	8041
8037	8042
8037	8043
8037	8044
8037	8045
8037	8046
8037	8047
8037	8048
8037	8049
8037	8050
8037	8051
8037	8052
8037	8053
8037	8054
8037	8055
8037	8056
8037	8057
8037	8058
8037	8059
8037	8060
8037	8061
8037	8062
8037	8063
8037	8064
8037	8065
8037	8066
8037	8067
8037	8068
8037	8069
8037	8070
8037	8071
8037	8072
8037	8073
8037	8074
8037	8075
8037	8076
8037	8077
8037	8078
8037	8079
8037	8080
8037	8081
8037	8082
8037	8083
8037	8084
8037	8085
8037	8086
8037	8087
8037	8088
8037	8089
8037	8090
8037	8091
8037	8092
8037	8093
8037	8094
8037	8095
8037	8096
8037	8097
8037	8098
8037	8099
8037	8100
8037	8101
8037	8102
8037	8103
8037	8104
8037	8105
8037	8106
8037	8107
8037	8108
8037	8109
8037	8110
8037	8111
8037	8112
8037	8113
8037	8114
8037	8115
8037	8116
8037	8117
8037	8118
8037	8119
8037	8120
8037	8121
8037	8122
8037	8123
8037	8124
8037	8125
8037	8126
8037	8127
8037	8128
8037	8129
8037	8130
8037	8131
8037	8132
8037	8133
8037	8134
8037	8135
8037	8136
8037	8137
8037	8138
8037	8139
8037	8140
8037	8141
8037	8142
8037	8143
8037	8144
8037	8145
8037	8146
8037	8147
8037	8148
8037	8149
8037	8150
8037	8151
8037	8152
8037	8153
8037	8154
8037	8155
8037	8156
8037	8157
8037	8158
8037	8159
8037	8160
8037	8161
8037	8162
8037	8163
8037	8164
8037	8165
8037	8166
8037	8167
8037	8168
8037	8169
8037	8170
8037	8171
8037	8172
8037	8173
8037	8174
8037	8175
8037	8176
8037	8177
8037	8178
8037	8179
8037	8180
8037	8181
8037	8182
8037	8183
8037	8184
8037	8185
8037	29077
8037	29078
8037	29079
8037	29080
8037	29081
8037	29082
8037	29083
8038	0
8038	201
8038	1675
8038	1681
8038	1688
8038	1693
8038	1698
8038	7610
8038	7930
8038	7931
8038	7932
8038	7933
8038	7934
8038	7935
8038	7936
8038	7937
8038	7938
8038	7939
8038	7940
8038	7941
8038	7942
8038	7943
8038	7944
8038	7945
8038	7946
8038	7947
8038	7948
8038	7949
8038	7950
8038	7951
8038	7952
8038	7953
8038	7954
8038	7955
8038	7956
8038	7957
8038	7958
8038	7959
8038	7960
8038	7961
8038	7962
8038	7963
8038	7964
8038	7965
8038	7966
8038	7967
8038	7968
8038	7969
8038	7970
8038	7971
8038	7972
8038	7973
8038	7974
8038	7975
8038	7976
8038	7977
8038	7978
8038	7979
8038	7980
8038	7981
8038	7982
8038	7983
8038	7984
8038	7985
8038	7986
8038	7987
8038	7988
8038	7989
8038	7990
8038	7991
8038	7992
8038	7993
8038	7994
8038	7995
8038	7996
8038	7997
8038	7998
8038	7999
8038	8000
8038	8001
8038	8002
8038	8003
8038	8004
8038	8005
8038	8006
8038	8007
8038	8008
8038	8009
8038	8010
8038	8011
8038	8012
8038	8013
8038	8014
8038	8015
8038	8016
8038	8017
8038	8018
8038	8019
8038	8020
8038	8021
8038	8022
8038	8023
8038	8024
8038	8025
8038	8026
8038	8027
8038	8028
8038	8029
8038	8030
8038	8031
8038	8032
8038	8033
8038	8034
8038	8035
8038	8036
8038	8037
8038	8038
8038	8039
8038	8040
8038	8041
8038	8042
8038	8043
8038	8044
8038	8045
8038	8046
8038	8047
8038	8048
8038	8049
8038	8050
8038	8051
8038	8052
8038	8053
8038	8054
8038	8055
8038	8056
8038	8057
8038	8058
8038	8059
8038	8060
8038	8061
8038	8062
8038	8063
8038	8064
8038	8065
8038	8066
8038	8067
8038	8068
8038	8069
8038	8070
8038	8071
8038	8072
8038	8073
8038	8074
8038	8075
8038	8076
8038	8077
8038	8078
8038	8079
8038	8080
8038	8081
8038	8082
8038	8083
8038	8084
8038	8085
8038	8086
8038	8087
8038	8088
8038	8089
8038	8090
8038	8091
8038	8092
8038	8093
8038	8094
8038	8095
8038	8096
8038	8097
8038	8098
8038	8099
8038	8100
8038	8101
8038	8102
8038	8103
8038	8104
8038	8105
8038	8106
8038	8107
8038	8108
8038	8109
8038	8110
8038	8111
8038	8112
8038	8113
8038	8114
8038	8115
8038	8116
8038	8117
8038	8118
8038	8119
8038	8120
8038	8121
8038	8122
8038	8123
8038	8124
8038	8125
8038	8126
8038	8127
8038	8128
8038	8129
8038	8130
8038	8131
8038	8132
8038	8133
8038	8134
8038	8135
8038	8136
8038	8137
8038	8138
8038	8139
8038	8140
8038	8141
8038	8142
8038	8143
8038	8144
8038	8145
8038	8146
8038	8147
8038	8148
8038	8149
8038	8150
8038	8151
8038	8152
8038	8153
8038	8154
8038	8155
8038	8156
8038	8157
8038	8158
8038	8159
8038	8160
8038	8161
8038	8162
8038	8163
8038	8164
8038	8165
8038	8166
8038	8167
8038	8168
8038	8169
8038	8170
8038	8171
8038	8172
8038	8173
8038	8174
8038	8175
8038	8176
8038	8177
8038	8178
8038	8179
8038	8180
8038	8181
8038	8182
8038	8183
8038	8184
8038	8185
8039	0
8039	201
8039	1675
8039	1681
8039	1688
8039	1693
8039	1698
8039	7610
8039	7930
8039	7931
8039	7932
8039	7933
8039	7934
8039	7935
8039	7936
8039	7937
8039	7938
8039	7939
8039	7940
8039	7941
8039	7942
8039	7943
8039	7944
8039	7945
8039	7946
8039	7947
8039	7948
8039	7949
8039	7950
8039	7951
8039	7952
8039	7953
8039	7954
8039	7955
8039	7956
8039	7957
8039	7958
8039	7959
8039	7960
8039	7961
8039	7962
8039	7963
8039	7964
8039	7965
8039	7966
8039	7967
8039	7968
8039	7969
8039	7970
8039	7971
8039	7972
8039	7973
8039	7974
8039	7975
8039	7976
8039	7977
8039	7978
8039	7979
8039	7980
8039	7981
8039	7982
8039	7983
8039	7984
8039	7985
8039	7986
8039	7987
8039	7988
8039	7989
8039	7990
8039	7991
8039	7992
8039	7993
8039	7994
8039	7995
8039	7996
8039	7997
8039	7998
8039	7999
8039	8000
8039	8001
8039	8002
8039	8003
8039	8004
8039	8005
8039	8006
8039	8007
8039	8008
8039	8009
8039	8010
8039	8011
8039	8012
8039	8013
8039	8014
8039	8015
8039	8016
8039	8017
8039	8018
8039	8019
8039	8020
8039	8021
8039	8022
8039	8023
8039	8024
8039	8025
8039	8026
8039	8027
8039	8028
8039	8029
8039	8030
8039	8031
8039	8032
8039	8033
8039	8034
8039	8035
8039	8036
8039	8037
8039	8038
8039	8039
8039	8040
8039	8041
8039	8042
8039	8043
8039	8044
8039	8045
8039	8046
8039	8047
8039	8048
8039	8049
8039	8050
8039	8051
8039	8052
8039	8053
8039	8054
8039	8055
8039	8056
8039	8057
8039	8058
8039	8059
8039	8060
8039	8061
8039	8062
8039	8063
8039	8064
8039	8065
8039	8066
8039	8067
8039	8068
8039	8069
8039	8070
8039	8071
8039	8072
8039	8073
8039	8074
8039	8075
8039	8076
8039	8077
8039	8078
8039	8079
8039	8080
8039	8081
8039	8082
8039	8083
8039	8084
8039	8085
8039	8086
8039	8087
8039	8088
8039	8089
8039	8090
8039	8091
8039	8092
8039	8093
8039	8094
8039	8095
8039	8096
8039	8097
8039	8098
8039	8099
8039	8100
8039	8101
8039	8102
8039	8103
8039	8104
8039	8105
8039	8106
8039	8107
8039	8108
8039	8109
8039	8110
8039	8111
8039	8112
8039	8113
8039	8114
8039	8115
8039	8116
8039	8117
8039	8118
8039	8119
8039	8120
8039	8121
8039	8122
8039	8123
8039	8124
8039	8125
8039	8126
8039	8127
8039	8128
8039	8129
8039	8130
8039	8131
8039	8132
8039	8133
8039	8134
8039	8135
8039	8136
8039	8137
8039	8138
8039	8139
8039	8140
8039	8141
8039	8142
8039	8143
8039	8144
8039	8145
8039	8146
8039	8147
8039	8148
8039	8149
8039	8150
8039	8151
8039	8152
8039	8153
8039	8154
8039	8155
8039	8156
8039	8157
8039	8158
8039	8159
8039	8160
8039	8161
8039	8162
8039	8163
8039	8164
8039	8165
8039	8166
8039	8167
8039	8168
8039	8169
8039	8170
8039	8171
8039	8172
8039	8173
8039	8174
8039	8175
8039	8176
8039	8177
8039	8178
8039	8179
8039	8180
8039	8181
8039	8182
8039	8183
8039	8184
8039	8185
8186	0
8186	201
8186	1660
8186	1667
8186	1672
8186	1675
8186	1688
8186	1693
8186	1699
8186	7610
8186	7706
8186	7749
8186	7902
8186	8186
8186	8188
8186	8189
8186	10329
8186	10330
8186	28469
8188	7749
8188	28468
8189	8186
8189	26194
8189	26195
8189	26196
8189	26198
8189	27107
8195	0
8196	267
8196	8201
8197	267
8198	267
8199	0
8199	225
8199	4773
8199	4775
8199	8201
8200	29084
8201	0
8202	1633
8202	1705
8202	1707
8203	1633
8203	1705
8203	1707
8204	1633
8204	1705
8204	1707
8205	1705
8205	1707
8205	4156
8205	8209
8206	1633
8206	1705
8206	1707
8206	29085
8206	29086
8210	1633
8210	1705
8210	1707
8211	1633
8211	1705
8211	1707
8212	1633
8212	1705
8212	1707
8213	1633
8213	1705
8213	1707
8214	1633
8214	1705
8214	1707
8215	1633
8215	1705
8215	1707
8216	1633
8216	1705
8216	1707
8217	1633
8217	1705
8217	1707
8218	1633
8218	1705
8218	1707
8219	1633
8219	1705
8219	1707
8220	1633
8220	1705
8220	1707
8220	8211
8220	8220
8221	1633
8221	1705
8221	1707
8222	1633
8222	1705
8222	1707
8250	1633
8250	1705
8250	1707
8250	4021
8250	29087
8250	29088
8250	29089
8250	29090
8250	29091
8250	29092
8250	29093
8250	29094
8250	29095
8250	29096
8250	29097
8250	29098
8284	206
8284	755
8284	1710
8284	1711
8284	1712
8284	1713
8284	1714
8285	206
8287	29099
8287	29100
8287	29101
8288	29102
8288	29103
8288	29104
8289	29105
8289	29106
8289	29107
8290	29108
8290	29109
8290	29110
8325	8327
8325	29111
8325	29112
8325	29113
8325	29114
8325	29115
8325	29116
8327	0
8327	45
8327	206
8327	220
8327	1709
8327	1710
8327	1711
8327	1712
8327	1713
8327	8284
8327	8291
8327	8327
8327	29117
8327	29118
8327	29119
8327	29120
8327	29121
8328	29122
8328	29123
8328	29124
8328	29125
8329	29126
8329	29127
8329	29128
8329	29129
8329	29130
8330	29131
8330	29132
8330	29133
8330	29134
8331	29135
8332	29136
8336	1718
8337	1719
8338	1719
8339	1719
8339	8337
8340	1719
8341	1719
8342	1719
8343	0
8343	1719
8343	8343
8343	25367
8343	29137
8343	29138
8343	29139
8344	1346
8344	1371
8344	1379
8344	6790
8344	6912
8344	7825
8344	8346
8344	16943
8344	21460
8344	22200
8344	24820
8344	24823
8344	24827
8344	24828
8344	24831
8344	24836
8344	24837
8344	24838
8344	28215
8344	28333
8344	29140
8344	29141
8344	29142
8344	29143
8344	29144
8344	29145
8344	29146
8344	29147
8344	29148
8344	29149
8344	29150
8344	29151
8344	29152
8344	29153
8344	29154
8344	29155
8344	29156
8344	29157
8344	29158
8344	29159
8344	29160
8344	29161
8344	29162
8344	29163
8344	29164
8344	29165
8344	29166
8344	29167
8344	29168
8344	29169
8344	29170
8344	29171
8344	29172
8344	29173
8344	29174
8344	29175
8344	29176
8344	29177
8344	29178
8344	29179
8344	29180
8344	29181
8344	29182
8344	29183
8344	29184
8344	29185
8344	29186
8344	29187
8344	29188
8344	29189
8344	29190
8344	29191
8345	8346
8345	29192
8346	1720
8346	7617
8346	8344
8346	8345
8346	8349
8346	24839
8346	24840
8346	24841
8346	26277
8346	27617
8346	29193
8346	29194
8346	29195
8346	29196
8346	29197
8346	29198
8346	29199
8346	29200
8346	29201
8350	4160
8350	25964
8351	0
8351	8350
8351	25962
8351	25963
8351	25964
8351	29202
8351	29203
8351	29204
8351	29205
8351	29206
8351	29207
8351	29208
8351	29209
8355	29210
8355	29211
8355	29212
8355	29213
8355	29214
8355	29215
8355	29216
8355	29217
8355	29218
8355	29219
8355	29220
8355	29221
8355	29222
8355	29223
8355	29224
8355	29225
8355	29226
8355	29227
8355	29228
8355	29229
8355	29230
8356	29231
8356	29232
8356	29233
8356	29234
8356	29235
8356	29236
8356	29237
8356	29238
8356	29239
8356	29240
8356	29241
8356	29242
8356	29243
8356	29244
8356	29245
8356	29246
8356	29247
8356	29248
8356	29249
8356	29250
8356	29251
8357	29252
8357	29253
8357	29254
8357	29255
8357	29256
8357	29257
8357	29258
8357	29259
8357	29260
8357	29261
8357	29262
8357	29263
8357	29264
8357	29265
8357	29266
8357	29267
8357	29268
8357	29269
8357	29270
8357	29271
8358	29272
8358	29273
8358	29274
8358	29275
8358	29276
8358	29277
8358	29278
8358	29279
8358	29280
8358	29281
8358	29282
8358	29283
8358	29284
8358	29285
8358	29286
8358	29287
8358	29288
8358	29289
8358	29290
8359	29291
8359	29292
8359	29293
8359	29294
8359	29295
8359	29296
8359	29297
8359	29298
8359	29299
8359	29300
8359	29301
8359	29302
8359	29303
8359	29304
8359	29305
8359	29306
8359	29307
8359	29308
8359	29309
8359	29310
8359	29311
8359	29312
8359	29313
8360	29314
8360	29315
8360	29316
8360	29317
8360	29318
8360	29319
8360	29320
8360	29321
8360	29322
8360	29323
8360	29324
8360	29325
8360	29326
8360	29327
8360	29328
8360	29329
8360	29330
8360	29331
8360	29332
8360	29333
8361	29334
8361	29335
8361	29336
8361	29337
8361	29338
8361	29339
8361	29340
8361	29341
8361	29342
8361	29343
8361	29344
8361	29345
8361	29346
8361	29347
8361	29348
8361	29349
8361	29350
8361	29351
8361	29352
8361	29353
8362	29354
8362	29355
8362	29356
8362	29357
8362	29358
8362	29359
8362	29360
8362	29361
8362	29362
8362	29363
8362	29364
8362	29365
8362	29366
8362	29367
8362	29368
8362	29369
8362	29370
8362	29371
8362	29372
8362	29373
8362	29374
8363	29375
8363	29376
8363	29377
8363	29378
8363	29379
8363	29380
8363	29381
8363	29382
8363	29383
8363	29384
8363	29385
8363	29386
8363	29387
8363	29388
8363	29389
8363	29390
8363	29391
8363	29392
8363	29393
8363	29394
8364	29395
8364	29396
8364	29397
8364	29398
8364	29399
8364	29400
8364	29401
8364	29402
8364	29403
8364	29404
8364	29405
8364	29406
8364	29407
8364	29408
8364	29409
8364	29410
8364	29411
8364	29412
8364	29413
8364	29414
8365	29415
8365	29416
8365	29417
8365	29418
8365	29419
8365	29420
8365	29421
8365	29422
8365	29423
8365	29424
8365	29425
8365	29426
8365	29427
8365	29428
8365	29429
8365	29430
8365	29431
8365	29432
8365	29433
8366	29434
8366	29435
8366	29436
8366	29437
8366	29438
8366	29439
8366	29440
8366	29441
8366	29442
8366	29443
8366	29444
8366	29445
8366	29446
8366	29447
8366	29448
8366	29449
8367	29450
8367	29451
8367	29452
8367	29453
8367	29454
8367	29455
8367	29456
8367	29457
8367	29458
8367	29459
8367	29460
8367	29461
8367	29462
8367	29463
8367	29464
8367	29465
8367	29466
8367	29467
8367	29468
8367	29469
8367	29470
8368	29471
8368	29472
8368	29473
8368	29474
8368	29475
8368	29476
8368	29477
8368	29478
8368	29479
8368	29480
8368	29481
8368	29482
8368	29483
8368	29484
8368	29485
8368	29486
8368	29487
8368	29488
8368	29489
8369	29490
8369	29491
8369	29492
8369	29493
8369	29494
8369	29495
8369	29496
8369	29497
8369	29498
8369	29499
8369	29500
8369	29501
8369	29502
8369	29503
8369	29504
8369	29505
8369	29506
8369	29507
8374	29508
8374	29509
8374	29510
8374	29511
8375	29512
8375	29513
8376	13787
8376	29514
8376	29515
8376	29516
8389	212
8391	29517
8391	29518
8392	1740
8392	29519
8392	29520
8393	17569
8393	29521
8393	29522
8393	29523
8393	29524
8393	29525
8393	29526
8393	29527
8393	29528
8394	1740
8395	1740
8396	1740
8397	1740
8398	1740
8399	1740
8400	1740
8401	1740
8402	1740
8403	1740
8405	214
8405	1743
8405	8406
8406	214
8406	1583
8406	1742
8406	1743
8406	1745
8406	1746
8406	1749
8406	8405
8407	214
8407	1745
8407	8408
8407	8409
8407	8410
8408	214
8408	1745
8408	8405
8408	8407
8408	8409
8408	8410
8409	214
8409	1745
8409	8407
8409	8408
8409	8410
8410	214
8410	1745
8410	8407
8410	8408
8410	8409
8411	214
8411	1746
8412	214
8412	1749
8412	8412
8412	8413
8412	8414
8413	214
8413	1138
8413	1749
8413	8412
8413	8413
8413	8414
8414	214
8414	1749
8414	8412
8414	8413
8414	8414
8415	214
8415	1750
8415	8416
8416	214
8416	1750
8416	8415
8418	0
8418	1191
8418	3086
8418	8418
8418	29529
8418	29530
8418	29531
8419	0
8419	3086
8419	8419
8419	29532
8420	0
8420	8420
8421	0
8421	8421
8422	8422
8423	0
8423	8423
8424	0
8424	8424
8425	0
8425	8427
8425	11503
8425	16374
8426	0
8426	709
8427	11497
8427	11498
8427	11499
8427	11500
8427	11501
8427	11503
8427	29533
8427	29534
8428	1755
8429	1764
8430	1764
8431	1764
8432	1761
8432	1763
8432	8450
8432	8451
8432	29535
8432	29536
8433	1761
8434	1761
8436	1761
8436	8450
8437	29537
8451	216
8451	802
8451	836
8451	3071
8451	5230
8451	5503
8451	5955
8451	8451
8451	14971
8451	24968
8451	24969
8451	24970
8451	26164
8451	29538
8451	29539
8451	29540
8451	29541
8451	29542
8451	29543
8451	29544
8451	29545
8451	29546
8451	29547
8451	29548
8451	29549
8451	29550
8451	29551
8451	29552
8451	29553
8451	29554
8451	29555
8451	29556
8451	29557
8451	29558
8451	29559
8451	29560
8451	29561
8451	29562
8451	29563
8451	29564
8451	29565
8451	29566
8451	29567
8451	29568
8451	29569
8451	29570
8451	29571
8451	29572
8451	29573
8456	218
8456	1768
8456	1769
8456	1770
8456	1771
8456	1779
8456	1780
8456	1781
8456	1782
8456	1783
8456	1784
8456	1785
8456	1786
8456	1787
8456	1788
8456	8456
8457	218
8457	1768
8457	1769
8457	1770
8457	1771
8457	1779
8457	1780
8457	1781
8457	1782
8457	1783
8457	1784
8457	1785
8457	1786
8457	1787
8457	1788
8457	8456
8462	8462
8462	10206
8462	25440
8462	29574
8462	29575
8462	29576
8462	29577
8462	29578
8462	29579
8462	29580
8462	29581
8462	29582
8516	1790
8516	1973
8516	8516
8516	27684
8516	29583
8516	29584
8516	29585
8516	29586
8516	29587
8516	29588
8516	29589
8516	29590
8516	29591
8516	29592
8516	29593
8516	29594
8516	29595
8516	29596
8516	29597
8516	29598
8516	29599
8516	29600
8516	29601
8516	29602
8516	29603
8516	29604
8516	29605
8516	29606
8516	29607
8516	29608
8517	1790
8517	29609
8518	1790
8518	29609
8519	1790
8519	29609
8520	1790
8520	29609
8521	1790
8521	29609
8522	1790
8522	29609
8523	1790
8523	29609
8524	1790
8524	29609
8525	1790
8525	29609
8526	1790
8526	29609
8527	1790
8527	29609
8528	1790
8528	29609
8529	1790
8529	29609
8530	1790
8530	29609
8531	1790
8531	29609
8531	29610
8531	29611
8532	1790
8532	29609
8533	1790
8533	29609
8533	29612
8533	29613
8534	1790
8534	29609
8534	29614
8534	29615
8534	29616
8535	1790
8535	29609
8535	29617
8535	29618
8535	29619
8535	29620
8535	29621
8535	29622
8535	29623
8535	29624
8535	29625
8535	29626
8535	29627
8535	29628
8535	29629
8535	29630
8535	29631
8535	29632
8535	29633
8535	29634
8536	1790
8536	29609
8536	29635
8536	29636
8536	29637
8536	29638
8536	29639
8536	29640
8536	29641
8536	29642
8536	29643
8536	29644
8536	29645
8536	29646
8536	29647
8536	29648
8536	29649
8536	29650
8536	29651
8536	29652
8536	29653
8536	29654
8536	29655
8536	29656
8536	29657
8536	29658
8536	29659
8536	29660
8536	29661
8536	29662
8536	29663
8536	29664
8537	1790
8537	29609
8537	29665
8537	29666
8537	29667
8537	29668
8537	29669
8537	29670
8537	29671
8537	29672
8537	29673
8537	29674
8537	29675
8537	29676
8537	29677
8537	29678
8538	1790
8538	29609
8538	29679
8538	29680
8538	29681
8538	29682
8538	29683
8538	29684
8538	29685
8538	29686
8538	29687
8538	29688
8538	29689
8538	29690
8538	29691
8538	29692
8538	29693
8538	29694
8538	29695
8538	29696
8538	29697
8538	29698
8538	29699
8538	29700
8539	1790
8539	29609
8540	1790
8540	29609
8541	1790
8541	29609
8542	1790
8542	29609
8543	1790
8543	29609
8544	1790
8544	29609
8545	1790
8546	1790
8546	29609
8547	1790
8547	29609
8548	1790
8548	29609
8549	1790
8549	29609
8550	1790
8550	29609
8551	1790
8551	29609
8552	1790
8552	29609
8553	1790
8553	29609
8554	1790
8554	29609
8555	1790
8555	29609
8556	1790
8556	29609
8557	1790
8557	29609
8558	1790
8558	29609
8559	1790
8559	29609
8560	1790
8560	29609
8561	1790
8561	29609
8562	1790
8562	29609
8563	1790
8563	29609
8564	1790
8564	29609
8565	1790
8565	29609
8566	1790
8566	29609
8567	1790
8567	29609
8568	1790
8568	29609
8569	1790
8569	29609
8570	1790
8570	29609
8571	1790
8571	29609
8572	1790
8572	29609
8573	1790
8573	29609
8574	1790
8574	29609
8575	1790
8575	29609
8576	1790
8576	29609
8577	1790
8577	29609
8578	1790
8578	29609
8579	1790
8579	29609
8580	1790
8580	29609
8581	1790
8581	29609
8582	1790
8582	29609
8583	1790
8583	29609
8584	1790
8584	29609
8585	1790
8585	29609
8586	1790
8586	29609
8587	1790
8587	29609
8588	1790
8588	29609
8589	1790
8589	29609
8590	1790
8590	29609
8591	1790
8591	29609
8592	1790
8592	29609
8593	1790
8593	29609
8594	1790
8594	29609
8595	1790
8595	29609
8596	1790
8596	29609
8597	1790
8597	29609
8598	1790
8598	29609
8599	1790
8599	29609
8600	1790
8600	29609
8601	1790
8601	29609
8602	1790
8602	29609
8603	1790
8603	29609
8604	1790
8605	1790
8606	1790
8607	1790
8608	1790
8609	1790
8610	1790
8611	1790
8612	1790
8612	29609
8613	1790
8613	29609
8614	1790
8614	29609
8615	1790
8615	29609
8616	1790
8616	29609
8617	1790
8617	29609
8618	1790
8618	29609
8619	1790
8619	29609
8620	1790
8620	29609
8621	1790
8621	29609
8622	1790
8622	29609
8623	1790
8623	29609
8624	1790
8625	1790
8625	29609
8626	1790
8626	29609
8627	1790
8627	29609
8628	1790
8628	29609
8629	1790
8629	29609
8630	1790
8630	29609
8631	1790
8631	29609
8632	1790
8632	29609
8633	1790
8633	29609
8634	1790
8634	29609
8635	1790
8635	29609
8636	1790
8636	29609
8637	1790
8637	29609
8638	1828
8638	1973
8638	9291
8638	9292
8638	29701
8639	1828
8639	1973
8639	8844
8639	9036
8639	9342
8639	9344
8639	29701
8640	1828
8640	1973
8640	9367
8640	9368
8640	29701
8641	1828
8641	1973
8641	9053
8641	9431
8641	9432
8642	1828
8642	1973
8642	9430
8642	9450
8642	29701
8643	1828
8643	1973
8643	8644
8643	9515
8643	29701
8644	1828
8644	1973
8644	8643
8644	9517
8644	29701
8645	1828
8645	1973
8645	9535
8645	9537
8645	29701
8646	1828
8646	1973
8646	9145
8646	9583
8646	9584
8646	29701
8647	1828
8647	1973
8647	9653
8647	9654
8647	29701
8648	1828
8648	1973
8648	9655
8648	9657
8648	29701
8649	1828
8649	1973
8649	8650
8649	9700
8649	29701
8650	1828
8650	1973
8650	8649
8650	9102
8650	9730
8651	1828
8651	1973
8651	9163
8651	9722
8651	9723
8651	29701
8652	1828
8652	1973
8652	9772
8652	9773
8652	29701
8653	1828
8653	1973
8653	8516
8653	9774
8653	9776
8653	29701
8654	1973
8654	29702
8655	1973
8655	29702
8656	1973
8656	29702
8657	1973
8657	27684
8658	1973
8658	27684
8659	1973
8659	27684
8660	1973
8660	27684
8661	1973
8661	27684
8662	1973
8662	27684
8663	1973
8663	27684
8664	1973
8664	27684
8665	1973
8665	27684
8666	1973
8666	27684
8667	1973
8667	29703
8668	1973
8668	27684
8669	1973
8669	27684
8670	1973
8670	27684
8671	1973
8671	27684
8672	1973
8672	27684
8673	1973
8673	27684
8674	1973
8674	27684
8675	1973
8675	27684
8676	1973
8676	27684
8677	1973
8677	27684
8678	1973
8678	27684
8679	1973
8679	27684
8680	1973
8680	27684
8681	1973
8681	27684
8682	1973
8682	27684
8683	1973
8683	27684
8684	1973
8684	9224
8684	27684
8685	1973
8685	27684
8686	1973
8686	27684
8687	1973
8687	27684
8688	1973
8688	27684
8689	1973
8689	27684
8690	1973
8690	27684
8691	1973
8691	27684
8692	1973
8692	27684
8693	1973
8693	27684
8694	1973
8694	27684
8695	1973
8695	27684
8696	1973
8696	27684
8697	1973
8697	27684
8698	1973
8698	27684
8699	1973
8699	27684
8700	1973
8700	27684
8701	1973
8701	27684
8702	1973
8702	27684
8703	1973
8703	27684
8704	1973
8704	27684
8705	1973
8705	27684
8706	1973
8706	27684
8707	1973
8707	27684
8708	1973
8708	27684
8709	1973
8709	27684
8710	1973
8710	27684
8711	1973
8711	27684
8712	1973
8712	27684
8713	1973
8713	27684
8714	1973
8714	27684
8715	1973
8715	27684
8716	1973
8716	27684
8717	1973
8717	27684
8718	1973
8718	27684
8719	1973
8719	27684
8720	1973
8720	27684
8721	1973
8721	27684
8722	1973
8722	27684
8723	1973
8723	27684
8724	1973
8724	27684
8725	1973
8725	27684
8726	1973
8726	27684
8727	1973
8727	27684
8728	1973
8728	27684
8729	1973
8729	27684
8730	1973
8730	27684
8731	1973
8731	27684
8732	1973
8732	27684
8733	1973
8733	27684
8734	1973
8734	27684
8735	1973
8735	27684
8736	1973
8736	27684
8737	1973
8737	27684
8738	1973
8738	27684
8739	1973
8739	27684
8740	1973
8740	27684
8741	1973
8741	27684
8742	1973
8742	27684
8743	1973
8743	27684
8744	1973
8744	27684
8745	1973
8745	27684
8746	1973
8746	27684
8747	1973
8747	27684
8748	1973
8748	27684
8749	1973
8749	27684
8750	1973
8750	27684
8751	1973
8751	27684
8752	1973
8752	27684
8753	1973
8753	27684
8754	1973
8754	27684
8755	1973
8755	27684
8756	1973
8756	27684
8757	1973
8757	27684
8758	1973
8758	27684
8759	1973
8759	27684
8760	1973
8760	27684
8761	1973
8761	27684
8762	1973
8762	27684
8763	1973
8763	27684
8764	1973
8764	27684
8765	1973
8765	27684
8766	1973
8766	27684
8767	1973
8767	27684
8768	1973
8768	27684
8769	1973
8769	27684
8770	1973
8770	27684
8771	1973
8771	27684
8772	1973
8772	27684
8773	1973
8773	27684
8774	1973
8774	27684
8775	1973
8775	27684
8776	1973
8776	27684
8777	1973
8777	27684
8778	1973
8778	27684
8779	1973
8779	27684
8780	1973
8780	27684
8781	1973
8781	27684
8782	1973
8782	27684
8783	1973
8783	27684
8784	1973
8784	27684
8785	1973
8785	8662
8785	8785
8785	27684
8785	29704
8785	29705
8785	29706
8785	29707
8785	29708
8785	29709
8786	1973
8786	27684
8787	1973
8787	27684
8788	1973
8788	27684
8789	1973
8789	27684
8790	1973
8790	27684
8791	1973
8791	27684
8792	1973
8792	27684
8793	1973
8793	27684
8794	1973
8794	27684
8795	1973
8795	27684
8796	1973
8796	27684
8797	1973
8797	27684
8798	1973
8798	27684
8799	1973
8799	27684
8800	1973
8800	27684
8801	1973
8801	27684
8802	1973
8802	27684
8803	1973
8803	8803
8803	27684
8804	1973
8804	27684
8805	1973
8805	9012
8805	9013
8805	27684
8805	29710
8806	1973
8806	8672
8806	8806
8806	9178
8806	27684
8806	29711
8806	29712
8806	29713
8806	29714
8806	29715
8806	29716
8807	1973
8807	27684
8808	1973
8808	27684
8809	1973
8809	27684
8810	1973
8810	27684
8811	1973
8811	27684
8812	1973
8812	27684
8813	1973
8813	8813
8813	27684
8814	1973
8814	27684
8815	1973
8815	27684
8816	1973
8816	27684
8817	1973
8817	27684
8818	1973
8818	27684
8819	1973
8819	8819
8819	27684
8820	1973
8820	27684
8821	1973
8821	27684
8822	1973
8822	27684
8823	1973
8823	27684
8824	1973
8824	27684
8825	1973
8825	27684
8826	1973
8826	27684
8827	1973
8827	27684
8828	1973
8828	8828
8828	27684
8829	1973
8829	27684
8830	1973
8830	27684
8831	1973
8831	27684
8832	1973
8832	8832
8832	9111
8832	27684
8832	29717
8832	29718
8832	29719
8832	29720
8832	29721
8832	29722
8832	29723
8832	29724
8832	29725
8832	29726
8832	29727
8833	1973
8833	27684
8834	1973
8834	27684
8835	1973
8835	27684
8836	1973
8836	27684
8837	1973
8837	27684
8838	1973
8838	27684
8839	1973
8839	27684
8840	1973
8840	27684
8841	1973
8841	8686
8841	8841
8841	9185
8841	27684
8841	29728
8841	29729
8841	29730
8842	1973
8842	27684
8843	1973
8843	27684
8844	1973
8844	8844
8844	27684
8844	29731
8844	29732
8845	1973
8845	27684
8846	1973
8846	27684
8847	1973
8847	9115
8847	27684
8848	1973
8848	27684
8849	1973
8849	27684
8850	1973
8850	27684
8851	1973
8851	27684
8852	1973
8852	27684
8853	1973
8853	27684
8854	1973
8854	29703
8855	1973
8855	27684
8856	1973
8856	27684
8857	1973
8857	27684
8858	1973
8858	27684
8859	1973
8859	27684
8860	1973
8860	27684
8861	1973
8861	27684
8862	1973
8862	27684
8863	1973
8863	27684
8864	1973
8864	27684
8865	1973
8865	27684
8866	1973
8866	27684
8867	1973
8867	27684
8868	1973
8868	27684
8869	1973
8869	27684
8869	29733
8869	29734
8869	29735
8869	29736
8869	29737
8869	29738
8870	1973
8870	27684
8871	1973
8871	27684
8872	1973
8872	27684
8873	1973
8873	27684
8874	1973
8874	8698
8874	8874
8874	9049
8874	27684
8874	29739
8874	29740
8874	29741
8874	29742
8874	29743
8875	1973
8875	27684
8876	1973
8876	27684
8877	1973
8877	27684
8878	1973
8878	27684
8879	1973
8879	27684
8880	1973
8880	27684
8881	1973
8881	27684
8882	1973
8882	27684
8883	1973
8883	27684
8884	1973
8884	27684
8885	1973
8885	27684
8886	1973
8886	27684
8887	1973
8887	27684
8888	1973
8888	27684
8888	29744
8889	1973
8889	27684
8890	1973
8890	27684
8891	1973
8891	27684
8892	1973
8892	8892
8892	27684
8893	1973
8893	27684
8894	1973
8894	27684
8895	1973
8895	27684
8896	1973
8896	27684
8897	1973
8897	27684
8898	1973
8898	27684
8899	1973
8899	27684
8900	1973
8900	27684
8901	1973
8901	27684
8902	1973
8902	27684
8903	1973
8903	8903
8903	27684
8904	1973
8904	27684
8905	1973
8905	27684
8906	1973
8906	27684
8907	1973
8907	8708
8907	8907
8907	27684
8907	29745
8907	29746
8907	29747
8907	29748
8907	29749
8907	29750
8907	29751
8907	29752
8907	29753
8907	29754
8908	1973
8908	29703
8909	1973
8909	29703
8910	1973
8910	27684
8911	1973
8911	27684
8911	29755
8911	29756
8911	29757
8911	29758
8911	29759
8911	29760
8911	29761
8911	29762
8911	29763
8911	29764
8911	29765
8911	29766
8912	1973
8912	27684
8913	1973
8913	27684
8914	1973
8914	27684
8915	1973
8915	27684
8916	1973
8916	27684
8917	1973
8917	27684
8918	1973
8918	27684
8919	1973
8919	8919
8919	27684
8920	1973
8920	27684
8921	1973
8921	27684
8922	1973
8922	8922
8922	27684
8923	1973
8923	27684
8924	1973
8924	8924
8924	27684
8925	1973
8926	1973
8926	27684
8927	1973
8927	27684
8928	1973
8928	27684
8929	1973
8929	27684
8930	1973
8930	27684
8931	1973
8931	27684
8932	1973
8932	27684
8933	1973
8933	27684
8934	1973
8934	27684
8935	1973
8935	27684
8936	1973
8936	27684
8937	1973
8937	8937
8937	9200
8937	27684
8938	1973
8938	27684
8939	1973
8939	27684
8940	1973
8940	8940
8941	1973
8941	8724
8941	8941
8941	9067
8941	27684
8941	29767
8941	29768
8941	29769
8942	1973
8942	27684
8943	1973
8943	27684
8944	1973
8944	27684
8945	1973
8945	27684
8946	1973
8946	27684
8946	29770
8946	29771
8946	29772
8946	29773
8946	29774
8946	29775
8946	29776
8946	29777
8947	1973
8947	8728
8947	27684
8948	1973
8948	27684
8949	1973
8949	27684
8950	1973
8950	8950
8950	27684
8951	1973
8951	29703
8952	1973
8952	27684
8953	1973
8953	8731
8953	8953
8953	9073
8953	9204
8953	27684
8954	1973
8954	27684
8955	1973
8956	1973
8956	27684
8957	1973
8957	27684
8958	1973
8958	27684
8959	1973
8959	27684
8960	1973
8960	27684
8961	1973
8961	8737
8961	27684
8962	1973
8962	8962
8962	27684
8963	1973
8963	27684
8964	1973
8964	27684
8965	1973
8965	27684
8965	29778
8965	29779
8965	29780
8966	1973
8966	8966
8966	27684
8967	1973
8967	27684
8968	1973
8968	27684
8969	1973
8969	8743
8969	27684
8969	29781
8969	29782
8969	29783
8969	29784
8969	29785
8969	29786
8969	29787
8970	1973
8970	27684
8971	1973
8971	27684
8972	1973
8972	8972
8972	27684
8972	29788
8972	29789
8972	29790
8972	29791
8973	1973
8973	27684
8974	1973
8974	27684
8975	1973
8975	27684
8976	1973
8976	27684
8977	1973
8977	27684
8978	1973
8978	27684
8979	1973
8979	8979
8979	9081
8979	9214
8980	1973
8980	27684
8981	1973
8981	27684
8982	1973
8982	27684
8983	1973
8983	27684
8984	1973
8984	27684
8985	1973
8985	8985
8985	27684
8986	1973
8986	27684
8987	1973
8987	27684
8988	1973
8988	9153
8988	27684
8989	1973
8989	27684
8990	1973
8990	27684
8991	1973
8991	9084
8991	9154
8991	9215
8991	29792
8991	29793
8991	29794
8991	29795
8991	29796
8991	29797
8991	29798
8991	29799
8991	29800
8991	29801
8991	29802
8991	29803
8991	29804
8992	1973
8992	27684
8993	1973
8993	27684
8994	1973
8994	27684
8995	1973
8995	27684
8996	1973
8996	27684
8997	1973
8997	27684
8998	1973
8998	27684
8999	1973
8999	27684
9000	1973
9000	27684
9001	1973
9001	27684
9001	29805
9001	29806
9001	29807
9001	29808
9001	29809
9001	29810
9001	29811
9002	1973
9002	27684
9003	1973
9003	29703
9004	1973
9004	9004
9004	9161
9004	27684
9005	1973
9005	27684
9006	1973
9006	27684
9007	1973
9007	27684
9008	1973
9008	27684
9009	1973
9009	27684
9010	1973
9010	27684
9011	1973
9011	9011
9011	27684
9011	29812
9011	29813
9011	29814
9011	29815
9011	29816
9011	29817
9011	29818
9011	29819
9011	29820
9011	29821
9011	29822
9011	29823
9011	29824
9012	1973
9012	27684
9013	1973
9013	8937
9013	27684
9013	29710
9014	1973
9014	27684
9015	1973
9015	27684
9016	1973
9016	27684
9017	1973
9017	27684
9018	1973
9018	27684
9019	1973
9019	27684
9020	1973
9020	27684
9021	1973
9021	27684
9022	1973
9022	27684
9023	1973
9023	29825
9023	29826
9023	29827
9023	29828
9023	29829
9023	29830
9023	29831
9023	29832
9023	29833
9023	29834
9023	29835
9023	29836
9023	29837
9023	29838
9023	29839
9023	29840
9023	29841
9023	29842
9023	29843
9023	29844
9023	29845
9023	29846
9023	29847
9023	29848
9023	29849
9023	29850
9023	29851
9023	29852
9023	29853
9023	29854
9023	29855
9023	29856
9023	29857
9023	29858
9023	29859
9023	29860
9023	29861
9023	29862
9023	29863
9023	29864
9023	29865
9023	29866
9023	29867
9023	29868
9023	29869
9023	29870
9023	29871
9023	29872
9023	29873
9023	29874
9023	29875
9023	29876
9023	29877
9023	29878
9023	29879
9023	29880
9023	29881
9023	29882
9023	29883
9023	29884
9023	29885
9023	29886
9023	29887
9023	29888
9023	29889
9023	29890
9023	29891
9023	29892
9023	29893
9023	29894
9023	29895
9023	29896
9023	29897
9023	29898
9023	29899
9023	29900
9023	29901
9023	29902
9023	29903
9023	29904
9023	29905
9023	29906
9023	29907
9023	29908
9023	29909
9023	29910
9023	29911
9023	29912
9023	29913
9023	29914
9023	29915
9023	29916
9023	29917
9023	29918
9023	29919
9023	29920
9023	29921
9023	29922
9023	29923
9023	29924
9023	29925
9023	29926
9023	29927
9023	29928
9023	29929
9023	29930
9023	29931
9023	29932
9023	29933
9023	29934
9023	29935
9023	29936
9023	29937
9023	29938
9023	29939
9023	29940
9023	29941
9023	29942
9023	29943
9023	29944
9023	29945
9023	29946
9024	1973
9024	27684
9025	1973
9025	27684
9026	1973
9026	27684
9027	1973
9027	27684
9028	1973
9028	27684
9029	1973
9029	27684
9030	1973
9030	27684
9031	1973
9031	27684
9032	1973
9032	27684
9033	1973
9033	27684
9034	1973
9034	9224
9034	27684
9034	29947
9034	29948
9035	1973
9035	27684
9036	1973
9036	27684
9037	1973
9037	27684
9038	1973
9038	27684
9039	1973
9039	29949
9039	29950
9039	29951
9039	29952
9039	29953
9039	29954
9039	29955
9039	29956
9039	29957
9039	29958
9039	29959
9039	29960
9039	29961
9039	29962
9039	29963
9039	29964
9039	29965
9039	29966
9039	29967
9039	29968
9039	29969
9039	29970
9039	29971
9039	29972
9039	29973
9040	1973
9040	27684
9041	1973
9041	27684
9042	1973
9042	27684
9043	1973
9043	27684
9044	1973
9044	27684
9045	1973
9045	27684
9046	1973
9046	27684
9047	1973
9047	27684
9048	1973
9048	27684
9049	1973
9049	27684
9050	1973
9050	27684
9051	1973
9051	27684
9052	1973
9052	27684
9053	1973
9053	27684
9054	1973
9054	27684
9055	1973
9055	27684
9056	1973
9056	27684
9057	1973
9057	27684
9058	1973
9058	27684
9059	1973
9059	27684
9060	1973
9060	27684
9061	1973
9061	27684
9062	1973
9062	27684
9063	1973
9063	27684
9064	1973
9064	27684
9065	1973
9065	27684
9066	1973
9067	1973
9067	9067
9067	27684
9068	1973
9068	27684
9069	1973
9069	27684
9070	1973
9070	9070
9071	1973
9071	27684
9071	29974
9071	29975
9071	29976
9071	29977
9071	29978
9071	29979
9071	29980
9071	29981
9071	29982
9071	29983
9071	29984
9071	29985
9071	29986
9071	29987
9071	29988
9071	29989
9071	29990
9071	29991
9071	29992
9071	29993
9071	29994
9071	29995
9071	29996
9071	29997
9071	29998
9071	29999
9071	30000
9071	30001
9071	30002
9071	30003
9071	30004
9071	30005
9071	30006
9071	30007
9071	30008
9071	30009
9071	30010
9071	30011
9071	30012
9071	30013
9071	30014
9071	30015
9071	30016
9071	30017
9071	30018
9071	30019
9071	30020
9071	30021
9071	30022
9071	30023
9071	30024
9071	30025
9071	30026
9071	30027
9071	30028
9071	30029
9071	30030
9071	30031
9071	30032
9071	30033
9071	30034
9071	30035
9071	30036
9071	30037
9071	30038
9071	30039
9071	30040
9071	30041
9071	30042
9071	30043
9071	30044
9071	30045
9071	30046
9071	30047
9071	30048
9071	30049
9071	30050
9071	30051
9071	30052
9071	30053
9071	30054
9071	30055
9071	30056
9071	30057
9071	30058
9071	30059
9071	30060
9071	30061
9071	30062
9071	30063
9071	30064
9071	30065
9071	30066
9071	30067
9071	30068
9071	30069
9071	30070
9071	30071
9071	30072
9071	30073
9071	30074
9071	30075
9071	30076
9071	30077
9071	30078
9071	30079
9071	30080
9071	30081
9071	30082
9071	30083
9071	30084
9071	30085
9071	30086
9071	30087
9071	30088
9071	30089
9071	30090
9071	30091
9071	30092
9071	30093
9071	30094
9071	30095
9071	30096
9071	30097
9071	30098
9071	30099
9071	30100
9071	30101
9071	30102
9071	30103
9071	30104
9071	30105
9071	30106
9071	30107
9071	30108
9071	30109
9071	30110
9071	30111
9071	30112
9071	30113
9071	30114
9071	30115
9071	30116
9071	30117
9071	30118
9071	30119
9071	30120
9071	30121
9071	30122
9071	30123
9071	30124
9071	30125
9071	30126
9071	30127
9071	30128
9071	30129
9071	30130
9071	30131
9071	30132
9071	30133
9071	30134
9071	30135
9071	30136
9071	30137
9071	30138
9071	30139
9071	30140
9071	30141
9071	30142
9071	30143
9071	30144
9071	30145
9071	30146
9071	30147
9071	30148
9071	30149
9071	30150
9071	30151
9071	30152
9071	30153
9071	30154
9071	30155
9071	30156
9071	30157
9071	30158
9071	30159
9071	30160
9071	30161
9071	30162
9071	30163
9071	30164
9071	30165
9071	30166
9071	30167
9071	30168
9071	30169
9071	30170
9071	30171
9071	30172
9071	30173
9071	30174
9071	30175
9071	30176
9071	30177
9071	30178
9071	30179
9071	30180
9071	30181
9071	30182
9071	30183
9071	30184
9071	30185
9071	30186
9071	30187
9071	30188
9071	30189
9071	30190
9071	30191
9071	30192
9071	30193
9071	30194
9071	30195
9071	30196
9071	30197
9071	30198
9071	30199
9071	30200
9071	30201
9071	30202
9071	30203
9071	30204
9071	30205
9071	30206
9071	30207
9071	30208
9071	30209
9071	30210
9071	30211
9071	30212
9071	30213
9071	30214
9071	30215
9071	30216
9071	30217
9071	30218
9071	30219
9071	30220
9071	30221
9071	30222
9071	30223
9071	30224
9071	30225
9071	30226
9071	30227
9071	30228
9071	30229
9071	30230
9071	30231
9071	30232
9071	30233
9071	30234
9071	30235
9071	30236
9071	30237
9071	30238
9071	30239
9071	30240
9071	30241
9071	30242
9071	30243
9071	30244
9071	30245
9071	30246
9071	30247
9071	30248
9071	30249
9071	30250
9071	30251
9071	30252
9071	30253
9071	30254
9071	30255
9071	30256
9071	30257
9071	30258
9071	30259
9071	30260
9071	30261
9071	30262
9071	30263
9071	30264
9071	30265
9071	30266
9071	30267
9071	30268
9071	30269
9071	30270
9071	30271
9071	30272
9071	30273
9071	30274
9071	30275
9071	30276
9071	30277
9071	30278
9071	30279
9071	30280
9071	30281
9071	30282
9071	30283
9071	30284
9071	30285
9071	30286
9071	30287
9071	30288
9071	30289
9071	30290
9071	30291
9071	30292
9071	30293
9071	30294
9071	30295
9071	30296
9071	30297
9071	30298
9071	30299
9071	30300
9071	30301
9071	30302
9071	30303
9071	30304
9071	30305
9071	30306
9071	30307
9071	30308
9071	30309
9071	30310
9071	30311
9071	30312
9071	30313
9071	30314
9071	30315
9071	30316
9071	30317
9071	30318
9071	30319
9071	30320
9071	30321
9071	30322
9071	30323
9071	30324
9071	30325
9071	30326
9071	30327
9071	30328
9071	30329
9071	30330
9071	30331
9071	30332
9071	30333
9071	30334
9071	30335
9071	30336
9071	30337
9071	30338
9071	30339
9071	30340
9071	30341
9071	30342
9071	30343
9071	30344
9071	30345
9071	30346
9071	30347
9071	30348
9071	30349
9071	30350
9071	30351
9071	30352
9071	30353
9071	30354
9071	30355
9071	30356
9071	30357
9071	30358
9071	30359
9071	30360
9071	30361
9071	30362
9071	30363
9071	30364
9071	30365
9071	30366
9071	30367
9071	30368
9071	30369
9071	30370
9071	30371
9071	30372
9071	30373
9071	30374
9071	30375
9071	30376
9071	30377
9071	30378
9071	30379
9071	30380
9071	30381
9072	1973
9072	27684
9073	1973
9073	27684
9074	1973
9074	27684
9075	1973
9076	1973
9076	27684
9077	1973
9077	27684
9078	1973
9078	27684
9079	1973
9079	27684
9080	1973
9080	27684
9081	1973
9081	27684
9082	1973
9082	27684
9083	1973
9083	27684
9084	1973
9084	9858
9084	27684
9085	1973
9085	27684
9086	1973
9086	27684
9087	1973
9087	27684
9088	1973
9088	27684
9089	1973
9089	27684
9090	1973
9090	27684
9091	1973
9091	27684
9092	1973
9092	27684
9093	1973
9093	27684
9094	1973
9094	27684
9095	1973
9096	1973
9096	27684
9097	1973
9097	27684
9098	1973
9098	27684
9099	1973
9099	27684
9100	1973
9100	27684
9101	1973
9101	27684
9102	1790
9102	1973
9102	8614
9102	9102
9102	9779
9102	27684
9102	29608
9102	30382
9103	1973
9103	27684
9104	1973
9104	27684
9105	1973
9105	27684
9106	1973
9106	27684
9107	1973
9107	27684
9108	1973
9108	27684
9109	1973
9109	27684
9110	1973
9110	27684
9110	30383
9110	30384
9111	1973
9111	27684
9112	1973
9112	27684
9113	1973
9113	27684
9113	30385
9113	30386
9113	30387
9113	30388
9113	30389
9113	30390
9113	30391
9113	30392
9113	30393
9113	30394
9113	30395
9114	1973
9114	27684
9115	1973
9115	27684
9115	30396
9116	1973
9116	27684
9117	1973
9117	27684
9118	1973
9118	27684
9119	1973
9119	27684
9120	1973
9120	27684
9121	1973
9121	27684
9122	1973
9122	27684
9123	1973
9123	27684
9124	1973
9124	27684
9125	1973
9125	27684
9126	1973
9126	27684
9127	1973
9127	27684
9128	1973
9128	27684
9129	1973
9129	27684
9130	1973
9130	27684
9131	1973
9131	27684
9131	30397
9131	30398
9131	30399
9131	30400
9131	30401
9131	30402
9131	30403
9131	30404
9131	30405
9131	30406
9131	30407
9131	30408
9131	30409
9131	30410
9131	30411
9131	30412
9131	30413
9132	1973
9132	27684
9133	1973
9133	9133
9133	27684
9134	1973
9134	27684
9135	1973
9135	27684
9136	1973
9136	27684
9137	1973
9137	27684
9138	1973
9138	9138
9138	27684
9139	1973
9139	27684
9140	1973
9140	27684
9141	1973
9141	27684
9142	1973
9142	27684
9143	1973
9143	27684
9144	1973
9144	27684
9145	1973
9145	27684
9146	1973
9146	27684
9147	1973
9147	9147
9147	27684
9148	1973
9148	27684
9149	1973
9149	27684
9150	1973
9150	9150
9150	27684
9150	30414
9150	30415
9150	30416
9150	30417
9150	30418
9150	30419
9150	30420
9150	30421
9150	30422
9150	30423
9150	30424
9151	1973
9151	27684
9152	1973
9152	27684
9153	1973
9153	8988
9153	27684
9154	1973
9154	8991
9154	9084
9154	9215
9154	30425
9154	30426
9154	30427
9154	30428
9154	30429
9154	30430
9154	30431
9154	30432
9154	30433
9154	30434
9154	30435
9154	30436
9155	1973
9155	27684
9156	1973
9156	27684
9157	1973
9157	27684
9158	1973
9158	8999
9158	27684
9159	1973
9160	1973
9160	27684
9161	1973
9161	27684
9162	1973
9162	27684
9163	1973
9163	27684
9163	30437
9163	30438
9163	30439
9163	30440
9163	30441
9163	30442
9163	30443
9163	30444
9163	30445
9163	30446
9163	30447
9163	30448
9163	30449
9163	30450
9163	30451
9163	30452
9163	30453
9163	30454
9163	30455
9163	30456
9163	30457
9163	30458
9163	30459
9163	30460
9163	30461
9163	30462
9164	1973
9164	27684
9165	1973
9165	27684
9166	1973
9166	27684
9167	1973
9167	27684
9168	1973
9168	27684
9169	1973
9169	27684
9170	1973
9170	27684
9171	1973
9171	27684
9172	1973
9172	27684
9173	1973
9173	27684
9174	1973
9174	27684
9175	1973
9175	27684
9176	1973
9176	27684
9177	1973
9177	27684
9178	1973
9178	27684
9179	1973
9179	27684
9180	1973
9180	27684
9181	1973
9181	27684
9182	1973
9182	27684
9183	1973
9183	27684
9184	1973
9184	27684
9185	1973
9185	27684
9186	1973
9186	27684
9187	1973
9187	27684
9188	1973
9188	27684
9188	30463
9188	30464
9188	30465
9188	30466
9188	30467
9188	30468
9188	30469
9188	30470
9188	30471
9188	30472
9188	30473
9189	1973
9189	27684
9190	1973
9190	27684
9191	1973
9191	27684
9192	1973
9192	27684
9193	1973
9193	27684
9193	30473
9193	30474
9193	30475
9193	30476
9193	30477
9193	30478
9193	30479
9193	30480
9193	30481
9193	30482
9193	30483
9193	30484
9193	30485
9193	30486
9193	30487
9193	30488
9193	30489
9193	30490
9193	30491
9193	30492
9193	30493
9193	30494
9193	30495
9193	30496
9193	30497
9193	30498
9193	30499
9193	30500
9194	1973
9194	27684
9195	1973
9195	27684
9196	1973
9196	27684
9197	1973
9197	27684
9198	1973
9198	27684
9199	1973
9199	27684
9200	1973
9200	27684
9200	30473
9200	30501
9200	30502
9200	30503
9200	30504
9200	30505
9200	30506
9200	30507
9200	30508
9200	30509
9200	30510
9200	30511
9200	30512
9200	30513
9200	30514
9200	30515
9200	30516
9200	30517
9200	30518
9200	30519
9200	30520
9201	1973
9201	27684
9201	30521
9201	30522
9201	30523
9201	30524
9201	30525
9201	30526
9201	30527
9201	30528
9201	30529
9201	30530
9201	30531
9201	30532
9201	30533
9201	30534
9201	30535
9201	30536
9201	30537
9201	30538
9201	30539
9201	30540
9201	30541
9201	30542
9201	30543
9201	30544
9201	30545
9201	30546
9201	30547
9201	30548
9201	30549
9201	30550
9201	30551
9201	30552
9201	30553
9201	30554
9201	30555
9201	30556
9201	30557
9201	30558
9201	30559
9201	30560
9201	30561
9201	30562
9201	30563
9201	30564
9201	30565
9201	30566
9201	30567
9201	30568
9201	30569
9201	30570
9201	30571
9201	30572
9201	30573
9201	30574
9201	30575
9201	30576
9201	30577
9201	30578
9201	30579
9201	30580
9201	30581
9201	30582
9201	30583
9201	30584
9201	30585
9201	30586
9201	30587
9201	30588
9201	30589
9201	30590
9201	30591
9201	30592
9201	30593
9201	30594
9201	30595
9201	30596
9201	30597
9201	30598
9201	30599
9201	30600
9201	30601
9201	30602
9201	30603
9201	30604
9201	30605
9201	30606
9201	30607
9201	30608
9201	30609
9201	30610
9201	30611
9201	30612
9201	30613
9201	30614
9201	30615
9201	30616
9201	30617
9201	30618
9201	30619
9201	30620
9201	30621
9201	30622
9201	30623
9201	30624
9201	30625
9201	30626
9202	1973
9202	27684
9203	1973
9203	9203
9203	27684
9204	1973
9204	9204
9204	27684
9204	30627
9205	1973
9205	27684
9206	1973
9206	27684
9207	1973
9207	7618
9207	27684
9208	1973
9208	27684
9209	1973
9209	27684
9210	1973
9210	27684
9211	1973
9211	27684
9212	1973
9213	1973
9214	1973
9214	27684
9215	1973
9215	27684
9216	1973
9216	27684
9217	1973
9217	27684
9218	1973
9218	27684
9219	1973
9219	27684
9220	1973
9220	27684
9221	1973
9221	27684
9222	1973
9222	27684
9223	1973
9223	27684
9224	140
9224	1216
9224	1830
9224	1973
9224	8684
9224	9034
9224	27684
9224	30628
9224	30629
9224	30630
9224	30631
9224	30632
9224	30633
9224	30634
9224	30635
9224	30636
9224	30637
9224	30638
9224	30639
9224	30640
9224	30641
9224	30642
9224	30643
9224	30644
9224	30645
9224	30646
9224	30647
9224	30648
9224	30649
9224	30650
9224	30651
9224	30652
9224	30653
9224	30654
9224	30655
9225	1973
9225	27684
9226	1973
9226	8346
9226	27684
9227	1973
9227	27684
9228	1973
9228	27684
9229	1973
9229	27684
9230	1973
9230	27684
9230	30656
9230	30657
9230	30658
9230	30659
9230	30660
9230	30661
9230	30662
9230	30663
9230	30664
9230	30665
9230	30666
9230	30667
9230	30668
9230	30669
9230	30670
9230	30671
9230	30672
9230	30673
9230	30674
9230	30675
9230	30676
9231	1973
9231	27684
9232	1973
9232	27684
9234	1973
9234	29703
9236	1973
9237	1973
9238	1973
9239	1973
9240	1973
9241	1973
9242	1973
9243	1973
9244	1973
9245	1973
9246	1973
9247	1973
9248	1973
9249	1973
9250	1973
9251	1973
9252	1973
9253	1973
9254	1973
9256	1973
9258	1973
9259	1973
9260	1973
9262	1973
9262	27684
9262	29609
9262	29701
9263	1795
9263	1973
9263	9263
9263	30677
9263	30678
9263	30679
9264	1828
9264	1973
9265	1973
9265	27684
9266	1828
9266	1973
9266	9374
9266	29701
9267	1828
9267	1973
9267	9097
9267	9278
9267	9785
9267	29701
9268	1828
9268	1973
9268	9195
9268	9269
9268	9795
9268	29701
9269	1828
9269	1973
9269	9107
9269	9268
9269	9270
9269	29701
9271	1828
9271	1973
9271	8958
9271	9270
9271	9272
9271	29701
9272	1828
9272	1973
9272	8820
9272	9182
9272	9271
9272	9273
9272	29701
9273	1828
9273	1973
9273	9272
9273	9274
9273	29701
9274	1828
9274	1973
9274	8852
9274	9273
9274	9275
9274	29701
9275	1828
9275	1973
9275	8891
9275	9055
9275	9274
9275	9276
9275	29701
9276	1828
9276	1973
9276	8894
9276	9057
9276	9275
9276	9277
9276	29701
9277	1828
9277	1973
9277	9276
9277	9279
9277	29701
9278	1828
9278	1973
9278	9162
9278	9267
9278	9289
9278	29701
9280	1828
9280	1973
9280	8804
9280	9279
9280	9281
9280	29701
9281	1828
9281	1973
9281	9280
9281	9282
9281	29701
9282	1828
9282	1973
9282	9281
9282	9283
9282	29701
9283	1828
9283	1973
9283	9282
9283	9284
9283	29701
9284	1828
9284	1973
9284	9283
9284	9285
9284	29701
9285	1828
9285	1973
9285	8671
9285	8805
9285	9284
9285	9286
9285	29701
9286	1828
9286	1973
9286	9285
9286	9287
9286	29701
9287	1828
9287	1973
9287	8808
9287	9286
9287	9288
9287	29701
9288	1828
9288	1973
9288	9287
9288	9290
9288	29701
9289	1828
9289	1973
9289	9278
9289	9299
9289	29701
9290	1828
9290	1973
9290	9288
9290	9291
9290	29701
9291	1828
9291	1973
9291	8638
9291	8689
9291	9039
9291	9290
9291	29701
9292	1828
9292	1973
9292	8638
9292	9180
9292	9293
9292	29701
9293	1828
9293	1973
9293	9292
9293	9294
9293	29701
9294	1828
9294	1973
9294	8675
9294	8814
9294	9293
9294	9295
9294	29701
9295	1828
9295	1973
9295	8828
9295	9294
9295	9296
9295	29701
9296	1828
9296	1973
9296	8940
9296	9137
9296	9295
9296	9297
9296	29701
9297	1828
9297	1973
9297	8983
9297	9032
9297	9110
9297	9136
9297	9183
9297	9296
9297	9298
9297	29701
9298	1828
9298	1973
9298	8982
9298	9106
9298	9297
9298	9300
9298	29701
9299	1828
9299	1973
9299	8771
9299	9289
9299	9310
9299	29701
9300	1828
9300	1973
9300	9105
9300	9298
9300	9301
9300	29701
9301	1828
9301	1973
9301	9300
9301	9302
9301	29701
9302	1828
9302	1973
9302	9301
9302	9303
9302	29701
9303	1828
9303	1973
9303	8815
9303	9109
9303	9302
9303	9304
9303	29701
9304	1828
9304	1973
9304	8886
9304	9303
9304	9305
9304	29701
9305	1828
9305	1973
9305	8816
9305	9304
9305	9306
9305	29701
9306	1828
9306	1973
9306	9305
9306	9307
9306	29701
9307	1828
9307	1973
9307	9306
9307	9308
9307	29701
9308	1828
9308	1973
9308	9307
9308	9309
9308	29701
9309	1828
9309	1973
9309	8817
9309	9308
9309	9311
9309	29701
9310	1828
9310	1973
9310	8776
9310	9299
9310	9321
9310	29701
9311	1828
9311	1973
9311	9309
9311	9312
9311	29701
9312	1828
9312	1973
9312	8818
9312	9311
9312	9313
9312	29701
9313	1828
9313	1973
9313	8823
9313	9312
9313	9314
9313	29701
9314	1828
9314	1973
9314	9313
9314	9315
9314	29701
9315	1828
9315	1973
9315	8825
9315	9314
9315	9316
9315	29701
9316	1828
9316	1973
9316	8811
9316	9315
9316	9317
9317	1828
9317	1973
9317	8826
9317	9316
9317	9318
9317	29701
9318	1828
9318	1973
9318	8827
9318	9317
9318	9319
9318	29701
9319	1828
9319	1973
9319	8678
9319	8829
9319	9318
9319	9320
9319	29701
9320	1828
9320	1973
9320	9319
9320	9322
9320	29701
9321	1828
9321	1973
9321	9310
9321	9332
9321	29701
9322	1828
9322	1973
9322	8830
9322	9320
9322	9323
9322	29701
9323	1828
9323	1973
9323	8831
9323	9322
9323	9324
9323	29701
9324	1828
9324	1973
9324	8686
9324	8841
9324	9185
9324	9323
9324	9325
9324	29701
9325	1828
9325	1973
9325	9324
9325	9326
9325	29701
9326	1828
9326	1973
9326	9325
9326	9327
9326	29701
9327	1828
9327	1973
9327	9326
9327	9328
9327	29701
9328	1828
9328	1973
9328	9327
9328	9329
9328	29701
9329	1828
9329	1973
9329	9328
9329	9330
9329	29701
9330	1828
9330	1973
9330	9329
9330	9331
9330	29701
9331	1828
9331	1973
9331	9184
9331	9187
9331	9330
9331	9333
9331	29701
9332	1828
9332	1973
9332	9321
9332	9343
9332	29701
9333	1828
9333	1973
9333	8838
9333	9331
9333	9334
9333	29701
9334	1828
9334	1973
9334	8839
9334	9333
9334	9335
9334	29701
9335	1828
9335	1973
9335	9334
9335	9336
9335	29701
9336	1828
9336	1973
9336	9335
9336	9337
9336	29701
9337	1828
9337	1973
9337	9336
9337	9338
9337	29701
9338	1828
9338	1973
9338	9167
9338	9337
9338	9339
9338	29701
9339	1828
9339	1973
9339	9338
9339	9340
9339	29701
9340	1828
9340	1973
9340	9339
9340	9341
9340	29701
9341	1828
9341	1973
9341	8842
9341	9340
9341	9342
9341	29701
9342	1828
9342	1973
9342	8639
9342	9341
9342	29701
9343	1828
9343	1973
9343	8780
9343	9332
9343	9353
9343	29701
9344	1828
9344	1973
9344	8639
9344	8933
9344	9135
9344	9345
9344	29701
9345	1828
9345	1973
9345	8845
9345	9344
9345	9346
9345	29701
9346	1828
9346	1973
9346	8846
9346	9037
9346	9345
9346	9347
9346	29701
9347	1828
9347	1973
9347	8893
9347	9056
9347	9346
9347	9348
9347	29701
9348	1828
9348	1973
9348	8895
9348	9347
9348	9349
9348	29701
9349	1828
9349	1973
9349	8847
9349	9115
9349	9348
9349	9350
9350	1828
9350	1973
9350	8849
9350	9038
9350	9349
9350	9351
9350	29701
9351	1828
9351	1973
9351	8850
9351	9350
9351	9352
9351	29701
9352	1828
9352	1973
9352	9351
9352	9354
9352	29701
9353	1828
9353	1973
9353	9343
9353	9364
9353	29701
9354	1828
9354	1973
9354	8853
9354	9040
9354	9352
9354	9355
9354	29701
9355	1828
9355	1973
9355	8857
9355	9190
9355	9354
9355	9356
9355	29701
9356	1828
9356	1973
9356	9355
9356	9357
9356	29701
9357	1828
9357	1973
9357	9356
9357	9358
9357	29701
9358	1828
9358	1973
9358	9357
9358	9359
9358	29701
9359	1828
9359	1973
9359	9358
9359	9360
9359	29701
9360	1828
9360	1973
9360	8855
9360	9359
9360	9361
9360	29701
9361	1828
9361	1973
9361	9360
9361	9362
9361	29701
9362	1828
9362	1973
9362	8861
9362	9361
9362	9363
9362	29701
9363	1828
9363	1973
9363	9362
9363	9365
9363	29701
9364	1828
9364	1973
9364	8781
9364	9353
9364	9375
9364	29701
9365	1828
9365	1973
9365	9363
9365	9366
9365	29701
9366	1828
9366	1973
9366	8858
9366	9041
9366	9365
9366	9367
9366	29701
9367	1828
9367	1973
9367	8640
9367	9366
9367	29701
9367	30680
9368	1828
9368	1973
9368	8640
9368	9369
9368	29701
9369	1828
9369	1973
9369	9368
9369	9370
9369	29701
9371	1828
9371	1973
9371	9370
9371	9372
9371	29701
9372	1828
9372	1973
9372	9371
9372	9373
9372	29701
9373	1828
9373	1973
9373	9372
9373	9376
9373	29701
9374	1828
9374	1973
9374	9266
9374	9483
9374	29701
9375	1828
9375	1973
9375	9364
9375	9386
9375	29701
9376	1828
9376	1973
9376	8868
9376	9373
9376	9377
9376	29701
9377	1828
9377	1973
9377	8864
9377	9376
9377	9378
9377	29701
9378	1828
9378	1973
9378	9116
9378	9377
9378	9379
9378	29701
9380	1828
9380	1973
9380	9379
9380	9381
9380	29701
9381	1828
9381	1973
9381	9380
9381	9382
9381	29701
9382	1828
9382	1973
9382	9381
9382	9383
9382	29701
9383	1828
9383	1973
9383	9382
9383	9384
9383	29701
9384	1828
9384	1973
9384	9118
9384	9383
9384	9385
9384	29701
9385	1828
9385	1973
9385	8865
9385	9384
9385	9387
9385	29701
9386	1828
9386	1973
9386	9100
9386	9375
9386	9397
9386	29701
9387	1828
9387	1973
9387	9385
9387	9388
9387	29701
9389	1828
9389	1973
9389	9388
9389	9390
9389	29701
9390	1828
9390	1973
9390	8866
9390	9046
9390	9119
9390	9389
9390	9391
9390	29701
9391	1828
9391	1973
9391	9121
9391	9390
9391	9392
9391	29701
9392	1828
9392	1973
9392	9391
9392	9393
9392	29701
9393	1828
9393	1973
9393	9392
9393	9394
9393	29701
9394	1828
9394	1973
9394	8695
9394	8867
9394	9120
9394	9393
9394	9395
9394	29701
9395	1828
9395	1973
9395	9394
9395	9396
9395	29701
9396	1828
9396	1973
9396	9395
9396	9398
9396	29701
9397	1828
9397	1973
9397	9129
9397	9386
9397	9408
9397	29701
9398	1828
9398	1973
9398	9396
9398	9399
9398	29701
9399	1828
9399	1973
9399	8696
9399	8869
9399	9398
9399	9400
9399	29701
9400	1828
9400	1973
9400	9399
9400	9401
9400	29701
9402	1828
9402	1973
9402	8807
9402	9401
9402	9403
9402	29701
9403	1828
9403	1973
9403	8890
9403	9402
9403	9404
9403	29701
9404	1828
9404	1973
9404	9123
9404	9403
9404	9405
9404	29701
9405	1828
9405	1973
9405	8876
9405	9404
9405	9406
9405	29701
9406	1828
9406	1973
9406	8881
9406	9405
9406	9407
9406	29701
9407	1828
9407	1973
9407	8871
9407	9406
9407	9409
9407	29701
9408	1828
9408	1973
9408	8665
9408	8795
9408	9397
9408	9419
9408	29701
9409	1828
9409	1973
9409	8882
9409	9407
9409	9410
9409	29701
9410	1828
9410	1973
9410	8872
9410	9409
9410	9411
9410	29701
9411	1828
9411	1973
9411	9047
9411	9410
9411	9412
9411	29701
9412	1828
9412	1973
9412	9411
9412	9413
9412	29701
9413	1828
9413	1973
9413	8873
9413	9412
9413	9414
9413	29701
9415	1828
9415	1973
9415	9414
9415	9416
9415	29701
9416	1828
9416	1973
9416	8741
9416	8965
9416	9169
9416	9208
9416	9415
9416	9417
9416	29701
9417	1828
9417	1973
9417	8722
9417	8937
9417	9200
9417	9416
9417	9418
9417	29701
9418	1828
9418	1973
9418	9417
9418	9420
9418	29701
9419	1828
9419	1973
9419	8666
9419	8796
9419	9408
9419	9430
9419	29701
9420	1828
9420	1973
9420	9418
9420	9421
9420	29701
9421	1828
9421	1973
9421	9420
9421	9422
9421	29701
9422	1828
9422	1973
9422	9125
9422	9421
9422	9423
9422	29701
9423	1828
9423	1973
9423	9422
9423	9424
9423	29701
9424	1828
9424	1973
9424	8877
9424	9423
9424	9425
9424	29701
9425	1828
9425	1973
9425	9424
9425	9426
9425	29701
9426	1828
9426	1973
9426	8878
9426	9051
9426	9425
9426	9427
9426	29701
9427	1828
9427	1973
9427	9426
9427	9428
9427	29701
9428	1828
9428	1973
9428	9427
9428	9429
9428	29701
9429	1828
9429	1973
9429	9428
9429	9431
9429	29701
9430	1828
9430	1973
9430	8642
9430	9419
9430	29701
9431	1828
9431	1973
9431	8641
9431	8879
9431	9052
9431	9429
9431	29701
9432	1828
9432	1973
9432	8641
9432	8883
9432	9054
9432	9433
9432	29701
9433	1828
9433	1973
9433	9432
9433	9434
9433	29701
9434	1828
9434	1973
9434	8880
9434	9433
9434	9435
9434	29701
9435	1828
9435	1973
9435	9127
9435	9434
9435	9436
9435	29701
9436	1828
9436	1973
9436	9435
9436	9437
9436	29701
9437	1828
9437	1973
9437	9436
9437	9438
9437	29701
9438	1828
9438	1973
9438	8885
9438	9437
9438	9439
9438	29701
9439	1828
9439	1973
9439	9014
9439	9438
9439	9440
9439	29701
9440	1828
9440	1973
9440	9439
9440	9441
9440	29701
9441	1828
9441	1973
9441	9440
9441	9442
9441	29701
9442	1828
9442	1973
9442	9441
9442	9443
9442	29701
9443	1828
9443	1973
9443	9442
9443	9444
9443	29701
9444	1828
9444	1973
9444	9443
9444	9445
9444	29701
9445	1828
9445	1973
9445	9444
9445	9446
9445	29701
9447	1828
9447	1973
9447	9128
9447	9446
9447	9448
9447	29701
9448	1828
9448	1973
9448	9447
9448	9449
9448	29701
9449	1828
9449	1973
9449	8898
9449	9448
9449	9451
9449	29701
9450	1828
9450	1973
9450	8642
9450	8782
9450	9461
9450	29701
9451	1828
9451	1973
9451	8903
9451	9168
9451	9196
9451	9449
9451	9452
9451	29701
9452	1828
9452	1973
9452	8899
9452	9451
9452	9453
9452	29701
9453	1828
9453	1973
9453	8704
9453	8904
9453	9452
9453	9454
9453	29701
9455	1828
9455	1973
9455	9454
9455	9456
9455	29701
9456	1828
9456	1973
9456	8900
9456	9455
9456	9457
9456	29701
9457	1828
9457	1973
9457	9456
9457	9458
9457	29701
9458	1828
9458	1973
9458	8901
9458	9457
9458	9459
9458	29701
9459	1828
9459	1973
9459	8856
9459	9458
9459	9460
9459	29701
9460	1828
9460	1973
9460	8902
9460	9459
9460	9462
9460	29701
9461	1828
9461	1973
9461	8783
9461	9450
9461	9472
9461	29701
9462	1828
9462	1973
9462	9460
9462	9463
9462	29701
9463	1828
9463	1973
9463	8906
9463	9462
9463	9464
9463	29701
9464	1828
9464	1973
9464	9463
9464	9465
9464	29701
9465	1828
9465	1973
9465	9464
9465	9466
9465	29701
9466	1828
9466	1973
9466	9465
9466	9467
9466	29701
9468	1828
9468	1973
9468	8705
9468	9467
9468	9469
9468	29701
9469	1828
9469	1973
9469	8916
9469	9468
9469	9470
9469	29701
9470	1828
9470	1973
9470	8708
9470	8907
9470	9469
9470	9471
9470	29701
9471	1828
9471	1973
9471	9470
9471	9473
9471	29701
9472	1828
9472	1973
9472	9461
9472	9484
9472	29701
9473	1828
9473	1973
9473	9471
9473	9474
9473	29701
9474	1828
9474	1973
9474	8970
9474	9473
9474	9475
9474	29701
9475	1828
9475	1973
9475	9474
9475	9476
9475	29701
9477	1828
9477	1973
9477	9476
9477	9478
9477	29701
9478	1828
9478	1973
9478	8910
9478	9477
9478	9479
9478	29701
9479	1828
9479	1973
9479	8712
9479	8911
9479	9478
9479	9480
9479	29701
9480	1828
9480	1973
9480	9479
9480	9481
9480	29701
9481	1828
9481	1973
9481	8915
9481	9133
9481	9480
9481	9482
9481	29701
9483	1828
9483	1973
9483	9374
9483	9590
9483	29701
9484	1828
9484	1973
9484	8784
9484	9472
9484	9495
9484	29701
9485	1828
9485	1973
9485	9482
9485	9486
9485	29701
9486	1828
9486	1973
9486	9485
9486	9487
9486	29701
9487	1828
9487	1973
9487	8717
9487	8924
9487	9199
9487	9486
9487	9488
9487	29701
9488	1828
9488	1973
9488	8917
9488	9487
9488	9489
9488	29701
9489	1828
9489	1973
9489	9488
9489	9490
9489	29701
9490	1828
9490	1973
9490	8918
9490	9489
9490	9491
9490	29701
9491	1828
9491	1973
9491	8931
9491	9490
9491	9492
9491	29701
9492	1828
9492	1973
9492	8919
9492	9061
9492	9491
9492	9493
9492	29701
9493	1828
9493	1973
9493	8920
9493	9492
9493	9494
9493	29701
9494	1828
9494	1973
9494	9493
9494	9496
9494	29701
9495	1828
9495	1973
9495	9484
9495	9506
9495	29701
9496	1828
9496	1973
9496	8921
9496	9494
9496	9497
9496	29701
9497	1828
9497	1973
9497	9496
9497	9498
9497	29701
9498	1828
9498	1973
9498	9226
9498	9497
9498	9499
9498	29701
9499	1828
9499	1973
9499	9498
9499	9500
9499	29701
9500	1828
9500	1973
9500	8715
9500	8922
9500	9062
9500	9198
9500	9499
9500	9501
9500	29701
9501	1828
9501	1973
9501	8716
9501	8923
9501	9500
9501	9502
9501	29701
9502	1828
9502	1973
9502	8725
9502	8942
9502	9501
9502	9503
9502	29701
9503	1828
9503	1973
9503	9502
9503	9504
9503	29701
9504	1828
9504	1973
9504	9503
9504	9505
9504	29701
9504	30681
9505	1828
9505	1973
9505	8926
9505	9134
9505	9504
9505	9507
9505	29701
9506	1828
9506	1973
9506	8793
9506	9176
9506	9495
9506	9516
9506	29701
9507	1828
9507	1973
9507	9505
9507	9508
9507	29701
9508	1828
9508	1973
9508	8932
9508	9507
9508	9509
9508	29701
9509	1828
9509	1973
9509	8927
9509	9508
9509	9510
9509	29701
9510	1828
9510	1973
9510	8928
9510	9509
9510	9511
9510	29701
9511	1828
9511	1973
9511	8718
9511	9510
9511	9512
9511	29701
9512	1828
9512	1973
9512	8939
9512	9511
9512	9513
9512	29701
9513	1828
9513	1973
9513	8929
9513	9063
9513	9512
9513	9514
9513	29701
9514	1828
9514	1973
9514	9513
9514	9515
9514	29701
9515	1828
9515	1973
9515	8643
9515	9514
9515	29701
9516	1828
9516	1973
9516	9506
9516	9526
9516	29701
9517	1828
9517	1973
9517	8644
9517	9518
9517	29701
9518	1828
9518	1973
9518	9517
9518	9519
9518	29701
9519	1828
9519	1973
9519	8724
9519	8941
9519	9067
9519	9518
9519	9520
9519	29701
9520	1828
9520	1973
9520	8930
9520	9519
9520	9521
9520	29701
9521	1828
9521	1973
9521	9520
9521	9522
9521	29701
9522	1828
9522	1973
9522	9521
9522	9523
9522	29701
9523	1828
9523	1973
9523	9522
9523	9524
9523	29701
9524	1828
9524	1973
9524	9126
9524	9523
9524	9525
9524	29701
9525	1828
9525	1973
9525	9524
9525	9527
9525	29701
9526	1828
9526	1973
9526	9516
9526	9536
9526	29701
9527	1828
9527	1973
9527	9066
9527	9525
9527	9528
9527	29701
9528	1828
9528	1973
9528	9527
9528	9529
9528	29701
9529	1828
9529	1973
9529	9528
9529	9530
9529	29701
9530	1828
9530	1973
9530	9529
9530	9531
9530	29701
9531	1828
9531	1973
9531	8971
9531	9530
9531	9532
9531	29701
9532	1828
9532	1973
9532	9531
9532	9533
9532	29701
9533	1828
9533	1973
9533	8721
9533	8936
9533	9532
9533	9534
9533	29701
9534	1828
9534	1973
9534	9533
9534	9535
9534	29701
9535	1828
9535	1973
9535	8645
9535	9534
9535	29701
9536	1828
9536	1973
9536	9526
9536	9547
9536	29701
9537	1828
9537	1973
9537	8645
9537	9151
9537	9538
9537	29701
9538	1828
9538	1973
9538	9537
9538	9539
9538	29701
9539	1828
9539	1973
9539	9538
9539	9540
9539	29701
9540	1828
9540	1973
9540	9539
9540	9541
9540	29701
9541	1828
9541	1973
9541	8660
9541	8775
9541	9540
9541	9542
9541	29701
9542	1828
9542	1973
9542	8726
9542	8944
9542	9541
9542	9543
9542	29701
9543	1828
9543	1973
9543	9139
9543	9542
9543	9544
9543	29701
9544	1828
9544	1973
9544	9543
9544	9545
9544	29701
9545	1828
9545	1973
9545	8691
9545	8860
9545	9192
9545	9544
9545	9546
9545	29701
9546	1828
9546	1973
9546	9545
9546	9548
9546	29701
9547	1828
9547	1973
9547	9025
9547	9536
9547	9558
9547	29701
9548	1828
9548	1973
9548	8719
9548	8934
9548	9546
9548	9549
9548	29701
9549	1828
9549	1973
9549	9141
9549	9548
9549	9550
9549	29701
9550	1828
9550	1973
9550	8950
9550	9549
9550	9551
9550	29701
9551	1828
9551	1973
9551	9550
9551	9552
9551	29701
9552	1828
9552	1973
9552	8948
9552	9551
9552	9553
9552	29701
9553	1828
9553	1973
9553	9005
9553	9552
9553	9554
9553	29701
9554	1828
9554	1973
9554	9553
9554	9555
9554	29701
9555	1828
9555	1973
9555	9554
9555	9556
9555	29701
9556	1828
9556	1973
9556	9165
9556	9555
9556	9557
9556	29701
9557	1828
9557	1973
9557	9556
9557	9559
9557	29701
9558	1828
9558	1973
9558	8786
9558	9547
9558	9569
9558	29701
9559	1828
9559	1973
9559	8949
9559	9557
9559	9560
9559	29701
9560	1828
9560	1973
9560	8730
9560	8951
9560	9202
9560	9559
9560	9561
9560	29701
9561	1828
9561	1973
9561	9140
9561	9560
9561	9562
9561	29701
9562	1828
9562	1973
9562	9561
9562	9563
9562	29701
9563	1828
9563	1973
9563	9069
9563	9562
9563	9564
9563	29701
9564	1828
9564	1973
9564	9065
9564	9066
9564	9082
9564	9563
9564	9565
9564	29701
9565	1828
9565	1973
9565	8731
9565	8953
9565	9073
9565	9204
9565	9564
9565	9566
9565	29701
9566	1828
9566	1973
9566	9565
9566	9567
9566	29701
9567	1828
9567	1973
9567	9566
9567	9568
9567	29701
9568	1828
9568	1973
9568	8955
9568	9567
9568	9570
9568	29701
9569	1828
9569	1973
9569	9558
9569	9580
9569	29701
9570	1828
9570	1973
9570	9568
9570	9571
9570	29701
9571	1828
9571	1973
9571	8720
9571	9570
9571	9572
9571	29701
9572	1828
9572	1973
9572	9571
9572	9573
9572	29701
9573	1828
9573	1973
9573	8954
9573	9572
9573	9574
9573	29701
9574	1828
9574	1973
9574	8810
9574	9573
9574	9575
9574	29701
9575	1828
9575	1973
9575	8956
9575	9074
9575	9144
9575	9574
9575	9576
9575	29701
9576	1828
9576	1973
9576	8774
9576	9096
9576	9575
9576	9577
9576	29701
9577	1828
9577	1973
9577	8690
9577	8859
9577	9042
9577	9576
9577	9578
9577	29701
9578	1828
9578	1973
9578	8957
9578	9577
9578	9579
9578	29701
9579	1828
9579	1973
9579	9146
9579	9578
9579	9581
9579	29701
9580	1828
9580	1973
9580	9569
9580	9591
9580	29701
9581	1828
9581	1973
9581	9579
9581	9582
9581	29701
9582	1828
9582	1973
9582	9142
9582	9581
9582	9583
9582	29701
9583	1828
9583	1973
9583	8646
9583	9143
9583	9582
9583	29701
9584	1828
9584	1973
9584	8646
9584	8959
9584	9205
9584	9585
9584	29701
9585	1828
9585	1973
9585	8736
9585	8960
9585	9206
9585	9584
9585	9586
9585	29701
9587	1828
9587	1973
9587	9586
9587	9588
9587	29701
9588	1828
9588	1973
9588	8966
9588	9147
9588	9587
9588	9589
9588	29701
9589	1828
9589	1973
9589	7618
9589	9207
9589	9588
9589	9592
9589	29701
9590	1828
9590	1973
9590	8772
9590	9483
9590	9699
9590	29701
9591	1828
9591	1973
9591	9580
9591	9602
9591	29701
9592	1828
9592	1973
9592	9148
9592	9589
9592	9593
9592	29701
9593	1828
9593	1973
9593	8738
9593	8962
9593	9592
9593	9594
9593	29701
9594	1828
9594	1973
9594	9593
9594	9595
9594	29701
9595	1828
9595	1973
9595	9594
9595	9596
9595	29701
9596	1828
9596	1973
9596	9595
9596	9597
9596	29701
9597	1828
9597	1973
9597	8964
9597	9596
9597	9598
9597	29701
9598	1828
9598	1973
9598	8967
9598	9597
9598	9599
9598	29701
9599	1828
9599	1973
9599	9598
9599	9600
9599	29701
9600	1828
9600	1973
9600	9599
9600	9601
9600	29701
9601	1828
9601	1973
9601	8742
9601	9600
9601	9603
9601	29701
9602	1828
9602	1973
9602	8789
9602	9026
9602	9591
9602	9613
9602	29701
9603	1828
9603	1973
9603	9149
9603	9601
9603	9604
9603	29701
9604	1828
9604	1973
9604	8698
9604	8874
9604	9049
9604	9603
9604	9605
9604	29701
9605	1828
9605	1973
9605	9604
9605	9606
9605	29701
9606	1828
9606	1973
9606	9605
9606	9607
9606	29701
9607	1828
9607	1973
9607	9606
9607	9608
9607	29701
9608	1828
9608	1973
9608	9607
9608	9609
9608	29701
9609	1828
9609	1973
9609	9608
9609	9610
9609	29701
9610	1828
9610	1973
9610	9609
9610	9611
9610	29701
9611	1828
9611	1973
9611	9078
9611	9610
9611	9612
9611	29701
9612	1828
9612	1973
9612	9611
9612	9614
9612	29701
9613	1828
9613	1973
9613	9602
9613	9624
9613	29701
9614	1828
9614	1973
9614	9210
9614	9212
9614	9213
9614	9612
9614	9615
9614	29701
9615	1828
9615	1973
9615	9614
9615	9616
9615	29701
9616	1828
9616	1973
9616	9615
9616	9617
9616	29701
9617	1828
9617	1973
9617	9616
9617	9618
9617	29701
9618	1828
9618	1973
9618	9617
9618	9619
9618	29701
9619	1828
9619	1973
9619	9618
9619	9620
9619	29701
9620	1828
9620	1973
9620	9619
9620	9621
9620	29701
9621	1828
9621	1973
9621	9620
9621	9622
9621	29701
9622	1828
9622	1973
9622	8749
9622	8973
9622	9211
9622	9621
9622	9623
9622	29701
9623	1828
9623	1973
9623	9622
9623	9625
9623	29701
9624	1828
9624	1973
9624	9613
9624	9635
9624	29701
9625	1828
9625	1973
9625	9623
9625	9626
9625	29701
9626	1828
9626	1973
9626	9625
9626	9627
9626	29701
9626	30682
9627	1828
9627	1973
9627	8750
9627	8974
9627	9626
9627	9628
9627	29701
9628	1828
9628	1973
9628	8975
9628	9627
9628	9629
9628	29701
9629	1828
9629	1973
9629	9628
9629	9630
9629	29701
9630	1828
9630	1973
9630	9629
9630	9631
9630	29701
9631	1828
9631	1973
9631	8976
9631	9079
9631	9630
9631	9632
9631	29701
9632	1828
9632	1973
9632	8988
9632	9153
9632	9631
9632	9633
9632	29701
9633	1828
9633	1973
9633	8977
9633	9632
9633	9634
9633	29701
9634	1828
9634	1973
9634	9633
9634	9636
9634	29701
9635	1828
9635	1973
9635	9624
9635	9646
9635	29701
9636	1828
9636	1973
9636	9156
9636	9634
9636	9637
9636	29701
9637	1828
9637	1973
9637	9124
9637	9636
9637	9638
9637	29701
9638	1828
9638	1973
9638	9637
9638	9639
9638	29701
9639	1828
9639	1973
9639	8995
9639	9638
9639	9640
9639	29701
9640	1828
9640	1973
9640	9639
9640	9641
9640	29701
9641	1828
9641	1973
9641	8978
9641	9640
9641	9642
9641	29701
9642	1828
9642	1973
9642	9641
9642	9643
9642	29701
9643	1828
9643	1973
9643	8985
9643	9642
9643	9644
9643	29701
9644	1828
9644	1973
9644	9643
9644	9645
9644	29701
9645	1828
9645	1973
9645	8981
9645	9644
9645	9647
9645	29701
9646	1828
9646	1973
9646	8963
9646	9635
9646	9656
9646	29701
9647	1828
9647	1973
9647	9645
9647	9648
9647	29701
9648	1828
9648	1973
9648	9647
9648	9649
9648	29701
9649	1828
9649	1973
9649	8938
9649	9648
9649	9650
9649	29701
9650	1828
9650	1973
9650	9649
9650	9651
9650	29701
9651	1828
9651	1973
9651	9650
9651	9652
9651	29701
9652	1828
9652	1973
9652	8986
9652	9651
9652	9653
9652	29701
9653	1828
9653	1973
9653	8647
9653	9652
9653	29701
9654	1828
9654	1973
9654	8647
9654	8987
9654	9655
9654	29701
9655	1828
9655	1973
9655	8648
9655	9654
9655	29701
9656	1828
9656	1973
9656	8792
9656	9646
9656	9666
9656	29701
9657	1828
9657	1973
9657	8648
9657	8979
9657	9081
9657	9214
9657	9658
9657	29701
9658	1828
9658	1973
9658	8755
9658	9001
9658	9088
9658	9657
9658	9659
9658	29701
9659	1828
9659	1973
9659	9083
9659	9658
9659	9660
9659	29701
9660	1828
9660	1973
9660	8989
9660	9659
9660	9661
9660	29701
9661	1828
9661	1973
9661	9660
9661	9662
9661	29701
9662	1828
9662	1973
9662	8991
9662	9084
9662	9154
9662	9215
9662	9661
9662	9663
9662	9858
9663	1828
9663	1973
9663	8990
9663	9662
9663	9664
9663	29701
9664	1828
9664	1973
9664	8751
9664	8992
9664	9216
9664	9663
9664	9665
9664	29701
9665	1828
9665	1973
9665	8993
9665	9155
9665	9226
9665	9664
9665	9667
9665	29701
9666	1828
9666	1973
9666	8791
9666	9027
9666	9656
9666	9677
9666	29701
9667	1828
9667	1973
9667	9138
9667	9665
9667	9668
9667	29701
9668	1828
9668	1973
9668	9132
9668	9667
9668	9669
9668	29701
9669	1828
9669	1973
9669	8984
9669	9668
9669	9670
9669	29701
9670	1828
9670	1973
9670	8994
9670	9669
9670	9671
9670	29701
9671	1828
9671	1973
9671	9670
9671	9672
9671	29701
9672	1828
9672	1973
9672	9671
9672	9673
9672	29701
9673	1828
9673	1973
9673	9672
9673	9674
9673	29701
9674	1828
9674	1973
9674	9673
9674	9675
9674	29701
9676	1828
9676	1973
9676	9675
9676	9678
9676	29701
9677	1828
9677	1973
9677	9666
9677	9688
9677	29701
9678	1828
9678	1973
9678	9676
9678	9679
9678	29701
9679	1828
9679	1973
9679	8996
9679	9678
9679	9680
9679	29701
9680	1828
9680	1973
9680	9152
9680	9679
9680	9681
9680	29701
9681	1828
9681	1973
9681	9680
9681	9682
9681	29701
9682	1828
9682	1973
9682	9159
9682	9681
9682	9683
9682	29701
9684	1828
9684	1973
9684	8935
9684	9683
9684	9685
9684	29701
9685	1828
9685	1973
9685	8997
9685	9684
9685	9686
9685	29701
9687	1828
9687	1973
9687	9686
9687	9689
9687	29701
9688	1828
9688	1973
9688	9677
9688	9700
9688	29701
9689	1828
9689	1973
9689	9687
9689	9690
9689	29701
9690	1828
9690	1973
9690	8998
9690	9086
9690	9689
9690	9691
9690	29701
9691	1828
9691	1973
9691	9690
9691	9692
9691	29701
9692	1828
9692	1973
9692	8999
9692	9158
9692	9691
9692	9693
9692	29701
9693	1828
9693	1973
9693	9692
9693	9694
9693	29701
9694	1828
9694	1973
9694	9693
9694	9695
9694	29701
9695	1828
9695	1973
9695	9157
9695	9694
9695	9696
9695	29701
9696	1828
9696	1973
9696	9695
9696	9697
9696	29701
9697	1828
9697	1973
9697	9696
9697	9698
9697	29701
9698	1828
9698	1973
9698	9697
9698	9701
9698	29701
9699	1828
9699	1973
9699	9590
9699	9754
9699	29701
9700	1828
9700	1973
9700	8649
9700	8980
9700	9688
9700	29701
9701	1828
9701	1973
9701	8754
9701	9000
9701	9087
9701	9218
9701	9698
9701	9702
9701	29701
9702	1828
9702	1973
9702	9701
9702	9703
9702	29701
9704	1828
9704	1973
9704	9703
9704	9705
9704	29701
9705	1828
9705	1973
9705	8757
9705	9704
9705	9706
9705	29701
9706	1828
9706	1973
9706	9160
9706	9705
9706	9707
9706	29701
9707	1828
9707	1973
9707	9004
9707	9161
9707	9706
9707	9708
9707	29701
9708	1828
9708	1973
9708	8835
9708	9707
9708	9709
9708	29701
9709	1828
9709	1973
9709	9002
9709	9708
9709	9710
9709	29701
9710	1828
9710	1973
9710	9709
9710	9711
9710	29701
9711	1828
9711	1973
9711	9710
9711	9712
9711	29701
9712	1828
9712	1973
9712	8758
9712	9711
9712	9713
9712	29701
9713	1828
9713	1973
9713	8788
9713	9712
9713	9714
9713	29701
9714	1828
9714	1973
9714	9713
9714	9715
9714	29701
9715	1828
9715	1973
9715	9714
9715	9716
9715	29701
9716	1828
9716	1973
9716	9028
9716	9223
9716	9715
9716	9717
9716	29701
9718	1828
9718	1973
9718	9717
9718	9719
9718	29701
9719	1828
9719	1973
9719	9718
9719	9720
9719	29701
9720	1828
9720	1973
9720	9719
9720	9721
9720	29701
9721	1828
9721	1973
9721	9720
9721	9722
9721	29701
9722	1828
9722	1973
9722	8651
9722	8843
9722	9721
9722	29701
9723	1828
9723	1973
9723	8651
9723	9724
9723	29701
9724	1828
9724	1973
9724	9723
9724	9725
9724	29701
9725	1828
9725	1973
9725	8763
9725	9007
9725	9090
9725	9724
9725	9726
9725	29701
9726	1828
9726	1973
9726	8766
9726	9221
9726	9725
9726	9727
9726	29701
9727	1828
9727	1973
9727	8765
9727	9011
9727	9091
9727	9726
9727	9728
9727	29701
9728	1828
9728	1973
9728	8943
9728	9068
9728	9727
9728	9729
9728	29701
9729	1828
9729	1973
9729	9122
9729	9728
9729	9731
9729	29701
9730	1828
9730	1973
9730	8650
9730	9741
9730	29701
9731	1828
9731	1973
9731	8912
9731	9729
9731	9732
9731	29701
9732	1828
9732	1973
9732	8913
9732	9731
9732	9733
9732	29701
9733	1828
9733	1973
9733	9130
9733	9732
9733	9734
9733	29701
9734	1828
9734	1973
9734	9164
9734	9733
9734	9735
9734	29701
9735	1828
9735	1973
9735	9009
9735	9734
9735	9736
9735	29701
9736	1828
9736	1973
9736	9735
9736	9737
9736	29701
9737	1828
9737	1973
9737	9736
9737	9738
9737	29701
9738	1828
9738	1973
9738	9737
9738	9739
9738	29701
9739	1828
9739	1973
9739	9738
9739	9740
9739	29701
9740	1828
9740	1973
9740	9739
9740	9742
9740	29701
9741	1828
9741	1973
9741	9730
9741	9749
9741	29701
9742	1828
9742	1973
9742	9740
9742	9743
9742	29701
9743	1828
9743	1973
9743	8672
9743	8806
9743	9178
9743	9742
9743	9744
9743	29701
9744	1828
9744	1973
9744	8863
9744	9743
9744	9745
9744	29701
9746	1828
9746	1973
9746	9013
9746	9745
9746	9747
9746	29701
9747	1828
9747	1973
9747	8779
9747	9746
9747	9748
9747	29701
9747	30683
9748	1828
9748	1973
9748	8896
9748	9058
9748	9747
9748	29701
9748	30684
9749	1828
9749	1973
9749	9741
9749	9750
9749	29701
9750	1973
9750	8668
9750	8797
9750	9103
9750	9749
9750	9751
9750	29701
9750	30685
9751	1828
9751	1973
9751	8794
9751	9750
9751	9752
9751	29701
9752	1828
9752	1973
9752	8798
9752	9751
9752	9753
9752	29701
9753	1828
9753	1973
9753	8669
9753	8799
9753	9752
9753	9755
9753	29701
9754	1828
9754	1973
9754	8658
9754	9699
9754	9765
9754	29701
9755	1828
9755	1973
9755	8887
9755	9753
9755	9756
9755	29701
9756	1828
9756	1973
9756	9755
9756	9757
9756	29701
9757	1828
9757	1973
9757	9756
9757	9758
9757	29701
9758	1828
9758	1973
9758	8821
9758	9757
9758	9759
9758	29701
9759	1828
9759	1973
9759	9758
9759	9760
9759	29701
9760	1828
9760	1973
9760	9759
9760	9761
9760	29701
9761	1828
9761	1973
9761	9760
9761	9762
9761	29701
9762	1828
9762	1973
9762	9761
9762	9763
9762	29701
9763	1828
9763	1973
9763	9762
9763	9764
9763	29701
9764	1828
9764	1973
9764	8822
9764	9763
9764	9766
9764	29701
9765	1828
9765	1973
9765	8777
9765	9754
9765	9775
9765	29701
9766	1828
9766	1973
9766	9016
9766	9764
9766	9767
9766	29701
9767	1828
9767	1973
9767	8800
9767	9766
9767	9768
9767	29701
9768	1828
9768	1973
9768	8803
9768	9104
9768	9177
9768	9767
9768	9769
9768	29701
9769	1828
9769	1973
9769	9219
9769	9768
9769	9770
9769	29701
9770	1828
9770	1973
9770	8769
9770	9017
9770	9769
9770	9771
9770	29701
9771	1828
9771	1973
9771	9770
9771	9772
9771	29701
9772	1828
9772	1973
9772	8652
9772	9771
9772	29701
9773	1828
9773	1973
9773	8652
9773	9774
9773	29701
9774	1828
9774	1973
9774	8653
9774	8832
9774	9111
9774	9773
9774	29701
9775	1828
9775	1973
9775	9094
9775	9765
9775	9785
9775	29701
9776	1828
9776	1973
9776	8653
9776	9777
9776	29701
9777	1828
9777	1973
9777	9776
9777	9778
9777	29701
9777	30686
9778	1828
9778	1973
9778	9114
9778	9777
9778	9779
9778	29701
9779	1828
9779	1973
9779	9150
9779	9778
9779	9780
9779	29701
9780	1828
9780	1973
9780	9779
9780	9781
9780	29701
9781	1828
9781	1973
9781	9780
9781	9782
9781	29701
9782	1828
9782	1973
9782	9781
9782	9783
9782	29701
9783	1828
9783	1973
9783	9782
9783	9784
9783	29701
9784	1828
9784	1973
9784	9783
9784	9786
9784	29701
9785	1828
9785	1973
9785	9095
9785	9171
9785	9267
9785	9775
9785	29701
9786	1828
9786	1973
9786	9784
9786	9787
9786	29701
9787	1828
9787	1973
9787	9112
9787	9786
9787	9788
9787	29701
9788	1828
9788	1973
9788	9787
9788	9789
9788	29701
9789	1828
9789	1973
9789	9788
9789	9790
9789	29701
9790	1828
9790	1973
9790	9789
9790	9791
9790	29701
9791	1828
9791	1973
9791	9790
9791	9792
9791	29701
9792	1828
9792	1973
9792	9113
9792	9791
9792	9793
9792	29701
9793	1828
9793	1973
9793	9792
9793	9794
9793	29701
9793	30687
9794	1828
9794	1973
9794	8778
9794	9099
9794	9793
9794	9795
9794	29701
9795	1828
9795	1973
9795	9268
9795	9794
9795	29701
9796	1973
9796	29702
9797	1973
9797	8834
9798	1973
9798	29702
9799	1973
9799	29702
9800	1796
9800	29199
9801	1973
9801	27684
9802	1973
9803	1973
9804	1973
9805	1973
9806	1973
9807	1973
9808	1973
9809	1973
9810	1973
9811	1973
9812	1973
9813	1973
9814	1973
9815	1973
9816	1973
9817	1973
9818	1973
9819	1973
9820	1973
9821	1973
9822	1973
9823	1973
9824	1973
9825	1973
9826	1973
9827	1973
9829	1973
9829	8664
9829	8697
9829	8699
9829	8700
9829	8714
9829	8729
9829	8743
9829	8753
9829	8764
9829	8768
9829	8770
9829	8773
9829	8785
9829	8790
9829	8802
9829	8812
9829	8819
9829	8833
9829	8834
9829	8836
9829	8837
9829	8840
9829	8848
9829	8851
9829	8862
9829	8870
9829	8875
9829	8884
9829	8889
9829	8897
9829	8914
9829	8925
9829	8946
9829	8952
9829	8968
9829	8969
9829	8972
9829	9008
9829	9010
9829	9015
9829	9017
9829	9018
9829	9020
9829	9022
9829	9024
9829	9029
9829	9030
9829	9031
9829	9044
9829	9048
9829	9050
9829	9059
9829	9064
9829	9065
9829	9072
9829	9077
9829	9080
9829	9085
9829	9092
9829	9093
9829	9101
9829	9108
9829	9174
9829	9175
9829	9179
9829	9189
9829	9194
9829	9209
9829	9220
9829	9265
9829	30688
9830	1973
9830	29703
9831	1825
9831	1973
9832	1825
9832	1973
9833	1825
9833	1973
9834	1825
9834	1973
9835	1825
9835	1973
9836	1825
9836	1973
9837	1825
9837	1973
9838	1825
9838	1973
9839	1825
9839	1973
9840	1825
9840	1973
9842	1825
9842	1973
9844	1825
9844	1973
9845	1825
9845	1973
9846	1825
9846	1973
9847	1825
9847	1973
9848	1825
9848	1973
9849	1825
9849	1973
9850	1825
9850	1973
9851	1825
9851	1973
9852	1825
9852	1973
9853	1825
9853	1973
9854	1825
9854	1973
9856	9861
9856	30689
9856	30690
9857	9861
9857	30691
9857	30692
9857	30693
9858	1257
9858	1973
9858	11148
9858	30694
9858	30695
9858	30696
9858	30697
9858	30698
9860	1973
9860	9860
9860	30699
9860	30700
9860	30701
9860	30702
9860	30703
9860	30704
9860	30705
9860	30706
9860	30707
9860	30708
9860	30709
9860	30710
9860	30711
9860	30712
9860	30713
9860	30714
9860	30715
9860	30716
9860	30717
9860	30718
9860	30719
9860	30720
9860	30721
9860	30722
9860	30723
9860	30724
9860	30725
9860	30726
9860	30727
9860	30728
9860	30729
9860	30730
9860	30731
9860	30732
9860	30733
9860	30734
9860	30735
9860	30736
9860	30737
9860	30738
9860	30739
9860	30740
9860	30741
9860	30742
9860	30743
9860	30744
9860	30745
9860	30746
9860	30747
9860	30748
9860	30749
9860	30750
9860	30751
9860	30752
9860	30753
9860	30754
9860	30755
9860	30756
9860	30757
9860	30758
9860	30759
9860	30760
9860	30761
9860	30762
9860	30763
9860	30764
9860	30765
9860	30766
9860	30767
9860	30768
9860	30769
9860	30770
9860	30771
9860	30772
9860	30773
9860	30774
9860	30775
9860	30776
9860	30777
9860	30778
9860	30779
9860	30780
9860	30781
9860	30782
9860	30783
9860	30784
9860	30785
9860	30786
9860	30787
9860	30788
9860	30789
9860	30790
9860	30791
9860	30792
9860	30793
9860	30794
9860	30795
9860	30796
9860	30797
9860	30798
9860	30799
9860	30800
9860	30801
9860	30802
9860	30803
9860	30804
9860	30805
9860	30806
9860	30807
9860	30808
9860	30809
9860	30810
9860	30811
9860	30812
9860	30813
9860	30814
9860	30815
9860	30816
9860	30817
9860	30818
9860	30819
9860	30820
9860	30821
9860	30822
9860	30823
9860	30824
9860	30825
9860	30826
9860	30827
9860	30828
9860	30829
9860	30830
9860	30831
9860	30832
9860	30833
9860	30834
9860	30835
9860	30836
9860	30837
9860	30838
9860	30839
9860	30840
9860	30841
9860	30842
9860	30843
9860	30844
9860	30845
9860	30846
9860	30847
9860	30848
9860	30849
9860	30850
9860	30851
9860	30852
9860	30853
9860	30854
9860	30855
9860	30856
9860	30857
9860	30858
9860	30859
9860	30860
9860	30861
9860	30862
9860	30863
9860	30864
9860	30865
9860	30866
9860	30867
9860	30868
9860	30869
9860	30870
9860	30871
9860	30872
9860	30873
9860	30874
9860	30875
9860	30876
9860	30877
9860	30878
9860	30879
9860	30880
9860	30881
9860	30882
9860	30883
9860	30884
9860	30885
9860	30886
9860	30887
9860	30888
9860	30889
9860	30890
9860	30891
9860	30892
9860	30893
9860	30894
9860	30895
9860	30896
9860	30897
9860	30898
9860	30899
9860	30900
9860	30901
9860	30902
9860	30903
9860	30904
9860	30905
9860	30906
9860	30907
9860	30908
9860	30909
9860	30910
9860	30911
9860	30912
9860	30913
9860	30914
9860	30915
9860	30916
9860	30917
9860	30918
9860	30919
9860	30920
9860	30921
9860	30922
9860	30923
9860	30924
9860	30925
9860	30926
9860	30927
9860	30928
9860	30929
9860	30930
9860	30931
9860	30932
9860	30933
9860	30934
9860	30935
9860	30936
9860	30937
9860	30938
9860	30939
9860	30940
9860	30941
9860	30942
9860	30943
9860	30944
9860	30945
9860	30946
9860	30947
9860	30948
9860	30949
9860	30950
9860	30951
9860	30952
9860	30953
9860	30954
9860	30955
9860	30956
9860	30957
9860	30958
9860	30959
9860	30960
9860	30961
9860	30962
9860	30963
9860	30964
9860	30965
9860	30966
9860	30967
9860	30968
9860	30969
9860	30970
9860	30971
9860	30972
9860	30973
9860	30974
9860	30975
9860	30976
9860	30977
9860	30978
9860	30979
9860	30980
9860	30981
9860	30982
9860	30983
9860	30984
9860	30985
9860	30986
9860	30987
9860	30988
9860	30989
9860	30990
9860	30991
9860	30992
9860	30993
9860	30994
9860	30995
9860	30996
9860	30997
9860	30998
9860	30999
9860	31000
9860	31001
9860	31002
9860	31003
9860	31004
9860	31005
9860	31006
9860	31007
9860	31008
9860	31009
9860	31010
9860	31011
9860	31012
9860	31013
9860	31014
9860	31015
9860	31016
9860	31017
9860	31018
9860	31019
9860	31020
9860	31021
9860	31022
9860	31023
9860	31024
9860	31025
9860	31026
9860	31027
9860	31028
9860	31029
9860	31030
9860	31031
9860	31032
9860	31033
9860	31034
9860	31035
9860	31036
9860	31037
9860	31038
9860	31039
9860	31040
9860	31041
9860	31042
9860	31043
9860	31044
9860	31045
9860	31046
9860	31047
9860	31048
9860	31049
9860	31050
9860	31051
9860	31052
9860	31053
9860	31054
9860	31055
9860	31056
9860	31057
9860	31058
9860	31059
9860	31060
9860	31061
9860	31062
9860	31063
9860	31064
9860	31065
9860	31066
9860	31067
9860	31068
9860	31069
9860	31070
9860	31071
9860	31072
9860	31073
9860	31074
9860	31075
9860	31076
9860	31077
9860	31078
9860	31079
9860	31080
9860	31081
9860	31082
9860	31083
9860	31084
9860	31085
9860	31086
9860	31087
9860	31088
9860	31089
9860	31090
9860	31091
9860	31092
9860	31093
9860	31094
9860	31095
9860	31096
9860	31097
9860	31098
9860	31099
9860	31100
9860	31101
9860	31102
9860	31103
9860	31104
9860	31105
9860	31106
9861	9855
9861	9856
9861	9857
9861	9875
9861	31107
9861	31108
9862	1973
9863	1973
9864	1973
9865	1973
9866	1973
9867	1973
9868	1973
9869	1973
9870	1973
9871	1973
9872	1973
9873	1973
9874	1973
9875	1973
9875	2731
9875	10665
9875	31109
9875	31110
9875	31111
9875	31112
9875	31113
9875	31114
9875	31115
9875	31116
9875	31117
9875	31118
9875	31119
9875	31120
9875	31121
9875	31122
9875	31123
9875	31124
9875	31125
9875	31126
9875	31127
9875	31128
9875	31129
9876	1973
9877	1973
9877	31130
9878	1973
9880	1973
9881	1973
9882	1973
9883	1973
9884	1973
9885	1973
9886	1973
9887	1973
9888	1973
9889	1973
9890	1973
9891	1973
9892	1973
9893	1973
9894	1973
9895	1973
9896	1973
9897	1973
9898	1973
9899	1973
9900	1973
9901	1973
9902	1973
9903	1973
9904	1973
9905	1973
9907	5788
9907	9907
9907	31131
9907	31132
9907	31133
9907	31134
9907	31135
9907	31136
9907	31137
9907	31138
9907	31139
9907	31140
9907	31141
9907	31142
9907	31143
9907	31144
9907	31145
9907	31146
9907	31147
9907	31148
9907	31149
9907	31150
9907	31151
9907	31152
9907	31153
9907	31154
9907	31155
9907	31156
9907	31157
9907	31158
9907	31159
9907	31160
9907	31161
9907	31162
9907	31163
9907	31164
9907	31165
9907	31166
9907	31167
9907	31168
9907	31169
9907	31170
9907	31171
9907	31172
9907	31173
9907	31174
9907	31175
9907	31176
9907	31177
9907	31178
9907	31179
9907	31180
9909	7441
9909	11732
9909	21613
9909	31181
9909	31182
9909	31183
9909	31184
9909	31185
9909	31186
9909	31187
9909	31188
9909	31189
9909	31190
9909	31191
9909	31192
9909	31193
9909	31194
9909	31195
9909	31196
9909	31197
9909	31198
9909	31199
9909	31200
9909	31201
9909	31202
9910	31203
9910	31204
9910	31205
9910	31206
9910	31207
9910	31208
9910	31209
9910	31210
9910	31211
9910	31212
9911	31203
9911	31213
9911	31214
9911	31215
9911	31216
9911	31217
9911	31218
9911	31219
9911	31220
9911	31221
9911	31222
9911	31223
9911	31224
9911	31225
9912	5227
9912	31203
9912	31226
9912	31227
9912	31228
9912	31229
9912	31230
9912	31231
9913	31203
9913	31232
9913	31233
9913	31234
9913	31235
9913	31236
9913	31237
9913	31238
9913	31239
9913	31240
9913	31241
9913	31242
9913	31243
9913	31244
9913	31245
9913	31246
9913	31247
9913	31248
9913	31249
9913	31250
9913	31251
9913	31252
9913	31253
9913	31254
9913	31255
9913	31256
9913	31257
9913	31258
9913	31259
9913	31260
9913	31261
9913	31262
9914	31203
9914	31263
9914	31264
9914	31265
9914	31266
9914	31267
9914	31268
9914	31269
9914	31270
9914	31271
9914	31272
9914	31273
9914	31274
9914	31275
9915	31276
9917	31277
9917	31278
9918	31279
9918	31280
9919	26159
9919	26160
9920	31281
9920	31282
9921	0
9921	5071
9921	19997
9921	20967
9921	31283
9921	31284
9921	31285
9921	31286
9921	31287
9921	31288
9921	31289
9921	31290
9921	31291
9921	31292
9921	31293
9921	31294
9921	31295
9921	31296
9921	31297
9921	31298
9921	31299
9921	31300
9921	31301
9921	31302
9921	31303
9921	31304
9921	31305
9921	31306
9921	31307
9921	31308
9921	31309
9921	31310
9921	31311
9921	31312
9921	31313
9921	31314
9921	31315
9921	31316
9921	31317
9921	31318
9921	31319
9921	31320
9921	31321
9921	31322
9921	31323
9921	31324
9921	31325
9921	31326
9921	31327
9921	31328
9921	31329
9921	31330
9921	31331
9921	31332
9921	31333
9921	31334
9921	31335
9921	31336
9921	31337
9921	31338
9922	1958
9923	5923
9924	5923
9924	9923
9927	6442
9927	31339
9927	31340
9927	31341
9927	31342
9927	31343
9927	31344
9927	31345
9927	31346
9927	31347
9927	31348
9927	31349
9927	31350
9927	31351
9927	31352
9927	31353
9927	31354
9927	31355
9927	31356
9927	31357
9927	31358
9927	31359
9927	31360
9927	31361
9927	31362
9927	31363
9927	31364
9927	31365
9927	31366
9927	31367
9927	31368
9927	31369
9927	31370
9928	1330
9928	5386
9928	26218
9928	26221
9928	26224
9928	26226
9928	28204
9928	31371
9928	31372
9928	31373
9928	31374
9928	31375
9928	31376
9928	31377
9928	31378
9928	31379
9928	31380
9928	31381
9928	31382
9928	31383
9928	31384
9928	31385
9928	31386
9928	31387
9928	31388
9928	31389
9928	31390
9928	31391
9928	31392
9928	31393
9928	31394
9928	31395
9928	31396
9928	31397
9928	31398
9928	31399
9928	31400
9928	31401
9929	5386
9929	9929
9929	31392
9929	31395
9929	31400
9929	31402
9929	31403
9929	31404
9929	31405
9929	31406
9929	31407
9929	31408
9929	31409
9929	31410
9929	31411
9929	31412
9929	31413
9929	31414
9929	31415
9929	31416
9929	31417
9929	31418
9929	31419
9929	31420
9929	31421
9929	31422
9929	31423
9929	31424
9929	31425
9929	31426
9929	31427
9929	31428
9929	31429
9929	31430
9929	31431
9929	31432
9929	31433
9929	31434
9929	31435
9929	31436
9929	31437
9929	31438
9929	31439
9929	31440
9929	31441
9929	31442
9929	31443
9929	31444
9929	31445
9929	31446
9929	31447
9929	31448
9929	31449
9929	31450
9929	31451
9929	31452
9929	31453
9929	31454
9929	31455
9929	31456
9929	31457
9929	31458
9929	31459
9929	31460
9929	31461
9929	31462
9929	31463
9929	31464
9929	31465
9929	31466
9929	31467
9929	31468
9929	31469
9929	31470
9929	31471
9929	31472
9929	31473
9933	31474
9934	31475
9936	4399
9936	15477
9936	18227
9936	19883
9936	31476
9936	31477
9936	31478
9936	31479
9936	31480
9936	31481
9936	31482
9936	31483
9936	31484
9936	31485
9936	31486
9936	31487
9936	31488
9936	31489
9936	31490
9936	31491
9936	31492
9936	31493
9936	31494
9936	31495
9937	0
9937	31496
9937	31497
9937	31498
9937	31499
9937	31500
9937	31501
9937	31502
9937	31503
9937	31504
9937	31505
9937	31506
9937	31507
9937	31508
9937	31509
9937	31510
9937	31511
9937	31512
9937	31513
9937	31514
9937	31515
9937	31516
9938	31517
9938	31518
9938	31519
9938	31520
9938	31521
9938	31522
9938	31523
9938	31524
9938	31525
9939	31526
9940	31527
9940	31528
9940	31529
9940	31530
9940	31531
9941	4399
9941	14492
9941	31532
9941	31533
9941	31534
9941	31535
9941	31536
9941	31537
9941	31538
9941	31539
9941	31540
9941	31541
9941	31542
9941	31543
9941	31544
9942	4399
9942	31545
9942	31546
9942	31547
9942	31548
9944	31549
9944	31550
9944	31551
9944	31552
9944	31553
9944	31554
9944	31555
9944	31556
9944	31557
9945	0
9945	9946
9945	17568
9945	25307
9945	25696
9945	25697
9945	25698
9945	25705
9945	31558
9945	31559
9945	31560
9945	31561
9945	31562
9945	31563
9945	31564
9945	31565
9945	31566
9945	31567
9945	31568
9945	31569
9945	31570
9945	31571
9946	0
9946	2877
9946	9945
9946	17568
9946	25307
9946	25701
9946	25704
9946	25705
9946	25706
9946	31567
9946	31569
9946	31572
9946	31573
9946	31574
9946	31575
9946	31576
9946	31577
9946	31578
9946	31579
9946	31580
9946	31581
9946	31582
9946	31583
9946	31584
9946	31585
9946	31586
9947	31587
9947	31588
9948	25990
9948	25991
9949	25993
9949	25994
9950	1901
9950	2000
9950	14109
9950	31589
9950	31590
9950	31591
9950	31592
9950	31593
9950	31594
9950	31595
9950	31596
9950	31597
9950	31598
9950	31599
9950	31600
9951	6424
9951	31601
9951	31602
9951	31603
9951	31604
9951	31605
9951	31606
9951	31607
9951	31608
9951	31609
9951	31610
9952	31611
9952	31612
9953	25996
9953	25997
9954	31613
9955	0
9955	5391
9955	31614
9955	31615
9957	0
9957	7122
9957	9957
9957	31616
9957	31617
9957	31618
9957	31619
9959	31620
9959	31621
9959	31622
9959	31623
9960	0
9960	1273
9960	9960
9960	31624
9960	31625
9960	31626
9960	31627
9960	31628
9960	31629
9961	0
9961	1273
9961	9961
9961	31630
9961	31631
9961	31632
9961	31633
9961	31634
9962	31635
9962	31636
9962	31637
9962	31638
9963	25049
9963	25050
9963	25051
9963	25052
9963	25053
9963	25054
9963	25055
9963	25056
9963	31639
9963	31640
9963	31641
9963	31642
9963	31643
9963	31644
9963	31645
9963	31646
9963	31647
9963	31648
9963	31649
9963	31650
9963	31651
9963	31652
9963	31653
9963	31654
9963	31655
9963	31656
9963	31657
9963	31658
9963	31659
9963	31660
9963	31661
9963	31662
9963	31663
9963	31664
9963	31665
9963	31666
9963	31667
9963	31668
9963	31669
9963	31670
9963	31671
9963	31672
9963	31673
9963	31674
9963	31675
9963	31676
9963	31677
9963	31678
9963	31679
9963	31680
9963	31681
9963	31682
9963	31683
9963	31684
9963	31685
9963	31686
9963	31687
9963	31688
9963	31689
9963	31690
9963	31691
9963	31692
9963	31693
9963	31694
9963	31695
9963	31696
9963	31697
9963	31698
9963	31699
9963	31700
9963	31701
9963	31702
9963	31703
9963	31704
9963	31705
9964	45
9964	3731
9964	6275
9964	9964
9964	31706
9964	31707
9964	31708
9964	31709
9964	31710
9964	31711
9965	6275
9965	31712
9965	31713
9965	31714
9966	31715
9966	31716
9966	31717
9966	31718
9966	31719
9966	31720
9966	31721
9966	31722
9966	31723
9966	31724
9966	31725
9966	31726
9966	31727
9966	31728
9966	31729
9966	31730
9966	31731
9966	31732
9966	31733
9967	0
9967	3950
9967	5242
9967	9967
9967	12353
9967	22746
9967	31734
9967	31735
9967	31736
9967	31737
9967	31738
9967	31739
9967	31740
9967	31741
9967	31742
9967	31743
9967	31744
9967	31745
9967	31746
9967	31747
9967	31748
9967	31749
9967	31750
9967	31751
9968	0
9968	3950
9968	5242
9968	9968
9968	12353
9968	25003
9968	25004
9968	31752
9968	31753
9968	31754
9968	31755
9968	31756
9968	31757
9968	31758
9968	31759
9970	9971
9970	25406
9970	25408
9970	31760
9971	25436
9971	31761
9971	31762
9971	31763
9971	31764
9972	5526
9972	31765
9972	31766
9972	31767
9972	31768
9973	31769
9973	31770
9973	31771
9973	31772
9973	31773
9973	31774
9973	31775
9973	31776
9973	31777
9973	31778
9973	31779
9973	31780
9973	31781
9973	31782
9973	31783
9973	31784
9973	31785
9973	31786
9973	31787
9973	31788
9977	2742
9977	6596
9977	11721
9977	24096
9977	27774
9977	31789
9977	31790
9977	31791
9977	31792
9977	31793
9978	6596
9978	24096
9978	31794
9978	31795
9978	31796
9978	31797
9979	31798
9979	31799
9979	31800
9979	31801
9980	2742
9980	6596
9980	24096
9980	31802
9980	31803
9980	31804
9980	31805
9980	31806
9980	31807
9980	31808
9980	31809
9980	31810
9980	31811
9980	31812
9980	31813
9980	31814
9980	31815
9980	31816
9980	31817
9980	31818
9980	31819
9980	31820
9980	31821
9980	31822
9980	31823
9980	31824
9980	31825
9980	31826
9980	31827
9980	31828
9980	31829
9980	31830
9980	31831
9980	31832
9980	31833
9980	31834
9980	31835
9980	31836
9980	31837
9980	31838
9980	31839
9980	31840
9980	31841
9980	31842
9980	31843
9980	31844
9980	31845
9980	31846
9980	31847
9980	31848
9980	31849
9980	31850
9980	31851
9980	31852
9980	31853
9980	31854
9980	31855
9980	31856
9981	2742
9981	6596
9981	24096
9981	31857
9981	31858
9981	31859
9981	31860
9981	31861
9981	31862
9981	31863
9981	31864
9981	31865
9981	31866
9981	31867
9981	31868
9981	31869
9981	31870
9981	31871
9981	31872
9981	31873
9981	31874
9981	31875
9981	31876
9981	31877
9981	31878
9981	31879
9981	31880
9981	31881
9981	31882
9981	31883
9981	31884
9981	31885
9981	31886
9981	31887
9981	31888
9981	31889
9981	31890
9981	31891
9981	31892
9981	31893
9981	31894
9981	31895
9981	31896
9981	31897
9981	31898
9981	31899
9981	31900
9981	31901
9981	31902
9981	31903
9981	31904
9981	31905
9981	31906
9981	31907
9981	31908
9981	31909
9981	31910
9981	31911
9981	31912
9981	31913
9981	31914
9981	31915
9981	31916
9981	31917
9981	31918
9981	31919
9981	31920
9981	31921
9981	31922
9981	31923
9981	31924
9981	31925
9981	31926
9981	31927
9981	31928
9981	31929
9981	31930
9981	31931
9981	31932
9981	31933
9981	31934
9981	31935
9981	31936
9981	31937
9982	20969
9982	31938
9985	25200
9987	31939
9987	31940
9987	31941
9990	9995
9992	31942
9995	9990
9995	31943
10000	31944
10012	1852
10012	25468
10012	31945
10012	31946
10012	31947
10012	31948
10013	31949
10013	31950
10013	31951
10013	31952
10013	31953
10013	31954
10013	31955
10013	31956
10013	31957
10013	31958
10013	31959
10013	31960
10013	31961
10014	0
10014	994
10014	1852
10014	7051
10014	10016
10014	16398
10014	16424
10014	31962
10014	31963
10014	31964
10014	31965
10014	31966
10014	31967
10014	31968
10014	31969
10014	31970
10014	31971
10014	31972
10014	31973
10014	31974
10014	31975
10014	31976
10014	31977
10014	31978
10014	31979
10014	31980
10014	31981
10014	31982
10014	31983
10014	31984
10014	31985
10014	31986
10015	10015
10017	31987
10017	31988
10017	31989
10018	0
10018	1852
10018	10014
10018	25854
10018	25855
10018	31990
10018	31991
10018	31992
10018	31993
10018	31994
10019	0
10019	7051
10019	25945
10019	25946
10019	25947
10019	25948
10019	25949
10019	25950
10019	25951
10019	25952
10019	25953
10019	25954
10019	25955
10019	25956
10019	25957
10019	31995
10019	31996
10019	31997
10019	31998
10019	31999
10019	32000
10019	32001
10019	32002
10019	32003
10019	32004
10019	32005
10019	32006
10019	32007
10019	32008
10019	32009
10019	32010
10019	32011
10019	32012
10019	32013
10019	32014
10019	32015
10019	32016
10020	32017
10020	32018
10020	32019
10020	32020
10021	0
10021	233
10022	26291
10022	26292
10022	26293
10022	26294
10022	26295
10022	26296
10022	26297
10022	26298
10022	32021
10022	32022
10022	32023
10022	32024
10022	32025
10022	32026
10022	32027
10022	32028
10022	32029
10022	32030
10023	26340
10023	31948
10023	32031
10023	32032
10023	32033
10023	32034
10023	32035
10023	32036
10023	32037
10023	32038
10024	26427
10024	32039
10025	1789
10025	26428
10025	31948
10025	32040
10025	32041
10025	32042
10025	32043
10025	32044
10026	10014
10026	26505
10026	26507
10026	26515
10026	26524
10026	26535
10026	32045
10026	32046
10026	32047
10026	32048
10026	32049
10026	32050
10026	32051
10026	32052
10027	32053
10027	32054
10027	32055
10027	32056
10027	32057
10027	32058
10027	32059
10027	32060
10027	32061
10027	32062
10027	32063
10027	32064
10028	32065
10028	32066
10029	32065
10029	32066
10029	32067
10035	14957
10035	32068
10035	32069
10035	32070
10035	32071
10035	32072
10035	32073
10035	32074
10035	32075
10036	14957
10036	17236
10036	17237
10036	17297
10036	17298
10036	19881
10036	19882
10036	22381
10036	22382
10036	32076
10036	32077
10036	32078
10036	32079
10036	32080
10036	32081
10036	32082
10036	32083
10036	32084
10036	32085
10036	32086
10036	32087
10036	32088
10036	32089
10036	32090
10036	32091
10036	32092
10036	32093
10036	32094
10036	32095
10036	32096
10036	32097
10036	32098
10036	32099
10036	32100
10036	32101
10036	32102
10036	32103
10036	32104
10036	32105
10036	32106
10037	14957
10037	32078
10037	32107
10037	32108
10037	32109
10037	32110
10037	32111
10037	32112
10037	32113
10038	1854
10038	25243
10038	25244
10038	32114
10039	10038
10039	10040
10039	10041
10039	10042
10039	10043
10039	10044
10039	10045
10039	10046
10039	10047
10039	10048
10039	10049
10039	32115
10039	32116
10039	32117
10039	32118
10039	32119
10039	32120
10039	32121
10039	32122
10039	32123
10039	32124
10039	32125
10039	32126
10039	32127
10039	32128
10039	32129
10039	32130
10039	32131
10039	32132
10039	32133
10039	32134
10039	32135
10039	32136
10039	32137
10039	32138
10039	32139
10039	32140
10039	32141
10039	32142
10039	32143
10039	32144
10039	32145
10039	32146
10039	32147
10039	32148
10039	32149
10039	32150
10039	32151
10039	32152
10039	32153
10039	32154
10039	32155
10039	32156
10039	32157
10039	32158
10039	32159
10039	32160
10039	32161
10039	32162
10039	32163
10039	32164
10040	10038
10040	10039
10040	10041
10040	10042
10040	10043
10040	10044
10040	10045
10040	10046
10040	10047
10040	10048
10040	10049
10040	18270
10040	19538
10040	31570
10040	31584
10040	32165
10040	32166
10040	32167
10040	32168
10040	32169
10040	32170
10040	32171
10040	32172
10040	32173
10040	32174
10040	32175
10040	32176
10040	32177
10040	32178
10040	32179
10040	32180
10040	32181
10040	32182
10040	32183
10040	32184
10040	32185
10040	32186
10040	32187
10040	32188
10040	32189
10040	32190
10040	32191
10040	32192
10040	32193
10040	32194
10040	32195
10040	32196
10040	32197
10040	32198
10041	10038
10041	10039
10041	10040
10041	10042
10041	10043
10041	10044
10041	10045
10041	10046
10041	10047
10041	10048
10041	10049
10041	18704
10041	18705
10041	31758
10041	32199
10041	32200
10041	32201
10041	32202
10041	32203
10041	32204
10041	32205
10041	32206
10041	32207
10041	32208
10041	32209
10041	32210
10041	32211
10041	32212
10041	32213
10041	32214
10041	32215
10041	32216
10041	32217
10041	32218
10041	32219
10041	32220
10041	32221
10041	32222
10041	32223
10041	32224
10041	32225
10041	32226
10041	32227
10041	32228
10041	32229
10041	32230
10042	10038
10042	10039
10042	10040
10042	10041
10042	10043
10042	10044
10042	10045
10042	10046
10042	10047
10042	10048
10042	10049
10042	32231
10042	32232
10042	32233
10042	32234
10042	32235
10043	10038
10043	10039
10043	10040
10043	10041
10043	10042
10043	10044
10043	10045
10043	10046
10043	10047
10043	10048
10043	10049
10043	32236
10043	32237
10043	32238
10043	32239
10043	32240
10044	10038
10044	10039
10044	10040
10044	10041
10044	10042
10044	10043
10044	10045
10044	10046
10044	10047
10044	10048
10044	10049
10044	32241
10044	32242
10044	32243
10045	10038
10045	10039
10045	10040
10045	10041
10045	10042
10045	10043
10045	10044
10045	10046
10045	10047
10045	10048
10045	10049
10045	32106
10045	32244
10045	32245
10045	32246
10045	32247
10045	32248
10045	32249
10045	32250
10045	32251
10045	32252
10045	32253
10045	32254
10045	32255
10046	10038
10046	10039
10046	10040
10046	10041
10046	10042
10046	10043
10046	10044
10046	10045
10046	10047
10046	10048
10046	10049
10046	32256
10046	32257
10046	32258
10046	32259
10046	32260
10046	32261
10046	32262
10046	32263
10046	32264
10046	32265
10046	32266
10046	32267
10046	32268
10046	32269
10046	32270
10046	32271
10046	32272
10046	32273
10046	32274
10046	32275
10046	32276
10046	32277
10046	32278
10046	32279
10046	32280
10046	32281
10046	32282
10046	32283
10046	32284
10046	32285
10046	32286
10046	32287
10046	32288
10046	32289
10046	32290
10046	32291
10046	32292
10046	32293
10046	32294
10047	10038
10047	10039
10047	10040
10047	10041
10047	10042
10047	10043
10047	10044
10047	10045
10047	10046
10047	10048
10047	10049
10047	32295
10047	32296
10048	10038
10048	10039
10048	10040
10048	10041
10048	10042
10048	10043
10048	10044
10048	10045
10048	10046
10048	10047
10048	10049
10048	32297
10048	32298
10049	10038
10049	10039
10049	10040
10049	10041
10049	10042
10049	10043
10049	10044
10049	10045
10049	10046
10049	10047
10049	10048
10049	32299
10049	32300
10049	32301
10049	32302
10049	32303
10049	32304
10049	32305
10049	32306
10049	32307
10049	32308
10062	224
10062	1064
10062	10064
10064	0
10064	1064
10064	2877
10064	4185
10064	10062
10064	10065
10064	32309
10064	32310
10064	32311
10064	32312
10064	32313
10064	32314
10064	32315
10064	32316
10066	226
10066	1871
10066	1873
10066	1874
10066	1875
10066	1876
10066	1877
10066	32317
10066	32318
10066	32319
10066	32320
10067	226
10067	1871
10067	1873
10067	1874
10067	1875
10067	1876
10067	1877
10067	32321
10067	32322
10067	32323
10068	226
10068	1871
10068	1873
10068	1874
10068	1876
10068	1877
10069	226
10069	1871
10069	1873
10069	1874
10069	1876
10069	1877
10070	226
10070	1871
10070	1873
10070	1874
10070	1876
10070	1877
10071	226
10071	1871
10071	1873
10071	1874
10071	1876
10071	1877
10072	226
10072	1871
10072	1873
10072	1874
10072	1876
10072	1877
10073	226
10073	1871
10073	1873
10073	1874
10073	1876
10073	1877
10074	226
10074	1871
10074	1873
10074	1874
10074	1876
10074	1877
10075	226
10075	1871
10075	1873
10075	1874
10075	1876
10075	1877
10076	267
10076	32324
10076	32325
10076	32326
10076	32327
10076	32328
10076	32329
10076	32330
10077	32331
10077	32332
10077	32333
10077	32334
10077	32335
10078	0
10078	227
10078	1470
10078	1473
10078	1474
10078	1477
10078	1479
10078	1480
10078	1481
10078	1878
10078	1879
10078	1880
10079	0
10079	124
10079	135
10079	1016
10079	1901
10079	4108
10079	32336
10079	32337
10079	32338
10079	32339
10079	32340
10080	32341
10080	32342
10081	0
10081	140
10082	0
10082	140
10084	10360
10086	1970
10087	1972
10088	1017
10088	1901
10088	1902
10088	1903
10088	1904
10088	1905
10088	1906
10088	1907
10088	1908
10088	1909
10088	1910
10088	1911
10088	1912
10088	1913
10088	1914
10088	1915
10088	1916
10089	1917
10089	2742
10089	10089
10089	14020
10089	14088
10089	26580
10089	32343
10089	32344
10089	32345
10090	12838
10090	32346
10090	32347
10091	0
10091	233
10092	0
10092	233
10093	0
10093	233
10094	0
10094	233
10095	0
10095	233
10096	0
10096	233
10097	0
10097	233
10098	0
10098	233
10098	7420
10098	10103
10098	32348
10099	0
10099	233
10100	0
10100	1016
10100	1017
10100	1018
10100	10100
10101	0
10101	233
10102	233
10102	1016
10102	1017
10102	4119
10102	7420
10102	10101
10102	10102
10102	10106
10102	32349
10102	32350
10102	32351
10103	0
10103	233
10104	0
10104	233
10106	0
10106	233
10106	10094
10106	10105
10106	32352
10107	0
10107	233
10107	10094
10107	32352
10108	0
10108	233
10108	1913
10109	0
10109	233
10109	1913
10109	32353
10110	0
10110	233
10110	1913
10111	0
10111	233
10111	1913
10112	0
10112	233
10112	1913
10113	0
10113	233
10113	1913
10114	32354
10115	0
10115	233
10115	1913
10116	0
10116	233
10116	1913
10117	0
10117	233
10117	1913
10118	0
10118	233
10118	1914
10119	0
10119	233
10119	1914
10120	0
10120	233
10120	1914
10120	32355
10121	0
10121	233
10121	1914
10121	26582
10122	0
10122	233
10122	1914
10123	169
10123	234
10123	1016
10123	32356
10123	32357
10123	32358
10123	32359
10123	32360
10123	32361
10123	32362
10123	32363
10123	32364
10124	1919
10124	1948
10124	7054
10124	32365
10124	32366
10124	32367
10125	0
10125	147
10125	1919
10126	1919
10126	10132
10127	195
10127	1919
10128	1919
10128	32368
10128	32369
10128	32370
10128	32371
10128	32372
10128	32373
10128	32374
10128	32375
10128	32376
10128	32377
10128	32378
10128	32379
10128	32380
10128	32381
10128	32382
10128	32383
10128	32384
10128	32385
10128	32386
10128	32387
10129	1919
10129	10132
10130	1919
10131	1919
10131	10132
10138	238
10139	238
10140	238
10141	238
10142	238
10143	11
10143	40
10143	71
10143	659
10143	1238
10143	10143
10143	10144
10143	32388
10143	32389
10144	0
10144	187
10144	10143
10144	10144
10144	10145
10144	10146
10144	10147
10144	10148
10144	10149
10145	10144
10146	55
10146	63
10146	64
10146	71
10146	862
10146	994
10146	996
10146	997
10146	1238
10146	3914
10146	10144
10146	10146
10146	32390
10147	10144
10147	10147
10148	127
10148	193
10148	207
10148	756
10148	1238
10148	1901
10148	1951
10148	1953
10148	4003
10148	10144
10148	10147
10148	10148
10148	26166
10148	32391
10148	32392
10148	32393
10148	32394
10149	5618
10149	10144
10149	10149
10150	238
10150	1928
10150	10139
10150	32395
10150	32396
10150	32397
10150	32398
10151	238
10151	239
10151	1932
10151	10139
10151	32396
10151	32398
10151	32399
10152	238
10153	238
10154	238
10154	32400
10155	238
10156	71
10156	238
10157	238
10158	238
10159	238
10160	238
10161	32401
10162	32402
10163	238
10164	238
10166	10166
10166	32403
10166	32404
10166	32405
10166	32406
10166	32407
10166	32408
10166	32409
10169	32410
10170	0
10170	45
10170	127
10170	1037
10170	1038
10170	1153
10170	4401
10170	4466
10170	5077
10170	6324
10170	10170
10170	32411
10170	32412
10170	32413
10170	32414
10170	32415
10170	32416
10170	32417
10170	32418
10170	32419
10175	32420
10175	32421
10175	32422
10175	32423
10175	32424
10175	32425
10175	32426
10175	32427
10175	32428
10176	24183
10176	32429
10176	32430
10176	32431
10176	32432
10176	32433
10176	32434
10176	32435
10176	32436
10176	32437
10176	32438
10178	0
10178	10178
10178	32439
10178	32440
10179	26074
10179	26075
10179	32441
10180	0
10180	26278
10180	26279
10180	32442
10180	32443
10180	32444
10180	32445
10180	32446
10181	32447
10181	32448
10181	32449
10181	32450
10182	32451
10182	32452
10183	32453
10183	32454
10183	32455
10183	32456
10183	32457
10184	32458
10184	32459
10184	32460
10184	32461
10184	32462
10185	32463
10185	32464
10185	32465
10187	32466
10187	32467
10187	32468
10187	32469
10187	32470
10187	32471
10187	32472
10187	32473
10187	32474
10187	32475
10192	32476
10192	32477
10192	32478
10192	32479
10193	0
10193	4027
10193	32480
10193	32481
10194	32476
10194	32477
10194	32478
10194	32479
10196	0
10196	1945
10196	32482
10196	32483
10196	32484
10196	32485
10196	32486
10196	32487
10196	32488
10196	32489
10196	32490
10198	1946
10199	1946
10199	32491
10199	32492
10200	32493
10200	32494
10201	12
10202	0
10202	61
10202	163
10202	1877
10202	1948
10202	1950
10202	1968
10202	5313
10202	5766
10202	6596
10202	10201
10202	10204
10202	10205
10202	10217
10202	18015
10202	18164
10202	19463
10202	24096
10202	32495
10202	32496
10202	32497
10202	32498
10202	32499
10202	32500
10202	32501
10202	32502
10202	32503
10202	32504
10202	32505
10204	32506
10205	32507
10205	32508
10205	32509
10206	0
10206	4
10206	74
10206	127
10206	994
10206	10206
10206	25440
10206	29574
10206	29578
10206	29580
10206	29581
10206	32510
10207	0
10207	4
10207	74
10207	127
10207	994
10207	1949
10207	25440
10207	32511
10209	1950
10209	26545
10210	1950
10211	1950
10211	32512
10212	1950
10214	1950
10215	1950
10216	4091
10217	1950
10218	1950
10219	0
10219	32513
10219	32514
10219	32515
10219	32516
10219	32517
10219	32518
10219	32519
10219	32520
10219	32521
10221	1951
10221	32522
10221	32523
10221	32524
10221	32525
10221	32526
10221	32527
10221	32528
10222	1951
10223	1951
10223	32529
10223	32530
10223	32531
10223	32532
10223	32533
10224	1951
10225	1951
10226	1951
10226	6528
10226	32534
10226	32535
10226	32536
10227	1951
10228	1250
10228	1669
10228	1951
10228	3184
10228	10222
10228	10232
10228	18164
10228	24096
10228	32530
10228	32533
10228	32537
10228	32538
10228	32539
10229	1951
10229	1952
10230	1951
10231	1951
10232	1250
10232	1669
10232	1951
10232	29037
10232	32540
10232	32541
10232	32542
10232	32543
10233	1951
10233	3184
10233	10221
10233	28187
10233	32531
10233	32533
10234	1951
10235	1951
10236	1952
10236	10236
10236	10238
10236	10240
10236	10242
10236	10247
10236	32544
10236	32545
10237	1952
10237	10236
10237	10238
10237	10240
10237	10242
10237	10243
10237	10247
10238	1952
10238	10236
10238	10237
10238	10239
10238	10240
10238	10241
10238	10242
10238	10243
10238	10247
10239	1952
10239	10236
10239	10238
10239	10240
10239	10241
10239	10242
10239	10243
10239	10245
10239	10247
10239	32546
10239	32547
10239	32548
10239	32549
10240	1256
10240	1719
10240	1951
10240	1952
10240	1953
10240	6528
10240	10236
10240	10238
10240	10240
10240	10242
10240	10247
10240	32550
10240	32551
10240	32552
10240	32553
10240	32554
10241	1952
10241	10236
10241	10238
10241	10240
10241	10242
10241	10243
10241	10247
10242	1952
10242	2742
10242	10236
10242	10238
10242	10240
10242	10243
10242	10244
10242	10246
10242	10247
10242	10248
10242	32555
10242	32556
10242	32557
10242	32558
10242	32559
10243	1256
10243	1952
10243	10236
10243	10238
10243	10240
10243	10242
10243	10247
10243	32560
10244	1952
10244	2742
10244	10236
10244	10238
10244	10240
10244	10242
10244	10247
10244	32561
10244	32562
10244	32563
10244	32564
10244	32565
10244	32566
10244	32567
10244	32568
10244	32569
10244	32570
10244	32571
10244	32572
10244	32573
10244	32574
10244	32575
10245	1952
10245	10236
10245	10238
10245	10240
10245	10242
10245	10243
10245	10247
10246	1952
10246	10236
10246	10238
10246	10240
10246	10242
10246	10247
10246	32576
10246	32577
10246	32578
10246	32579
10246	32580
10246	32581
10247	1952
10247	10236
10247	10238
10247	10240
10247	10242
10247	10247
10247	32582
10247	32583
10247	32584
10247	32585
10247	32586
10248	1952
10248	10236
10248	10238
10248	10240
10248	10242
10248	10247
10248	32587
10248	32588
10248	32589
10248	32590
10248	32591
10248	32592
10248	32593
10248	32594
10248	32595
10248	32596
10248	32597
10248	32598
10248	32599
10248	32600
10248	32601
10248	32602
10248	32603
10248	32604
10248	32605
10248	32606
10249	1953
10250	1953
10250	32607
10250	32608
10250	32609
10250	32610
10250	32611
10250	32612
10250	32613
10250	32614
10250	32615
10250	32616
10250	32617
10250	32618
10250	32619
10250	32620
10250	32621
10250	32622
10250	32623
10250	32624
10250	32625
10250	32626
10250	32627
10250	32628
10250	32629
10250	32630
10250	32631
10250	32632
10250	32633
10250	32634
10251	1953
10252	1954
10252	10259
10252	32635
10252	32636
10252	32637
10253	1954
10253	10253
10253	32638
10253	32639
10253	32640
10253	32641
10253	32642
10253	32643
10253	32644
10253	32645
10253	32646
10253	32647
10253	32648
10253	32649
10253	32650
10253	32651
10253	32652
10253	32653
10253	32654
10253	32655
10253	32656
10253	32657
10253	32658
10253	32659
10253	32660
10253	32661
10253	32662
10253	32663
10253	32664
10253	32665
10253	32666
10253	32667
10253	32668
10254	0
10254	1954
10254	10254
10254	10260
10255	1954
10255	10259
10255	32669
10255	32670
10255	32671
10256	1954
10256	32672
10256	32673
10256	32674
10256	32675
10257	1954
10257	10257
10257	26111
10257	32675
10257	32676
10257	32677
10257	32678
10257	32679
10257	32680
10257	32681
10257	32682
10257	32683
10257	32684
10257	32685
10257	32686
10257	32687
10257	32688
10257	32689
10257	32690
10258	1954
10258	10257
10258	26111
10259	1954
10259	10255
10259	32635
10259	32636
10259	32637
10259	32669
10259	32670
10259	32671
10259	32672
10259	32673
10259	32674
10259	32691
10259	32692
10259	32693
10259	32694
10259	32695
10259	32696
10260	1954
10260	10257
10260	10258
10260	10259
10260	26111
10265	0
10265	55
10265	10267
10265	10269
10265	10270
10265	10272
10265	10273
10265	10274
10265	10275
10265	16946
10265	32697
10265	32698
10267	54
10267	32699
10269	10168
10269	32700
10269	32701
10270	6395
10270	10168
10270	21604
10270	32702
10270	32703
10272	201
10272	10269
10272	10270
10272	10271
10272	10272
10272	10275
10272	16946
10272	16947
10273	1955
10275	0
10275	1955
10275	10274
10276	1956
10276	6106
10276	32704
10276	32705
10276	32706
10276	32707
10276	32708
10276	32709
10276	32710
10277	0
10277	1956
10277	10276
10277	32711
10277	32712
10278	1956
10278	10282
10278	32713
10278	32714
10278	32715
10278	32716
10278	32717
10278	32718
10278	32719
10278	32720
10279	1956
10279	6106
10279	32704
10279	32705
10279	32707
10279	32709
10279	32710
10279	32721
10286	1957
10287	1957
10287	32722
10287	32723
10287	32724
10287	32725
10288	1957
10289	1957
10289	12863
10289	13865
10289	13866
10289	13867
10290	1957
10290	32726
10290	32727
10291	0
10291	1957
10291	10285
10291	10292
10291	13865
10291	13866
10291	32728
10292	1957
10293	1957
10295	10302
10296	10296
10296	32729
10296	32730
10296	32731
10296	32732
10296	32733
10296	32734
10296	32735
10296	32736
10296	32737
10296	32738
10296	32739
10296	32740
10296	32741
10296	32742
10296	32743
10296	32744
10296	32745
10296	32746
10296	32747
10296	32748
10296	32749
10296	32750
10296	32751
10296	32752
10296	32753
10296	32754
10296	32755
10296	32756
10296	32757
10296	32758
10296	32759
10296	32760
10296	32761
10296	32762
10296	32763
10297	997
10297	32764
10297	32765
10297	32766
10297	32767
10297	32768
10297	32769
10297	32770
10298	0
10298	1958
10298	1959
10298	3200
10298	3335
10298	3942
10298	3943
10298	3944
10298	3945
10298	3946
10298	3947
10298	3948
10298	3949
10298	3950
10298	3951
10298	3952
10298	3953
10299	997
10299	3946
10299	10304
10299	13670
10299	15489
10299	20852
10299	22243
10300	1670
10300	10298
10300	10301
10300	10302
10300	10303
10300	10305
10300	10306
10300	10309
10300	10310
10301	1958
10301	13891
10301	15371
10301	32771
10301	32772
10301	32773
10301	32774
10302	1958
10302	5059
10302	5923
10302	6198
10302	10295
10302	15373
10302	15374
10302	15375
10302	15376
10302	15377
10302	15378
10302	15379
10302	15380
10302	15381
10302	20733
10302	21725
10302	24924
10302	32775
10302	32776
10302	32777
10302	32778
10302	32779
10302	32780
10302	32781
10302	32782
10302	32783
10302	32784
10302	32785
10302	32786
10302	32787
10302	32788
10302	32789
10302	32790
10302	32791
10302	32792
10302	32793
10302	32794
10302	32795
10302	32796
10303	1564
10303	1575
10303	1944
10303	1958
10303	10297
10303	10302
10303	10306
10303	15388
10303	32797
10303	32798
10303	32799
10303	32800
10303	32801
10304	1670
10304	1835
10304	10296
10304	10297
10304	10298
10304	10301
10304	10302
10304	10303
10304	10305
10304	10306
10304	10307
10304	10308
10304	10309
10304	10310
10304	32802
10305	1958
10305	32803
10306	1945
10306	1956
10306	1958
10306	5060
10306	10297
10306	32804
10306	32805
10306	32806
10307	10298
10308	10298
10309	1958
10309	3952
10309	13660
10309	32807
10311	1959
10311	13891
10312	1959
10312	13892
10313	1945
10313	1959
10314	1959
10314	13905
10315	1959
10316	1959
10317	1959
10317	5076
10318	1959
10318	32774
10319	1959
10319	5079
10320	1944
10320	1959
10321	1957
10321	1959
10322	1959
10322	5060
10323	1959
10323	13906
10324	1959
10325	201
10325	1944
10325	1945
10325	3335
10325	3949
10325	5076
10325	10297
10325	13891
10325	32774
10325	32808
10329	7749
10329	7888
10329	7900
10329	28215
10329	28897
10329	28899
10329	28900
10329	28901
10329	28902
10329	32809
10330	7749
10330	7900
10330	7907
10330	10329
10330	28224
10330	28999
10330	32810
10330	32811
10330	32812
10330	32813
10330	32814
10330	32815
10330	32816
10330	32817
10330	32818
10330	32819
10330	32820
10330	32821
10330	32822
10330	32823
10331	32824
10331	32825
10331	32826
10332	10331
10332	32826
10332	32827
10333	10799
10333	12286
10334	32828
10334	32829
10334	32830
10334	32831
10334	32832
10334	32833
10334	32834
10334	32835
10334	32836
10334	32837
10334	32838
10334	32839
10334	32840
10334	32841
10334	32842
10334	32843
10334	32844
10334	32845
10334	32846
10334	32847
10334	32848
10334	32849
10334	32850
10335	4027
10335	10335
10335	32480
10335	32851
10335	32852
10335	32853
10336	10336
10337	10336
10337	32854
10337	32855
10337	32856
10337	32857
10337	32858
10337	32859
10339	0
10339	7118
10339	7119
10339	7121
10339	11206
10339	32860
10339	32861
10339	32862
10339	32863
10342	0
10342	15
10342	1620
10342	1967
10342	7524
10342	7525
10342	7526
10342	7527
10342	7528
10342	10342
10344	32864
10344	32865
10344	32866
10344	32867
10344	32868
10344	32869
10344	32870
10344	32871
10344	32872
10344	32873
10344	32874
10344	32875
10344	32876
10345	0
10345	994
10345	3026
10345	10344
10345	11471
10345	18015
10345	18164
10345	24096
10345	32877
10346	0
10346	1
10346	4
10346	69
10346	156
10346	202
10346	659
10346	660
10346	661
10346	662
10346	663
10346	664
10347	0
10347	1
10347	4
10347	69
10347	156
10347	202
10347	659
10347	660
10347	661
10347	662
10347	663
10347	664
10348	0
10348	1
10348	4
10348	69
10348	156
10348	202
10348	659
10348	660
10348	661
10348	662
10348	663
10348	664
10349	0
10349	1
10349	4
10349	69
10349	156
10349	202
10349	659
10349	660
10349	661
10349	662
10349	663
10349	664
10350	0
10350	1
10350	4
10350	69
10350	156
10350	202
10350	659
10350	660
10350	661
10350	662
10350	663
10350	664
10351	0
10351	1
10351	4
10351	69
10351	156
10351	202
10351	659
10351	660
10351	661
10351	662
10351	663
10351	664
10352	0
10352	1
10352	4
10352	69
10352	156
10352	202
10352	659
10352	660
10352	661
10352	662
10352	663
10352	664
10353	0
10353	1
10353	4
10353	69
10353	156
10353	202
10353	659
10353	660
10353	661
10353	662
10353	663
10353	664
10354	0
10354	1
10354	4
10354	69
10354	156
10354	202
10354	659
10354	660
10354	661
10354	662
10354	663
10354	664
10355	0
10355	1
10355	4
10355	69
10355	156
10355	202
10355	659
10355	660
10355	661
10355	662
10355	663
10355	664
10355	1969
10357	3445
10358	32878
10358	32879
10358	32880
10358	32881
10358	32882
10359	10356
10360	1970
10360	2742
10360	14029
10360	14072
10360	14073
10360	32883
10360	32884
10360	32885
10360	32886
10360	32887
10361	1542
10361	32888
10362	233
10362	10360
10362	32886
10362	32889
10362	32890
10363	1016
10363	1017
10363	1970
10363	4123
10363	10363
10363	32891
10363	32892
10363	32893
10363	32894
10364	26580
10364	26582
10364	26584
10364	32895
10365	5498
10365	5635
10365	5965
10365	5991
10365	6033
10365	32896
10365	32897
10365	32898
10365	32899
10365	32900
10365	32901
10365	32902
10366	234
10366	1917
10367	11645
10367	11654
10367	11656
10367	11665
10367	12838
10367	18539
10367	20280
10367	21222
10367	23032
10367	29037
10367	31459
10367	32347
10367	32886
10367	32903
10367	32904
10367	32905
10367	32906
10367	32907
10367	32908
10367	32909
10367	32910
10367	32911
10367	32912
10367	32913
10367	32914
10367	32915
10367	32916
10367	32917
10367	32918
10367	32919
10367	32920
10367	32921
10367	32922
10368	1972
10368	24746
10368	32923
10368	32924
10368	32925
10368	32926
10368	32927
10368	32928
10368	32929
10368	32930
10368	32931
10370	0
10370	1972
10370	26399
10370	26400
10370	26404
10370	26405
10370	26406
10370	26409
10370	26410
10370	32932
10370	32933
10370	32934
10370	32935
10370	32936
10370	32937
10370	32938
10370	32939
10371	169
10371	1972
10371	7115
10371	24774
10371	24775
10373	16
10373	254
10376	0
10376	1016
10376	2000
10376	10089
10377	1016
10377	32940
10378	1017
10378	10378
10378	10379
10378	10380
10378	10382
10378	10383
10378	10385
10378	10386
10378	10387
10378	10389
10378	10390
10378	14065
10378	14067
10378	14077
10378	14078
10378	14091
10379	26580
10379	32941
10380	1017
10380	4120
10380	5239
10380	5355
10380	5965
10380	6604
10380	10080
10380	10356
10380	10376
10380	10377
10380	10378
10380	10379
10380	10380
10380	10382
10380	10383
10380	10385
10380	10386
10380	10387
10380	10389
10380	10390
10380	32899
10380	32900
10380	32902
10380	32942
10380	32943
10380	32944
10380	32945
10381	10376
10381	10377
10381	26484
10382	1017
10382	10378
10382	10379
10382	10380
10382	10382
10382	10383
10382	10385
10382	10386
10382	10387
10382	10389
10382	10390
10382	32343
10382	32344
10382	32946
10382	32947
10382	32948
10382	32949
10383	1017
10383	10378
10383	10379
10383	10380
10383	10382
10383	10383
10383	10385
10383	10386
10383	10387
10383	10389
10383	10390
10383	32950
10383	32951
10383	32952
10383	32953
10384	1017
10384	10356
10384	10390
10384	26580
10384	26583
10384	26584
10384	26585
10384	32954
10384	32955
10384	32956
10384	32957
10385	1017
10385	2742
10385	10378
10385	10379
10385	10380
10385	10382
10385	10383
10385	10385
10385	10386
10385	10387
10385	10389
10385	10390
10385	32958
10385	32959
10385	32960
10385	32961
10385	32962
10386	1017
10386	10378
10386	10379
10386	10380
10386	10382
10386	10383
10386	10385
10386	10386
10386	10387
10386	10389
10386	10390
10386	19179
10386	32963
10387	1017
10387	10378
10387	10379
10387	10380
10387	10382
10387	10383
10387	10385
10387	10386
10387	10387
10387	10389
10387	10390
10387	14065
10387	14066
10387	14067
10387	14077
10387	14078
10387	14091
10388	10381
10389	1017
10389	10378
10389	10379
10389	10380
10389	10383
10389	10385
10389	10386
10389	10387
10389	10389
10389	10390
10389	14066
10389	14068
10389	32964
10389	32965
10390	32966
10390	32967
10391	16
10391	254
10392	16
10392	254
10393	16
10520	17
10520	258
10520	259
10520	260
10520	261
10520	262
10520	2013
10520	32968
10521	1
10521	258
10521	259
10521	260
10521	261
10521	262
10521	264
10521	265
10522	17
10522	258
10522	259
10522	260
10522	261
10522	262
10522	2013
10522	2014
10523	17
10523	258
10523	259
10523	260
10523	261
10523	262
10523	2013
10523	2014
10524	17
10524	258
10524	259
10524	260
10524	261
10524	262
10524	2013
10524	2014
10525	17
10525	258
10525	259
10525	260
10525	261
10525	262
10525	2013
10525	2014
10526	17
10526	258
10526	259
10526	260
10526	261
10526	262
10526	2013
10526	2014
10527	17
10527	258
10527	259
10527	260
10527	261
10527	262
10527	263
10527	2013
10527	2014
10528	17
10528	258
10528	259
10528	260
10528	261
10528	262
10528	2013
10528	2014
10531	10530
10531	32969
10531	32970
10531	32971
10531	32972
10531	32973
10534	10533
10534	32974
10534	32975
10534	32976
10534	32977
10554	10554
10566	17
10568	32978
10568	32979
10568	32980
10568	32981
10568	32982
10568	32983
10568	32984
10568	32985
10568	32986
10568	32987
10568	32988
10568	32989
10568	32990
10568	32991
10568	32992
10568	32993
10568	32994
10568	32995
10568	32996
10568	32997
10568	32998
10568	32999
10568	33000
10568	33001
10568	33002
10568	33003
10568	33004
10568	33005
10568	33006
10568	33007
10570	33008
10570	33009
10571	33010
10572	33011
10572	33012
10573	33013
10573	33014
10574	33015
10574	33016
10575	33017
10575	33018
10576	33019
10576	33020
10578	33021
10578	33022
10580	344
10580	33023
10580	33024
10580	33025
10580	33026
10581	0
10581	1
10581	39
10585	33027
10585	33028
10585	33029
10585	33030
10585	33031
10585	33032
10585	33033
10585	33034
10585	33035
10585	33036
10585	33037
10585	33038
10585	33039
10585	33040
10585	33041
10586	33042
10586	33043
10587	33044
10587	33045
10587	33046
10589	17
10590	33044
10590	33047
10590	33048
10591	0
10592	0
10593	0
10594	0
10595	0
10596	0
10597	0
10598	0
10599	0
10600	0
10601	0
10602	0
10603	0
10604	0
10605	0
10608	32978
10608	32998
10608	32999
10608	33000
10608	33001
10608	33002
10608	33003
10608	33004
10608	33005
10608	33006
10608	33007
10608	33049
10608	33050
10608	33051
10608	33052
10608	33053
10608	33054
10608	33055
10608	33056
10608	33057
10608	33058
10608	33059
10608	33060
10608	33061
10608	33062
10608	33063
10608	33064
10608	33065
10608	33066
10608	33067
10611	33068
10612	33069
10613	33069
10613	33070
10614	10614
10614	33071
10616	10616
10616	33072
10617	2221
10622	0
10622	358
10622	2219
10622	2220
10622	2221
10622	2222
10622	2223
10622	2224
10622	10618
10622	10619
10622	10622
10622	33073
10622	33074
10622	33075
10622	33076
10622	33077
10622	33078
10622	33079
10622	33080
10633	10632
10635	33081
10641	10635
10641	33081
10643	391
10643	2310
10643	2311
10643	2312
10643	2313
10643	2314
10643	2315
10643	2316
10643	2317
10643	2318
10643	2319
10643	10643
10644	391
10644	10644
10644	10645
10644	10646
10644	10647
10644	10648
10644	10649
10644	33082
10644	33083
10644	33084
10645	391
10645	10644
10645	10645
10645	10646
10645	10647
10645	10648
10645	10649
10645	33085
10645	33086
10645	33087
10646	391
10646	6791
10646	6799
10646	10644
10646	10645
10646	10646
10646	10647
10646	10648
10646	10649
10646	11728
10646	17649
10646	33088
10646	33089
10646	33090
10646	33091
10646	33092
10646	33093
10646	33094
10646	33095
10646	33096
10646	33097
10647	391
10647	10644
10647	10645
10647	10646
10647	10647
10647	10648
10647	10649
10647	33098
10647	33099
10647	33100
10648	391
10648	10644
10648	10645
10648	10646
10648	10647
10648	10648
10648	10649
10648	33101
10648	33102
10648	33103
10649	391
10649	10644
10649	10645
10649	10646
10649	10647
10649	10648
10649	10649
10649	33104
10649	33105
10651	39
10651	267
10653	33106
10653	33107
10653	33108
10653	33109
10653	33110
10653	33111
10653	33112
10653	33113
10653	33114
10653	33115
10654	1192
10655	1192
10655	33116
10655	33117
10655	33118
10655	33119
10656	1192
10656	33120
10656	33121
10656	33122
10656	33123
10656	33124
10656	33125
10656	33126
10659	10659
10659	33127
10659	33128
10659	33129
10659	33130
10659	33131
10659	33132
10659	33133
10659	33134
10659	33135
10668	2322
10669	33136
10670	0
10670	45
10670	127
10670	16645
10670	33137
10670	33138
10670	33139
10670	33140
10670	33141
10672	33142
10673	33143
10673	33144
10676	0
10676	1
10676	39
10676	124
10676	205
10676	210
10676	1155
10676	2324
10676	4156
10676	4261
10676	10563
10676	10690
10676	10722
10676	10726
10676	33145
10676	33146
10676	33147
10676	33148
10676	33149
10676	33150
10676	33151
10676	33152
10679	0
10679	4
10679	39
10679	595
10679	997
10679	2328
10679	2329
10679	2330
10679	2331
10679	2332
10679	2333
10679	2335
10679	2336
10679	2337
10679	2338
10679	2339
10679	2340
10679	10680
10679	10686
10679	33153
10679	33154
10679	33155
10679	33156
10679	33157
10680	0
10680	39
10680	2328
10680	2329
10680	2330
10680	2332
10680	2333
10680	2335
10680	2336
10680	2337
10680	2338
10680	2339
10680	33158
10681	0
10681	39
10681	2328
10681	2329
10681	2330
10681	2331
10681	2332
10681	2333
10681	2335
10681	2336
10681	2337
10681	2338
10681	2339
10681	2340
10681	33159
10682	0
10682	39
10682	2328
10682	2329
10682	2330
10682	2332
10682	2333
10682	2335
10682	2336
10682	2337
10682	2338
10682	2339
10682	33158
10686	2333
10687	0
10687	39
10687	2327
10687	2328
10687	2329
10687	2330
10687	2331
10687	2332
10687	2333
10687	2335
10687	2336
10687	2337
10687	2338
10687	2339
10687	2340
10688	10563
10697	0
10697	195
10697	8320
10697	11661
10697	33160
10697	33161
10697	33162
10697	33163
10697	33164
10697	33165
10697	33166
10737	453
10737	2456
10737	2458
10737	2459
10737	2460
10737	2461
10737	2462
10737	2463
10737	2464
10737	2466
10737	2467
10737	2468
10737	2469
10740	33167
10740	33168
10762	469
10762	2508
10762	2509
10762	2510
10762	2511
10762	2512
10762	2514
10769	2534
10770	2534
10771	2534
10772	2534
10772	10773
10772	33169
10772	33170
10773	2534
10773	10772
10773	33171
10774	2534
10774	33172
10774	33173
10774	33174
10774	33175
10774	33176
10774	33177
10778	0
10778	35
10778	39
10778	205
10778	210
10778	995
10778	1214
10778	1215
10778	1216
10778	1217
10778	1218
10778	1219
10778	1220
10778	1221
10778	1222
10778	1223
10778	1224
10778	1225
10778	1226
10778	1227
10778	1228
10778	1229
10778	1230
10778	1231
10778	1232
10778	1233
10778	1234
10778	1235
10778	1236
10780	479
10780	33178
10781	479
10782	479
10782	10773
10782	33171
10782	33179
10782	33180
10782	33181
10782	33182
10782	33183
10782	33184
10782	33185
10782	33186
10783	479
10783	10772
10783	33169
10783	33187
10786	10786
10786	10795
10787	10787
10787	10795
10790	33188
10790	33189
10790	33190
10790	33191
10790	33192
10790	33193
10790	33194
10790	33195
10790	33196
10790	33197
10790	33198
10790	33199
10790	33200
10790	33201
10790	33202
10790	33203
10790	33204
10790	33205
10790	33206
10790	33207
10790	33208
10790	33209
10790	33210
10790	33211
10790	33212
10790	33213
10790	33214
10790	33215
10790	33216
10790	33217
10790	33218
10790	33219
10790	33220
10790	33221
10790	33222
10790	33223
10790	33224
10790	33225
10790	33226
10790	33227
10790	33228
10790	33229
10790	33230
10790	33231
10791	10791
10793	1542
10795	33232
10800	0
10800	2584
10800	10801
10800	10802
10800	10804
10800	10805
10801	0
10801	10800
10801	10802
10801	10804
10801	10805
10802	0
10802	501
10802	10800
10802	10801
10802	10802
10802	10804
10802	10805
10804	0
10804	2584
10804	10800
10804	10801
10804	10802
10804	10805
10804	33233
10804	33234
10804	33235
10804	33236
10805	0
10805	2584
10805	10800
10805	10801
10805	10802
10805	10805
10805	33237
10805	33238
10805	33239
10805	33240
10805	33241
10805	33242
10805	33243
10805	33244
10805	33245
10805	33246
10809	7446
10810	2218
10810	2585
10812	33247
10813	2597
10813	2598
10814	2598
10815	2598
10816	2598
10817	2598
10818	2598
10819	2598
10820	2598
10821	2598
10822	2598
10823	2598
10824	2598
10825	2598
10826	2598
10828	2634
10830	33248
10830	33249
10830	33250
10830	33251
10830	33252
10830	33253
10830	33254
10830	33255
10830	33256
10830	33257
10830	33258
10833	33249
10833	33259
10833	33260
10833	33261
10839	10838
10839	33262
10839	33263
10839	33264
10839	33265
10842	559
10842	2711
10842	2712
10842	2713
10842	2714
10842	2715
10842	2716
10842	2717
10842	2718
10842	2719
10842	33266
10842	33267
10842	33268
10842	33269
10842	33270
10842	33271
10842	33272
10844	0
10844	39
10844	560
10844	2720
10844	2721
10844	2722
10844	2723
10844	2724
10844	2725
10844	2726
10844	2727
10844	2728
10844	2729
10844	2730
10844	2731
10844	2732
10844	2733
10844	2734
10844	2735
10844	2736
10844	2737
10844	2738
10844	2739
10844	2740
10846	33273
10847	33274
10848	402
10848	33274
10848	33275
10852	0
10852	2749
10852	2750
10853	10853
10855	33276
10855	33277
10855	33278
10855	33279
10855	33280
10859	33281
10862	10659
10868	33282
10868	33283
10868	33284
10868	33285
10872	2707
10872	33286
10872	33287
10872	33288
10872	33289
10873	10873
10873	33290
10874	195
10874	569
10874	10873
10874	33291
10874	33292
10874	33293
10874	33294
10875	10875
10875	33295
10875	33296
10875	33297
10875	33298
10876	10879
10879	10843
10879	10879
10884	33299
10884	33300
10884	33301
10884	33302
10885	10885
10885	33303
10885	33304
10885	33305
10885	33306
10886	33305
10887	33307
10887	33308
10887	33309
10891	574
10891	2773
10891	10891
10891	10892
10891	10893
10891	10894
10891	10895
10892	574
10892	2773
10892	10891
10892	10892
10892	10893
10892	10894
10892	10895
10893	574
10893	2773
10893	10891
10893	10892
10893	10893
10893	10894
10893	10895
10894	574
10894	2773
10894	10891
10894	10892
10894	10893
10894	10894
10894	10895
10894	33310
10895	574
10895	2773
10895	10891
10895	10892
10895	10893
10895	10894
10895	10895
10898	2778
10898	33311
10899	576
10899	10900
10899	33312
10899	33313
10900	33314
10901	576
10901	10902
10901	33315
10901	33316
10902	576
10902	33317
10930	2805
10930	2806
10930	2807
10931	0
10931	1
10931	17
10931	19
10931	20
10931	21
10931	23
10931	24
10931	25
10931	27
10931	29
10931	595
10931	596
10931	33318
10932	0
10932	1
10932	17
10932	19
10932	20
10932	21
10932	23
10932	24
10932	25
10932	27
10932	29
10932	594
10932	595
10932	596
10933	0
10933	1
10933	18
10933	33319
10934	0
10934	1
10934	18
10934	33319
10935	0
10935	1
10935	18
10935	33319
10936	0
10936	1
10936	18
10936	33319
10937	0
10937	1
10937	18
10937	33319
10938	0
10938	1
10938	18
10938	33319
10939	0
10939	1
10939	18
10939	33319
10940	0
10940	1
10940	18
10940	33319
10941	0
10941	1
10941	18
10941	33319
10942	0
10942	1
10942	18
10942	33319
10943	0
10943	1
10943	18
10943	33319
10944	0
10944	1
10944	18
10944	33319
10949	207
10949	576
10949	673
10949	708
10949	721
10949	730
10949	755
10949	798
10949	1122
10949	25218
10949	27056
10949	33320
10949	33321
10954	0
10954	1
10954	29
10954	617
10954	618
10954	619
10954	620
10954	623
10954	624
10954	625
10954	628
10954	2846
10954	33322
10954	33323
10955	0
10955	1
10955	29
10955	617
10955	618
10955	619
10955	620
10955	623
10955	624
10955	625
10955	628
10955	2846
10955	33324
10955	33325
10955	33326
10955	33327
10955	33328
10955	33329
10955	33330
10955	33331
10955	33332
10955	33333
10955	33334
10955	33335
10955	33336
10955	33337
10955	33338
10955	33339
10955	33340
10955	33341
10955	33342
10955	33343
10956	0
10956	1
10956	29
10956	617
10956	618
10956	619
10956	620
10956	623
10956	624
10956	625
10956	628
10956	2846
10958	0
10958	1
10958	29
10958	617
10958	618
10958	619
10958	620
10958	623
10958	624
10958	625
10958	628
10958	2860
10968	0
10968	1
10968	29
10968	617
10968	618
10968	619
10968	620
10968	623
10968	624
10968	625
10968	628
10968	2865
10968	2866
10969	0
10969	1
10969	29
10969	617
10969	618
10969	619
10969	620
10969	623
10969	624
10969	625
10969	628
10969	2865
10969	2866
10970	0
10970	1
10970	29
10970	617
10970	618
10970	619
10970	620
10970	623
10970	624
10970	625
10970	628
10970	2865
10970	2866
10971	0
10971	1
10971	29
10971	617
10971	618
10971	619
10971	620
10971	623
10971	624
10971	625
10971	628
10971	2865
10971	2866
10986	158
10990	10990
10993	25031
10993	25032
10993	25033
10997	25034
10997	25035
10997	25036
11001	33344
11001	33345
11001	33346
11002	35
11002	2893
11002	33347
11002	33348
11002	33349
11002	33350
11002	33351
11002	33352
11002	33353
11002	33354
11002	33355
11002	33356
11003	35
11003	2893
11003	33357
11003	33358
11003	33359
11003	33360
11003	33361
11003	33362
11003	33363
11003	33364
11003	33365
11003	33366
11003	33367
11003	33368
11003	33369
11004	35
11004	2893
11004	33370
11004	33371
11004	33372
11004	33373
11004	33374
11004	33375
11004	33376
11004	33377
11005	35
11005	2893
11005	11465
11005	11721
11005	18803
11005	19259
11005	33378
11005	33379
11005	33380
11005	33381
11005	33382
11005	33383
11005	33384
11005	33385
11005	33386
11005	33387
11005	33388
11005	33389
11005	33390
11006	35
11006	195
11006	2893
11006	33391
11006	33392
11006	33393
11007	35
11007	2893
11007	7051
11007	7473
11007	33357
11007	33359
11007	33363
11007	33394
11007	33395
11007	33396
11007	33397
11007	33398
11007	33399
11007	33400
11007	33401
11007	33402
11007	33403
11007	33404
11007	33405
11007	33406
11007	33407
11007	33408
11007	33409
11007	33410
11007	33411
11007	33412
11007	33413
11007	33414
11007	33415
11007	33416
11007	33417
11007	33418
11007	33419
11007	33420
11008	35
11008	168
11008	2894
11008	24339
11008	33421
11008	33422
11009	0
11009	35
11009	1255
11009	2894
11009	33422
11009	33423
11009	33424
11009	33425
11010	35
11010	2894
11010	33422
11010	33426
11010	33427
11011	32
11011	35
11011	2894
11011	7078
11011	33428
11012	35
11012	1191
11012	1255
11012	2894
11013	35
11013	995
11013	2894
11013	27713
11013	33429
11013	33430
11014	35
11014	38
11014	2894
11015	35
11015	1952
11015	2894
11015	33431
11015	33432
11016	35
11016	2894
11016	17119
11016	33433
11016	33434
11016	33435
11016	33436
11017	35
11017	2894
11017	33437
11018	0
11018	35
11018	21889
11018	33438
11018	33439
11018	33440
11018	33441
11018	33442
11018	33443
11018	33444
11018	33445
11018	33446
11018	33447
11018	33448
11018	33449
11018	33450
11018	33451
11018	33452
11019	35
11019	33439
11019	33453
11019	33454
11019	33455
11020	35
11020	33439
11020	33456
11021	35
11021	25367
11021	33439
11021	33457
11021	33458
11021	33459
11021	33460
11021	33461
11021	33462
11021	33463
11021	33464
11021	33465
11021	33466
11021	33467
11021	33468
11021	33469
11021	33470
11021	33471
11021	33472
11021	33473
11021	33474
11021	33475
11021	33476
11021	33477
11022	35
11022	33439
11022	33478
11022	33479
11022	33480
11022	33481
11023	0
11023	35
11023	17085
11023	33439
11023	33482
11023	33483
11023	33484
11024	0
11024	35
11024	23844
11024	33439
11024	33485
11024	33486
11024	33487
11024	33488
11024	33489
11024	33490
11025	0
11025	35
11025	233
11025	1018
11025	20092
11025	33439
11026	35
11026	656
11026	2896
11027	35
11027	2896
11027	32315
11027	33491
11028	35
11028	2896
11028	33492
11028	33493
11030	35
11030	2896
11030	33494
11031	35
11031	2896
11032	35
11032	2896
11032	33495
11033	35
11033	2896
11033	14205
11033	33496
11033	33497
11033	33498
11034	35
11034	2897
11034	33499
11034	33500
11034	33501
11034	33502
11034	33503
11034	33504
11034	33505
11034	33506
11035	35
11035	168
11035	2897
11035	10559
11035	16292
11035	17013
11035	17944
11035	29173
11035	33507
11035	33508
11035	33509
11035	33510
11035	33511
11035	33512
11035	33513
11035	33514
11035	33515
11035	33516
11035	33517
11035	33518
11035	33519
11036	35
11036	862
11036	2897
11036	19588
11036	33520
11036	33521
11036	33522
11037	35
11037	2897
11037	18756
11037	33523
11037	33524
11037	33525
11037	33526
11037	33527
11038	0
11038	35
11038	2897
11038	33528
11038	33529
11039	35
11039	124
11039	135
11039	2897
11039	32069
11040	35
11040	2897
11040	29173
11040	32551
11040	33502
11040	33530
11040	33531
11040	33532
11040	33533
11040	33534
11040	33535
11040	33536
11040	33537
11040	33538
11040	33539
11040	33540
11040	33541
11040	33542
11040	33543
11040	33544
11040	33545
11040	33546
11040	33547
11041	35
11041	2897
11041	4022
11041	33548
11041	33549
11041	33550
11041	33551
11041	33552
11041	33553
11041	33554
11041	33555
11041	33556
11041	33557
11041	33558
11041	33559
11041	33560
11041	33561
11041	33562
11041	33563
11041	33564
11042	35
11042	1256
11042	2898
11042	33565
11042	33566
11042	33567
11042	33568
11042	33569
11042	33570
11042	33571
11042	33572
11043	0
11043	35
11043	2898
11043	33573
11043	33574
11043	33575
11044	35
11044	140
11044	2898
11045	35
11045	2898
11045	33576
11045	33577
11045	33578
11045	33579
11045	33580
11046	35
11046	2898
11046	33581
11046	33582
11046	33583
11046	33584
11046	33585
11046	33586
11047	35
11047	2898
11047	33587
11047	33588
11047	33589
11047	33590
11047	33591
11048	35
11048	2898
11048	5487
11048	33592
11049	35
11049	2898
11049	6911
11049	11171
11049	33593
11049	33594
11049	33595
11049	33596
11049	33597
11049	33598
11049	33599
11049	33600
11049	33601
11049	33602
11049	33603
11049	33604
11049	33605
11050	35
11050	171
11050	2898
11050	32504
11050	33606
11050	33607
11050	33608
11050	33609
11050	33610
11050	33611
11051	35
11051	2898
11051	33612
11051	33613
11051	33614
11051	33615
11051	33616
11051	33617
11051	33618
11052	35
11052	2899
11052	33619
11052	33620
11052	33621
11052	33622
11052	33623
11052	33624
11052	33625
11053	35
11053	2899
11053	33626
11053	33627
11054	35
11054	2899
11054	33628
11055	35
11055	2899
11055	7611
11055	7705
11056	35
11056	836
11056	1155
11056	2898
11056	10688
11056	26038
11056	33629
11056	33630
11056	33631
11056	33632
11056	33633
11056	33634
11057	35
11057	2899
11057	33635
11057	33636
11057	33637
11058	35
11058	2899
11058	16661
11058	33638
11058	33639
11058	33640
11058	33641
11058	33642
11059	13
11059	35
11059	64
11059	862
11059	994
11059	996
11059	997
11059	1719
11059	1721
11059	1949
11059	1955
11059	2899
11059	3950
11059	10314
11059	11303
11059	33643
11059	33644
11060	35
11060	2899
11060	33645
11060	33646
11060	33647
11061	35
11061	2899
11061	4401
11061	33648
11061	33649
11062	35
11062	994
11062	2899
11062	33599
11062	33650
11062	33651
11062	33652
11062	33653
11062	33654
11062	33655
11062	33656
11063	35
11063	2906
11063	33657
11064	0
11064	35
11064	2900
11064	17192
11064	33658
11064	33659
11064	33660
11064	33661
11064	33662
11064	33663
11064	33664
11064	33665
11064	33666
11064	33667
11064	33668
11064	33669
11064	33670
11064	33671
11065	35
11065	2900
11065	33672
11065	33673
11065	33674
11065	33675
11065	33676
11065	33677
11065	33678
11065	33679
11065	33680
11065	33681
11065	33682
11065	33683
11065	33684
11065	33685
11065	33686
11065	33687
11065	33688
11065	33689
11065	33690
11066	35
11066	2900
11066	7051
11066	29168
11066	33363
11066	33691
11066	33692
11067	35
11067	2900
11067	33693
11067	33694
11067	33695
11068	35
11068	2900
11068	33676
11068	33696
11068	33697
11068	33698
11068	33699
11068	33700
11068	33701
11068	33702
11068	33703
11068	33704
11068	33705
11068	33706
11068	33707
11069	0
11069	35
11069	2900
11069	17102
11069	33708
11069	33709
11069	33710
11069	33711
11069	33712
11069	33713
11069	33714
11069	33715
11069	33716
11069	33717
11069	33718
11069	33719
11069	33720
11069	33721
11069	33722
11069	33723
11069	33724
11069	33725
11070	35
11070	2901
11070	20469
11070	33726
11070	33727
11070	33728
11070	33729
11070	33730
11070	33731
11070	33732
11070	33733
11070	33734
11070	33735
11070	33736
11070	33737
11070	33738
11070	33739
11070	33740
11070	33741
11070	33742
11070	33743
11070	33744
11070	33745
11071	35
11071	2901
11071	33746
11071	33747
11071	33748
11071	33749
11071	33750
11071	33751
11071	33752
11071	33753
11071	33754
11071	33755
11071	33756
11071	33757
11071	33758
11071	33759
11072	35
11072	2901
11072	33760
11072	33761
11072	33762
11072	33763
11072	33764
11072	33765
11072	33766
11072	33767
11072	33768
11072	33769
11072	33770
11073	35
11073	124
11073	2901
11073	10667
11073	18406
11073	23004
11073	33771
11073	33772
11073	33773
11073	33774
11074	35
11074	2901
11074	11893
11074	33775
11074	33776
11075	35
11075	2901
11075	18164
11075	33777
11075	33778
11075	33779
11075	33780
11076	35
11076	2901
11076	7431
11076	33781
11076	33782
11076	33783
11076	33784
11077	35
11077	2901
11077	33785
11077	33786
11077	33787
11078	35
11078	2901
11078	22209
11078	29168
11078	33788
11078	33789
11078	33790
11078	33791
11078	33792
11078	33793
11078	33794
11078	33795
11078	33796
11078	33797
11079	35
11079	2902
11079	33798
11079	33799
11079	33800
11079	33801
11079	33802
11079	33803
11079	33804
11079	33805
11079	33806
11080	0
11080	35
11080	2902
11080	33807
11080	33808
11080	33809
11080	33810
11080	33811
11080	33812
11080	33813
11080	33814
11080	33815
11081	0
11081	35
11081	2902
11081	17903
11081	18566
11081	33816
11081	33817
11081	33818
11081	33819
11081	33820
11081	33821
11082	35
11082	2902
11082	33822
11082	33823
11082	33824
11083	35
11083	1257
11083	2902
11083	33825
11083	33826
11083	33827
11083	33828
11084	35
11084	2902
11084	5058
11084	18815
11084	20949
11085	35
11085	2902
11085	7051
11085	33829
11085	33830
11085	33831
11085	33832
11085	33833
11085	33834
11085	33835
11085	33836
11085	33837
11085	33838
11085	33839
11085	33840
11085	33841
11085	33842
11085	33843
11085	33844
11085	33845
11085	33846
11085	33847
11085	33848
11086	35
11086	994
11086	2903
11086	33849
11086	33850
11087	35
11087	47
11087	2903
11088	35
11088	2903
11088	11139
11089	35
11089	2903
11089	3001
11089	16434
11089	33851
11090	35
11090	994
11090	2903
11090	33852
11091	0
11091	35
11091	2903
11091	33853
11091	33854
11091	33855
11091	33856
11091	33857
11092	35
11092	2903
11092	33858
11092	33859
11092	33860
11092	33861
11093	0
11093	35
11093	2903
11093	7431
11093	13639
11093	13749
11093	33862
11093	33863
11093	33864
11093	33865
11093	33866
11093	33867
11094	35
11094	2903
11094	33868
11094	33869
11095	35
11095	2903
11095	33870
11095	33871
11095	33872
11095	33873
11095	33874
11095	33875
11095	33876
11095	33877
11095	33878
11096	35
11096	2903
11096	3298
11096	33628
11096	33879
11096	33880
11096	33881
11096	33882
11096	33883
11096	33884
11097	35
11097	2904
11097	6790
11097	6929
11097	33885
11097	33886
11097	33887
11097	33888
11097	33889
11097	33890
11097	33891
11097	33892
11097	33893
11097	33894
11097	33895
11097	33896
11097	33897
11097	33898
11097	33899
11097	33900
11097	33901
11097	33902
11097	33903
11097	33904
11097	33905
11097	33906
11097	33907
11097	33908
11097	33909
11097	33910
11097	33911
11097	33912
11097	33913
11097	33914
11097	33915
11097	33916
11097	33917
11097	33918
11097	33919
11097	33920
11097	33921
11097	33922
11097	33923
11097	33924
11097	33925
11097	33926
11097	33927
11097	33928
11097	33929
11097	33930
11097	33931
11097	33932
11097	33933
11097	33934
11097	33935
11097	33936
11098	35
11098	2904
11098	33937
11098	33938
11098	33939
11098	33940
11098	33941
11099	35
11099	2904
11099	20913
11099	33942
11099	33943
11099	33944
11099	33945
11099	33946
11099	33947
11099	33948
11099	33949
11099	33950
11099	33951
11099	33952
11099	33953
11099	33954
11099	33955
11099	33956
11099	33957
11099	33958
11099	33959
11099	33960
11099	33961
11099	33962
11100	35
11100	2904
11100	33963
11100	33964
11100	33965
11100	33966
11100	33967
11100	33968
11101	35
11101	2904
11101	15378
11101	33969
11101	33970
11101	33971
11101	33972
11101	33973
11102	35
11102	2904
11102	11222
11102	33974
11102	33975
11102	33976
11102	33977
11102	33978
11102	33979
11102	33980
11102	33981
11102	33982
11102	33983
11102	33984
11102	33985
11103	35
11103	2904
11103	15377
11103	16443
11103	33972
11103	33986
11103	33987
11103	33988
11104	35
11104	2905
11104	33989
11104	33990
11104	33991
11104	33992
11104	33993
11104	33994
11104	33995
11104	33996
11104	33997
11105	35
11105	2905
11106	35
11106	2905
11107	35
11107	2905
11108	35
11108	2905
11109	35
11109	2905
11110	35
11110	2905
11111	35
11111	2905
11112	35
11112	2905
11113	35
11113	2905
11113	7054
11113	17192
11113	18803
11113	33998
11113	33999
11113	34000
11113	34001
11113	34002
11113	34003
11113	34004
11113	34005
11113	34006
11113	34007
11113	34008
11113	34009
11114	35
11114	2906
11114	34010
11114	34011
11115	35
11115	193
11115	2906
11115	34012
11115	34013
11115	34014
11115	34015
11116	35
11116	2906
11116	34016
11116	34017
11116	34018
11116	34019
11116	34020
11116	34021
11117	35
11117	205
11117	1255
11117	2906
11117	31601
11118	0
11118	35
11118	2906
11118	33773
11118	34022
11118	34023
11119	35
11119	2906
11119	16447
11120	35
11120	135
11120	2906
11121	35
11121	2906
11121	5071
11121	11641
11121	25273
11122	35
11122	2906
11122	15500
11122	18707
11122	34024
11122	34025
11123	35
11123	1952
11123	2906
11123	16323
11123	27097
11123	32554
11123	33599
11123	34026
11123	34027
11123	34028
11123	34029
11123	34030
11124	35
11124	1256
11124	1952
11124	2906
11124	32554
11124	32586
11124	34031
11124	34032
11125	0
11125	34033
11125	34034
11125	34035
11138	34036
11143	751
11143	11143
11143	34037
11148	9858
11161	4160
11161	25281
11161	25282
11161	25283
11161	25284
11161	25287
11161	34038
11161	34039
11161	34040
11162	25367
11162	25369
11180	1
11180	11183
11181	2742
11181	34041
11182	34042
11187	34043
11190	1154
11190	1273
11190	11189
11191	0
11191	3
11191	14
11192	671
11192	1154
11192	1273
11192	34044
11193	1154
11193	1273
11193	34045
11194	1154
11194	1273
11195	671
11195	1154
11195	1273
11195	11196
11195	34046
11196	671
11196	1154
11196	1273
11196	34046
11196	34047
11198	0
11198	14
11198	659
11198	1641
11201	31449
11201	34048
11201	34049
11201	34050
11201	34051
11201	34052
11201	34053
11201	34054
11201	34055
11201	34056
11201	34057
11204	13983
11204	34058
11204	34059
11204	34060
11205	5836
11205	5885
11205	34061
11205	34062
11205	34063
11205	34064
11205	34065
11205	34066
11205	34067
11206	34068
11213	11216
11214	11215
11216	11213
11216	11214
11217	11213
11228	34069
11229	34070
11234	34071
11234	34072
11234	34073
11238	19425
11238	26253
11238	26254
11238	34074
11238	34075
11238	34076
11238	34077
11238	34078
11238	34079
11238	34080
11238	34081
11238	34082
11239	34083
11239	34084
11239	34085
11239	34086
11240	34087
11241	2980
11241	11238
11241	11245
11241	34088
11241	34089
11241	34090
11241	34091
11241	34092
11243	34093
11245	34094
11245	34095
11245	34096
11245	34097
11245	34098
11245	34099
11245	34100
11245	34101
11245	34102
11245	34103
11245	34104
11245	34105
11245	34106
11245	34107
11245	34108
11245	34109
11245	34110
11245	34111
11245	34112
11245	34113
11245	34114
11245	34115
11245	34116
11245	34117
11245	34118
11245	34119
11245	34120
11245	34121
11245	34122
11245	34123
11245	34124
11245	34125
11245	34126
11245	34127
11245	34128
11245	34129
11245	34130
11245	34131
11245	34132
11245	34133
11245	34134
11245	34135
11245	34136
11245	34137
11245	34138
11245	34139
11245	34140
11245	34141
11245	34142
11245	34143
11245	34144
11245	34145
11245	34146
11245	34147
11245	34148
11245	34149
11245	34150
11245	34151
11245	34152
11245	34153
11245	34154
11245	34155
11245	34156
11245	34157
11245	34158
11245	34159
11245	34160
11245	34161
11245	34162
11245	34163
11246	0
11246	10806
11246	11238
11246	11239
11246	11240
11246	11243
11246	11245
11246	34088
11246	34089
11246	34090
11246	34091
11246	34092
11246	34164
11246	34165
11246	34166
11246	34167
11246	34168
11246	34169
11246	34170
11246	34171
11246	34172
11246	34173
11246	34174
11246	34175
11246	34176
11246	34177
11246	34178
11246	34179
11246	34180
11246	34181
11246	34182
11246	34183
11246	34184
11246	34185
11246	34186
11247	2980
11247	11238
11247	11241
11247	34179
11247	34180
11247	34182
11247	34183
11247	34184
11247	34185
11247	34186
11249	24907
11249	24912
11250	24912
11250	34187
11251	34188
11251	34189
11251	34190
11251	34191
11251	34192
11251	34193
11251	34194
11251	34195
11251	34196
11251	34197
11251	34198
11251	34199
11251	34200
11251	34201
11251	34202
11251	34203
11251	34204
11251	34205
11251	34206
11252	24909
11252	24912
11253	24912
11253	34207
11254	24912
11254	34208
11255	24911
11255	24912
11256	24912
11256	34209
11257	24912
11257	34210
11258	24912
11258	24913
11259	24912
11259	24914
11260	34211
11260	34212
11260	34213
11261	13619
11263	34214
11263	34215
11263	34216
11263	34217
11264	0
11264	678
11264	995
11264	26028
11265	0
11265	1661
11265	3941
11265	11266
11265	13622
11265	13624
11265	13625
11265	13630
11265	34218
11265	34219
11265	34220
11265	34221
11265	34222
11265	34223
11265	34224
11265	34225
11265	34226
11268	2993
11269	0
11269	996
11269	1851
11269	11268
11269	25094
11269	25095
11269	25096
11269	34227
11269	34228
11269	34229
11269	34230
11271	34231
11271	34232
11271	34233
11272	39
11272	2992
11272	2993
11272	7835
11272	9953
11272	11279
11272	11765
11272	11768
11272	11990
11272	12692
11272	17204
11272	17543
11272	19940
11272	22879
11272	31451
11272	34234
11272	34235
11272	34236
11272	34237
11272	34238
11272	34239
11272	34240
11272	34241
11272	34242
11272	34243
11272	34244
11272	34245
11272	34246
11272	34247
11272	34248
11272	34249
11272	34250
11272	34251
11272	34252
11272	34253
11272	34254
11272	34255
11273	8438
11273	17198
11273	17216
11273	19481
11273	20410
11273	34256
11273	34257
11273	34258
11275	3161
11275	34259
11275	34260
11277	12695
11277	16880
11277	16883
11277	21728
11277	34261
11277	34262
11277	34263
11277	34264
11277	34265
11277	34266
11279	26549
11283	12874
11283	34267
11283	34268
11286	6375
11286	6377
11286	25967
11286	34269
11286	34270
11286	34271
11287	2995
11287	34272
11287	34273
11287	34274
11287	34275
11287	34276
11288	2995
11290	34277
11290	34278
11290	34279
11290	34280
11290	34281
11290	34282
11292	994
11292	1064
11292	1093
11292	1877
11292	1949
11292	3026
11292	3184
11292	7051
11292	11161
11292	11471
11292	11472
11292	13608
11292	15530
11292	16946
11292	16947
11292	18015
11292	18164
11292	19463
11292	20903
11292	23483
11292	24096
11292	24991
11292	25218
11292	25341
11292	25359
11292	25367
11292	34283
11292	34284
11296	34285
11299	0
11299	25063
11299	25066
11299	25070
11299	25073
11299	34286
11300	2776
11300	34287
11301	3001
11301	11302
11301	11303
11301	11304
11301	11305
11301	11306
11301	11308
11301	11309
11301	34288
11301	34289
11301	34290
11301	34291
11301	34292
11301	34293
11301	34294
11302	63
11302	3001
11302	11301
11302	11303
11302	11304
11302	11305
11302	11306
11302	11308
11302	11309
11302	34295
11302	34296
11302	34297
11303	1945
11303	2981
11303	2992
11303	3000
11303	3001
11303	3783
11303	3784
11303	4401
11303	11301
11303	11302
11303	11304
11303	11305
11303	11306
11303	11308
11303	11309
11303	13896
11303	13897
11303	13898
11303	13899
11303	13900
11303	13901
11303	14957
11304	3001
11304	11301
11304	11302
11304	11303
11304	11305
11304	11306
11304	11308
11304	11309
11304	34298
11304	34299
11304	34300
11305	3001
11305	11301
11305	11302
11305	11303
11305	11304
11305	11306
11305	11308
11305	11309
11305	25273
11305	34301
11306	54
11306	55
11306	3001
11306	11301
11306	11302
11306	11303
11306	11304
11306	11305
11306	11308
11306	11309
11306	12863
11306	13131
11306	13132
11306	13133
11306	13134
11306	13135
11306	13136
11306	31601
11306	32071
11306	34228
11306	34302
11306	34303
11306	34304
11306	34305
11306	34306
11306	34307
11307	0
11307	3001
11307	34308
11308	3001
11308	11301
11308	11302
11308	11303
11308	11304
11308	11305
11308	11306
11308	11309
11308	28209
11308	34309
11309	47
11309	3001
11309	11301
11309	11302
11309	11303
11309	11304
11309	11305
11309	11306
11309	11308
11309	12863
11309	25275
11309	25276
11309	25277
11309	34310
11309	34311
11309	34312
11309	34313
11312	33
11313	3005
11327	3010
11327	34314
11327	34315
11327	34316
11327	34317
11327	34318
11327	34319
11327	34320
11327	34321
11328	125
11328	830
11328	3010
11328	7838
11328	11328
11328	18993
11328	34322
11328	34323
11328	34324
11328	34325
11328	34326
11328	34327
11328	34328
11328	34329
11328	34330
11328	34331
11328	34332
11328	34333
11328	34334
11328	34335
11328	34336
11328	34337
11328	34338
11328	34339
11328	34340
11328	34341
11328	34342
11328	34343
11328	34344
11328	34345
11328	34346
11328	34347
11328	34348
11328	34349
11328	34350
11328	34351
11328	34352
11328	34353
11328	34354
11328	34355
11328	34356
11328	34357
11328	34358
11328	34359
11328	34360
11328	34361
11328	34362
11328	34363
11328	34364
11328	34365
11328	34366
11328	34367
11328	34368
11328	34369
11328	34370
11328	34371
11329	34372
11329	34373
11329	34374
11329	34375
11330	685
11330	3011
11330	34376
11330	34377
11331	3011
11331	34378
11331	34379
11331	34380
11331	34381
11331	34382
11331	34383
11331	34384
11331	34385
11331	34386
11331	34387
11331	34388
11331	34389
11331	34390
11331	34391
11331	34392
11331	34393
11331	34394
11331	34395
11331	34396
11331	34397
11331	34398
11331	34399
11331	34400
11331	34401
11331	34402
11331	34403
11331	34404
11331	34405
11332	34406
11332	34407
11332	34408
11332	34409
11333	3011
11333	18992
11333	34410
11333	34411
11333	34412
11333	34413
11333	34414
11345	688
11345	11347
11345	34415
11345	34416
11345	34417
11345	34418
11345	34419
11345	34420
11348	630
11348	34421
11348	34422
11348	34423
11349	630
11349	11349
11349	34424
11349	34425
11349	34426
11349	34427
11350	630
11351	630
11351	34428
11351	34429
11351	34430
11351	34431
11351	34432
11351	34433
11351	34434
11351	34435
11351	34436
11351	34437
11351	34438
11351	34439
11351	34440
11351	34441
11351	34442
11351	34443
11351	34444
11351	34445
11351	34446
11352	630
11352	34447
11352	34448
11352	34449
11352	34450
11352	34451
11352	34452
11352	34453
11352	34454
11352	34455
11352	34456
11352	34457
11352	34458
11352	34459
11352	34460
11352	34461
11352	34462
11353	630
11353	34463
11361	25042
11361	25043
11361	25044
11361	34464
11362	5347
11362	5386
11362	5929
11362	6648
11362	20096
11362	34465
11365	11365
11381	0
11381	3031
11381	11382
11381	11383
11381	11384
11381	11385
11381	11386
11381	11387
11381	11388
11381	11389
11381	11396
11381	11397
11381	11399
11382	3031
11382	10684
11382	34466
11382	34467
11382	34468
11382	34469
11382	34470
11382	34471
11382	34472
11382	34473
11382	34474
11382	34475
11382	34476
11382	34477
11382	34478
11382	34479
11382	34480
11382	34481
11382	34482
11382	34483
11382	34484
11382	34485
11382	34486
11382	34487
11382	34488
11382	34489
11382	34490
11382	34491
11382	34492
11383	3031
11383	14395
11384	3031
11385	3031
11385	14395
11386	3031
11386	5186
11386	5376
11386	5624
11386	5871
11386	5872
11386	5926
11386	11388
11386	11863
11387	3031
11388	3031
11388	5376
11388	5871
11388	5872
11389	3031
11390	3031
11390	11395
11390	34493
11391	3031
11391	34494
11391	34495
11391	34496
11391	34497
11391	34498
11391	34499
11391	34500
11391	34501
11391	34502
11391	34503
11391	34504
11391	34505
11391	34506
11391	34507
11392	3031
11392	11392
11392	34508
11392	34509
11392	34510
11392	34511
11392	34512
11392	34513
11392	34514
11392	34515
11392	34516
11392	34517
11392	34518
11392	34519
11392	34520
11393	3031
11394	158
11394	160
11394	787
11394	3031
11394	4261
11395	3031
11395	34521
11395	34522
11395	34523
11395	34524
11395	34525
11395	34526
11395	34527
11395	34528
11395	34529
11395	34530
11395	34531
11395	34532
11395	34533
11395	34534
11396	3031
11396	11392
11396	11397
11396	34535
11397	3031
11397	11397
11397	11398
11397	34514
11397	34515
11397	34536
11398	11397
11398	34537
11398	34538
11398	34539
11398	34540
11398	34541
11398	34542
11398	34543
11398	34544
11398	34545
11398	34546
11398	34547
11400	696
11400	3032
11401	696
11401	3034
11401	3045
11401	3046
11402	696
11402	3034
11402	3045
11402	3046
11403	696
11403	3034
11403	3045
11403	3046
11404	696
11404	3034
11404	3045
11404	3046
11405	696
11405	3034
11405	3045
11405	3046
11406	696
11406	3034
11406	3045
11406	3046
11406	34548
11407	696
11407	3034
11407	3045
11407	3046
11408	696
11408	3034
11408	3045
11408	3046
11409	696
11409	3036
11409	34548
11409	34549
11409	34550
11409	34551
11409	34552
11409	34553
11409	34554
11409	34555
11409	34556
11409	34557
11410	696
11410	3036
11411	696
11411	3036
11423	696
11423	3042
11424	696
11424	3042
11425	696
11425	3042
11426	696
11426	3042
11427	696
11427	3042
11428	696
11428	3042
11429	696
11429	3042
11429	34558
11430	696
11430	3042
11431	696
11431	3042
11432	696
11432	3042
11433	696
11433	3042
11434	3042
11434	34559
11435	696
11435	3044
11435	34560
11436	696
11436	3044
11436	11436
11436	11438
11436	34561
11437	696
11437	3044
11437	11436
11437	11437
11437	34562
11438	696
11438	3044
11438	11436
11438	11438
11438	34561
11439	697
11439	34563
11439	34564
11439	34565
11439	34566
11439	34567
11439	34568
11439	34569
11439	34570
11439	34571
11439	34572
11439	34573
11439	34574
11439	34575
11439	34576
11439	34577
11439	34578
11439	34579
11439	34580
11439	34581
11439	34582
11439	34583
11439	34584
11439	34585
11439	34586
11439	34587
11439	34588
11439	34589
11439	34590
11439	34591
11439	34592
11439	34593
11439	34594
11439	34595
11439	34596
11457	11457
11457	34597
11457	34598
11457	34599
11458	73
11458	110
11458	34600
11458	34601
11458	34602
11462	11463
11471	25353
11471	25354
11471	25355
11472	0
11472	1256
11472	32537
11472	34603
11472	34604
11472	34605
11472	34606
11472	34607
11474	5503
11474	5955
11474	6526
11474	6527
11474	8451
11474	26164
11474	34608
11474	34609
11474	34610
11474	34611
11475	0
11475	697
11475	701
11475	779
11475	836
11475	838
11475	11474
11475	34612
11475	34613
11475	34614
11475	34615
11476	34616
11477	12692
11477	17369
11477	34617
11477	34618
11477	34619
11477	34620
11478	34621
11478	34622
11478	34623
11478	34624
11478	34625
11479	11485
11480	11465
11480	11720
11480	34626
11480	34627
11480	34628
11480	34629
11480	34630
11480	34631
11480	34632
11486	0
11486	34633
11486	34634
11486	34635
11487	135
11487	3073
11487	10806
11487	12692
11487	16739
11487	18756
11487	34636
11487	34637
11487	34638
11487	34639
11487	34640
11489	5313
11490	34641
11490	34642
11490	34643
11490	34644
11490	34645
11490	34646
11490	34647
11490	34648
11490	34649
11490	34650
11490	34651
11490	34652
11490	34653
11490	34654
11490	34655
11490	34656
11490	34657
11490	34658
11490	34659
11490	34660
11490	34661
11490	34662
11490	34663
11490	34664
11490	34665
11490	34666
11490	34667
11490	34668
11490	34669
11490	34670
11490	34671
11490	34672
11490	34673
11490	34674
11490	34675
11490	34676
11490	34677
11490	34678
11490	34679
11490	34680
11490	34681
11490	34682
11490	34683
11490	34684
11490	34685
11490	34686
11490	34687
11490	34688
11490	34689
11490	34690
11490	34691
11490	34692
11490	34693
11490	34694
11490	34695
11490	34696
11490	34697
11490	34698
11490	34699
11490	34700
11490	34701
11492	11489
11492	11492
11493	34646
11494	34702
11495	34703
11497	215
11497	8427
11497	34704
11497	34705
11498	215
11498	8427
11498	34704
11498	34706
11499	215
11499	8427
11499	11498
11499	11503
11499	34704
11500	215
11500	8427
11500	34704
11500	34707
11501	215
11501	8427
11501	34704
11503	215
11503	8427
11503	11497
11503	11499
11503	11500
11503	11501
11503	34704
11504	3107
11504	11516
11504	11521
11504	11553
11504	34708
11504	34709
11504	34710
11504	34711
11505	11519
11505	11521
11505	34709
11505	34712
11505	34713
11505	34714
11505	34715
11505	34716
11505	34717
11506	3107
11506	11516
11506	11553
11506	34710
11506	34718
11506	34719
11506	34720
11507	11513
11507	11517
11507	11519
11507	11522
11507	11553
11507	34721
11507	34722
11507	34723
11507	34724
11507	34725
11507	34726
11508	3107
11508	11505
11508	11514
11508	11515
11508	11519
11508	11520
11508	11553
11508	34709
11508	34727
11508	34728
11508	34729
11508	34730
11508	34731
11508	34732
11508	34733
11508	34734
11508	34735
11509	11512
11513	3107
11513	34709
11518	34708
11520	11519
11520	34736
11520	34737
11524	34738
11524	34739
11525	34738
11525	34739
11528	34740
11529	34740
11530	34741
11530	34742
11555	715
11555	3110
11556	715
11556	18166
11556	34743
11556	34744
11556	34745
11556	34746
11557	715
11557	3110
11557	11555
11557	11559
11558	715
11558	3111
11559	715
11559	3111
11560	715
11560	3112
11560	34747
11561	34748
11561	34749
11561	34750
11561	34751
11561	34752
11563	34753
11564	3113
11565	716
11565	3113
11565	5630
11570	3113
11571	3113
11571	34754
11571	34755
11571	34756
11571	34757
11571	34758
11573	34759
11573	34760
11575	34761
11575	34762
11578	3113
11578	11563
11578	11564
11578	11565
11578	11566
11578	11568
11578	11570
11578	11571
11578	11572
11578	34763
11585	3115
11585	34764
11585	34765
11585	34766
11585	34767
11587	717
11587	34768
11587	34769
11587	34770
11587	34771
11587	34772
11587	34773
11587	34774
11587	34775
11587	34776
11587	34777
11587	34778
11587	34779
11587	34780
11587	34781
11587	34782
11587	34783
11587	34784
11587	34785
11587	34786
11587	34787
11626	722
11626	3133
11626	11626
11626	11627
11626	11628
11627	722
11627	3133
11627	5283
11627	5500
11627	6185
11627	6557
11627	11626
11627	11627
11627	11628
11627	12671
11627	17944
11627	20023
11627	34788
11627	34789
11627	34790
11627	34791
11629	722
11629	3133
11629	11626
11629	11627
11629	11628
11629	19179
11629	28836
11629	34792
11629	34793
11629	34794
11629	34795
11685	204
11685	711
11685	716
11685	722
11685	3134
11685	34796
11685	34797
11685	34798
11685	34799
11685	34800
11685	34801
11685	34802
11687	34803
11687	34804
11688	0
11688	4401
11688	6165
11688	26313
11688	26314
11688	34805
11688	34806
11688	34807
11688	34808
11688	34809
11688	34810
11688	34811
11688	34812
11688	34813
11689	23297
11689	34814
11689	34815
11747	0
11747	1249
11747	3145
11747	5321
11747	5439
11747	5643
11747	5661
11747	5724
11747	5776
11747	5991
11747	6065
11747	6174
11747	6415
11747	6462
11747	6492
11747	19017
11747	20300
11747	22112
11747	25824
11747	25857
11747	34816
11747	34817
11747	34818
11747	34819
11747	34820
11747	34821
11747	34822
11747	34823
11747	34824
11747	34825
11747	34826
11747	34827
11747	34828
11747	34829
11747	34830
11747	34831
11747	34832
11748	3145
11750	3145
11751	3145
11751	16888
11751	34833
11751	34834
11753	3145
11754	3145
11754	17944
11754	23874
11754	34835
11754	34836
11754	34837
11755	0
11755	727
11755	3145
11755	34838
11755	34839
11755	34840
11755	34841
11755	34842
11756	26562
11762	3150
11764	731
11764	3156
11764	11767
11764	34843
11765	34844
11765	34845
11765	34846
11765	34847
11765	34848
11765	34849
11765	34850
11765	34851
11765	34852
11766	2993
11766	34852
11766	34853
11766	34854
11766	34855
11766	34856
11766	34857
11766	34858
11766	34859
11766	34860
11766	34861
11766	34862
11766	34863
11766	34864
11766	34865
11766	34866
11766	34867
11766	34868
11766	34869
11766	34870
11766	34871
11766	34872
11766	34873
11766	34874
11766	34875
11766	34876
11766	34877
11766	34878
11766	34879
11766	34880
11766	34881
11766	34882
11766	34883
11766	34884
11766	34885
11766	34886
11766	34887
11766	34888
11766	34889
11766	34890
11766	34891
11766	34892
11766	34893
11766	34894
11766	34895
11766	34896
11766	34897
11766	34898
11766	34899
11766	34900
11766	34901
11766	34902
11766	34903
11766	34904
11766	34905
11766	34906
11766	34907
11766	34908
11766	34909
11766	34910
11766	34911
11766	34912
11766	34913
11766	34914
11766	34915
11766	34916
11766	34917
11766	34918
11766	34919
11766	34920
11766	34921
11766	34922
11766	34923
11766	34924
11766	34925
11766	34926
11766	34927
11766	34928
11766	34929
11766	34930
11771	731
11771	3159
11772	731
11772	34931
11772	34932
11772	34933
11772	34934
11772	34935
11772	34936
11772	34937
11772	34938
11772	34939
11772	34940
11772	34941
11772	34942
11773	731
11773	3160
11808	731
11808	3162
11809	732
11809	3165
11809	3166
11809	3167
11809	3168
11809	3169
11809	3170
11809	3171
11810	732
11810	3165
11810	3166
11810	3167
11810	3168
11810	3169
11810	3170
11810	3171
11811	732
11811	3165
11811	3166
11811	3167
11811	3168
11811	3169
11811	3170
11811	3171
11812	732
11812	3165
11812	3166
11812	3167
11812	3168
11812	3169
11812	3170
11812	3171
11813	732
11813	3165
11813	3166
11813	3167
11813	3168
11813	3169
11813	3170
11813	3171
11814	732
11814	3165
11814	3166
11814	3167
11814	3168
11814	3169
11814	3170
11814	3171
11815	732
11815	3165
11815	3166
11815	3167
11815	3168
11815	3169
11815	3170
11815	3171
11816	732
11816	3165
11816	3166
11816	3167
11816	3168
11816	3169
11816	3170
11816	3171
11817	732
11817	3165
11817	3166
11817	3167
11817	3168
11817	3169
11817	3170
11817	3171
11818	732
11818	3165
11818	3166
11818	3167
11818	3168
11818	3169
11818	3170
11818	3171
11823	732
11823	3164
11823	3165
11823	3167
11823	3168
11823	3169
11823	3170
11823	3171
11823	34943
11823	34944
11823	34945
11823	34946
11823	34947
11823	34948
11823	34949
11823	34950
11823	34951
11823	34952
11823	34953
11823	34954
11823	34955
11823	34956
11823	34957
11823	34958
11823	34959
11823	34960
11823	34961
11823	34962
11823	34963
11823	34964
11823	34965
11823	34966
11823	34967
11823	34968
11823	34969
11826	3184
11826	22503
11826	22541
11826	22550
11826	28215
11826	28564
11826	34970
11826	34971
11826	34972
11826	34973
11826	34974
11826	34975
11826	34976
11826	34977
11826	34978
11826	34979
11826	34980
11826	34981
11826	34982
11826	34983
11826	34984
11826	34985
11826	34986
11826	34987
11826	34988
11826	34989
11826	34990
11826	34991
11826	34992
11826	34993
11826	34994
11826	34995
11826	34996
11826	34997
11827	3184
11829	3184
11829	3185
11829	34998
11830	0
11830	193
11830	994
11830	3184
11830	6619
11830	12135
11830	20903
11830	25218
11830	25359
11830	27616
11830	34999
11830	35000
11830	35001
11830	35002
11830	35003
11830	35004
11830	35005
11830	35006
11830	35007
11830	35008
11830	35009
11830	35010
11830	35011
11830	35012
11830	35013
11830	35014
11830	35015
11830	35016
11830	35017
11830	35018
11830	35019
11830	35020
11830	35021
11830	35022
11830	35023
11830	35024
11830	35025
11830	35026
11830	35027
11830	35028
11830	35029
11830	35030
11831	735
11831	3184
11832	3184
11832	35031
11834	3184
11834	35032
11834	35033
11834	35034
11834	35035
11834	35036
11834	35037
11834	35038
11834	35039
11834	35040
11834	35041
11834	35042
11834	35043
11834	35044
11834	35045
11834	35046
11834	35047
11834	35048
11834	35049
11834	35050
11834	35051
11834	35052
11834	35053
11834	35054
11834	35055
11835	3184
11835	35056
11835	35057
11835	35058
11836	3184
11836	11838
11836	35059
11836	35060
11836	35061
11836	35062
11836	35063
11837	3184
11837	11826
11837	35064
11837	35065
11838	35066
11839	3184
11839	11827
11839	35067
11840	193
11840	3184
11840	35068
11840	35069
11840	35070
11840	35071
11841	3184
11841	6463
11841	11838
11841	35072
11842	3184
11843	3184
11843	35072
11843	35073
11843	35074
11843	35075
11845	736
11849	35076
11849	35077
11849	35078
11849	35079
11850	35080
11850	35081
11850	35082
11850	35083
11850	35084
11851	35085
11851	35086
11851	35087
11852	25915
11852	25916
11852	35088
11852	35089
11852	35090
11852	35091
11852	35092
11852	35093
11852	35094
11852	35095
11857	0
11857	739
11857	751
11857	837
11857	6137
11857	7540
11857	11857
11857	11863
11857	22387
11857	22390
11857	35096
11857	35097
11857	35098
11857	35099
11857	35100
11857	35101
11857	35102
11857	35103
11857	35104
11857	35105
11857	35106
11857	35107
11857	35108
11857	35109
11857	35110
11857	35111
11857	35112
11857	35113
11857	35114
11857	35115
11857	35116
11857	35117
11859	11859
11859	25173
11859	35118
11859	35119
11859	35120
11859	35121
11859	35122
11859	35123
11859	35124
11859	35125
11863	0
11863	695
11863	739
11863	1564
11863	3200
11863	14957
11863	35126
11863	35127
11863	35128
11863	35129
11863	35130
11863	35131
11863	35132
11863	35133
11863	35134
11863	35135
11863	35136
11863	35137
11863	35138
11868	0
11868	1671
11868	10298
11868	10308
11868	11869
11868	13641
11868	13661
11868	13892
11868	35139
11868	35140
11868	35141
11868	35142
11868	35143
11868	35144
11868	35145
11868	35146
11868	35147
11868	35148
11868	35149
11868	35150
11868	35151
11868	35152
11869	1671
11869	10298
11869	10308
11869	12283
11869	13155
11869	13641
11869	13661
11869	13892
11869	35139
11869	35140
11869	35141
11869	35142
11869	35143
11869	35144
11869	35145
11869	35146
11869	35147
11869	35148
11869	35149
11869	35150
11869	35151
11869	35152
11869	35153
11870	997
11870	3946
11870	11869
11870	13670
11870	15489
11870	20852
11870	22243
11871	0
11871	1
11871	862
11871	955
11871	7636
11871	11871
11871	11872
11871	11873
11871	11874
11871	11875
11871	11876
11871	11877
11871	11878
11871	11879
11871	11880
11871	11881
11872	0
11872	862
11872	955
11872	3201
11872	7636
11872	11871
11872	11872
11872	11873
11872	11874
11872	11875
11872	11876
11872	11877
11872	11878
11872	11879
11872	11880
11872	11881
11872	11889
11872	13893
11872	13894
11872	33320
11873	0
11873	58
11873	61
11873	862
11873	863
11873	955
11873	3210
11873	7636
11873	11871
11873	11872
11873	11873
11873	11874
11873	11875
11873	11876
11873	11877
11873	11878
11873	11879
11873	11880
11873	11881
11873	11889
11873	12891
11873	19142
11873	22042
11873	35154
11873	35155
11873	35156
11873	35157
11873	35158
11873	35159
11873	35160
11873	35161
11874	0
11874	862
11874	955
11874	7636
11874	11871
11874	11872
11874	11873
11874	11874
11874	11875
11874	11876
11874	11877
11874	11878
11874	11879
11874	11880
11874	11881
11874	35162
11874	35163
11875	0
11875	862
11875	955
11875	7636
11875	11871
11875	11872
11875	11873
11875	11874
11875	11875
11875	11876
11875	11877
11875	11878
11875	11879
11875	11880
11875	11881
11875	27786
11875	35158
11875	35164
11875	35165
11876	0
11876	862
11876	955
11876	1662
11876	7114
11876	7630
11876	7636
11876	11871
11876	11872
11876	11873
11876	11874
11876	11875
11876	11876
11876	11877
11876	11878
11876	11879
11876	11880
11876	11881
11876	13605
11876	22121
11876	35166
11876	35167
11876	35168
11877	0
11877	862
11877	955
11877	7636
11877	11871
11877	11872
11877	11873
11877	11874
11877	11875
11877	11876
11877	11877
11877	11878
11877	11879
11877	11880
11877	11881
11878	0
11878	862
11878	955
11878	7636
11878	11871
11878	11872
11878	11873
11878	11874
11878	11875
11878	11876
11878	11877
11878	11878
11878	11879
11878	11880
11878	11881
11879	0
11879	53
11879	58
11879	61
11879	193
11879	762
11879	790
11879	862
11879	863
11879	955
11879	1662
11879	3201
11879	3210
11879	7114
11879	7630
11879	7636
11879	7637
11879	11871
11879	11872
11879	11873
11879	11874
11879	11875
11879	11876
11879	11877
11879	11878
11879	11879
11879	11880
11879	11881
11879	11889
11879	12891
11879	13893
11879	13894
11879	19142
11879	22042
11879	24865
11879	25971
11879	27748
11879	27785
11879	33320
11879	35166
11879	35169
11879	35170
11879	35171
11879	35172
11879	35173
11879	35174
11879	35175
11879	35176
11879	35177
11879	35178
11879	35179
11879	35180
11879	35181
11879	35182
11879	35183
11879	35184
11879	35185
11879	35186
11879	35187
11879	35188
11879	35189
11879	35190
11880	0
11880	63
11880	862
11880	955
11880	7636
11880	11871
11880	11872
11880	11873
11880	11874
11880	11875
11880	11876
11880	11877
11880	11878
11880	11879
11880	11880
11880	11881
11880	35173
11880	35174
11880	35191
11880	35192
11881	0
11881	862
11881	955
11881	7636
11881	11871
11881	11872
11881	11873
11881	11874
11881	11875
11881	11876
11881	11877
11881	11878
11881	11879
11881	11880
11881	11881
11881	35161
11883	740
11884	0
11884	862
11884	11884
11884	25465
11884	35193
11884	35194
11884	35195
11884	35196
11884	35197
11884	35198
11884	35199
11884	35200
11884	35201
11884	35202
11884	35203
11884	35204
11884	35205
11884	35206
11884	35207
11885	0
11885	31601
11885	35208
11885	35209
11885	35210
11885	35211
11885	35212
11886	0
11886	31601
11886	35213
11887	0
11887	58
11887	862
11887	11887
11887	11893
11887	25898
11887	25900
11887	25903
11887	35214
11887	35215
11887	35216
11887	35217
11887	35218
11887	35219
11887	35220
11887	35221
11887	35222
11888	35223
11888	35224
11889	0
11889	191
11889	201
11889	1662
11889	3677
11889	3751
11889	7114
11889	12932
11889	12933
11889	12935
11889	12936
11889	12939
11889	12940
11889	12944
11889	12945
11889	13605
11889	35166
11889	35225
11889	35226
11889	35227
11889	35228
11889	35229
11889	35230
11889	35231
11889	35232
11889	35233
11889	35234
11890	25116
11890	25118
11890	25119
11890	35235
11890	35236
11890	35237
11890	35238
11890	35239
11891	862
11891	11891
11891	25465
11891	35240
11891	35241
11892	0
11892	58
11892	862
11892	11892
11892	31601
11893	25981
11893	25983
11893	35242
11894	691
11894	35243
11894	35244
11895	35245
11895	35246
11902	0
11902	191
11902	201
11902	1662
11902	3677
11902	3751
11902	11902
11902	12932
11902	12933
11902	12935
11902	12936
11902	12939
11902	12940
11902	12944
11902	12945
11902	12946
11902	13605
11902	23912
11902	25048
11902	33433
11902	35161
11902	35166
11902	35225
11902	35233
11902	35234
11902	35240
11902	35241
11902	35247
11902	35248
11902	35249
11902	35250
11902	35251
11902	35252
11902	35253
11902	35254
11902	35255
11902	35256
11902	35257
11902	35258
11902	35259
11902	35260
11902	35261
11902	35262
11902	35263
11902	35264
11902	35265
11902	35266
11902	35267
11902	35268
11902	35269
11902	35270
11902	35271
11902	35272
11902	35273
11902	35274
11902	35275
11902	35276
11902	35277
11902	35278
11902	35279
11902	35280
11902	35281
11902	35282
11902	35283
11902	35284
11902	35285
11902	35286
11902	35287
11902	35288
11902	35289
11902	35290
11902	35291
11902	35292
11902	35293
11902	35294
11902	35295
11902	35296
11902	35297
11902	35298
11902	35299
11902	35300
11902	35301
11902	35302
11902	35303
11902	35304
11902	35305
11902	35306
11902	35307
11902	35308
11902	35309
11902	35310
11902	35311
11902	35312
11902	35313
11902	35314
11902	35315
11902	35316
11902	35317
11902	35318
11902	35319
11902	35320
11902	35321
11902	35322
11902	35323
11902	35324
11902	35325
11902	35326
11902	35327
11902	35328
11902	35329
11902	35330
11902	35331
11902	35332
11902	35333
11902	35334
11902	35335
11902	35336
11902	35337
11902	35338
11902	35339
11902	35340
11902	35341
11902	35342
11902	35343
11902	35344
11902	35345
11902	35346
11906	11906
11914	11914
11914	35347
11914	35348
11914	35349
11920	21327
11924	35350
11925	35351
11925	35352
11926	35353
11929	11925
11929	11929
11929	11932
11929	11933
11929	11934
11929	21318
11929	21319
11929	28830
11929	35351
11929	35352
11929	35353
11929	35354
11929	35355
11929	35356
11929	35357
11929	35358
11929	35359
11929	35360
11929	35361
11929	35362
11929	35363
11929	35364
11929	35365
11929	35366
11929	35367
11929	35368
11929	35369
11929	35370
11929	35371
11929	35372
11929	35373
11929	35374
11929	35375
11929	35376
11929	35377
11929	35378
11929	35379
11929	35380
11929	35381
11929	35382
11929	35383
11929	35384
11929	35385
11929	35386
11929	35387
11929	35388
11929	35389
11929	35390
11929	35391
11929	35392
11929	35393
11929	35394
11929	35395
11929	35396
11929	35397
11929	35398
11929	35399
11929	35400
11929	35401
11929	35402
11929	35403
11929	35404
11929	35405
11929	35406
11929	35407
11929	35408
11929	35409
11929	35410
11929	35411
11929	35412
11929	35413
11929	35414
11929	35415
11929	35416
11929	35417
11929	35418
11929	35419
11929	35420
11929	35421
11929	35422
11929	35423
11929	35424
11929	35425
11929	35426
11929	35427
11929	35428
11929	35429
11929	35430
11929	35431
11929	35432
11929	35433
11929	35434
11929	35435
11929	35436
11929	35437
11929	35438
11929	35439
11929	35440
11929	35441
11930	1636
11930	35442
11930	35443
11930	35444
11931	11928
11931	35442
11931	35445
11931	35446
11931	35447
11931	35448
11931	35449
11931	35450
11931	35451
11931	35452
11931	35453
11933	748
11940	749
11940	35454
11940	35455
11940	35456
11940	35457
11940	35458
11940	35459
11940	35460
11940	35461
11940	35462
11940	35463
11940	35464
11940	35465
11940	35466
11940	35467
11940	35468
11940	35469
11940	35470
11941	749
11941	35471
11941	35472
11941	35473
11941	35474
11941	35475
11941	35476
11941	35477
11941	35478
11941	35479
11941	35480
11941	35481
11941	35482
11941	35483
11941	35484
11941	35485
11941	35486
11941	35487
11941	35488
11941	35489
11941	35490
11941	35491
11941	35492
11941	35493
11941	35494
11941	35495
11941	35496
11941	35497
11941	35498
11941	35499
11941	35500
11941	35501
11941	35502
11941	35503
11941	35504
11942	749
11942	35505
11942	35506
11942	35507
11942	35508
11942	35509
11943	749
11943	35510
11943	35511
11943	35512
11943	35513
11943	35514
11943	35515
11943	35516
11943	35517
11944	35518
11944	35519
11944	35520
11944	35521
11944	35522
11944	35523
11944	35524
11944	35525
11944	35526
11944	35527
11944	35528
11945	749
11946	749
11946	35529
11946	35530
11946	35531
11946	35532
11946	35533
11946	35534
11946	35535
11946	35536
11946	35537
11946	35538
11946	35539
11946	35540
11946	35541
11946	35542
11946	35543
11946	35544
11946	35545
11946	35546
11954	1064
11954	35547
11954	35548
11954	35549
11954	35550
11954	35551
11954	35552
11954	35553
11954	35554
11954	35555
11954	35556
11954	35557
11954	35558
11954	35559
11954	35560
11955	749
11956	749
11956	3226
11957	749
11957	3226
11958	749
11958	3226
11958	35561
11958	35562
11958	35563
11959	3237
11960	751
11960	11960
11961	751
11962	751
11962	11962
11962	35564
11963	751
11963	18803
11963	24359
11963	35565
11963	35566
11963	35567
11963	35568
11963	35569
11963	35570
11963	35571
11963	35572
11963	35573
11963	35574
11963	35575
11963	35576
11963	35577
11963	35578
11963	35579
11963	35580
11963	35581
11963	35582
11963	35583
11963	35584
11963	35585
11964	751
11964	5409
11964	5721
11964	11756
11964	12503
11964	18456
11964	20720
11964	35586
11964	35587
11971	35588
11971	35589
11971	35590
11971	35591
11971	35592
11971	35593
11971	35594
11971	35595
11971	35596
11971	35597
11971	35598
11971	35599
11971	35600
11971	35601
11971	35602
11971	35603
11971	35604
11971	35605
11971	35606
11971	35607
11976	0
11976	3249
11976	11977
11976	11978
11976	11980
11976	11988
11976	35608
11976	35609
11977	0
11977	11976
11977	15402
11977	20204
11977	35610
11977	35611
11977	35612
11977	35613
11977	35614
11977	35615
11977	35616
11978	0
11978	3250
11978	5550
11978	5680
11978	6650
11978	11976
11978	25556
11978	35617
11978	35618
11978	35619
11979	0
11979	3282
11979	8297
11979	11976
11979	11979
11979	12096
11979	16713
11979	17296
11979	18205
11979	18208
11979	18213
11979	18229
11979	18231
11979	18232
11979	18234
11979	18244
11979	18246
11979	18253
11979	18258
11979	24205
11979	24232
11979	28845
11979	31197
11979	35614
11979	35620
11979	35621
11979	35622
11979	35623
11979	35624
11979	35625
11979	35626
11979	35627
11979	35628
11979	35629
11979	35630
11979	35631
11979	35632
11979	35633
11979	35634
11979	35635
11979	35636
11979	35637
11979	35638
11979	35639
11979	35640
11979	35641
11979	35642
11979	35643
11979	35644
11979	35645
11979	35646
11979	35647
11979	35648
11979	35649
11979	35650
11979	35651
11979	35652
11979	35653
11979	35654
11979	35655
11979	35656
11979	35657
11979	35658
11979	35659
11979	35660
11979	35661
11979	35662
11979	35663
11979	35664
11979	35665
11979	35666
11980	0
11980	11976
11980	15402
11980	35667
11980	35668
11981	3250
11981	5326
11981	5477
11981	25917
11981	35669
11981	35670
11981	35671
11981	35672
11981	35673
11981	35674
11981	35675
11981	35676
11981	35677
11982	5463
11982	5814
11982	5903
11982	5904
11982	6072
11982	6669
11982	6679
11982	11976
11982	25388
11982	35678
11985	35679
11985	35680
11986	5477
11986	35681
11986	35682
11987	0
11987	19012
11988	35683
11988	35684
11988	35685
11988	35686
11988	35687
11988	35688
11988	35689
11988	35690
11988	35691
11988	35692
11988	35693
11988	35694
11988	35695
11988	35696
11988	35697
11988	35698
11988	35699
11988	35700
11988	35701
11988	35702
11988	35703
11988	35704
11988	35705
11988	35706
11988	35707
11988	35708
11988	35709
11988	35710
11988	35711
11988	35712
11991	5295
11991	5533
11991	5639
11991	11996
11991	11999
11991	12001
11991	12002
11991	12004
11991	12005
11991	12008
11991	12009
11991	12012
11991	12013
11991	14957
11991	32068
11991	35713
11991	35714
11991	35715
11991	35716
11991	35717
11991	35718
11991	35719
11991	35720
11991	35721
11991	35722
11991	35723
11991	35724
11992	11991
11992	11994
11992	11996
11992	11999
11992	12001
11992	12002
11992	12003
11992	12004
11992	12005
11992	12008
11992	12009
11992	12011
11992	12012
11992	12013
11992	35716
11992	35717
11992	35718
11992	35719
11992	35725
11992	35726
11992	35727
11992	35728
11992	35729
11992	35730
11992	35731
11992	35732
11992	35733
11992	35734
11992	35735
11992	35736
11992	35737
11992	35738
11992	35739
11992	35740
11992	35741
11992	35742
11992	35743
11996	5463
11996	5804
11996	5903
11996	5904
11996	6396
11996	6629
11996	6640
11996	6682
11996	11991
11996	11999
11996	12001
11996	12002
11996	12004
11996	12005
11996	12008
11996	12009
11996	12011
11996	12012
11996	12013
11996	23291
11996	26619
11996	35716
11996	35717
11996	35718
11996	35719
11996	35744
11996	35745
11996	35746
11996	35747
11996	35748
11996	35749
11996	35750
11996	35751
11996	35752
11996	35753
11996	35754
11996	35755
11997	12001
11997	35756
11998	11991
11998	11996
11998	11999
11998	12001
11998	12002
11998	12003
11998	12005
11998	12008
11998	12009
11998	12011
11998	12012
11998	12013
11998	35716
11998	35717
11998	35718
11998	35719
11998	35757
11998	35758
11998	35759
11998	35760
11998	35761
11998	35762
11998	35763
11998	35764
11998	35765
11998	35766
11998	35767
11998	35768
11998	35769
11998	35770
11998	35771
11998	35772
11998	35773
11998	35774
11998	35775
11998	35776
11998	35777
11998	35778
11998	35779
11998	35780
11998	35781
11998	35782
11998	35783
11998	35784
11999	1619
11999	11739
11999	11743
11999	11991
11999	11996
11999	11999
11999	12001
11999	12002
11999	12003
11999	12004
11999	12005
11999	12008
11999	12009
11999	12011
11999	12012
11999	12013
11999	12838
11999	16645
11999	17885
11999	18485
11999	18539
11999	19019
11999	35716
11999	35717
11999	35718
11999	35719
11999	35785
11999	35786
11999	35787
11999	35788
11999	35789
11999	35790
11999	35791
11999	35792
11999	35793
11999	35794
11999	35795
11999	35796
11999	35797
11999	35798
11999	35799
11999	35800
11999	35801
11999	35802
11999	35803
11999	35804
11999	35805
11999	35806
11999	35807
11999	35808
11999	35809
11999	35810
11999	35811
11999	35812
11999	35813
11999	35814
11999	35815
11999	35816
11999	35817
11999	35818
11999	35819
11999	35820
11999	35821
11999	35822
11999	35823
11999	35824
11999	35825
11999	35826
11999	35827
11999	35828
11999	35829
11999	35830
11999	35831
11999	35832
11999	35833
11999	35834
11999	35835
11999	35836
11999	35837
11999	35838
11999	35839
11999	35840
11999	35841
11999	35842
11999	35843
11999	35844
11999	35845
11999	35846
11999	35847
11999	35848
11999	35849
11999	35850
11999	35851
11999	35852
11999	35853
11999	35854
11999	35855
11999	35856
11999	35857
11999	35858
11999	35859
11999	35860
11999	35861
11999	35862
11999	35863
11999	35864
11999	35865
12000	11991
12000	11992
12000	11996
12000	11999
12000	12001
12000	12002
12000	12004
12000	12005
12000	12008
12000	12009
12000	12012
12000	12013
12000	35716
12000	35717
12000	35718
12000	35719
12000	35720
12000	35866
12000	35867
12000	35868
12000	35869
12000	35870
12000	35871
12000	35872
12000	35873
12000	35874
12000	35875
12001	45
12001	135
12001	155
12001	201
12001	206
12001	1017
12001	1668
12001	7835
12001	11336
12001	11991
12001	11996
12001	11999
12001	12002
12001	12003
12001	12004
12001	12005
12001	12008
12001	12009
12001	12011
12001	12012
12001	12013
12001	12036
12001	12672
12001	16885
12001	23771
12001	27933
12001	31459
12001	31468
12001	35716
12001	35717
12001	35718
12001	35719
12001	35865
12001	35876
12001	35877
12001	35878
12001	35879
12001	35880
12001	35881
12001	35882
12001	35883
12001	35884
12001	35885
12001	35886
12001	35887
12001	35888
12001	35889
12001	35890
12001	35891
12001	35892
12001	35893
12001	35894
12001	35895
12001	35896
12001	35897
12001	35898
12001	35899
12001	35900
12001	35901
12001	35902
12001	35903
12001	35904
12001	35905
12001	35906
12001	35907
12001	35908
12001	35909
12001	35910
12001	35911
12001	35912
12001	35913
12001	35914
12001	35915
12001	35916
12001	35917
12001	35918
12001	35919
12001	35920
12001	35921
12001	35922
12001	35923
12001	35924
12001	35925
12003	11991
12003	11996
12003	11999
12003	12001
12003	12002
12003	12003
12003	12004
12003	12005
12003	12008
12003	12009
12003	12011
12003	12012
12003	12013
12003	22422
12003	35716
12003	35717
12003	35718
12003	35719
12004	0
12004	201
12004	4401
12004	11991
12004	11996
12004	11999
12004	12001
12004	12002
12004	12003
12004	12004
12004	12005
12004	12008
12004	12009
12004	12011
12004	12012
12004	12013
12004	14213
12004	14957
12004	19012
12004	19073
12004	23391
12004	28257
12004	32068
12004	35716
12004	35717
12004	35718
12004	35719
12004	35882
12004	35895
12004	35926
12004	35927
12004	35928
12004	35929
12004	35930
12004	35931
12004	35932
12004	35933
12004	35934
12004	35935
12004	35936
12004	35937
12004	35938
12004	35939
12004	35940
12004	35941
12004	35942
12004	35943
12004	35944
12004	35945
12004	35946
12004	35947
12004	35948
12004	35949
12004	35950
12004	35951
12004	35952
12004	35953
12004	35954
12004	35955
12004	35956
12004	35957
12004	35958
12004	35959
12004	35960
12004	35961
12004	35962
12004	35963
12004	35964
12004	35965
12004	35966
12004	35967
12006	11991
12006	11996
12006	11999
12006	12001
12006	12002
12006	12003
12006	12004
12006	12005
12006	12008
12006	12009
12006	12011
12006	12012
12006	12013
12006	35716
12006	35717
12006	35718
12006	35719
12006	35749
12006	35968
12006	35969
12006	35970
12006	35971
12006	35972
12006	35973
12006	35974
12006	35975
12006	35976
12006	35977
12006	35978
12006	35979
12006	35980
12006	35981
12006	35982
12006	35983
12006	35984
12006	35985
12006	35986
12006	35987
12006	35988
12006	35989
12006	35990
12006	35991
12006	35992
12006	35993
12008	3282
12008	8302
12008	11991
12008	11996
12008	11999
12008	12001
12008	12002
12008	12003
12008	12004
12008	12005
12008	12008
12008	12009
12008	12011
12008	12012
12008	12013
12008	12671
12008	12675
12008	12838
12008	17777
12008	17885
12008	18129
12008	18307
12008	18539
12008	18578
12008	19579
12008	20639
12008	24141
12008	24338
12008	24366
12008	28845
12008	35716
12008	35717
12008	35718
12008	35719
12008	35813
12008	35820
12008	35821
12008	35827
12008	35832
12008	35833
12008	35834
12008	35849
12008	35854
12008	35862
12008	35887
12008	35994
12008	35995
12008	35996
12008	35997
12008	35998
12008	35999
12008	36000
12008	36001
12008	36002
12008	36003
12008	36004
12008	36005
12008	36006
12008	36007
12008	36008
12008	36009
12008	36010
12008	36011
12008	36012
12008	36013
12008	36014
12008	36015
12008	36016
12008	36017
12008	36018
12008	36019
12008	36020
12008	36021
12008	36022
12008	36023
12008	36024
12008	36025
12008	36026
12008	36027
12008	36028
12008	36029
12008	36030
12008	36031
12008	36032
12008	36033
12008	36034
12008	36035
12008	36036
12008	36037
12008	36038
12008	36039
12008	36040
12008	36041
12008	36042
12008	36043
12008	36044
12008	36045
12008	36046
12008	36047
12008	36048
12008	36049
12008	36050
12008	36051
12008	36052
12008	36053
12008	36054
12008	36055
12009	0
12009	1273
12009	6396
12009	11991
12009	11992
12009	11996
12009	11999
12009	12000
12009	12001
12009	12002
12009	12004
12009	12005
12009	12008
12009	12012
12009	12013
12009	14957
12009	35716
12009	35717
12009	35718
12009	35719
12009	35720
12009	35875
12009	35949
12009	36056
12009	36057
12009	36058
12009	36059
12009	36060
12009	36061
12009	36062
12009	36063
12012	11991
12012	11996
12012	11999
12012	12001
12012	12002
12012	12003
12012	12004
12012	12005
12012	12008
12012	12009
12012	12012
12012	12013
12012	35716
12012	35717
12012	35718
12012	35719
12012	35720
12012	36064
12012	36065
12012	36066
12012	36067
12012	36068
12012	36069
12012	36070
12012	36071
12013	11991
12013	11992
12013	11996
12013	11999
12013	12001
12013	12002
12013	12004
12013	12005
12013	12008
12013	12012
12013	12013
12013	35716
12013	35717
12013	35718
12013	35719
12013	35720
12014	1259
12014	7835
12014	7836
12014	16387
12014	23713
12014	35918
12014	36072
12014	36073
12014	36074
12014	36075
12014	36076
12016	755
12016	3253
12016	3254
12016	3255
12037	1153
12037	1192
12038	3266
12038	3268
12038	5904
12038	6630
12038	26634
12038	36077
12038	36078
12038	36079
12038	36080
12039	21728
12039	23528
12039	35914
12039	36081
12039	36082
12039	36083
12039	36084
12039	36085
12039	36086
12039	36087
12039	36088
12039	36089
12039	36090
12039	36091
12039	36092
12039	36093
12039	36094
12039	36095
12039	36096
12039	36097
12039	36098
12039	36099
12039	36100
12039	36101
12039	36102
12039	36103
12039	36104
12039	36105
12039	36106
12039	36107
12039	36108
12039	36109
12039	36110
12039	36111
12039	36112
12039	36113
12039	36114
12039	36115
12040	12040
12040	24232
12040	36083
12040	36116
12040	36117
12040	36118
12040	36119
12040	36120
12042	2981
12042	9918
12042	12042
12042	36083
12042	36121
12042	36122
12042	36123
12043	12692
12043	18036
12043	36083
12043	36124
12043	36125
12043	36126
12043	36127
12043	36128
12043	36129
12043	36130
12043	36131
12043	36132
12043	36133
12043	36134
12043	36135
12043	36136
12043	36137
12043	36138
12043	36139
12043	36140
12043	36141
12054	1789
12054	12054
12054	12055
12054	12056
12054	19939
12054	24232
12054	35816
12054	36142
12054	36143
12054	36144
12054	36145
12054	36146
12054	36147
12054	36148
12054	36149
12054	36150
12054	36151
12054	36152
12054	36153
12054	36154
12055	0
12055	2981
12055	12054
12055	12055
12055	12056
12055	36155
12055	36156
12056	12054
12056	12055
12056	12056
12056	36157
12056	36158
12056	36159
12056	36160
12056	36161
12056	36162
12152	630
12152	12151
12152	36163
12152	36164
12152	36165
12152	36166
12152	36167
12152	36168
12152	36169
12152	36170
12153	36171
12153	36172
12153	36173
12153	36174
12153	36175
12153	36176
12153	36177
12178	36178
12178	36179
12178	36180
12178	36181
12178	36182
12178	36183
12178	36184
12178	36185
12241	36186
12241	36187
12246	36188
12249	0
12249	36189
12249	36190
12249	36191
12249	36192
12249	36193
12249	36194
12249	36195
12249	36196
12250	11471
12252	12252
12252	36197
12252	36198
12252	36199
12252	36200
12252	36201
12252	36202
12253	36203
12253	36204
12253	36205
12253	36206
12253	36207
12253	36208
12253	36209
12253	36210
12253	36211
12254	0
12254	40
12254	55
12254	64
12254	994
12254	11471
12254	11472
12254	36212
12254	36213
12254	36214
12254	36215
12254	36216
12254	36217
12254	36218
12254	36219
12254	36220
12254	36221
12254	36222
12254	36223
12254	36224
12254	36225
12254	36226
12254	36227
12254	36228
12254	36229
12254	36230
12254	36231
12254	36232
12254	36233
12254	36234
12254	36235
12254	36236
12254	36237
12254	36238
12254	36239
12254	36240
12254	36241
12254	36242
12254	36243
12254	36244
12255	11471
12255	12252
12259	765
12276	3335
12276	3338
12276	8035
12276	28570
12276	36245
12276	36246
12276	36247
12276	36248
12276	36249
12276	36250
12276	36251
12276	36252
12277	1663
12277	3948
12277	10298
12277	10325
12277	12276
12277	12278
12277	12279
12277	12280
12277	12283
12277	12284
12278	3335
12278	36253
12278	36254
12278	36255
12279	55
12279	1944
12279	3335
12279	12278
12279	12283
12279	13154
12280	1663
12280	1838
12280	10297
12280	10298
12280	10308
12280	10325
12280	12276
12280	12278
12280	12279
12280	12281
12280	12283
12280	12284
12281	3335
12281	32803
12281	36256
12281	36257
12281	36258
12283	10298
12284	3335
12284	3952
12284	36259
12284	36260
12287	767
12287	3340
12287	3341
12287	3342
12287	3343
12287	3344
12287	3345
12287	3346
12287	3347
12287	12287
12292	768
12292	3351
12293	768
12293	3351
12293	12295
12293	12297
12294	768
12294	3351
12294	12295
12294	12296
12295	768
12295	3351
12295	12294
12296	768
12296	3351
12296	12292
12297	768
12297	3351
12297	12293
12298	36261
12318	36262
12318	36263
12318	36264
12318	36265
12318	36266
12318	36267
12318	36268
12318	36269
12318	36270
12319	36271
12320	36263
12320	36265
12320	36266
12320	36267
12320	36268
12320	36270
12320	36272
12320	36273
12320	36274
12320	36275
12320	36276
12320	36277
12320	36278
12320	36279
12320	36280
12320	36281
12320	36282
12320	36283
12320	36284
12320	36285
12320	36286
12320	36287
12320	36288
12320	36289
12320	36290
12320	36291
12320	36292
12320	36293
12320	36294
12320	36295
12320	36296
12320	36297
12320	36298
12320	36299
12320	36300
12320	36301
12320	36302
12320	36303
12320	36304
12320	36305
12320	36306
12320	36307
12320	36308
12320	36309
12320	36310
12320	36311
12320	36312
12320	36313
12320	36314
12320	36315
12320	36316
12320	36317
12320	36318
12320	36319
12320	36320
12320	36321
12320	36322
12320	36323
12320	36324
12320	36325
12320	36326
12321	36267
12321	36274
12321	36283
12321	36284
12321	36285
12321	36286
12321	36287
12321	36288
12321	36289
12321	36291
12321	36292
12321	36293
12321	36295
12321	36296
12321	36297
12321	36300
12321	36301
12321	36302
12321	36303
12321	36304
12322	768
12322	3356
12350	776
12350	36327
12350	36328
12350	36329
12351	776
12352	776
12353	10298
12353	36330
12353	36331
12353	36332
12353	36333
12353	36334
12355	12357
12355	21248
12355	31779
12355	36335
12355	36336
12355	36337
12355	36338
12355	36339
12356	776
12356	997
12356	1055
12356	1273
12356	3950
12356	4027
12356	12355
12356	15491
12356	15492
12356	15493
12356	15494
12356	15495
12356	15496
12356	15497
12356	15498
12356	15499
12356	15500
12356	15501
12356	15502
12356	15503
12356	15504
12356	15505
12356	15506
12356	15507
12356	15508
12356	15509
12356	15510
12356	15511
12356	15512
12356	15513
12356	15514
12356	15515
12356	15516
12356	15517
12356	15518
12360	0
12360	17055
12360	18236
12360	36340
12360	36341
12360	36342
12360	36343
12362	36344
12394	72
12394	773
12394	14413
12394	17370
12394	25341
12394	36345
12394	36346
12394	36347
12395	21210
12395	36348
12395	36349
12395	36350
12395	36351
12396	21171
12396	36352
12396	36353
12396	36354
12396	36355
12396	36356
12396	36357
12396	36358
12396	36359
12396	36360
12396	36361
12396	36362
12396	36363
12397	3079
12397	36349
12397	36360
12397	36364
12397	36365
12397	36366
12397	36367
12397	36368
12397	36369
12397	36370
12397	36371
12397	36372
12397	36373
12397	36374
12397	36375
12400	12405
12400	12415
12400	36376
12400	36377
12400	36378
12400	36379
12400	36380
12400	36381
12400	36382
12401	12415
12401	21179
12401	36383
12401	36384
12401	36385
12401	36386
12401	36387
12401	36388
12401	36389
12401	36390
12401	36391
12401	36392
12401	36393
12401	36394
12401	36395
12401	36396
12401	36397
12401	36398
12401	36399
12402	36400
12402	36401
12402	36402
12402	36403
12402	36404
12402	36405
12402	36406
12402	36407
12461	787
12461	3390
12461	36408
12461	36409
12461	36410
12461	36411
12461	36412
12461	36413
12461	36414
12461	36415
12461	36416
12479	787
12479	36417
12479	36418
12479	36419
12479	36420
12480	787
12480	3393
12481	787
12481	3393
12482	787
12482	3393
12483	787
12483	3393
12484	787
12484	3393
12485	787
12485	3393
12486	787
12486	3393
12487	787
12487	3393
12488	787
12488	3394
12489	787
12489	3394
12490	787
12490	3394
12491	787
12491	3394
12492	787
12492	3394
12493	787
12493	3394
12494	787
12494	3394
12495	787
12495	3394
12496	787
12496	3394
12497	787
12497	3394
12498	787
12498	3394
12499	787
12499	3394
12502	3404
12502	3405
12502	3406
12502	3407
12502	3408
12503	25185
12503	25186
12504	3409
12504	36421
12504	36422
12505	20706
12505	36421
12505	36423
12505	36424
12505	36425
12505	36426
12540	800
12540	1153
12540	3438
12544	800
12545	800
12546	800
12547	800
12547	3438
12547	12541
12547	12543
12547	36427
12550	3444
12550	12550
12550	12557
12550	12558
12550	36428
12550	36429
12550	36430
12550	36431
12551	3444
12551	12550
12551	12557
12551	12558
12552	3444
12552	12550
12552	12557
12552	12558
12552	36432
12553	3444
12553	12550
12553	12557
12553	12558
12554	3444
12554	12550
12554	12557
12554	12558
12555	12550
12555	12557
12555	12558
12555	36433
12557	3444
12557	12550
12557	12557
12557	12558
12557	36434
12557	36435
12558	3444
12558	12550
12558	12557
12558	12558
12558	36436
12558	36437
12558	36438
12560	111
12560	199
12560	201
12560	1612
12560	36439
12560	36440
12560	36441
12560	36442
12560	36443
12560	36444
12560	36445
12561	191
12561	36446
12561	36447
12561	36448
12561	36449
12561	36450
12563	7492
12563	36451
12563	36452
12563	36453
12563	36454
12563	36455
12563	36456
12563	36457
12563	36458
12564	26951
12565	1303
12565	3447
12565	7141
12565	23601
12565	24701
12565	32391
12565	36459
12565	36460
12565	36461
12566	3451
12566	12566
12567	3451
12567	12567
12568	3451
12568	12568
12569	3451
12569	12569
12570	3451
12570	12570
12571	3451
12571	12571
12572	3451
12572	12572
12573	3451
12573	12573
12577	3451
12577	12577
12578	3449
12578	3450
12578	3451
12578	3454
12578	36462
12579	3449
12579	3450
12579	3451
12579	3454
12579	36462
12579	36463
12579	36464
12579	36465
12579	36466
12579	36467
12579	36468
12579	36469
12579	36470
12579	36471
12579	36472
12579	36473
12579	36474
12579	36475
12579	36476
12579	36477
12579	36478
12579	36479
12579	36480
12579	36481
12579	36482
12579	36483
12579	36484
12579	36485
12579	36486
12579	36487
12579	36488
12579	36489
12579	36490
12579	36491
12579	36492
12579	36493
12579	36494
12579	36495
12579	36496
12579	36497
12579	36498
12579	36499
12579	36500
12579	36501
12579	36502
12579	36503
12579	36504
12579	36505
12579	36506
12579	36507
12579	36508
12579	36509
12579	36510
12579	36511
12579	36512
12579	36513
12579	36514
12579	36515
12579	36516
12579	36517
12579	36518
12579	36519
12579	36520
12579	36521
12579	36522
12579	36523
12579	36524
12579	36525
12579	36526
12579	36527
12579	36528
12579	36529
12579	36530
12579	36531
12579	36532
12579	36533
12579	36534
12579	36535
12579	36536
12579	36537
12579	36538
12579	36539
12579	36540
12579	36541
12579	36542
12579	36543
12579	36544
12579	36545
12579	36546
12579	36547
12579	36548
12579	36549
12579	36550
12579	36551
12579	36552
12579	36553
12579	36554
12579	36555
12579	36556
12579	36557
12579	36558
12579	36559
12579	36560
12579	36561
12579	36562
12579	36563
12580	3449
12580	3450
12580	3451
12580	3454
12580	36462
12580	36564
12580	36565
12580	36566
12580	36567
12580	36568
12580	36569
12580	36570
12580	36571
12580	36572
12580	36573
12580	36574
12580	36575
12580	36576
12581	3449
12581	3450
12581	3451
12581	3454
12581	36462
12581	36577
12581	36578
12581	36579
12581	36580
12581	36581
12581	36582
12581	36583
12581	36584
12581	36585
12581	36586
12581	36587
12581	36588
12581	36589
12581	36590
12581	36591
12581	36592
12581	36593
12581	36594
12581	36595
12581	36596
12581	36597
12581	36598
12581	36599
12581	36600
12581	36601
12581	36602
12581	36603
12581	36604
12581	36605
12581	36606
12581	36607
12581	36608
12581	36609
12581	36610
12581	36611
12581	36612
12581	36613
12581	36614
12581	36615
12581	36616
12581	36617
12581	36618
12581	36619
12581	36620
12581	36621
12581	36622
12581	36623
12581	36624
12581	36625
12581	36626
12581	36627
12581	36628
12581	36629
12581	36630
12581	36631
12581	36632
12581	36633
12581	36634
12581	36635
12581	36636
12581	36637
12581	36638
12581	36639
12581	36640
12581	36641
12581	36642
12581	36643
12581	36644
12581	36645
12581	36646
12581	36647
12581	36648
12581	36649
12581	36650
12581	36651
12581	36652
12581	36653
12581	36654
12581	36655
12581	36656
12581	36657
12581	36658
12581	36659
12581	36660
12581	36661
12581	36662
12581	36663
12581	36664
12581	36665
12581	36666
12581	36667
12581	36668
12581	36669
12581	36670
12581	36671
12581	36672
12581	36673
12581	36674
12581	36675
12581	36676
12581	36677
12582	3449
12582	3450
12582	3451
12582	3454
12582	36462
12582	36678
12582	36679
12582	36680
12582	36681
12582	36682
12582	36683
12582	36684
12582	36685
12582	36686
12582	36687
12582	36688
12582	36689
12582	36690
12582	36691
12582	36692
12582	36693
12582	36694
12582	36695
12582	36696
12582	36697
12582	36698
12582	36699
12582	36700
12582	36701
12582	36702
12582	36703
12582	36704
12582	36705
12582	36706
12582	36707
12582	36708
12582	36709
12582	36710
12582	36711
12582	36712
12582	36713
12582	36714
12582	36715
12582	36716
12582	36717
12582	36718
12582	36719
12582	36720
12582	36721
12582	36722
12582	36723
12582	36724
12582	36725
12582	36726
12582	36727
12582	36728
12582	36729
12582	36730
12582	36731
12582	36732
12582	36733
12582	36734
12582	36735
12582	36736
12582	36737
12582	36738
12582	36739
12582	36740
12582	36741
12582	36742
12582	36743
12582	36744
12582	36745
12582	36746
12582	36747
12582	36748
12582	36749
12582	36750
12582	36751
12582	36752
12582	36753
12582	36754
12582	36755
12582	36756
12582	36757
12582	36758
12582	36759
12582	36760
12582	36761
12582	36762
12582	36763
12582	36764
12582	36765
12582	36766
12582	36767
12582	36768
12582	36769
12582	36770
12582	36771
12582	36772
12582	36773
12582	36774
12582	36775
12582	36776
12582	36777
12582	36778
12583	3449
12583	3450
12583	3451
12583	3454
12583	36462
12583	36779
12583	36780
12583	36781
12583	36782
12583	36783
12583	36784
12583	36785
12583	36786
12583	36787
12583	36788
12583	36789
12583	36790
12583	36791
12583	36792
12583	36793
12583	36794
12583	36795
12583	36796
12583	36797
12583	36798
12583	36799
12583	36800
12583	36801
12583	36802
12583	36803
12583	36804
12583	36805
12583	36806
12583	36807
12583	36808
12583	36809
12583	36810
12583	36811
12583	36812
12583	36813
12583	36814
12583	36815
12583	36816
12583	36817
12583	36818
12583	36819
12583	36820
12583	36821
12583	36822
12583	36823
12583	36824
12583	36825
12583	36826
12583	36827
12583	36828
12583	36829
12583	36830
12583	36831
12583	36832
12583	36833
12583	36834
12583	36835
12583	36836
12583	36837
12583	36838
12583	36839
12583	36840
12583	36841
12583	36842
12583	36843
12583	36844
12583	36845
12583	36846
12583	36847
12583	36848
12583	36849
12583	36850
12583	36851
12583	36852
12583	36853
12583	36854
12583	36855
12583	36856
12583	36857
12583	36858
12583	36859
12583	36860
12583	36861
12583	36862
12583	36863
12583	36864
12583	36865
12583	36866
12583	36867
12583	36868
12583	36869
12583	36870
12583	36871
12583	36872
12583	36873
12583	36874
12583	36875
12583	36876
12583	36877
12583	36878
12583	36879
12584	957
12584	3455
12585	957
12585	3455
12585	36880
12585	36881
12585	36882
12585	36883
12585	36884
12585	36885
12585	36886
12585	36887
12585	36888
12585	36889
12585	36890
12585	36891
12585	36892
12586	957
12586	36893
12587	3455
12587	36894
12595	957
12595	3455
12597	0
12597	201
12597	36895
12597	36896
12597	36897
12597	36898
12597	36899
12597	36900
12597	36901
12597	36902
12598	7886
12600	3478
12600	3479
12600	12601
12600	36903
12600	36904
12601	3478
12601	3479
12601	36905
12601	36906
12601	36907
12601	36908
12601	36909
12601	36910
12601	36911
12601	36912
12601	36913
12601	36914
12601	36915
12601	36916
12602	1974
12602	3462
12602	3465
12602	3476
12602	3477
12602	3478
12602	3479
12602	12600
12602	12601
12602	12602
12602	12603
12602	12604
12602	12605
12602	12606
12602	12607
12602	12608
12602	12609
12602	12610
12602	12611
12602	12612
12602	12613
12602	12614
12602	12615
12602	12616
12602	12617
12602	12618
12602	12619
12603	1974
12603	3462
12603	3478
12603	3479
12603	12600
12603	12601
12603	12602
12603	12603
12603	12604
12603	12605
12603	12606
12603	12607
12603	12608
12603	12609
12603	12610
12603	12611
12603	12612
12603	12613
12603	36917
12603	36918
12603	36919
12603	36920
12603	36921
12603	36922
12603	36923
12603	36924
12603	36925
12604	1974
12604	3462
12604	3478
12604	3479
12604	12600
12604	12601
12604	12602
12604	12603
12604	12604
12604	12605
12604	12606
12604	12607
12604	12608
12604	12609
12604	12610
12604	12611
12604	12612
12604	12613
12604	36926
12604	36927
12604	36928
12604	36929
12604	36930
12604	36931
12605	1974
12605	3462
12605	3465
12605	3478
12605	3479
12605	12600
12605	12601
12605	12602
12605	12603
12605	12604
12605	12605
12605	12606
12605	12607
12605	12608
12605	12609
12605	12610
12605	12611
12605	12612
12605	12613
12605	36932
12605	36933
12605	36934
12605	36935
12605	36936
12605	36937
12605	36938
12605	36939
12605	36940
12605	36941
12605	36942
12606	1974
12606	3462
12606	3478
12606	3479
12606	12600
12606	12601
12606	12602
12606	12603
12606	12604
12606	12605
12606	12606
12606	12607
12606	12608
12606	12609
12606	12610
12606	12611
12606	12612
12606	12613
12606	36943
12606	36944
12606	36945
12606	36946
12606	36947
12606	36948
12606	36949
12606	36950
12607	1974
12607	3462
12607	3478
12607	3479
12607	12600
12607	12601
12607	12602
12607	12603
12607	12604
12607	12605
12607	12606
12607	12607
12607	12608
12607	12609
12607	12610
12607	12611
12607	12612
12607	12613
12607	36951
12607	36952
12607	36953
12607	36954
12607	36955
12607	36956
12607	36957
12607	36958
12607	36959
12607	36960
12607	36961
12608	1974
12608	3462
12608	3478
12608	3479
12608	12600
12608	12601
12608	12602
12608	12603
12608	12604
12608	12605
12608	12606
12608	12607
12608	12608
12608	12609
12608	12610
12608	12611
12608	12612
12608	12613
12608	36962
12609	1974
12609	3462
12609	3465
12609	3478
12609	3479
12609	12600
12609	12601
12609	12602
12609	12603
12609	12604
12609	12605
12609	12606
12609	12607
12609	12608
12609	12609
12609	12610
12609	12611
12609	12612
12609	12613
12609	36963
12609	36964
12609	36965
12609	36966
12609	36967
12609	36968
12609	36969
12609	36970
12609	36971
12609	36972
12610	1974
12610	3462
12610	3478
12610	3479
12610	12600
12610	12601
12610	12602
12610	12603
12610	12604
12610	12605
12610	12606
12610	12607
12610	12608
12610	12609
12610	12610
12610	12611
12610	12612
12610	12613
12611	1974
12611	3462
12611	3478
12611	3479
12611	12600
12611	12601
12611	12602
12611	12603
12611	12604
12611	12605
12611	12606
12611	12607
12611	12608
12611	12609
12611	12610
12611	12611
12611	12612
12611	12613
12611	36973
12611	36974
12611	36975
12611	36976
12611	36977
12611	36978
12611	36979
12611	36980
12611	36981
12611	36982
12611	36983
12611	36984
12612	1974
12612	3462
12612	3478
12612	3479
12612	12600
12612	12601
12612	12602
12612	12603
12612	12604
12612	12605
12612	12606
12612	12607
12612	12608
12612	12609
12612	12610
12612	12611
12612	12612
12612	12613
12612	36985
12612	36986
12612	36987
12612	36988
12612	36989
12612	36990
12612	36991
12612	36992
12613	1974
12613	3462
12613	3478
12613	3479
12613	12600
12613	12601
12613	12602
12613	12603
12613	12604
12613	12605
12613	12606
12613	12607
12613	12608
12613	12609
12613	12610
12613	12611
12613	12612
12613	12613
12613	36993
12613	36994
12613	36995
12613	36996
12613	36997
12613	36998
12613	36999
12613	37000
12614	3465
12614	3478
12614	3479
12614	12619
12614	12621
12614	12624
12614	37001
12615	1
12615	3478
12615	3479
12615	36970
12615	37002
12615	37003
12615	37004
12615	37005
12615	37006
12616	3478
12616	3479
12616	37007
12617	3478
12617	3479
12617	12623
12618	3478
12618	3479
12618	12621
12619	3478
12619	3479
12619	37008
12619	37009
12620	3462
12620	3464
12620	3478
12620	3479
12620	3747
12620	12620
12620	12621
12620	12622
12620	12623
12620	12624
12620	12625
12620	12629
12620	37010
12620	37011
12620	37012
12620	37013
12620	37014
12620	37015
12621	207
12621	3462
12621	3464
12621	3478
12621	3479
12621	12620
12621	12621
12621	12622
12621	12623
12621	12624
12621	12625
12621	12629
12621	12679
12621	37016
12621	37017
12621	37018
12621	37019
12621	37020
12621	37021
12622	3462
12622	3464
12622	3478
12622	3479
12622	12620
12622	12621
12622	12622
12622	12623
12622	12624
12622	12625
12622	12629
12622	12630
12622	37022
12623	169
12623	3462
12623	3464
12623	3478
12623	3479
12623	12620
12623	12621
12623	12622
12623	12623
12623	12624
12623	12625
12623	12629
12623	12646
12623	37023
12623	37024
12623	37025
12623	37026
12623	37027
12623	37028
12624	215
12624	3462
12624	3464
12624	3474
12624	3478
12624	3479
12624	12620
12624	12621
12624	12622
12624	12623
12624	12624
12624	12625
12624	12629
12624	12646
12624	37029
12624	37030
12625	3462
12625	3464
12625	3478
12625	3479
12625	12620
12625	12621
12625	12622
12625	12623
12625	12624
12625	12625
12625	12629
12625	12646
12625	14957
12625	37015
12625	37031
12625	37032
12625	37033
12625	37034
12625	37035
12627	3464
12627	3478
12627	3479
12627	12620
12627	12621
12627	12622
12627	12623
12627	12624
12627	12625
12628	3464
12628	3478
12628	3479
12628	12620
12628	12621
12628	12622
12628	12623
12628	12624
12628	12625
12628	37036
12629	3465
12629	3478
12629	3479
12629	12629
12629	12631
12629	12632
12629	12633
12629	12634
12629	12635
12629	12636
12629	37037
12630	11299
12630	11300
12631	3478
12631	3479
12631	12629
12631	12631
12631	12632
12631	12633
12631	12634
12631	12635
12631	12636
12631	37038
12631	37039
12631	37040
12631	37041
12631	37042
12631	37043
12631	37044
12631	37045
12631	37046
12631	37047
12632	3478
12632	3479
12632	12629
12632	12631
12632	12632
12632	12633
12632	12634
12632	12635
12632	12636
12632	37048
12632	37049
12632	37050
12632	37051
12632	37052
12632	37053
12632	37054
12632	37055
12632	37056
12632	37057
12632	37058
12632	37059
12632	37060
12632	37061
12633	3478
12633	3479
12633	12629
12633	12631
12633	12632
12633	12633
12633	12634
12633	12635
12633	12636
12633	37062
12633	37063
12633	37064
12633	37065
12633	37066
12633	37067
12633	37068
12633	37069
12633	37070
12634	3465
12634	3478
12634	3479
12634	12629
12634	12631
12634	12632
12634	12633
12634	12634
12634	12635
12634	12636
12635	3465
12635	3478
12635	3479
12635	12629
12635	12631
12635	12632
12635	12633
12635	12634
12635	12635
12635	12636
12635	37007
12635	37071
12635	37072
12635	37073
12635	37074
12635	37075
12635	37076
12635	37077
12636	44
12636	3464
12636	3465
12636	3478
12636	3479
12636	12620
12636	12621
12636	12623
12636	12624
12636	12625
12636	12629
12636	12630
12636	12631
12636	12632
12636	12633
12636	12634
12636	12635
12636	12636
12636	12643
12636	12644
12636	12651
12636	12652
12636	12653
12636	13670
12636	14957
12636	15489
12636	20852
12636	22243
12636	37015
12636	37019
12636	37028
12636	37030
12636	37078
12636	37079
12636	37080
12636	37081
12636	37082
12636	37083
12636	37084
12636	37085
12636	37086
12636	37087
12636	37088
12636	37089
12636	37090
12636	37091
12636	37092
12637	3464
12637	3467
12637	3478
12637	3479
12637	3748
12637	11150
12637	12637
12637	12638
12637	12639
12637	12640
12637	12641
12637	13746
12637	13772
12637	17639
12637	37093
12637	37094
12637	37095
12637	37096
12637	37097
12638	0
12638	955
12638	1950
12638	3467
12638	3478
12638	3479
12638	12637
12638	12638
12638	12639
12638	12640
12638	12641
12638	37098
12638	37099
12638	37100
12638	37101
12638	37102
12639	3467
12639	3478
12639	3479
12639	12637
12639	12638
12639	12639
12639	12640
12639	12641
12639	37103
12639	37104
12639	37105
12639	37106
12640	3467
12640	3478
12640	3479
12640	12637
12640	12638
12640	12639
12640	12640
12640	12641
12640	37107
12640	37108
12640	37109
12640	37110
12640	37111
12640	37112
12641	152
12641	3467
12641	3478
12641	3479
12641	3481
12641	12637
12641	12638
12641	12639
12641	12640
12641	12641
12641	37113
12642	3478
12642	3479
12642	12642
12642	12643
12642	12644
12643	3478
12643	3479
12643	12620
12643	12642
12643	12643
12643	12644
12643	37015
12643	37114
12644	3465
12644	3478
12644	3479
12644	12630
12644	12642
12644	12643
12644	12644
12644	37115
12645	3478
12645	3479
12645	12645
12645	12646
12645	12648
12645	37036
12646	3478
12646	3479
12646	12645
12646	12646
12646	12648
12646	37116
12646	37117
12647	3478
12647	3479
12647	12645
12647	12646
12647	12647
12647	12648
12647	37118
12647	37119
12648	3478
12648	3479
12648	12645
12648	12646
12648	12648
12648	37118
12648	37119
12648	37120
12648	37121
12648	37122
12648	37123
12648	37124
12648	37125
12648	37126
12651	3478
12651	3479
12651	12651
12651	12652
12651	12653
12651	37127
12652	3478
12652	3479
12652	12651
12652	12652
12652	12653
12652	37128
12653	3478
12653	3479
12653	12651
12653	12652
12653	12653
12653	37129
12654	825
12654	826
12655	3464
12655	3478
12655	3479
12656	3478
12656	3479
12656	12614
12656	36917
12656	36918
12656	36919
12656	36921
12656	36922
12656	36923
12656	36924
12656	36925
12656	36926
12656	36927
12656	36928
12656	36929
12656	36930
12656	36931
12656	36932
12656	36933
12656	36934
12656	36935
12656	36936
12656	36937
12656	36938
12656	36939
12656	36940
12656	36941
12656	36942
12656	36943
12656	36944
12656	36945
12656	36946
12656	36947
12656	36948
12656	36949
12656	36950
12656	36951
12656	36952
12656	36953
12656	36954
12656	36955
12656	36956
12656	36957
12656	36958
12656	36959
12656	36960
12656	36961
12656	36962
12656	36963
12656	36964
12656	36965
12656	36966
12656	36967
12656	36968
12656	36969
12656	36970
12656	36971
12656	36972
12656	36974
12656	36975
12656	36976
12656	36978
12656	36979
12656	36980
12656	36981
12656	36982
12656	36983
12656	36984
12656	36985
12656	36986
12656	36987
12656	36988
12656	36989
12656	36990
12656	36991
12656	36992
12656	36993
12656	36994
12656	36995
12656	36996
12656	36997
12656	36998
12656	36999
12656	37000
12656	37130
12656	37131
12656	37132
12656	37133
12656	37134
12656	37135
12656	37136
12656	37137
12656	37138
12656	37139
12656	37140
12656	37141
12656	37142
12656	37143
12657	37144
12657	37145
12658	37146
12658	37147
12658	37148
12658	37149
12658	37150
12658	37151
12658	37152
12658	37153
12658	37154
12658	37155
12658	37156
12658	37157
12658	37158
12658	37159
12658	37160
12658	37161
12658	37162
12658	37163
12658	37164
12658	37165
12658	37166
12658	37167
12658	37168
12659	37146
12659	37169
12659	37170
12659	37171
12659	37172
12659	37173
12659	37174
12659	37175
12659	37176
12659	37177
12659	37178
12659	37179
12659	37180
12659	37181
12659	37182
12659	37183
12659	37184
12659	37185
12659	37186
12659	37187
12660	37146
12660	37188
12660	37189
12660	37190
12660	37191
12660	37192
12660	37193
12660	37194
12660	37195
12660	37196
12660	37197
12660	37198
12660	37199
12660	37200
12660	37201
12660	37202
12660	37203
12660	37204
12660	37205
12660	37206
12660	37207
12660	37208
12660	37209
12660	37210
12660	37211
12660	37212
12660	37213
12660	37214
12660	37215
12660	37216
12660	37217
12660	37218
12660	37219
12660	37220
12660	37221
12660	37222
12660	37223
12660	37224
12660	37225
12660	37226
12660	37227
12660	37228
12660	37229
12660	37230
12660	37231
12660	37232
12660	37233
12660	37234
12660	37235
12660	37236
12660	37237
12660	37238
12660	37239
12660	37240
12660	37241
12660	37242
12660	37243
12660	37244
12660	37245
12660	37246
12660	37247
12660	37248
12660	37249
12660	37250
12660	37251
12660	37252
12660	37253
12660	37254
12660	37255
12660	37256
12660	37257
12660	37258
12660	37259
12660	37260
12660	37261
12660	37262
12660	37263
12660	37264
12660	37265
12660	37266
12660	37267
12660	37268
12660	37269
12660	37270
12660	37271
12660	37272
12660	37273
12660	37274
12660	37275
12660	37276
12660	37277
12660	37278
12660	37279
12660	37280
12660	37281
12660	37282
12660	37283
12660	37284
12660	37285
12660	37286
12660	37287
12660	37288
12660	37289
12662	3478
12662	3479
12662	12662
12662	12664
12662	12672
12662	12673
12662	12674
12662	12675
12662	12676
12662	36017
12662	37290
12662	37291
12663	3478
12663	3479
12663	12662
12663	12663
12663	12664
12663	12672
12663	12673
12663	12674
12663	12675
12663	12676
12663	23563
12663	29120
12663	37290
12663	37292
12663	37293
12663	37294
12663	37295
12663	37296
12663	37297
12663	37298
12663	37299
12663	37300
12663	37301
12663	37302
12663	37303
12664	3478
12664	3479
12664	37304
12665	3478
12665	3479
12665	12664
12665	12665
12665	12672
12665	12673
12665	12674
12665	12675
12665	12676
12665	36031
12665	37290
12666	3478
12666	3479
12666	12671
12666	37305
12666	37306
12666	37307
12667	1702
12667	1703
12667	1704
12677	3478
12677	3479
12677	3484
12677	12677
12677	12678
12677	12679
12677	12680
12677	12681
12677	12682
12677	12683
12677	37308
12677	37309
12677	37310
12677	37311
12677	37312
12677	37313
12677	37314
12677	37315
12677	37316
12678	3478
12678	3479
12678	3484
12678	12677
12678	12678
12678	12679
12678	12680
12678	12681
12678	12682
12678	12683
12678	37317
12678	37318
12678	37319
12678	37320
12678	37321
12678	37322
12678	37323
12678	37324
12678	37325
12678	37326
12679	3478
12679	3479
12679	3484
12679	12677
12679	12678
12679	12679
12679	12680
12679	12681
12679	12682
12679	12683
12679	37327
12679	37328
12679	37329
12679	37330
12679	37331
12679	37332
12679	37333
12679	37334
12679	37335
12679	37336
12679	37337
12679	37338
12679	37339
12680	3478
12680	3479
12680	3484
12680	12677
12680	12678
12680	12679
12680	12680
12680	12681
12680	12682
12680	12683
12680	37340
12680	37341
12680	37342
12680	37343
12680	37344
12680	37345
12680	37346
12681	3478
12681	3479
12681	3484
12681	12677
12681	12678
12681	12679
12681	12680
12681	12681
12681	12682
12681	12683
12681	37347
12681	37348
12681	37349
12681	37350
12681	37351
12681	37352
12681	37353
12681	37354
12682	3478
12682	3479
12682	3484
12682	12677
12682	12678
12682	12679
12682	12680
12682	12681
12682	12682
12682	12683
12682	37355
12682	37356
12682	37357
12682	37358
12682	37359
12682	37360
12682	37361
12683	3478
12683	3479
12683	3484
12683	12677
12683	12678
12683	12679
12683	12680
12683	12681
12683	12682
12683	12683
12683	37362
12683	37363
12683	37364
12683	37365
12683	37366
12683	37367
12683	37368
12683	37369
12684	830
12684	37370
12684	37371
12684	37372
12684	37373
12684	37374
12685	830
12685	37375
12685	37376
12685	37377
12685	37378
12685	37379
12685	37380
12685	37381
12685	37382
12685	37383
12685	37384
12685	37385
12685	37386
12686	193
12686	830
12686	21308
12686	37387
12686	37388
12686	37389
12686	37390
12687	830
12687	24897
12688	732
12688	830
12688	1150
12688	12688
12688	37391
12688	37392
12688	37393
12688	37394
12688	37395
12688	37396
12688	37397
12705	0
12705	5614
12705	12692
12705	37398
12705	37399
12706	0
12706	124
12706	159
12706	204
12706	830
12706	16873
12706	20604
12706	37400
12706	37401
12706	37402
12706	37403
12706	37404
12706	37405
12706	37406
12706	37407
12707	0
12707	39
12707	10806
12707	17926
12707	37408
12707	37409
12707	37410
12707	37411
12707	37412
12707	37413
12707	37414
12707	37415
12707	37416
12708	17099
12708	37417
12708	37418
12709	25001
12709	25002
12710	7835
12710	12692
12710	12902
12710	20298
12710	21613
12710	37419
12710	37420
12710	37421
12710	37422
12710	37423
12710	37424
12711	37425
12711	37426
12711	37427
12711	37428
12711	37429
12711	37430
12711	37431
12711	37432
12711	37433
12711	37434
12711	37435
12711	37436
12711	37437
12712	25149
12712	25150
12712	25151
12713	0
12713	830
12713	5196
12713	5927
12713	6644
12713	17013
12713	17318
12713	21841
12713	22052
12713	23771
12713	37438
12713	37439
12713	37440
12713	37441
12713	37442
12713	37443
12713	37444
12713	37445
12713	37446
12713	37447
12713	37448
12714	0
12714	39
12714	201
12714	18992
12714	34281
12714	37449
12714	37450
12715	0
12715	830
12715	1155
12715	1258
12715	12692
12715	37451
12715	37452
12715	37453
12715	37454
12715	37455
12715	37456
12715	37457
12715	37458
12716	37459
12716	37460
12716	37461
12716	37462
12717	0
12717	39
12717	830
12717	10689
12717	10806
12717	11238
12717	12712
12717	12714
12717	16888
12717	19198
12717	20558
12717	34281
12717	37463
12717	37464
12717	37465
12717	37466
12717	37467
12717	37468
12717	37469
12717	37470
12717	37471
12717	37472
12717	37473
12717	37474
12717	37475
12717	37476
12717	37477
12717	37478
12717	37479
12717	37480
12717	37481
12717	37482
12717	37483
12717	37484
12717	37485
12717	37486
12717	37487
12718	0
12718	830
12718	37488
12718	37489
12718	37490
12719	3010
12719	26168
12719	37491
12719	37492
12719	37493
12719	37494
12719	37495
12719	37496
12719	37497
12720	12690
12720	12691
12720	16641
12720	17943
12720	33636
12720	37498
12720	37499
12720	37500
12720	37501
12720	37502
12720	37503
12720	37504
12720	37505
12720	37506
12720	37507
12720	37508
12720	37509
12729	3605
12731	832
12731	3608
12731	3609
12731	12731
12736	3605
12749	267
12749	832
12749	3605
12749	3606
12749	3608
12749	3609
12749	3610
12749	3611
12749	3612
12749	3613
12749	3614
12749	12731
12749	37510
12749	37511
12749	37512
12749	37513
12749	37514
12754	832
12754	3608
12754	3609
12754	12731
12757	25160
12757	25161
12760	25163
12760	25164
12760	25165
12761	37515
12762	37516
12762	37517
12762	37518
12762	37519
12763	0
12763	5258
12763	5430
12763	5937
12763	6316
12763	6885
12763	19906
12763	20558
12763	21841
12763	33629
12763	37520
12763	37521
12763	37522
12763	37523
12763	37524
12764	7835
12764	12692
12765	835
12765	3624
12765	3625
12765	3626
12765	3627
12765	3628
12765	3629
12766	37525
12766	37526
12766	37527
12766	37528
12766	37529
12766	37530
12766	37531
12766	37532
12766	37533
12766	37534
12766	37535
12766	37536
12766	37537
12766	37538
12766	37539
12766	37540
12767	37541
12768	37542
12769	0
12769	46
12769	7835
12769	7836
12769	12775
12769	16387
12769	16951
12769	37543
12771	25709
12771	37544
12772	2877
12772	37545
12773	5977
12773	37546
12773	37547
12773	37548
12775	3632
12775	5164
12775	5317
12775	5318
12775	5503
12775	5771
12775	5838
12775	5877
12775	6017
12775	6114
12775	6143
12775	6204
12775	6518
12775	6526
12775	6527
12775	6666
12775	8450
12775	8451
12775	11685
12775	18418
12775	18423
12775	20041
12775	20126
12775	20646
12775	26164
12775	34608
12775	34610
12775	34743
12775	37548
12775	37549
12775	37550
12775	37551
12775	37552
12775	37553
12775	37554
12775	37555
12775	37556
12775	37557
12775	37558
12775	37559
12775	37560
12775	37561
12775	37562
12775	37563
12775	37564
12775	37565
12777	3632
12780	0
12780	837
12780	1470
12780	2730
12780	12780
12780	16387
12780	24160
12780	37566
12780	37567
12780	37568
12780	37569
12780	37570
12780	37571
12784	12784
12788	835
12791	0
12791	37572
12791	37573
12791	37574
12791	37575
12791	37576
12791	37577
12791	37578
12791	37579
12791	37580
12792	839
12792	3642
12792	3643
12792	3644
12792	3645
12792	37581
12792	37582
12792	37583
12792	37584
12792	37585
12792	37586
12792	37587
12792	37588
12792	37589
12792	37590
12804	37591
12812	839
12812	3642
12812	3643
12812	3644
12812	3645
12812	37592
12812	37593
12812	37594
12812	37595
12812	37596
12812	37597
12813	1273
12813	3648
12813	12824
12813	12825
12813	12828
12813	37598
12813	37599
12813	37600
12813	37601
12813	37602
12813	37603
12813	37604
12813	37605
12823	37606
12823	37607
12824	37605
12825	2845
12825	5678
12825	5767
12825	6040
12825	6293
12825	6508
12825	17235
12825	25823
12825	37608
12825	37609
12825	37610
12825	37611
12825	37612
12825	37613
12825	37614
12825	37615
12825	37616
12825	37617
12831	3650
12831	25716
12831	37618
12831	37619
12831	37620
12831	37621
12831	37622
12831	37623
12831	37624
12831	37625
12831	37626
12831	37627
12831	37628
12831	37629
12831	37630
12831	37631
12831	37632
12831	37633
12831	37634
12831	37635
12831	37636
12831	37637
12832	0
12832	233
12832	837
12832	2938
12832	3650
12832	8353
12832	12833
12832	12835
12832	12836
12832	12839
12832	16713
12832	16848
12832	18665
12832	19154
12832	22756
12832	25719
12832	31463
12832	33648
12832	37637
12832	37638
12832	37639
12832	37640
12832	37641
12832	37642
12832	37643
12832	37644
12832	37645
12832	37646
12832	37647
12832	37648
12832	37649
12832	37650
12832	37651
12832	37652
12832	37653
12832	37654
12832	37655
12832	37656
12832	37657
12832	37658
12832	37659
12832	37660
12832	37661
12832	37662
12832	37663
12832	37664
12833	3650
12833	37665
12833	37666
12833	37667
12833	37668
12833	37669
12833	37670
12833	37671
12833	37672
12833	37673
12833	37674
12833	37675
12833	37676
12833	37677
12833	37678
12833	37679
12833	37680
12833	37681
12833	37682
12833	37683
12833	37684
12833	37685
12833	37686
12833	37687
12833	37688
12833	37689
12833	37690
12833	37691
12833	37692
12833	37693
12833	37694
12833	37695
12834	0
12834	5500
12834	5891
12834	6020
12834	6583
12834	12361
12834	12832
12834	37696
12834	37697
12834	37698
12834	37699
12834	37700
12834	37701
12834	37702
12834	37703
12834	37704
12834	37705
12834	37706
12834	37707
12834	37708
12834	37709
12834	37710
12834	37711
12834	37712
12834	37713
12834	37714
12834	37715
12834	37716
12834	37717
12834	37718
12835	3650
12835	25718
12835	37719
12835	37720
12835	37721
12835	37722
12835	37723
12835	37724
12835	37725
12835	37726
12835	37727
12835	37728
12835	37729
12835	37730
12835	37731
12835	37732
12835	37733
12835	37734
12835	37735
12835	37736
12835	37737
12835	37738
12835	37739
12835	37740
12835	37741
12835	37742
12835	37743
12835	37744
12835	37745
12835	37746
12835	37747
12835	37748
12835	37749
12835	37750
12835	37751
12835	37752
12835	37753
12835	37754
12835	37755
12835	37756
12835	37757
12835	37758
12835	37759
12835	37760
12835	37761
12835	37762
12835	37763
12835	37764
12835	37765
12835	37766
12835	37767
12835	37768
12835	37769
12835	37770
12835	37771
12835	37772
12835	37773
12835	37774
12835	37775
12835	37776
12835	37777
12836	3650
12836	37778
12836	37779
12836	37780
12836	37781
12836	37782
12836	37783
12836	37784
12836	37785
12836	37786
12836	37787
12836	37788
12836	37789
12836	37790
12836	37791
12836	37792
12836	37793
12836	37794
12836	37795
12836	37796
12836	37797
12836	37798
12836	37799
12856	3650
12865	12866
12865	26124
12865	26126
12865	26127
12865	37800
12865	37801
12866	26124
12866	37802
12868	0
12868	23700
12868	26129
12868	26131
12868	37803
12868	37804
12868	37805
12868	37806
12868	37807
12868	37808
12868	37809
12870	12871
12870	26132
12870	26133
12870	37810
12870	37811
12870	37812
12870	37813
12870	37814
12870	37815
12870	37816
12870	37817
12871	0
12871	12874
12871	20536
12871	37818
12871	37819
12873	26134
12873	26135
12873	26136
12873	37820
12877	0
12878	12877
12878	26137
12878	26138
12878	26139
12878	37821
12878	37822
12878	37823
12879	37824
12879	37825
12881	17867
12881	26344
12881	37826
12881	37827
12881	37828
12882	5168
12882	5219
12882	5321
12882	5469
12882	5577
12882	5651
12882	6050
12882	6210
12882	6228
12882	6316
12882	18566
12882	19345
12882	25012
12882	25395
12882	25471
12882	37829
12882	37830
12882	37831
12882	37832
12882	37833
12882	37834
12882	37835
12882	37836
12886	5230
12886	5918
12886	6045
12886	6366
12886	6404
12886	6519
12886	37837
12886	37838
12888	37839
12889	3666
12889	37840
12889	37841
12889	37842
12889	37843
12889	37844
12889	37845
12889	37846
12889	37847
12890	3666
12891	25305
12891	25306
12891	25307
12891	25308
12891	25309
12891	25310
12891	37848
12891	37849
12921	37850
12921	37851
12925	12905
12925	37852
12925	37853
12925	37854
12926	12928
12926	12929
12926	12930
12926	26628
12926	37855
12927	37856
12928	37857
12928	37858
12929	26626
12929	26627
12930	37859
12930	37860
12931	5662
12931	5839
12931	5872
12931	6220
12931	6649
12931	6680
12931	23556
12931	25967
12931	37861
12931	37862
12931	37863
12931	37864
12931	37865
12931	37866
12931	37867
12931	37868
12931	37869
12931	37870
12931	37871
12931	37872
12931	37873
12931	37874
12931	37875
12931	37876
12931	37877
12931	37878
12931	37879
12931	37880
12931	37881
12932	0
12932	47
12932	48
12932	53
12932	58
12932	61
12932	62
12932	193
12932	863
12932	872
12932	879
12932	943
12932	3677
12932	4900
12932	5023
12932	7637
12932	12932
12932	12933
12932	12935
12932	12936
12932	12939
12932	12940
12932	12944
12932	12945
12932	35167
12933	0
12933	1
12933	25
12933	27
12933	35
12933	39
12933	46
12933	58
12933	187
12933	863
12933	3677
12933	12932
12933	12933
12933	12935
12933	12936
12933	12939
12933	12940
12933	12943
12933	12944
12933	12945
12933	12947
12933	12953
12933	37882
12933	37883
12933	37884
12933	37885
12933	37886
12934	0
12934	58
12934	61
12934	863
12934	1947
12934	3210
12934	3677
12934	7637
12934	11889
12934	11893
12934	12891
12934	12932
12934	12933
12934	12934
12934	12935
12934	12936
12934	12939
12934	12940
12934	12944
12934	12945
12934	13308
12934	13893
12934	22042
12934	33320
12934	35161
12934	35282
12934	35299
12934	35305
12934	35314
12934	35336
12934	37887
12935	0
12935	3677
12935	12932
12935	12933
12935	12935
12935	12936
12935	12939
12935	12940
12935	12944
12935	12945
12936	0
12936	63
12936	863
12936	921
12936	1929
12936	1947
12936	3677
12936	10148
12936	11889
12936	12932
12936	12933
12936	12935
12936	12936
12936	12939
12936	12940
12936	12943
12936	12944
12936	12945
12936	12947
12936	13308
12936	25046
12936	37883
12936	37884
12936	37886
12936	37888
12936	37889
12937	0
12937	1
12937	35
12937	39
12937	46
12937	187
12937	863
12937	3677
12937	3678
12937	12932
12937	12933
12937	12935
12937	12936
12937	12939
12937	12940
12937	12944
12937	12945
12937	37890
12937	37891
12938	0
12938	3677
12938	12932
12938	12933
12938	12935
12938	12936
12938	12939
12938	12940
12938	12944
12938	12945
12938	35161
12939	0
12939	221
12939	3210
12939	3677
12939	11893
12939	11905
12939	12891
12939	12932
12939	12933
12939	12935
12939	12936
12939	12939
12939	12940
12939	12944
12939	12945
12939	19142
12939	22042
12939	24867
12939	24868
12939	25305
12939	25309
12940	0
12940	191
12940	201
12940	1662
12940	1947
12940	3677
12940	3751
12940	4832
12940	4967
12940	11889
12940	12932
12940	12933
12940	12935
12940	12936
12940	12939
12940	12940
12940	12942
12940	12944
12940	12945
12940	12946
12940	13308
12940	13314
12940	13605
12940	25046
12940	35225
12940	35233
12940	35234
12940	37888
12940	37889
12940	37892
12940	37893
12940	37894
12940	37895
12940	37896
12941	0
12941	1
12941	35
12941	39
12941	46
12941	187
12941	863
12941	3677
12941	12932
12941	12933
12941	12935
12941	12936
12941	12939
12941	12940
12941	12944
12941	12945
12942	0
12942	1
12942	35
12942	39
12942	46
12942	187
12942	862
12942	863
12942	3677
12942	12932
12942	12933
12942	12935
12942	12936
12942	12939
12942	12940
12942	12944
12942	12945
12942	19572
12942	37897
12942	37898
12943	0
12943	110
12943	140
12943	3677
12943	4832
12943	4850
12943	4852
12943	4853
12943	4867
12943	4964
12943	4967
12943	5023
12943	12932
12943	12933
12943	12934
12943	12935
12943	12936
12943	12939
12943	12940
12943	12944
12943	12945
12943	12947
12943	13314
12943	37882
12943	37885
12943	37892
12943	37899
12943	37900
12943	37901
12943	37902
12944	0
12944	3677
12944	12932
12944	12933
12944	12934
12944	12935
12944	12936
12944	12938
12944	12939
12944	12940
12944	12941
12944	12943
12944	12944
12944	12945
12944	13314
12944	25046
12944	37883
12944	37884
12944	37885
12944	37886
12944	37887
12944	37892
12944	37893
12944	37894
12944	37895
12944	37900
12944	37901
12945	0
12945	11
12945	40
12945	44
12945	46
12945	63
12945	72
12945	73
12945	103
12945	110
12945	136
12945	163
12945	201
12945	202
12945	205
12945	212
12945	235
12945	1037
12945	1662
12945	2153
12945	3202
12945	3269
12945	3677
12945	3813
12945	7630
12945	12932
12945	12933
12945	12935
12945	12936
12945	12939
12945	12940
12945	12944
12945	12945
12945	12947
12945	16282
12945	23771
12945	35225
12945	37886
12945	37903
12945	37904
12945	37905
12945	37906
12945	37907
12946	862
12946	12946
12946	37908
12946	37909
12946	37910
12946	37911
12946	37912
12946	37913
12946	37914
12946	37915
12946	37916
12948	0
12948	61
12948	862
12948	12946
12948	37917
12948	37918
12948	37919
12949	3678
12949	12947
12950	0
12950	862
12950	863
12950	3682
12951	0
12951	862
12951	863
12952	0
12952	862
12952	863
12952	3682
12953	0
12953	862
12953	863
12954	0
12954	862
12954	863
12954	3682
12955	0
12955	862
12955	863
12955	3682
12956	0
12956	862
12956	863
12956	3682
12956	12950
12956	12952
12957	0
12957	862
12957	863
12957	874
12957	3682
12958	3682
12960	37920
12964	58
12964	920
12964	921
12964	12964
12964	12965
12965	58
12965	920
12965	927
12965	12965
12966	58
12966	920
12966	927
12966	12965
12966	12966
12966	12970
12967	58
12967	59
12967	920
12967	927
12967	12967
12967	37921
12968	58
12968	879
12968	920
12968	927
12968	3810
12968	3811
12968	12965
12968	12968
12968	12969
12969	58
12969	920
12969	927
12969	12965
12969	12969
12970	58
12970	920
12970	927
12970	12965
12970	12966
12970	12970
12971	0
12971	53
12971	3730
12971	4139
12971	12971
12971	12972
12971	12973
12971	12974
12972	0
12972	53
12972	3730
12972	4139
12972	12971
12972	12972
12972	12973
12972	12974
12972	34707
12972	37922
12972	37923
12972	37924
12973	0
12973	53
12973	3730
12973	12973
12973	12974
12973	34707
12973	37922
12973	37923
12973	37924
12973	37925
12973	37926
12973	37927
12974	0
12974	53
12974	3730
12974	4139
12974	12971
12974	12972
12974	12973
12974	12974
12975	3730
12975	12971
12975	37927
12975	37928
12975	37929
12975	37930
12978	12977
12979	12998
12979	37931
12979	37932
12979	37933
12979	37934
12979	37935
12979	37936
12995	0
12995	53
12995	201
12995	37937
12995	37938
12995	37939
12995	37940
12995	37941
12995	37942
12996	0
12996	53
12996	1518
12996	1610
12996	26981
12996	37943
12996	37944
12996	37945
12998	37946
13000	0
13000	37947
13000	37948
13000	37949
13000	37950
13000	37951
13000	37952
13000	37953
13000	37954
13012	55
13012	3747
13012	13012
13012	37955
13012	37956
13012	37957
13012	37958
13012	37959
13012	37960
13098	55
13098	1005
13098	1951
13098	3747
13098	13012
13098	13013
13098	13014
13098	13017
13098	13023
13098	13028
13098	13029
13098	13030
13098	13032
13098	13033
13098	13064
13098	13068
13098	13069
13098	13073
13098	13074
13098	13085
13098	13098
13098	13100
13098	13101
13098	13102
13098	13103
13098	13104
13098	13105
13098	13106
13098	13107
13098	13108
13098	13109
13098	13110
13098	35031
13098	37961
13098	37962
13098	37963
13098	37964
13098	37965
13098	37966
13098	37967
13098	37968
13098	37969
13098	37970
13098	37971
13098	37972
13098	37973
13098	37974
13098	37975
13098	37976
13098	37977
13098	37978
13098	37979
13098	37980
13098	37981
13098	37982
13098	37983
13098	37984
13098	37985
13098	37986
13098	37987
13098	37988
13098	37989
13098	37990
13098	37991
13098	37992
13098	37993
13098	37994
13098	37995
13098	37996
13098	37997
13098	37998
13098	37999
13098	38000
13098	38001
13098	38002
13098	38003
13098	38004
13098	38005
13098	38006
13098	38007
13098	38008
13098	38009
13098	38010
13098	38011
13098	38012
13098	38013
13098	38014
13098	38015
13098	38016
13098	38017
13099	55
13099	1005
13099	3747
13099	3750
13099	13012
13099	13038
13099	13040
13099	13082
13099	13088
13099	13098
13099	13099
13099	13100
13099	13101
13099	13102
13099	13103
13099	13104
13099	13105
13099	13106
13099	13107
13099	13108
13099	13109
13099	13110
13099	13111
13099	38015
13099	38017
13099	38018
13099	38019
13099	38020
13099	38021
13099	38022
13099	38023
13099	38024
13099	38025
13099	38026
13099	38027
13099	38028
13099	38029
13099	38030
13099	38031
13099	38032
13099	38033
13099	38034
13099	38035
13099	38036
13099	38037
13099	38038
13099	38039
13099	38040
13099	38041
13099	38042
13099	38043
13099	38044
13099	38045
13099	38046
13099	38047
13099	38048
13099	38049
13099	38050
13099	38051
13099	38052
13100	55
13100	3747
13100	13012
13100	13013
13100	13014
13100	13015
13100	13017
13100	13019
13100	13020
13100	13021
13100	13024
13100	13025
13100	13026
13100	13028
13100	13030
13100	13032
13100	13033
13100	13034
13100	13037
13100	13038
13100	13040
13100	13041
13100	13042
13100	13043
13100	13044
13100	13045
13100	13046
13100	13047
13100	13048
13100	13049
13100	13050
13100	13051
13100	13052
13100	13053
13100	13054
13100	13055
13100	13058
13100	13061
13100	13064
13100	13066
13100	13067
13100	13068
13100	13069
13100	13070
13100	13071
13100	13072
13100	13073
13100	13074
13100	13075
13100	13076
13100	13077
13100	13078
13100	13079
13100	13082
13100	13084
13100	13085
13100	13086
13100	13100
13100	13105
13100	37981
13100	37982
13100	37983
13100	37991
13100	37993
13100	38014
13100	38015
13100	38016
13100	38017
13100	38030
13100	38035
13100	38041
13100	38042
13100	38045
13100	38047
13100	38053
13100	38054
13100	38055
13100	38056
13100	38057
13100	38058
13100	38059
13100	38060
13100	38061
13100	38062
13100	38063
13100	38064
13100	38065
13100	38066
13100	38067
13100	38068
13100	38069
13100	38070
13100	38071
13100	38072
13100	38073
13100	38074
13100	38075
13100	38076
13100	38077
13100	38078
13100	38079
13100	38080
13100	38081
13100	38082
13100	38083
13100	38084
13100	38085
13100	38086
13100	38087
13101	55
13101	3747
13101	13012
13101	13013
13101	13016
13101	13018
13101	13023
13101	13031
13101	13036
13101	13042
13101	13047
13101	13064
13101	13068
13101	13085
13101	13090
13101	13100
13101	13101
13101	13105
13101	13106
13101	37961
13101	37962
13101	37963
13101	37964
13101	37967
13101	37971
13101	37997
13101	37998
13101	38014
13101	38015
13101	38016
13101	38017
13101	38021
13101	38037
13101	38042
13101	38047
13101	38053
13101	38064
13101	38070
13101	38077
13101	38079
13101	38080
13101	38081
13101	38083
13101	38084
13101	38085
13101	38086
13101	38087
13101	38088
13101	38089
13101	38090
13101	38091
13101	38092
13101	38093
13101	38094
13101	38095
13101	38096
13101	38097
13101	38098
13101	38099
13101	38100
13101	38101
13101	38102
13101	38103
13101	38104
13101	38105
13101	38106
13101	38107
13101	38108
13101	38109
13101	38110
13101	38111
13101	38112
13101	38113
13101	38114
13101	38115
13101	38116
13101	38117
13101	38118
13101	38119
13101	38120
13101	38121
13101	38122
13101	38123
13101	38124
13101	38125
13101	38126
13101	38127
13101	38128
13101	38129
13101	38130
13101	38131
13101	38132
13101	38133
13101	38134
13101	38135
13101	38136
13101	38137
13101	38138
13101	38139
13101	38140
13101	38141
13101	38142
13101	38143
13101	38144
13101	38145
13101	38146
13101	38147
13101	38148
13101	38149
13101	38150
13101	38151
13101	38152
13101	38153
13101	38154
13101	38155
13101	38156
13101	38157
13101	38158
13101	38159
13101	38160
13101	38161
13101	38162
13101	38163
13101	38164
13101	38165
13101	38166
13101	38167
13101	38168
13101	38169
13101	38170
13101	38171
13101	38172
13101	38173
13101	38174
13101	38175
13101	38176
13101	38177
13101	38178
13101	38179
13101	38180
13101	38181
13101	38182
13101	38183
13101	38184
13101	38185
13101	38186
13101	38187
13101	38188
13101	38189
13101	38190
13101	38191
13101	38192
13101	38193
13101	38194
13101	38195
13101	38196
13101	38197
13101	38198
13101	38199
13101	38200
13101	38201
13101	38202
13101	38203
13101	38204
13101	38205
13101	38206
13101	38207
13101	38208
13101	38209
13101	38210
13101	38211
13101	38212
13101	38213
13101	38214
13101	38215
13101	38216
13101	38217
13102	55
13102	3747
13102	13012
13102	13014
13102	13017
13102	13018
13102	13028
13102	13029
13102	13032
13102	13033
13102	13040
13102	13052
13102	13056
13102	13069
13102	13081
13102	13088
13102	13093
13102	13100
13102	13101
13102	13102
13102	13105
13102	13106
13102	13107
13102	37984
13102	37987
13102	37995
13102	37998
13102	38014
13102	38015
13102	38016
13102	38017
13102	38022
13102	38024
13102	38040
13102	38075
13102	38077
13102	38080
13102	38081
13102	38084
13102	38085
13102	38086
13102	38087
13102	38103
13102	38106
13102	38122
13102	38148
13102	38178
13102	38185
13102	38218
13102	38219
13102	38220
13102	38221
13102	38222
13102	38223
13102	38224
13102	38225
13102	38226
13102	38227
13102	38228
13102	38229
13102	38230
13102	38231
13102	38232
13102	38233
13102	38234
13102	38235
13102	38236
13102	38237
13102	38238
13102	38239
13102	38240
13102	38241
13102	38242
13102	38243
13102	38244
13102	38245
13102	38246
13102	38247
13102	38248
13102	38249
13102	38250
13102	38251
13102	38252
13102	38253
13102	38254
13102	38255
13102	38256
13102	38257
13102	38258
13102	38259
13102	38260
13102	38261
13102	38262
13102	38263
13102	38264
13102	38265
13102	38266
13102	38267
13102	38268
13102	38269
13102	38270
13102	38271
13102	38272
13102	38273
13102	38274
13102	38275
13102	38276
13102	38277
13102	38278
13102	38279
13102	38280
13102	38281
13102	38282
13102	38283
13102	38284
13102	38285
13102	38286
13102	38287
13102	38288
13102	38289
13102	38290
13102	38291
13102	38292
13102	38293
13102	38294
13102	38295
13102	38296
13103	55
13103	3747
13103	13012
13103	13013
13103	13027
13103	13030
13103	13066
13103	13072
13103	13100
13103	13101
13103	13102
13103	13103
13103	13105
13103	13106
13103	13107
13103	13108
13103	37983
13103	37991
13103	38014
13103	38015
13103	38016
13103	38017
13103	38021
13103	38043
13103	38074
13103	38077
13103	38081
13103	38085
13103	38086
13103	38087
13103	38177
13103	38196
13103	38221
13103	38297
13103	38298
13103	38299
13103	38300
13103	38301
13103	38302
13103	38303
13103	38304
13103	38305
13103	38306
13103	38307
13103	38308
13103	38309
13103	38310
13103	38311
13103	38312
13103	38313
13103	38314
13103	38315
13103	38316
13103	38317
13103	38318
13103	38319
13103	38320
13103	38321
13103	38322
13103	38323
13103	38324
13103	38325
13103	38326
13103	38327
13103	38328
13103	38329
13103	38330
13103	38331
13103	38332
13103	38333
13103	38334
13103	38335
13103	38336
13103	38337
13103	38338
13103	38339
13103	38340
13103	38341
13103	38342
13103	38343
13103	38344
13103	38345
13103	38346
13103	38347
13103	38348
13103	38349
13103	38350
13104	55
13104	1005
13104	3747
13104	13012
13104	13015
13104	13022
13104	13038
13104	13041
13104	13047
13104	13050
13104	13061
13104	13070
13104	13100
13104	13101
13104	13102
13104	13103
13104	13104
13104	13105
13104	13106
13104	13107
13104	13108
13104	13109
13104	38008
13104	38014
13104	38015
13104	38016
13104	38017
13104	38026
13104	38042
13104	38048
13104	38054
13104	38055
13104	38056
13104	38077
13104	38086
13104	38089
13104	38106
13104	38126
13104	38138
13104	38139
13104	38142
13104	38151
13104	38156
13104	38175
13104	38186
13104	38199
13104	38200
13104	38205
13104	38217
13104	38225
13104	38252
13104	38277
13104	38278
13104	38282
13104	38285
13104	38290
13104	38293
13104	38351
13104	38352
13104	38353
13104	38354
13104	38355
13104	38356
13104	38357
13104	38358
13104	38359
13104	38360
13104	38361
13104	38362
13104	38363
13104	38364
13104	38365
13104	38366
13104	38367
13104	38368
13104	38369
13104	38370
13104	38371
13104	38372
13104	38373
13104	38374
13104	38375
13104	38376
13104	38377
13104	38378
13104	38379
13104	38380
13104	38381
13104	38382
13104	38383
13104	38384
13104	38385
13104	38386
13104	38387
13104	38388
13104	38389
13104	38390
13104	38391
13104	38392
13104	38393
13104	38394
13104	38395
13104	38396
13104	38397
13104	38398
13104	38399
13104	38400
13104	38401
13104	38402
13104	38403
13104	38404
13104	38405
13104	38406
13104	38407
13104	38408
13104	38409
13104	38410
13104	38411
13104	38412
13104	38413
13104	38414
13104	38415
13104	38416
13104	38417
13104	38418
13104	38419
13104	38420
13104	38421
13104	38422
13104	38423
13104	38424
13104	38425
13104	38426
13104	38427
13104	38428
13104	38429
13104	38430
13104	38431
13104	38432
13104	38433
13104	38434
13104	38435
13104	38436
13104	38437
13104	38438
13104	38439
13104	38440
13104	38441
13104	38442
13104	38443
13104	38444
13104	38445
13104	38446
13104	38447
13104	38448
13104	38449
13104	38450
13104	38451
13104	38452
13104	38453
13104	38454
13104	38455
13104	38456
13104	38457
13104	38458
13104	38459
13104	38460
13104	38461
13104	38462
13104	38463
13104	38464
13104	38465
13104	38466
13104	38467
13104	38468
13104	38469
13104	38470
13104	38471
13104	38472
13104	38473
13104	38474
13104	38475
13104	38476
13104	38477
13104	38478
13104	38479
13104	38480
13104	38481
13104	38482
13104	38483
13104	38484
13104	38485
13104	38486
13104	38487
13104	38488
13104	38489
13104	38490
13104	38491
13104	38492
13104	38493
13104	38494
13104	38495
13104	38496
13104	38497
13104	38498
13104	38499
13104	38500
13104	38501
13104	38502
13104	38503
13104	38504
13104	38505
13104	38506
13104	38507
13104	38508
13104	38509
13104	38510
13104	38511
13104	38512
13104	38513
13104	38514
13104	38515
13104	38516
13104	38517
13104	38518
13104	38519
13104	38520
13104	38521
13104	38522
13104	38523
13104	38524
13104	38525
13104	38526
13104	38527
13104	38528
13104	38529
13104	38530
13104	38531
13104	38532
13104	38533
13104	38534
13104	38535
13104	38536
13104	38537
13104	38538
13104	38539
13104	38540
13104	38541
13104	38542
13104	38543
13104	38544
13104	38545
13104	38546
13104	38547
13104	38548
13104	38549
13104	38550
13104	38551
13104	38552
13104	38553
13104	38554
13104	38555
13104	38556
13113	0
13113	55
13113	3750
13113	13115
13113	13116
13113	13117
13113	13118
13113	13119
13114	0
13114	55
13114	3750
13114	13113
13115	0
13115	55
13115	3750
13115	13115
13115	13116
13115	13117
13116	0
13116	55
13116	3750
13116	13115
13116	13116
13116	13117
13117	0
13117	55
13117	3750
13117	13115
13117	13116
13117	13117
13117	13119
13118	0
13118	55
13118	3750
13118	3770
13118	13119
13118	38557
13118	38558
13118	38559
13118	38560
13119	0
13119	55
13119	3750
13119	13117
13119	13118
13119	13119
13119	13120
13119	38561
13120	0
13120	55
13120	3750
13120	13114
13120	13115
13120	13119
13120	13120
13121	0
13121	55
13121	3749
13121	3750
13121	13119
13121	13121
13122	0
13122	55
13122	3749
13122	3750
13122	13119
13122	13122
13123	0
13123	55
13123	3750
13123	13113
13130	0
13130	55
13130	995
13130	2742
13130	3762
13130	38562
13131	0
13131	55
13131	2742
13131	3762
13131	13133
13131	20205
13131	38563
13132	0
13132	55
13132	2742
13132	3000
13132	3762
13132	13133
13132	13134
13132	38564
13133	0
13133	55
13133	2742
13133	2992
13133	3762
13133	13131
13133	13132
13133	38565
13134	0
13134	55
13134	2742
13134	3762
13134	13132
13134	13136
13134	14957
13134	38566
13135	0
13135	55
13135	2742
13135	3762
13135	3901
13135	13136
13135	38567
13136	0
13136	55
13136	2742
13136	3762
13136	4401
13136	13134
13136	13135
13136	38568
13137	0
13137	55
13137	915
13137	3762
13137	13131
13137	13132
13137	13133
13137	13134
13137	13135
13137	13136
13138	0
13138	55
13138	2742
13138	3762
13138	13139
13138	15530
13138	38569
13139	0
13139	55
13139	2742
13139	3762
13139	13138
13139	13140
13139	38570
13139	38571
13140	0
13140	55
13140	2742
13140	3752
13140	3762
13140	13139
13140	13141
13140	25218
13140	38572
13141	0
13141	55
13141	2742
13141	3762
13141	11161
13141	13140
13141	13142
13141	38573
13142	0
13142	55
13142	2742
13142	3762
13142	13141
13142	13144
13142	25359
13142	38574
13142	38575
13143	0
13143	55
13143	2742
13143	3762
13143	13144
13143	13146
13143	16946
13143	38576
13144	0
13144	55
13144	2742
13144	3762
13144	13142
13144	13143
13144	25367
13144	38577
13145	0
13145	55
13145	3762
13145	13138
13145	13139
13145	13140
13145	13141
13145	13142
13145	13143
13145	13144
13145	13146
13145	13147
13145	13148
13145	13149
13145	13150
13146	0
13146	55
13146	1721
13146	2742
13146	3762
13146	13143
13146	13147
13146	38578
13147	0
13147	55
13147	1093
13147	2742
13147	3762
13147	13146
13147	13148
13147	38579
13148	0
13148	55
13148	2742
13148	3762
13148	13147
13148	13149
13148	16947
13148	38580
13149	0
13149	55
13149	2742
13149	3184
13149	3762
13149	13148
13149	13150
13149	38581
13150	0
13150	55
13150	2742
13150	3762
13150	7051
13150	13149
13150	38582
13150	38583
13150	38584
13151	0
13151	2742
13151	3200
13151	3762
13151	13153
13151	38585
13152	0
13152	2742
13152	3762
13152	13153
13152	13154
13152	38586
13152	38587
13153	0
13153	55
13153	2742
13153	3762
13153	13151
13153	13152
13153	38588
13153	38589
13154	0
13154	55
13154	2742
13154	3762
13154	13152
13154	13156
13154	20852
13154	38590
13155	0
13155	55
13155	2742
13155	3200
13155	3762
13155	13156
13155	13157
13155	38591
13156	0
13156	2742
13156	3762
13156	13154
13156	13155
13156	32711
13156	38592
13157	0
13157	55
13157	2742
13157	3762
13157	13155
13157	15489
13157	38593
13158	0
13158	3752
13158	13145
13158	13153
13158	13154
13158	13155
13158	13157
13158	13158
13158	38594
13159	0
13159	55
13159	2742
13159	3762
13159	13160
13159	18164
13159	38595
13160	0
13160	55
13160	2742
13160	3762
13160	11471
13160	13159
13160	13162
13160	38596
13162	0
13162	55
13162	2742
13162	3762
13162	13160
13162	13163
13162	38597
13162	38598
13163	0
13163	55
13163	2742
13163	3762
13163	13162
13163	13164
13163	18015
13163	38599
13163	38600
13163	38601
13163	38602
13164	0
13164	55
13164	2742
13164	3762
13164	13163
13164	24096
13164	38603
13165	0
13165	55
13165	3752
13165	3762
13165	3786
13165	3794
13165	3795
13165	3799
13166	38604
13166	38605
13167	0
13167	55
13167	3767
13167	13167
13167	13170
13168	0
13168	55
13168	3767
13168	13168
13168	13169
13169	0
13169	55
13169	3767
13169	13168
13169	13169
13169	13170
13170	0
13170	55
13170	3767
13170	13167
13170	13169
13170	13170
13171	825
13171	826
13172	862
13173	0
13173	55
13173	915
13173	3783
13173	3784
13173	15388
13176	0
13176	55
13176	915
13176	3796
13176	3805
13176	13176
13177	58
13177	920
13177	921
13177	3812
13177	12964
13177	13177
13177	13208
13178	58
13178	920
13178	921
13178	3812
13178	12964
13178	13178
13178	38606
13179	58
13179	920
13179	921
13179	3812
13179	12964
13179	13179
13180	58
13180	920
13180	921
13180	3812
13180	12964
13180	13180
13180	13209
13181	58
13181	920
13181	921
13181	3812
13181	12964
13181	13181
13181	13208
13182	58
13182	920
13182	921
13182	3812
13182	12964
13182	13182
13183	58
13183	920
13183	921
13183	3812
13183	12964
13183	13183
13183	13207
13184	58
13184	920
13184	921
13184	3812
13184	12964
13184	13184
13185	58
13185	920
13185	921
13185	3812
13185	12964
13185	13185
13186	58
13186	920
13186	921
13186	3812
13186	12964
13186	13186
13187	58
13187	920
13187	921
13187	3812
13187	12964
13187	13187
13188	58
13188	920
13188	921
13188	3812
13188	12964
13188	13188
13189	58
13189	920
13189	921
13189	3812
13189	12964
13189	13189
13190	58
13190	920
13190	921
13190	3812
13190	12964
13190	13190
13191	58
13191	920
13191	921
13191	3812
13191	12964
13191	13191
13192	58
13192	920
13192	921
13192	3812
13192	12964
13192	13192
13193	58
13193	920
13193	921
13193	3812
13193	12964
13193	13193
13194	58
13194	920
13194	921
13194	3812
13194	12964
13194	13194
13195	58
13195	920
13195	921
13195	3812
13195	12964
13195	13195
13196	58
13196	920
13196	921
13196	3812
13196	12964
13196	13196
13197	58
13197	920
13197	921
13197	3812
13197	12964
13197	13197
13198	58
13198	920
13198	12964
13198	13198
13199	58
13199	920
13199	921
13199	3812
13199	12964
13199	13199
13200	58
13200	920
13200	921
13200	3812
13200	12964
13200	13200
13201	58
13201	920
13201	921
13201	3812
13201	12964
13201	13201
13202	58
13202	920
13202	921
13202	3812
13202	12964
13202	13202
13203	58
13203	920
13203	921
13203	3812
13203	12964
13203	13203
13204	58
13204	920
13204	921
13204	3812
13204	12964
13204	13204
13205	58
13205	920
13205	921
13205	3812
13205	12964
13205	13205
13206	58
13206	920
13206	921
13206	3812
13206	12964
13206	13206
13211	58
13211	920
13211	921
13211	12964
13211	13211
13212	58
13212	920
13212	921
13212	12964
13212	13212
13213	58
13213	920
13213	921
13213	3636
13213	8302
13213	11643
13213	11645
13213	11655
13213	11664
13213	12674
13213	13213
13213	14315
13213	16396
13213	17205
13213	17789
13213	18082
13213	18425
13213	18539
13213	18777
13213	19829
13213	19858
13213	22052
13213	22591
13213	23032
13213	23960
13213	24625
13213	27744
13213	29121
13213	31197
13213	32905
13213	33381
13213	33388
13213	33471
13213	35791
13213	35826
13213	36033
13213	36037
13213	37300
13213	37301
13213	38607
13213	38608
13213	38609
13213	38610
13213	38611
13213	38612
13213	38613
13213	38614
13213	38615
13213	38616
13213	38617
13213	38618
13213	38619
13213	38620
13213	38621
13213	38622
13213	38623
13213	38624
13213	38625
13213	38626
13213	38627
13213	38628
13213	38629
13213	38630
13213	38631
13213	38632
13213	38633
13213	38634
13213	38635
13213	38636
13213	38637
13213	38638
13213	38639
13213	38640
13213	38641
13213	38642
13213	38643
13213	38644
13213	38645
13213	38646
13213	38647
13213	38648
13213	38649
13213	38650
13213	38651
13213	38652
13213	38653
13213	38654
13213	38655
13213	38656
13213	38657
13213	38658
13213	38659
13213	38660
13213	38661
13213	38662
13213	38663
13213	38664
13213	38665
13213	38666
13213	38667
13213	38668
13213	38669
13213	38670
13213	38671
13213	38672
13213	38673
13213	38674
13213	38675
13213	38676
13213	38677
13213	38678
13213	38679
13213	38680
13213	38681
13213	38682
13213	38683
13213	38684
13213	38685
13213	38686
13213	38687
13213	38688
13213	38689
13213	38690
13213	38691
13213	38692
13213	38693
13213	38694
13213	38695
13213	38696
13213	38697
13213	38698
13213	38699
13213	38700
13213	38701
13213	38702
13213	38703
13213	38704
13213	38705
13213	38706
13213	38707
13213	38708
13213	38709
13213	38710
13213	38711
13213	38712
13213	38713
13213	38714
13213	38715
13213	38716
13213	38717
13213	38718
13213	38719
13213	38720
13213	38721
13213	38722
13213	38723
13213	38724
13213	38725
13213	38726
13213	38727
13213	38728
13213	38729
13213	38730
13213	38731
13213	38732
13213	38733
13213	38734
13213	38735
13213	38736
13213	38737
13213	38738
13213	38739
13213	38740
13213	38741
13213	38742
13213	38743
13213	38744
13213	38745
13213	38746
13213	38747
13213	38748
13213	38749
13213	38750
13213	38751
13213	38752
13213	38753
13213	38754
13213	38755
13213	38756
13213	38757
13213	38758
13213	38759
13213	38760
13213	38761
13213	38762
13213	38763
13213	38764
13213	38765
13213	38766
13213	38767
13213	38768
13214	58
13214	920
13214	921
13214	12965
13214	13214
13214	38769
13214	38770
13214	38771
13214	38772
13214	38773
13214	38774
13214	38775
13214	38776
13214	38777
13217	58
13217	920
13217	922
13217	3813
13217	13217
13217	13295
13218	58
13218	920
13218	922
13218	3813
13218	13218
13218	13295
13219	58
13219	920
13219	922
13219	3813
13219	13219
13219	13295
13220	58
13220	920
13220	922
13220	3813
13220	8293
13220	13220
13220	13295
13221	58
13221	920
13221	922
13221	3813
13221	13221
13221	13295
13221	38778
13222	58
13222	920
13222	922
13222	3813
13222	13222
13222	13295
13222	38779
13223	58
13223	920
13223	922
13223	3813
13223	13223
13223	13295
13223	38780
13223	38781
13224	58
13224	920
13224	922
13224	3813
13224	13224
13224	13295
13224	38782
13225	58
13225	920
13225	922
13225	3813
13225	13225
13225	13295
13225	38783
13226	58
13226	920
13226	922
13226	3813
13226	13226
13226	13295
13226	38784
13227	58
13227	920
13227	922
13227	3813
13227	13227
13227	13295
13228	58
13228	920
13228	922
13228	3813
13228	13228
13228	13295
13228	38678
13229	58
13229	920
13229	922
13229	3813
13229	13229
13229	13295
13229	38785
13230	58
13230	920
13230	922
13230	3813
13230	13230
13230	13295
13231	58
13231	920
13231	922
13231	3813
13231	13231
13231	13295
13231	38786
13232	58
13232	920
13232	922
13232	3813
13232	13232
13232	13295
13232	38787
13233	58
13233	920
13233	922
13233	3813
13233	13233
13233	13295
13234	58
13234	920
13234	922
13234	3813
13234	13234
13234	13295
13235	58
13235	920
13235	922
13235	3813
13235	13235
13235	13271
13235	13295
13236	58
13236	920
13236	922
13236	3813
13236	13236
13236	13295
13237	58
13237	920
13237	922
13237	3408
13237	3813
13237	13237
13237	13295
13238	58
13238	922
13238	3813
13238	13238
13239	58
13239	920
13239	922
13239	3813
13239	13239
13239	13295
13240	58
13240	920
13240	922
13240	3813
13240	8284
13240	13240
13240	13295
13241	58
13241	920
13241	922
13241	3813
13241	13241
13241	13295
13242	58
13242	920
13242	922
13242	3813
13242	13242
13242	13295
13243	58
13243	920
13243	922
13243	3813
13243	13243
13243	13295
13244	58
13244	920
13244	922
13244	3813
13244	13244
13244	13295
13245	58
13245	920
13245	922
13245	3813
13245	13245
13245	13295
13246	58
13246	920
13246	922
13246	3813
13246	13246
13246	13295
13247	58
13247	862
13247	920
13247	922
13247	3813
13247	7632
13247	7638
13247	8305
13247	8310
13247	8320
13247	11661
13247	13247
13247	13295
13247	16387
13247	18687
13247	19557
13247	19570
13247	27736
13247	27782
13247	31195
13247	38788
13247	38789
13247	38790
13247	38791
13247	38792
13247	38793
13247	38794
13247	38795
13247	38796
13247	38797
13247	38798
13247	38799
13247	38800
13247	38801
13247	38802
13247	38803
13247	38804
13247	38805
13247	38806
13247	38807
13247	38808
13247	38809
13247	38810
13247	38811
13247	38812
13247	38813
13247	38814
13247	38815
13247	38816
13247	38817
13247	38818
13247	38819
13247	38820
13247	38821
13248	58
13248	920
13248	922
13248	3813
13248	13248
13248	13295
13249	58
13249	920
13249	922
13249	3813
13249	13249
13249	13295
13250	58
13250	920
13250	922
13250	3813
13250	13250
13250	13295
13250	22743
13251	58
13251	920
13251	922
13251	3813
13251	13251
13251	13295
13252	58
13252	920
13252	922
13252	3813
13252	13252
13252	13295
13253	58
13253	920
13253	922
13253	3813
13253	13253
13253	13295
13253	19570
13254	58
13254	920
13254	922
13254	3813
13254	13254
13254	13295
13255	58
13255	920
13255	922
13255	3813
13255	13255
13255	13295
13256	58
13256	920
13256	922
13256	3813
13256	13256
13256	13295
13257	58
13257	920
13257	922
13257	3813
13257	13257
13257	13295
13258	58
13258	920
13258	922
13258	3813
13258	13258
13258	13295
13259	58
13259	920
13259	922
13259	3813
13259	13259
13259	13295
13260	58
13260	920
13260	922
13260	3813
13260	13260
13260	13295
13261	58
13261	920
13261	922
13261	3813
13261	13261
13261	13295
13262	58
13262	920
13262	922
13262	3813
13262	13262
13262	13295
13263	58
13263	920
13263	922
13263	3813
13263	13263
13263	13295
13264	58
13264	920
13264	922
13264	3813
13264	13264
13264	13295
13265	58
13265	920
13265	922
13265	3813
13265	13265
13265	13295
13266	58
13266	920
13266	922
13266	3813
13266	13266
13266	13295
13267	58
13267	920
13267	922
13267	3813
13267	13267
13267	13295
13268	58
13268	920
13268	922
13268	3813
13268	13268
13268	13295
13269	58
13269	920
13269	922
13269	3813
13269	13269
13269	13295
13270	58
13270	920
13270	922
13270	3813
13270	13270
13270	13295
13271	58
13271	920
13271	922
13271	3813
13271	13271
13271	13295
13272	58
13272	920
13272	922
13272	3813
13272	13272
13272	13295
13273	58
13273	920
13273	922
13273	3813
13273	13273
13273	13295
13274	58
13274	920
13274	922
13274	3813
13274	13274
13274	13295
13275	58
13275	920
13275	922
13275	3813
13275	13275
13275	13295
13276	58
13276	920
13276	922
13276	3813
13276	13276
13276	13295
13276	38822
13276	38823
13276	38824
13276	38825
13276	38826
13276	38827
13276	38828
13276	38829
13276	38830
13277	58
13277	920
13277	13277
13277	13295
13277	38831
13278	58
13278	920
13278	922
13278	3813
13278	13277
13278	13278
13278	13295
13287	58
13287	59
13287	63
13287	920
13287	922
13287	3813
13287	13287
13287	13289
13287	13290
13287	13291
13287	13292
13287	13293
13287	38832
13288	58
13288	59
13288	63
13288	920
13288	922
13288	3813
13288	13287
13288	13288
13288	13289
13288	13290
13288	13291
13288	13292
13288	13293
13288	38833
13288	38834
13289	58
13289	59
13289	63
13289	920
13289	922
13289	3813
13289	13289
13289	13290
13289	13291
13289	13292
13289	13293
13290	58
13290	59
13290	63
13290	920
13290	922
13290	3813
13290	13289
13290	13290
13290	13291
13290	13292
13290	13293
13291	58
13291	59
13291	63
13291	920
13291	922
13291	3813
13291	13289
13291	13290
13291	13291
13291	13292
13291	13293
13292	58
13292	59
13292	63
13292	920
13292	922
13292	3813
13292	13289
13292	13290
13292	13291
13292	13292
13292	13293
13293	58
13293	59
13293	63
13293	920
13293	922
13293	3813
13293	13289
13293	13290
13293	13291
13293	13292
13293	13293
13294	58
13294	920
13294	922
13294	3636
13294	8302
13294	11643
13294	11645
13294	11655
13294	11664
13294	12674
13294	13294
13294	14315
13294	16396
13294	17205
13294	17789
13294	18082
13294	18425
13294	18539
13294	18777
13294	19829
13294	19858
13294	22052
13294	22591
13294	23032
13294	23960
13294	24625
13294	27744
13294	29121
13294	31197
13294	32905
13294	33381
13294	33388
13294	33471
13294	35791
13294	35826
13294	36033
13294	36037
13294	37300
13294	37301
13294	38607
13294	38608
13294	38609
13294	38610
13294	38611
13294	38612
13294	38613
13294	38614
13294	38615
13294	38616
13294	38617
13294	38618
13294	38619
13294	38620
13294	38621
13294	38622
13294	38623
13294	38624
13294	38625
13294	38626
13294	38627
13294	38628
13294	38629
13294	38630
13294	38631
13294	38632
13294	38633
13294	38634
13294	38635
13294	38636
13294	38637
13294	38638
13294	38639
13294	38640
13294	38641
13294	38642
13294	38643
13294	38644
13294	38645
13294	38646
13294	38647
13294	38648
13294	38649
13294	38650
13294	38651
13294	38652
13294	38653
13294	38654
13294	38655
13294	38656
13294	38657
13294	38658
13294	38659
13294	38660
13294	38661
13294	38662
13294	38663
13294	38664
13294	38665
13294	38666
13294	38667
13294	38668
13294	38669
13294	38670
13294	38671
13294	38672
13294	38673
13294	38674
13294	38675
13294	38676
13294	38677
13294	38678
13294	38679
13294	38680
13294	38681
13294	38682
13294	38683
13294	38684
13294	38685
13294	38686
13294	38687
13294	38688
13294	38689
13294	38690
13294	38691
13294	38692
13294	38693
13294	38694
13294	38695
13294	38696
13294	38697
13294	38698
13294	38699
13294	38700
13294	38701
13294	38702
13294	38703
13294	38704
13294	38705
13294	38706
13294	38707
13294	38708
13294	38709
13294	38710
13294	38711
13294	38712
13294	38713
13294	38714
13294	38715
13294	38716
13294	38717
13294	38718
13294	38719
13294	38720
13294	38721
13294	38722
13294	38723
13294	38724
13294	38725
13294	38726
13294	38727
13294	38728
13294	38729
13294	38730
13294	38731
13294	38732
13294	38733
13294	38734
13294	38735
13294	38736
13294	38737
13294	38738
13294	38739
13294	38740
13294	38741
13294	38742
13294	38743
13294	38744
13294	38745
13294	38746
13294	38747
13294	38748
13294	38749
13294	38750
13294	38751
13294	38752
13294	38753
13294	38754
13294	38755
13294	38756
13294	38757
13294	38758
13294	38759
13294	38760
13294	38761
13294	38762
13294	38763
13294	38764
13294	38765
13294	38766
13294	38767
13294	38768
13295	58
13295	920
13295	922
13295	12965
13295	13295
13296	58
13296	920
13296	927
13296	3814
13296	12965
13296	13296
13297	58
13297	920
13297	927
13297	3814
13297	12965
13297	13297
13298	58
13298	206
13298	920
13298	927
13298	3815
13298	12965
13298	13298
13298	38835
13299	58
13299	920
13299	927
13299	3815
13299	11883
13299	12965
13299	13299
13300	58
13300	207
13300	920
13300	927
13300	3815
13300	12965
13300	13300
13301	58
13301	920
13301	927
13301	3815
13301	12965
13301	13301
13302	58
13302	920
13302	927
13302	3815
13302	12965
13302	13302
13303	58
13303	691
13303	741
13303	790
13303	795
13303	920
13303	927
13303	3815
13303	11883
13303	12965
13303	13303
13304	58
13304	920
13304	927
13304	3815
13304	12965
13304	13304
13305	58
13305	920
13305	927
13305	3815
13305	12965
13305	13305
13306	58
13306	920
13306	927
13306	12964
13306	13306
13307	38836
13307	38837
13307	38838
13308	0
13308	862
13308	863
13308	31601
13308	38839
13308	38840
13308	38841
13308	38842
13308	38843
13308	38844
13308	38845
13308	38846
13308	38847
13309	58
13309	920
13309	927
13309	3816
13309	12965
13309	13309
13310	58
13310	920
13310	927
13310	1662
13310	3816
13310	12965
13310	13310
13311	58
13311	920
13311	927
13311	3816
13311	12965
13311	13311
13311	13313
13312	58
13312	169
13312	920
13312	927
13312	3816
13312	12965
13312	13312
13312	38848
13313	58
13313	920
13313	927
13313	1962
13313	12965
13313	13313
13313	38849
13313	38850
13314	0
13314	191
13314	201
13314	1222
13314	1662
13314	3677
13314	3751
13314	12932
13314	12933
13314	12935
13314	12936
13314	12939
13314	12940
13314	12944
13314	12945
13314	12946
13314	13314
13314	13605
13314	35166
13314	35225
13314	35233
13314	35234
13314	35313
13314	38851
13315	58
13315	920
13315	927
13315	3817
13315	12965
13315	13315
13316	58
13316	920
13316	927
13316	3817
13316	12965
13316	13316
13317	58
13317	920
13317	927
13317	3817
13317	12965
13317	13317
13317	13351
13317	38852
13317	38853
13317	38854
13317	38855
13317	38856
13318	58
13318	920
13318	927
13318	3818
13318	12965
13318	13318
13318	38857
13319	58
13319	920
13319	927
13319	3818
13319	12965
13319	13319
13319	38858
13320	58
13320	920
13320	927
13320	3818
13320	12965
13320	13320
13321	58
13321	920
13321	927
13321	3818
13321	12965
13321	13321
13322	58
13322	920
13322	927
13322	3819
13322	12965
13322	13322
13323	58
13323	920
13323	927
13323	3819
13323	12965
13323	13323
13323	38779
13324	58
13324	920
13324	927
13324	3636
13324	8302
13324	11643
13324	11645
13324	11655
13324	11664
13324	12674
13324	13324
13324	14315
13324	16396
13324	17205
13324	17789
13324	18082
13324	18425
13324	18539
13324	18777
13324	19829
13324	19858
13324	22052
13324	22591
13324	23032
13324	23960
13324	24625
13324	27744
13324	29121
13324	31197
13324	32905
13324	33381
13324	33388
13324	33471
13324	35791
13324	35826
13324	36033
13324	36037
13324	37300
13324	37301
13324	38607
13324	38608
13324	38609
13324	38610
13324	38611
13324	38612
13324	38613
13324	38614
13324	38615
13324	38616
13324	38617
13324	38618
13324	38619
13324	38620
13324	38621
13324	38622
13324	38623
13324	38624
13324	38625
13324	38626
13324	38627
13324	38628
13324	38629
13324	38630
13324	38631
13324	38632
13324	38633
13324	38634
13324	38635
13324	38636
13324	38637
13324	38638
13324	38639
13324	38640
13324	38641
13324	38642
13324	38643
13324	38644
13324	38645
13324	38646
13324	38647
13324	38648
13324	38649
13324	38650
13324	38651
13324	38652
13324	38653
13324	38654
13324	38655
13324	38656
13324	38657
13324	38658
13324	38659
13324	38660
13324	38661
13324	38662
13324	38663
13324	38664
13324	38665
13324	38666
13324	38667
13324	38668
13324	38669
13324	38670
13324	38671
13324	38672
13324	38673
13324	38674
13324	38675
13324	38676
13324	38677
13324	38678
13324	38679
13324	38680
13324	38681
13324	38682
13324	38683
13324	38684
13324	38685
13324	38686
13324	38687
13324	38688
13324	38689
13324	38690
13324	38691
13324	38692
13324	38693
13324	38694
13324	38695
13324	38696
13324	38697
13324	38698
13324	38699
13324	38700
13324	38701
13324	38702
13324	38703
13324	38704
13324	38705
13324	38706
13324	38707
13324	38708
13324	38709
13324	38710
13324	38711
13324	38712
13324	38713
13324	38714
13324	38715
13324	38716
13324	38717
13324	38718
13324	38719
13324	38720
13324	38721
13324	38722
13324	38723
13324	38724
13324	38725
13324	38726
13324	38727
13324	38728
13324	38729
13324	38730
13324	38731
13324	38732
13324	38733
13324	38734
13324	38735
13324	38736
13324	38737
13324	38738
13324	38739
13324	38740
13324	38741
13324	38742
13324	38743
13324	38744
13324	38745
13324	38746
13324	38747
13324	38748
13324	38749
13324	38750
13324	38751
13324	38752
13324	38753
13324	38754
13324	38755
13324	38756
13324	38757
13324	38758
13324	38759
13324	38760
13324	38761
13324	38762
13324	38763
13324	38764
13324	38765
13324	38766
13324	38767
13324	38768
13325	58
13325	920
13325	927
13325	3820
13325	12965
13325	13325
13326	58
13326	146
13326	149
13326	920
13326	927
13326	3820
13326	12965
13326	13326
13326	38859
13326	38860
13326	38861
13326	38862
13327	58
13327	920
13327	927
13327	3820
13327	12965
13327	13327
13328	58
13328	920
13328	927
13328	3820
13328	12965
13328	13328
13329	58
13329	920
13329	927
13329	3821
13329	12965
13329	13329
13330	58
13330	920
13330	927
13330	3821
13330	12965
13330	13330
13330	38863
13330	38864
13330	38865
13330	38866
13330	38867
13330	38868
13331	58
13331	920
13331	927
13331	3822
13331	12965
13331	13331
13332	58
13332	920
13332	927
13332	3822
13332	12965
13332	13332
13332	13342
13333	58
13333	920
13333	927
13333	3822
13333	12965
13333	13333
13333	13342
13334	58
13334	920
13334	927
13334	3822
13334	12965
13334	13334
13334	13343
13335	58
13335	920
13335	927
13335	3822
13335	12965
13335	13335
13336	58
13336	920
13336	927
13336	3822
13336	12965
13336	13336
13336	37921
13336	38869
13336	38870
13336	38871
13336	38872
13337	58
13337	920
13337	927
13337	3822
13337	12965
13337	13337
13337	38873
13337	38874
13337	38875
13337	38876
13338	58
13338	920
13338	927
13338	3822
13338	12965
13338	13338
13338	38852
13338	38854
13338	38855
13339	58
13339	920
13339	927
13339	3822
13339	12965
13339	13339
13340	58
13340	920
13340	927
13340	3822
13340	12965
13340	13340
13341	58
13341	920
13341	927
13341	12964
13341	13341
13342	58
13342	920
13342	927
13342	12965
13342	13342
13342	38769
13342	38770
13342	38771
13342	38772
13342	38773
13342	38774
13342	38775
13342	38776
13342	38777
13343	58
13343	920
13343	927
13343	12965
13343	13343
13344	58
13344	920
13344	927
13344	3823
13344	12965
13344	13344
13345	58
13345	920
13345	927
13345	3823
13345	12965
13345	13345
13346	58
13346	920
13346	927
13346	3823
13346	12965
13346	13346
13347	58
13347	920
13347	927
13347	3823
13347	12965
13347	13347
13348	58
13348	920
13348	927
13348	3823
13348	12965
13348	13348
13348	32389
13349	58
13349	920
13349	927
13349	3823
13349	12965
13349	13349
13350	58
13350	920
13350	927
13350	3823
13350	12965
13350	13350
13351	58
13351	920
13351	927
13351	12965
13351	13351
13352	954
13352	11661
13353	954
13353	38877
13354	954
13354	8310
13354	13354
13354	13774
13354	16252
13354	38808
13354	38878
13354	38879
13354	38880
13354	38881
13354	38882
13354	38883
13354	38884
13354	38885
13354	38886
13354	38887
13354	38888
13354	38889
13354	38890
13354	38891
13354	38892
13354	38893
13354	38894
13354	38895
13354	38896
13354	38897
13354	38898
13354	38899
13354	38900
13354	38901
13354	38902
13354	38903
13354	38904
13354	38905
13354	38906
13354	38907
13354	38908
13354	38909
13354	38910
13354	38911
13354	38912
13354	38913
13354	38914
13354	38915
13354	38916
13355	0
13355	3832
13355	13352
13355	13353
13355	13354
13355	13356
13356	0
13356	3832
13356	13352
13356	13353
13356	13354
13356	13355
13356	38917
13358	13434
13358	13436
13358	13591
13358	38918
13363	3836
13363	3840
13363	38919
13363	38920
13363	38921
13363	38922
13367	64
13367	75
13367	76
13367	974
13367	975
13367	976
13367	977
13367	978
13376	957
13376	3455
13376	3851
13376	3852
13376	3853
13376	13376
13376	13377
13376	13378
13376	13386
13376	38923
13377	957
13377	3455
13377	3851
13377	3852
13377	3853
13377	13376
13377	13377
13377	38924
13377	38925
13377	38926
13377	38927
13378	957
13378	3455
13378	3851
13378	3852
13378	3853
13378	13378
13379	957
13379	3455
13379	3851
13379	3852
13379	3853
13379	13379
13380	957
13380	3455
13380	3851
13380	3852
13380	3853
13381	957
13381	3455
13381	3851
13381	3852
13381	3853
13381	13381
13381	38928
13382	957
13382	3455
13382	3851
13382	3852
13382	3853
13383	957
13383	3455
13383	3851
13383	3852
13383	3853
13384	957
13384	3455
13384	3851
13384	3852
13384	3853
13384	13384
13384	38929
13384	38930
13384	38931
13384	38932
13384	38933
13384	38934
13384	38935
13384	38936
13385	957
13385	1330
13385	3269
13385	3455
13385	3851
13385	3852
13385	3853
13385	6790
13385	7085
13385	7086
13385	7440
13385	7612
13385	7830
13385	7835
13385	7838
13385	7839
13385	11720
13385	12671
13385	13384
13385	16244
13385	16342
13385	20012
13385	21336
13385	38937
13385	38938
13385	38939
13385	38940
13385	38941
13385	38942
13385	38943
13385	38944
13385	38945
13385	38946
13386	957
13386	3455
13386	3851
13386	3852
13386	3853
13386	13381
13386	13384
13386	38947
13386	38948
13386	38949
13386	38950
13386	38951
13386	38952
13386	38953
13386	38954
13386	38955
13386	38956
13387	957
13387	3455
13387	3851
13387	3852
13387	3853
13388	957
13388	3455
13388	3851
13388	3852
13388	3853
13389	957
13389	3455
13389	3851
13389	3852
13389	3853
13389	38957
13389	38958
13389	38959
13389	38960
13389	38961
13389	38962
13389	38963
13390	957
13390	3455
13390	3851
13390	3852
13390	3853
13391	957
13391	3455
13391	3851
13391	3852
13391	3853
13391	38957
13391	38960
13391	38964
13391	38965
13392	957
13392	3455
13392	3851
13392	3852
13392	3853
13393	957
13393	966
13393	3455
13393	3851
13393	3852
13393	3853
13393	38957
13393	38960
13393	38966
13393	38967
13394	957
13394	3455
13394	3851
13394	3852
13394	3853
13394	13394
13395	13395
13396	13396
13397	13397
13398	13398
13399	13399
13400	13400
13406	0
13406	64
13406	959
13406	3912
13406	38968
13406	38969
13406	38970
13406	38971
13407	0
13407	64
13407	959
13407	3912
13407	38972
13409	0
13409	64
13409	959
13409	3912
13409	38973
13411	0
13411	64
13411	959
13411	3912
13411	38974
13412	0
13412	64
13412	959
13412	3912
13412	38975
13414	0
13414	64
13414	959
13414	3912
13414	38976
13415	0
13415	64
13415	959
13415	3912
13415	38977
13416	0
13416	64
13416	959
13416	3912
13416	38978
13417	0
13417	64
13417	959
13417	3912
13417	38979
13421	0
13421	64
13421	959
13421	3912
13421	38980
13422	0
13422	64
13422	959
13422	3912
13422	38981
13424	64
13424	3912
13425	0
13425	64
13425	959
13425	3912
13425	38982
13426	0
13426	64
13426	959
13426	3912
13426	38983
13427	0
13427	64
13427	959
13427	3912
13427	38984
13429	0
13429	64
13429	959
13429	3912
13429	38985
13430	0
13430	64
13430	959
13430	3912
13430	38986
13431	0
13431	64
13431	959
13431	3912
13431	38987
13433	64
13433	1518
13433	3912
13434	0
13434	64
13434	959
13434	3912
13434	38988
13436	0
13436	64
13436	959
13436	3912
13436	38989
13438	0
13438	64
13438	959
13438	3912
13438	38990
13439	0
13439	64
13439	959
13439	3912
13439	38991
13440	0
13440	64
13440	959
13440	3912
13440	38992
13441	0
13441	64
13441	959
13441	3912
13441	38993
13442	0
13442	64
13442	959
13442	3912
13442	38994
13443	0
13443	64
13443	959
13443	3912
13443	38995
13444	0
13444	64
13444	959
13444	3912
13444	38996
13445	0
13445	64
13445	959
13445	3912
13445	38997
13446	0
13446	64
13446	959
13446	3912
13446	38998
13450	0
13450	64
13450	959
13450	3912
13450	38999
13451	0
13451	64
13451	959
13451	3912
13451	39000
13452	64
13452	3912
13452	39001
13453	0
13453	64
13453	959
13453	3912
13453	39002
13454	0
13454	64
13454	959
13454	3912
13454	39003
13458	64
13458	3870
13458	3890
13458	3899
13458	13463
13458	13494
13458	13499
13458	13500
13458	13501
13458	13502
13458	13503
13458	13504
13458	13505
13458	13506
13458	39004
13458	39005
13459	64
13459	3870
13459	3899
13459	13458
13459	13495
13460	64
13460	3870
13460	3899
13460	13458
13460	13495
13461	64
13461	962
13461	3870
13461	3873
13461	3891
13461	3892
13461	3893
13461	3894
13461	3895
13461	3896
13461	3897
13461	3898
13461	3899
13461	13462
13461	39004
13461	39006
13461	39007
13461	39008
13461	39009
13461	39010
13461	39011
13461	39012
13462	64
13462	962
13462	3870
13462	3871
13462	3874
13462	3875
13462	3876
13462	3877
13462	3878
13462	3879
13462	3880
13462	3881
13462	3883
13462	3884
13462	3885
13462	3886
13462	3887
13462	3888
13462	3889
13462	3890
13462	3891
13462	3892
13462	3893
13462	3894
13462	3895
13462	3896
13462	3897
13462	3898
13462	3899
13462	13464
13463	64
13463	3871
13463	3890
13463	3899
13463	13458
13463	13465
13463	13494
13463	13499
13463	13500
13463	13501
13463	13502
13463	13503
13463	13504
13463	13505
13463	13506
13463	39005
13464	64
13464	962
13464	3873
13464	3891
13464	3899
13464	13461
13464	13462
13464	39005
13464	39013
13464	39014
13464	39015
13464	39016
13464	39017
13464	39018
13465	64
13465	3872
13465	3890
13465	3899
13465	13458
13465	13463
13465	13494
13465	13499
13465	13500
13465	13501
13465	13502
13465	13503
13465	13504
13465	13505
13465	13506
13465	39019
13466	64
13466	3872
13466	3877
13466	3899
13466	13465
13467	64
13467	3872
13467	3877
13467	3899
13467	13465
13468	64
13468	3872
13468	3877
13468	3899
13468	13465
13469	64
13469	3872
13469	3877
13469	3899
13469	13465
13470	64
13470	3872
13470	3877
13470	3899
13470	13465
13471	64
13471	3872
13471	3877
13471	3899
13471	13465
13472	64
13472	3872
13472	3877
13472	3899
13472	13465
13473	64
13473	3872
13473	3877
13473	3899
13473	13465
13474	64
13474	3872
13474	3877
13474	3899
13474	13465
13475	64
13475	3873
13475	3899
13475	13494
13475	13495
13475	13498
13476	64
13476	3873
13476	3899
13476	13494
13476	13495
13477	64
13477	3873
13477	3899
13477	13494
13477	13495
13478	64
13478	3873
13478	3899
13478	13494
13478	13495
13479	64
13479	3873
13479	3899
13479	13494
13479	13495
13480	64
13480	3873
13480	3899
13480	13494
13480	13495
13481	64
13481	3873
13481	3899
13481	13494
13481	13495
13482	64
13482	3873
13482	3899
13482	13494
13482	13495
13483	64
13483	3873
13483	3899
13483	13494
13483	13495
13484	64
13484	3873
13484	3899
13484	13494
13484	13495
13485	64
13485	3873
13485	3899
13485	13494
13485	13495
13486	64
13486	3873
13486	3899
13486	13494
13486	13495
13487	64
13487	3873
13487	3899
13487	13494
13487	13495
13488	64
13488	3873
13488	3899
13488	13494
13488	13495
13489	64
13489	3873
13489	3899
13489	13494
13489	13495
13490	64
13490	3873
13490	3899
13490	13494
13490	13495
13491	64
13491	3873
13491	3899
13491	13494
13491	13495
13492	64
13492	3873
13492	3899
13492	13494
13492	13495
13493	64
13493	3873
13493	3899
13493	13494
13493	13495
13494	0
13494	64
13494	962
13494	3890
13494	3899
13494	13458
13494	13463
13494	13475
13494	13489
13494	13490
13494	13499
13494	13500
13494	13501
13494	13502
13494	13503
13494	13504
13494	13505
13494	13506
13494	39005
13495	64
13495	962
13495	3899
13495	39005
13497	64
13497	962
13497	3899
13497	13491
13497	13494
13499	64
13499	3890
13499	3891
13499	3899
13499	13458
13499	13494
13499	13500
13499	13501
13499	13502
13499	13503
13499	13504
13499	13505
13499	13506
13499	39004
13499	39005
13499	39020
13500	64
13500	3890
13500	3892
13500	3899
13500	13458
13500	13494
13500	13499
13500	13501
13500	13502
13500	13503
13500	13504
13500	13505
13500	13506
13500	39004
13500	39005
13501	64
13501	3890
13501	3893
13501	3899
13501	13458
13501	13494
13501	13499
13501	13500
13501	13502
13501	13503
13501	13504
13501	13505
13501	13506
13501	39004
13501	39005
13502	64
13502	3890
13502	3894
13502	3899
13502	13458
13502	13494
13502	13499
13502	13500
13502	13501
13502	13503
13502	13504
13502	13505
13502	13506
13502	39004
13502	39005
13503	64
13503	3890
13503	3895
13503	3899
13503	13458
13503	13494
13503	13499
13503	13500
13503	13501
13503	13502
13503	13504
13503	13505
13503	13506
13503	39004
13503	39005
13504	64
13504	3890
13504	3896
13504	3899
13504	13458
13504	13494
13504	13499
13504	13500
13504	13501
13504	13502
13504	13503
13504	13505
13504	13506
13504	39004
13504	39005
13505	64
13505	3890
13505	3897
13505	3899
13505	13458
13505	13494
13505	13499
13505	13500
13505	13501
13505	13502
13505	13503
13505	13504
13505	13506
13505	39004
13505	39005
13506	64
13506	3890
13506	3898
13506	3899
13506	13458
13506	13494
13506	13499
13506	13500
13506	13501
13506	13502
13506	13503
13506	13504
13506	13505
13506	39004
13506	39005
13507	64
13507	3891
13507	3899
13507	13495
13507	13499
13508	64
13508	3891
13508	3899
13508	13495
13508	13499
13509	64
13509	3891
13509	3899
13509	13495
13509	13499
13510	64
13510	3891
13510	3899
13510	13495
13510	13499
13511	64
13511	3891
13511	3899
13511	13495
13511	13499
13512	64
13512	3891
13512	3899
13512	13495
13512	13499
13513	64
13513	3891
13513	3899
13513	13495
13513	13499
13514	64
13514	3891
13514	3899
13514	13495
13514	13499
13515	64
13515	3891
13515	3899
13515	13495
13515	13499
13516	64
13516	3891
13516	3899
13516	13495
13516	13499
13517	64
13517	3891
13517	3899
13517	13495
13517	13499
13518	64
13518	3891
13518	3899
13518	13495
13518	13499
13519	64
13519	3891
13519	3899
13519	13495
13519	13499
13520	64
13520	3891
13520	3899
13520	13495
13520	13499
13521	64
13521	3891
13521	3899
13521	13495
13521	13499
13521	39020
13522	64
13522	3891
13522	3899
13522	13495
13522	13499
13522	39020
13523	64
13523	3891
13523	3899
13523	13495
13523	13499
13524	64
13524	3892
13524	3899
13524	13495
13524	13500
13525	64
13525	3892
13525	3899
13525	13495
13525	13500
13526	64
13526	3892
13526	3899
13526	13495
13526	13500
13527	64
13527	3892
13527	3899
13527	13495
13527	13500
13528	64
13528	3892
13528	3899
13528	13495
13528	13500
13529	64
13529	3892
13529	3899
13529	13495
13529	13500
13530	64
13530	3894
13530	3899
13530	13495
13530	13502
13531	64
13531	3894
13531	3899
13531	13495
13531	13502
13532	64
13532	3894
13532	3899
13532	13495
13532	13502
13533	64
13533	3894
13533	3899
13533	13495
13533	13502
13534	64
13534	3895
13534	3899
13534	13495
13534	13503
13535	64
13535	3895
13535	3899
13535	13495
13535	13503
13536	64
13536	3895
13536	3899
13536	13495
13536	13503
13537	64
13537	3896
13537	3899
13537	13495
13537	13504
13538	64
13538	3896
13538	3899
13538	13495
13538	13504
13539	64
13539	3896
13539	3899
13539	13495
13539	13504
13540	64
13540	3896
13540	3899
13540	13495
13540	13504
13541	64
13541	3896
13541	3899
13541	13495
13541	13504
13542	64
13542	3896
13542	3899
13542	13495
13542	13504
13543	64
13543	3896
13543	3899
13543	13495
13543	13504
13544	64
13544	3896
13544	3899
13544	13495
13544	13504
13545	64
13545	3896
13545	3899
13545	13495
13545	13504
13546	64
13546	3896
13546	3899
13546	13495
13546	13504
13547	64
13547	3896
13547	3899
13547	13495
13547	13504
13548	64
13548	3896
13548	3899
13548	13495
13548	13504
13549	64
13549	3897
13549	3899
13549	13495
13549	13505
13550	64
13550	3897
13550	3899
13550	13495
13550	13505
13551	64
13551	3897
13551	3899
13551	13495
13551	13505
13552	64
13552	3897
13552	3899
13552	13495
13552	13505
13553	64
13553	3898
13553	3899
13553	13495
13553	13506
13554	64
13554	3898
13554	3899
13554	13495
13554	13506
13555	64
13555	3898
13555	3899
13555	13495
13555	13506
13556	64
13556	3898
13556	3899
13556	13495
13556	13506
13557	64
13557	3898
13557	3899
13557	13495
13557	13506
13558	64
13558	3898
13558	3899
13558	13495
13558	13506
13559	64
13559	3898
13559	3899
13559	13495
13559	13506
13560	64
13560	3898
13560	3899
13560	13495
13560	13506
13561	64
13561	3898
13561	3899
13561	13495
13561	13506
13562	64
13562	3898
13562	3899
13562	13495
13562	13506
13563	64
13563	3898
13563	3899
13563	13495
13563	13506
13564	64
13564	3898
13564	3899
13564	13495
13564	13506
13565	64
13565	3898
13565	3899
13565	13495
13565	13506
13569	0
13569	64
13569	959
13569	3912
13569	39021
13570	0
13570	64
13570	959
13570	3912
13570	39022
13571	0
13571	64
13571	959
13571	3912
13571	39023
13572	64
13572	3912
13573	0
13573	64
13573	959
13573	3912
13573	39024
13574	0
13574	64
13574	959
13574	3912
13574	39025
13575	0
13575	64
13575	959
13575	3912
13575	39026
13576	0
13576	64
13576	959
13576	3912
13576	39027
13577	0
13577	64
13577	959
13577	3912
13577	39028
13578	0
13578	64
13578	959
13578	3912
13578	39029
13579	0
13579	64
13579	959
13579	3912
13579	39030
13580	0
13580	64
13580	959
13580	3912
13580	39031
13581	0
13581	64
13581	959
13581	3912
13581	39032
13582	0
13582	64
13582	959
13582	3912
13582	39033
13583	0
13583	64
13583	959
13583	3912
13583	39034
13583	39035
13584	0
13584	64
13584	959
13584	3912
13584	39036
13585	64
13585	3912
13585	27740
13585	39037
13586	64
13586	3912
13587	0
13587	64
13587	959
13587	3912
13587	39038
13588	0
13588	64
13588	959
13588	3912
13588	39039
13589	0
13589	64
13589	959
13589	3912
13589	39040
13590	0
13590	64
13590	959
13590	3912
13590	39041
13591	0
13591	64
13591	959
13591	3912
13591	39042
13592	0
13592	64
13592	959
13592	3912
13592	39043
13593	0
13593	64
13593	959
13593	3912
13593	39044
13594	64
13594	3912
13595	0
13595	64
13595	959
13595	3912
13595	39045
13596	64
13596	3912
13597	0
13597	64
13597	959
13597	3912
13597	39046
13598	0
13598	64
13598	959
13598	3912
13598	39047
13599	1901
13599	39048
13599	39049
13599	39050
13599	39051
13600	1901
13600	39052
13600	39053
13600	39054
13601	3917
13602	3917
13603	3917
13604	3917
13606	24895
13606	24896
13607	13607
13608	4
13608	55
13608	186
13608	1093
13608	1672
13608	1718
13608	1719
13608	1721
13608	1877
13608	1946
13608	1949
13608	1951
13608	1952
13608	1953
13608	1955
13608	1968
13608	3026
13608	3184
13608	4163
13608	7051
13608	7113
13608	7888
13608	11161
13608	11471
13608	11472
13608	11830
13608	13903
13608	15530
13608	16946
13608	16947
13608	18015
13608	18164
13608	19463
13608	20903
13608	22451
13608	23483
13608	24096
13608	24896
13608	24991
13608	25218
13608	25341
13608	25359
13608	25367
13608	34283
13608	36223
13608	39055
13608	39056
13608	39057
13608	39058
13609	39059
13609	39060
13609	39061
13609	39062
13609	39063
13609	39064
13609	39065
13609	39066
13610	156
13610	1117
13610	39067
13610	39068
13611	11138
13611	39069
13611	39070
13611	39071
13611	39072
13611	39073
13611	39074
13611	39075
13611	39076
13611	39077
13611	39078
13611	39079
13612	36223
13612	39080
13612	39081
13612	39082
13612	39083
13612	39084
13612	39085
13612	39086
13612	39087
13612	39088
13612	39089
13612	39090
13612	39091
13612	39092
13612	39093
13612	39094
13613	39095
13613	39096
13614	10180
13614	26074
13614	26098
13614	26188
13614	26241
13614	39097
13615	138
13615	11138
13615	39069
13615	39070
13615	39071
13615	39072
13615	39073
13615	39074
13615	39075
13615	39076
13615	39077
13615	39078
13615	39079
13616	13616
13617	0
13617	995
13617	1542
13618	0
13618	3941
13618	39098
13618	39099
13618	39100
13620	0
13620	107
13620	995
13621	0
13621	80
13621	995
13621	3939
13621	39101
13632	0
13632	678
13632	995
13632	1661
13632	3936
13632	3937
13632	3938
13632	3941
13633	0
13633	995
13633	26028
13634	3937
13634	24940
13635	1661
13635	39102
13636	0
13636	995
13636	39103
13636	39104
13636	39105
13637	1958
13637	3200
13637	3335
13637	3946
13637	3950
13638	147
13638	1037
13638	1153
13638	1518
13638	3269
13638	4156
13638	7444
13638	10298
13638	13640
13638	39106
13638	39107
13638	39108
13640	3945
13640	3948
13640	10298
13640	12283
13640	13638
13640	39106
13640	39107
13641	0
13641	997
13641	11869
13642	13687
13642	39109
13642	39110
13642	39111
13642	39112
13642	39113
13642	39114
13643	3951
13644	53
13644	3952
13644	39115
13645	997
13645	13646
13645	13654
13645	13658
13645	13659
13645	13710
13645	39116
13645	39117
13645	39118
13646	3947
13646	13654
13646	13655
13646	13659
13646	13710
13646	39116
13646	39118
13651	3946
13651	13644
13652	3946
13652	13644
13653	3946
13653	13644
13654	3946
13654	39117
13655	13646
13656	3200
13656	3952
13656	13656
13656	13661
13656	13711
13656	39119
13656	39120
13656	39121
13656	39122
13656	39123
13657	3950
13657	3952
13657	13657
13657	13662
13657	13711
13657	39124
13657	39125
13657	39126
13657	39127
13657	39128
13658	3946
13658	3952
13658	13702
13658	13703
13658	13704
13659	3946
13659	3952
13659	39129
13660	1958
13660	3952
13660	39130
13661	3200
13661	3952
13661	13656
13662	3950
13662	3952
13662	13657
13663	63
13663	3946
13663	3947
13663	3952
13663	13656
13663	13657
13663	13663
13663	13664
13663	13665
13663	13666
13663	13667
13663	13702
13663	13703
13663	13704
13663	13707
13663	13710
13663	32807
13663	36223
13663	36259
13663	39129
13664	3947
13664	3952
13664	13608
13664	13663
13664	13665
13664	13666
13664	13667
13664	39131
13665	3947
13665	3952
13665	13663
13665	13664
13665	13666
13665	13667
13666	3947
13666	3952
13666	13608
13666	13663
13666	13664
13666	13665
13666	13667
13667	3947
13667	3952
13667	13656
13667	13657
13667	13660
13667	13663
13667	13664
13667	13665
13667	13666
13667	13710
13667	13712
13668	12278
13668	26012
13669	6585
13669	12278
13670	10298
13670	11868
13670	11869
13670	11870
13686	13687
13686	39132
13686	39133
13687	0
13687	13642
13687	13662
13687	13687
13687	15489
13687	39134
13687	39135
13687	39136
13687	39137
13687	39138
13687	39139
13687	39140
13687	39141
13687	39142
13687	39143
13687	39144
13687	39145
13687	39146
13687	39147
13687	39148
13687	39149
13687	39150
13687	39151
13687	39152
13687	39153
13687	39154
13687	39155
13687	39156
13687	39157
13687	39158
13687	39159
13687	39160
13687	39161
13687	39162
13687	39163
13687	39164
13687	39165
13687	39166
13687	39167
13687	39168
13687	39169
13687	39170
13687	39171
13687	39172
13687	39173
13687	39174
13687	39175
13687	39176
13687	39177
13689	4122
13689	10298
13689	10308
13689	13643
13689	13691
13689	13692
13689	13694
13689	13695
13689	13697
13690	7115
13690	39178
13690	39179
13691	4122
13691	10298
13691	10308
13691	13643
13691	13690
13691	13692
13691	13694
13691	13695
13691	13697
13691	39180
13691	39181
13691	39182
13692	3951
13694	3951
13694	13994
13695	13643
13695	13691
13695	39183
13697	1017
13697	13691
13697	39184
13697	39185
13697	39186
13698	1958
13698	3952
13698	13698
13699	3335
13699	3952
13699	13699
13700	3200
13700	3952
13700	13700
13701	3950
13701	3952
13701	13701
13702	3952
13702	13658
13702	13702
13702	13714
13702	39187
13702	39188
13702	39189
13702	39190
13702	39191
13703	3952
13703	13658
13703	13703
13703	13714
13703	39192
13703	39193
13703	39194
13703	39195
13703	39196
13704	3952
13704	13658
13704	13704
13704	13714
13704	39197
13704	39198
13704	39199
13704	39200
13704	39201
13705	3952
13705	13705
13706	3946
13706	3952
13707	3952
13708	3947
13708	3952
13708	13708
13708	13711
13708	21303
13708	22218
13708	22451
13708	39202
13708	39203
13708	39204
13708	39205
13708	39206
13708	39207
13708	39208
13708	39209
13708	39210
13708	39211
13708	39212
13708	39213
13708	39214
13708	39215
13709	3952
13710	53
13710	3952
13710	13710
13711	3952
13711	13710
13712	3947
13712	3952
13712	13666
13712	13667
13713	3952
13714	3952
13714	13711
13714	13716
13715	3952
13715	13710
13715	13714
13715	13718
13716	3952
13716	39216
13716	39217
13716	39218
13716	39219
13717	3952
13718	3952
13718	13714
13718	13715
13744	0
13744	71
13744	1007
13744	3989
13745	0
13745	71
13745	1007
13745	3989
13802	0
13802	71
13802	13721
13802	13795
13802	13802
13802	13863
13802	39220
13810	0
13810	71
13810	1007
13810	3989
13829	0
13829	71
13829	1007
13829	3989
13830	0
13830	71
13830	1007
13830	3989
13831	0
13831	71
13831	1007
13831	3989
13832	0
13832	71
13832	1007
13832	3989
13833	13816
13842	39221
13844	0
13844	71
13844	1007
13844	3989
13845	0
13845	71
13845	950
13845	4014
13845	4015
13845	39222
13845	39223
13846	0
13846	71
13846	950
13846	1002
13846	1007
13846	13795
13846	13847
13846	13848
13846	13863
13846	13864
13846	13865
13846	13866
13846	13867
13846	13868
13858	71
13859	0
13859	71
13859	1007
13860	71
13861	71
13862	71
13869	0
13869	140
13870	0
13870	140
13871	0
13871	140
13872	0
13872	140
13873	0
13873	140
13874	0
13874	140
13875	0
13875	140
13876	0
13876	140
13877	0
13877	140
13879	0
13879	140
13880	0
13880	140
13881	0
13881	140
13882	0
13882	140
13883	0
13883	140
13884	0
13884	140
13885	0
13885	140
13886	0
13886	140
13887	0
13887	140
13888	0
13888	140
13889	0
13889	140
13890	1273
13890	15457
13890	39224
13890	39225
13890	39226
13890	39227
13890	39228
13890	39229
13890	39230
13890	39231
13890	39232
13890	39233
13890	39234
13890	39235
13890	39236
13890	39237
13891	3335
13891	39238
13891	39239
13891	39240
13891	39241
13891	39242
13891	39243
13892	39244
13892	39245
13892	39246
13892	39247
13892	39248
13893	0
13893	862
13893	955
13893	7636
13893	11871
13893	11872
13893	11873
13893	11874
13893	11875
13893	11876
13893	11877
13893	11878
13893	11879
13893	11880
13893	11881
13894	0
13894	862
13894	955
13894	7636
13894	11871
13894	11872
13894	11873
13894	11874
13894	11875
13894	11876
13894	11877
13894	11878
13894	11879
13894	11880
13894	11881
13895	2992
13895	16705
13895	24113
13895	39249
13895	39250
13896	201
13896	1668
13896	3001
13896	11303
13896	13896
13897	3001
13897	11303
13898	3001
13898	11303
13899	3001
13899	11303
13900	3001
13900	11303
13901	3001
13901	11303
13902	0
13902	1258
13903	0
13903	71
13903	39251
13903	39252
13903	39253
13903	39254
13903	39255
13903	39256
13903	39257
13903	39258
13903	39259
13903	39260
13903	39261
13904	26073
13904	39262
13905	997
13905	39263
13905	39264
13905	39265
13905	39266
13905	39267
13905	39268
13906	997
13906	39269
13906	39270
13906	39271
13906	39272
13906	39273
13906	39274
13906	39275
13908	0
13908	71
13908	1007
13908	4005
13909	0
13909	71
13909	1007
13909	4005
13910	0
13910	71
13910	1007
13910	4005
13911	0
13911	71
13911	1007
13911	4005
13912	0
13912	71
13912	999
13912	1007
13912	39276
13912	39277
13912	39278
13912	39279
13912	39280
13912	39281
13912	39282
13912	39283
13912	39284
13912	39285
13912	39286
13912	39287
13912	39288
13912	39289
13912	39290
13912	39291
13912	39292
13912	39293
13912	39294
13912	39295
13912	39296
13912	39297
13912	39298
13912	39299
13912	39300
13912	39301
13912	39302
13912	39303
13912	39304
13912	39305
13912	39306
13912	39307
13912	39308
13912	39309
13912	39310
13912	39311
13912	39312
13912	39313
13920	0
13920	4048
13920	4049
13920	4050
13920	4051
13920	4052
13920	4053
13923	13933
13923	13962
13923	13964
13923	13965
13923	13966
13923	13967
13923	39314
13924	0
13924	4048
13924	13933
13924	39314
13925	173
13925	13950
13925	13951
13925	13952
13925	13953
13925	13954
13925	13955
13925	13956
13925	13957
13925	13958
13925	13959
13925	13962
13925	13963
13925	13964
13925	13965
13925	13966
13925	13967
13925	13968
13925	13969
13925	39315
13925	39316
13925	39317
13926	173
13926	4048
13926	13950
13926	13952
13926	13959
13927	13931
13927	13936
13927	13939
13927	13943
13927	13948
13927	39318
13928	4048
13928	13931
13928	13939
13928	13948
13928	13949
13929	4053
13929	13946
13929	13960
13929	13961
13930	4048
13930	4053
13930	13949
13930	13960
13930	13961
13932	73
13932	157
13932	160
13932	161
13932	165
13932	205
13932	210
13932	216
13932	217
13932	235
13932	673
13932	674
13932	675
13932	676
13932	677
13932	678
13932	679
13932	680
13932	681
13932	682
13932	683
13932	684
13932	685
13932	686
13932	687
13932	688
13932	689
13932	691
13932	693
13932	694
13932	695
13932	696
13932	697
13932	698
13932	699
13932	700
13932	701
13932	702
13932	704
13932	705
13932	706
13932	707
13932	708
13932	709
13932	710
13932	711
13932	712
13932	714
13932	715
13932	716
13932	717
13932	718
13932	719
13932	721
13932	722
13932	723
13932	724
13932	725
13932	726
13932	727
13932	728
13932	729
13932	730
13932	731
13932	733
13932	734
13932	735
13932	736
13932	738
13932	739
13932	740
13932	741
13932	743
13932	744
13932	745
13932	746
13932	750
13932	752
13932	753
13932	754
13932	755
13932	756
13932	757
13932	758
13932	759
13932	760
13932	761
13932	762
13932	763
13932	765
13932	766
13932	767
13932	768
13932	769
13932	770
13932	772
13932	773
13932	774
13932	775
13932	776
13932	777
13932	778
13932	779
13932	780
13932	781
13932	782
13932	783
13932	784
13932	785
13932	786
13932	787
13932	788
13932	789
13932	790
13932	791
13932	792
13932	793
13932	794
13932	795
13932	796
13932	797
13932	798
13932	799
13932	800
13932	801
13932	1130
13932	4261
13932	14413
13932	39319
13932	39320
13932	39321
13932	39322
13932	39323
13933	13933
13934	13932
13937	13937
13937	39324
13938	13938
13938	13944
13938	13947
13938	39324
13938	39325
13938	39326
13938	39327
13939	13932
13939	13934
13942	13931
13942	13936
13942	13940
13942	13941
13942	13944
13942	13945
13943	13935
13943	13943
13945	13947
13945	39327
13946	13944
13946	39324
13946	39325
13946	39326
13946	39327
13946	39328
13946	39329
13946	39330
13946	39331
13946	39332
13947	13945
13947	39327
13948	13921
13948	26422
13948	26423
13949	13921
13949	13946
13949	39333
13950	13921
13950	39334
13950	39335
13951	13921
13951	39314
13951	39336
13952	13921
13952	39337
13952	39338
13953	13953
13956	119
13956	39315
13956	39316
13957	39339
13965	39314
13981	39340
13981	39341
13981	39342
13981	39343
13981	39344
13981	39345
13981	39346
13981	39347
13981	39348
13981	39349
13981	39350
13982	39351
13982	39352
13982	39353
13982	39354
13982	39355
13982	39356
13982	39357
13983	1970
13984	0
13984	996
13984	997
13984	5379
13984	5799
13984	6436
13984	10079
13984	13983
13984	25530
13984	39358
13984	39359
13984	39360
13984	39361
13985	39362
13985	39363
13985	39364
13986	13983
13986	13986
13986	39365
13987	39366
13987	39367
13987	39368
13987	39369
13987	39370
13987	39371
13987	39372
13987	39373
13987	39374
13987	39375
13987	39376
13987	39377
13987	39378
13987	39379
13987	39380
13987	39381
13987	39382
13987	39383
13987	39384
13987	39385
13987	39386
13987	39387
13987	39388
13987	39389
13987	39390
13987	39391
13987	39392
13987	39393
13987	39394
13987	39395
13987	39396
13987	39397
13987	39398
13987	39399
13987	39400
13987	39401
13987	39402
13987	39403
13987	39404
13987	39405
13987	39406
13987	39407
13987	39408
13987	39409
13987	39410
13987	39411
13987	39412
13987	39413
13987	39414
13987	39415
13987	39416
13987	39417
13987	39418
13987	39419
13987	39420
13987	39421
13987	39422
13987	39423
13987	39424
13987	39425
13987	39426
13987	39427
13987	39428
13987	39429
13987	39430
13987	39431
13987	39432
13987	39433
13987	39434
13987	39435
13987	39436
13987	39437
13987	39438
13987	39439
13987	39440
13987	39441
13987	39442
13987	39443
13987	39444
13987	39445
13987	39446
13987	39447
13987	39448
13987	39449
13987	39450
13987	39451
13987	39452
13987	39453
13987	39454
13987	39455
13987	39456
13987	39457
13987	39458
13987	39459
13987	39460
13987	39461
13987	39462
13987	39463
13987	39464
13987	39465
13987	39466
13987	39467
13987	39468
13987	39469
13987	39470
13987	39471
13987	39472
13987	39473
13987	39474
13987	39475
13987	39476
13987	39477
13987	39478
13987	39479
13987	39480
13987	39481
13987	39482
13987	39483
13987	39484
13987	39485
13987	39486
13987	39487
13987	39488
13987	39489
13987	39490
13987	39491
13987	39492
13987	39493
13987	39494
13987	39495
13987	39496
13987	39497
13987	39498
13987	39499
13987	39500
13987	39501
13987	39502
13987	39503
13987	39504
13987	39505
13987	39506
13987	39507
13987	39508
13987	39509
13987	39510
13987	39511
13987	39512
13987	39513
13987	39514
13987	39515
13987	39516
13987	39517
13987	39518
13987	39519
13987	39520
13987	39521
13987	39522
13987	39523
13987	39524
13987	39525
13987	39526
13987	39527
13987	39528
13987	39529
13987	39530
13987	39531
13987	39532
13987	39533
13987	39534
13987	39535
13987	39536
13987	39537
13987	39538
13987	39539
13987	39540
13987	39541
13987	39542
13987	39543
13987	39544
13987	39545
13987	39546
13987	39547
13987	39548
13987	39549
13987	39550
13987	39551
13987	39552
13987	39553
13987	39554
13987	39555
13987	39556
13987	39557
13987	39558
13987	39559
13987	39560
13987	39561
13987	39562
13987	39563
13987	39564
13987	39565
13987	39566
13987	39567
13987	39568
13987	39569
13987	39570
13987	39571
13987	39572
13987	39573
13987	39574
13987	39575
13987	39576
13987	39577
13987	39578
13987	39579
13987	39580
13987	39581
13987	39582
13987	39583
13987	39584
13987	39585
13987	39586
13987	39587
13987	39588
13987	39589
13987	39590
13987	39591
13987	39592
13987	39593
13987	39594
13987	39595
13987	39596
13987	39597
13987	39598
13987	39599
13987	39600
13987	39601
13987	39602
13987	39603
13987	39604
13987	39605
13987	39606
13987	39607
13987	39608
13987	39609
13987	39610
13987	39611
13994	0
14020	0
14020	1016
14020	7142
14020	14020
14020	39612
14054	0
14054	1016
14054	1017
14054	17773
14054	39613
14054	39614
14054	39615
14059	0
14059	1016
14059	1017
14059	39616
14059	39617
14061	39618
14061	39619
14061	39620
14061	39621
14061	39622
14076	0
14076	1016
14076	7142
14076	14076
14076	39623
14080	1016
14080	1968
14080	13983
14080	14080
14080	39624
14080	39625
14109	0
14109	1016
14109	1017
14109	39626
14109	39627
14109	39628
14113	0
14113	1016
14113	1017
14113	39617
14113	39629
14121	0
14121	86
14121	1470
14121	1471
14121	1472
14121	1473
14121	1474
14121	1477
14121	1480
14121	1481
14121	14121
14121	24766
14121	24767
14121	24768
14121	24769
14121	24770
14121	24771
14121	24772
14121	24773
14123	39630
14123	39631
14124	39630
14124	39631
14125	4122
14125	14125
14125	26335
14125	26336
14125	26658
14125	26659
14125	26660
14125	26661
14125	26662
14125	26663
14125	26664
14125	26665
14125	26666
14125	26667
14125	26668
14125	26669
14125	26670
14125	26671
14125	26672
14125	26673
14125	26674
14125	26675
14125	26676
14125	26677
14125	26678
14125	26679
14125	26680
14125	26681
14125	26682
14125	26683
14125	26684
14125	26685
14125	26686
14125	26687
14125	26688
14125	26689
14125	26690
14125	26691
14125	26692
14125	26693
14125	26694
14125	26695
14125	26696
14125	26697
14125	26698
14125	26699
14125	26700
14125	26701
14125	26702
14125	26703
14125	26704
14125	26705
14125	26706
14125	26707
14125	26708
14125	26709
14125	26710
14125	26711
14125	26712
14125	26713
14125	26714
14125	26715
14125	26716
14125	26717
14125	26718
14125	26719
14125	26720
14125	26721
14125	26722
14125	26723
14125	26724
14125	26725
14125	26726
14125	26727
14125	26728
14125	26729
14125	26730
14125	26731
14125	26732
14125	26733
14125	26734
14125	26735
14125	26736
14125	26737
14125	26738
14125	26739
14125	26740
14125	26741
14125	26742
14125	26743
14125	26744
14125	26745
14125	26746
14125	26747
14125	26748
14125	26749
14125	26750
14125	26751
14125	26752
14125	26753
14125	26754
14125	26755
14125	26756
14126	39630
14126	39631
14127	39630
14127	39631
14128	39630
14128	39631
14129	4122
14129	39632
14129	39633
14129	39634
14129	39635
14129	39636
14129	39637
14129	39638
14129	39639
14129	39640
14129	39641
14129	39642
14129	39643
14129	39644
14129	39645
14129	39646
14129	39647
14129	39648
14129	39649
14129	39650
14129	39651
14129	39652
14129	39653
14129	39654
14129	39655
14129	39656
14129	39657
14129	39658
14129	39659
14129	39660
14129	39661
14129	39662
14129	39663
14129	39664
14129	39665
14129	39666
14129	39667
14129	39668
14129	39669
14129	39670
14129	39671
14129	39672
14129	39673
14129	39674
14130	4120
14130	7141
14131	14131
14131	39630
14131	39631
14132	39675
14132	39676
14154	39677
14154	39678
14156	1018
14156	4124
14156	39679
14157	1018
14157	4125
14157	39680
14158	1018
14158	4126
14158	39681
14159	1018
14159	4127
14159	39682
14171	39683
14171	39684
14171	39685
14171	39686
14171	39687
14171	39688
14171	39689
14171	39690
14171	39691
14171	39692
14171	39693
14198	39694
14198	39695
14198	39696
14198	39697
14198	39698
14198	39699
14198	39700
14198	39701
14198	39702
14198	39703
14198	39704
14198	39705
14198	39706
14198	39707
14202	39708
14202	39709
14206	0
14206	4416
14206	14136
14206	39710
14206	39711
14206	39712
14206	39713
14206	39714
14206	39715
14206	39716
14206	39717
14206	39718
14206	39719
14206	39720
14206	39721
14206	39722
14206	39723
14206	39724
14206	39725
14206	39726
14206	39727
14289	4133
14290	4133
14291	4133
14292	4133
14293	4133
14294	4133
14295	4133
14296	4134
14297	4134
14298	1273
14298	4134
14298	39728
14298	39729
14298	39730
14299	4134
14300	4134
14301	4134
14301	39731
14302	4124
14302	4134
14303	4134
14303	14235
14303	14251
14303	14252
14303	28580
14303	39732
14303	39733
14303	39734
14303	39735
14304	4134
14307	0
14307	90
14307	14307
14307	39736
14307	39737
14307	39738
14308	0
14308	90
14308	14308
14308	39739
14308	39740
14310	0
14310	4149
14310	4150
14310	4152
14310	39741
14311	0
14311	33
14311	176
14311	14313
14311	39742
14312	45
14312	127
14312	1037
14312	1038
14312	1153
14312	4466
14316	39743
14316	39744
14316	39745
14322	4184
14322	39746
14323	4184
14324	4184
14324	39747
14325	4184
14325	39748
14327	4184
14327	39749
14328	4184
14328	39750
14329	4184
14329	39751
14330	4184
14330	39752
14331	4184
14331	39753
14332	4184
14334	4185
14334	39754
14334	39755
14334	39756
14334	39757
14334	39758
14334	39759
14334	39760
14334	39761
14334	39762
14334	39763
14334	39764
14334	39765
14334	39766
14334	39767
14334	39768
14334	39769
14334	39770
14334	39771
14334	39772
14334	39773
14334	39774
14334	39775
14334	39776
14334	39777
14334	39778
14334	39779
14334	39780
14334	39781
14334	39782
14334	39783
14334	39784
14334	39785
14334	39786
14334	39787
14334	39788
14334	39789
14334	39790
14334	39791
14334	39792
14334	39793
14335	4185
14337	39794
14337	39795
14337	39796
14351	7835
14351	7838
14351	12838
14351	12896
14351	14368
14351	14369
14351	39797
14351	39798
14351	39799
14351	39800
14351	39801
14351	39802
14351	39803
14351	39804
14351	39805
14351	39806
14351	39807
14351	39808
14351	39809
14351	39810
14351	39811
14351	39812
14351	39813
14352	4187
14352	39814
14352	39815
14384	14384
14392	4330
14392	39816
14394	0
14394	25346
14394	39817
14394	39818
14394	39819
14394	39820
14394	39821
14394	39822
14394	39823
14394	39824
14394	39825
14400	14400
14403	4349
14403	4350
14403	4351
14403	14403
14404	0
14404	14406
14404	17317
14404	39826
14404	39827
14404	39828
14404	39829
14404	39830
14404	39831
14404	39832
14404	39833
14404	39834
14404	39835
14406	17317
14406	22565
14406	39827
14406	39828
14406	39829
14406	39830
14406	39831
14406	39832
14406	39833
14406	39834
14406	39835
14406	39836
14406	39837
14406	39838
14406	39839
14413	26599
14413	26600
14413	26601
14417	214
14418	111
14418	214
14418	14417
14422	214
14422	4390
14422	14423
14422	39840
14423	214
14423	4390
14423	39841
14424	214
14424	4390
14424	39842
14424	39843
14425	214
14425	39844
14425	39845
14426	0
14426	1144
14426	4401
14426	14429
14427	0
14427	1144
14427	4401
14427	14429
14428	0
14428	1144
14428	4401
14428	14429
14430	0
14430	1144
14430	4401
14430	14429
14431	0
14431	1144
14431	4401
14431	14429
14452	39846
14452	39847
14452	39848
14465	0
14465	1144
14465	4401
14465	14460
14467	0
14467	1144
14467	4401
14467	14460
14468	0
14468	1144
14468	4401
14468	14460
14488	0
14488	124
14488	127
14488	1144
14488	1153
14488	4399
14488	4401
14488	20332
14488	39849
14488	39850
14488	39851
14488	39852
14488	39853
14489	1144
14489	14489
14489	39854
14489	39855
14490	1144
14490	14490
14490	39856
14490	39857
14490	39858
14490	39859
14490	39860
14490	39861
14490	39862
14490	39863
14490	39864
14490	39865
14531	4399
14531	10862
14531	14533
14531	14534
14531	14535
14531	14536
14531	14538
14531	39866
14531	39867
14531	39868
14531	39869
14531	39870
14531	39871
14532	4399
14532	14531
14532	14533
14532	14534
14532	14535
14532	14536
14532	14538
14532	39872
14532	39873
14532	39874
14532	39875
14532	39876
14532	39877
14532	39878
14532	39879
14533	0
14533	4399
14533	4401
14533	11643
14533	14481
14533	14531
14533	14534
14533	14535
14533	14536
14533	14538
14533	16292
14533	39880
14533	39881
14533	39882
14533	39883
14533	39884
14534	4399
14534	9936
14534	14531
14534	14533
14534	14535
14534	14536
14534	14538
14534	39885
14534	39886
14534	39887
14534	39888
14535	124
14535	4399
14535	14531
14535	14533
14535	14534
14535	14536
14535	14538
14535	39889
14535	39890
14535	39891
14535	39892
14535	39893
14536	1144
14536	4399
14536	4402
14536	14490
14536	14492
14536	14531
14536	14532
14536	14533
14536	14534
14536	14535
14536	14538
14536	19997
14536	39872
14536	39873
14536	39874
14536	39875
14536	39876
14536	39877
14536	39878
14536	39879
14536	39894
14536	39895
14536	39896
14536	39897
14537	0
14537	1144
14537	4399
14537	4401
14537	4402
14537	10862
14537	14490
14537	14492
14537	14537
14537	14539
14537	19997
14537	39870
14537	39871
14537	39880
14537	39896
14537	39897
14537	39898
14537	39899
14537	39900
14537	39901
14537	39902
14537	39903
14537	39904
14537	39905
14537	39906
14537	39907
14537	39908
14537	39909
14537	39910
14537	39911
14537	39912
14537	39913
14537	39914
14538	4399
14538	14531
14538	14533
14538	14534
14538	14535
14538	14536
14538	14538
14538	39915
14538	39916
14538	39917
14538	39918
14538	39919
14538	39920
14538	39921
14538	39922
14538	39923
14538	39924
14538	39925
14538	39926
14538	39927
14538	39928
14538	39929
14538	39930
14538	39931
14538	39932
14538	39933
14538	39934
14538	39935
14540	14541
14540	25248
14540	25249
14540	25250
14540	25252
14540	25253
14540	25254
14540	39936
14540	39937
14540	39938
14543	5080
14543	14544
14543	14545
14543	14546
14543	39939
14544	4399
14544	4415
14544	4416
14544	5080
14544	14543
14544	14545
14544	14546
14544	39940
14544	39941
14544	39942
14544	39943
14544	39944
14544	39945
14544	39946
14544	39947
14544	39948
14544	39949
14544	39950
14544	39951
14544	39952
14545	5080
14545	14543
14545	14544
14545	14546
14545	39953
14545	39954
14545	39955
14545	39956
14545	39957
14545	39958
14545	39959
14545	39960
14545	39961
14546	39962
14953	124
14953	39963
14953	39964
14953	39965
14953	39966
14953	39967
14953	39968
14953	39969
14953	39970
14953	39971
14953	39972
14953	39973
14953	39974
14953	39975
14953	39976
14953	39977
14953	39978
14953	39979
14953	39980
14953	39981
14953	39982
14953	39983
14953	39984
14953	39985
14953	39986
14953	39987
14953	39988
14953	39989
14953	39990
14953	39991
14953	39992
14953	39993
14953	39994
14953	39995
14953	39996
14953	39997
14953	39998
14953	39999
14953	40000