# Directed graph (each unordered pair of nodes is saved once): web-NotreDame.txt 
# University of Notre Dame web graph from 1999 by Albert, Jeong and Barabasi
# Nodes: 12500 Edges: 25880
# FromNodeId	ToNodeId
0	0
0	1
0	2
0	3
0	4
0	5
0	6
0	7
0	8
0	9
0	10
0	11
0	12
0	13
0	14
0	15
0	16
1	0
1	7
1	17
1	18
1	19
1	20
1	21
1	22
1	23
1	24
1	25
1	26
1	27
1	28
1	29
1	30
1	31
1	32
1	33
1	34
1	35
1	36
1	37
1	38
1	39
3	0
3	14
3	40
3	41
3	42
3	43
4	0
4	11
4	14
4	40
4	44
4	45
4	46
4	47
4	48
4	49
4	50
4	51
4	52
4	53
4	54
4	55
4	56
4	57
4	58
4	59
4	60
4	61
4	62
4	63
4	64
4	65
4	66
4	67
4	68
4	69
4	70
4	71
4	72
4	73
4	74
4	75
4	76
4	77
4	78
4	79
4	80
4	81
4	82
5	0
5	83
5	84
5	85
5	86
5	87
5	88
6	0
6	14
6	37
6	38
6	39
6	89
6	90
6	91
6	92
6	93
6	94
6	95
6	96
6	97
6	98
6	99
6	100
6	101
6	102
6	103
6	104
6	105
6	106
6	107
6	108
6	109
6	110
6	111
6	112
6	113
6	114
6	115
6	116
6	117
6	118
6	119
6	120
6	121
6	122
6	123
7	0
7	6
7	8
7	14
7	25
7	33
7	37
7	45
7	80
7	82
7	121
7	124
7	125
7	126
7	127
7	128
7	129
7	130
7	131
7	132
7	133
7	134
7	135
7	136
7	137
7	138
7	139
7	140
7	141
7	142
7	143
7	144
7	145
7	146
7	147
7	148
7	149
7	150
7	151
7	152
8	0
8	3
8	14
8	40
8	46
8	70
8	141
8	150
8	153
8	154
8	155
8	156
9	0
9	12
9	14
9	131
9	134
9	157
9	158
9	159
9	160
9	161
9	162
9	163
9	164
9	165
9	166
9	167
9	168
10	0
10	4
10	6
10	9
10	14
10	15
10	16
10	33
10	35
10	37
10	38
10	40
10	44
10	46
10	51
10	63
10	70
10	71
10	72
10	74
10	134
10	140
10	141
10	144
10	145
10	169
10	170
10	171
10	172
10	173
10	174
10	175
10	176
10	177
10	178
10	179
10	180
10	181
10	182
10	183
10	184
10	185
10	186
10	187
10	188
10	189
10	190
10	191
10	192
10	193
10	194
10	195
10	196
10	197
10	198
10	199
10	200
10	201
10	202
10	203
10	204
10	205
10	206
10	207
10	208
10	209
10	210
10	211
10	212
10	213
10	214
10	215
10	216
10	217
10	218
10	219
10	220
11	0
11	6
11	9
11	14
11	36
11	40
11	44
11	46
11	51
11	63
11	68
11	69
11	70
11	72
11	73
11	74
11	103
11	107
11	111
11	136
11	137
11	138
11	151
11	152
11	153
11	155
11	156
11	162
11	163
11	171
11	189
11	202
11	205
11	206
11	210
11	212
11	214
11	215
11	216
11	217
11	221
11	222
11	223
11	224
11	225
11	226
11	227
11	228
11	229
11	230
11	231
11	232
11	233
11	234
11	235
12	236
12	237
13	238
13	239
14	0
15	0
15	4
15	70
15	141
15	169
15	202
15	240
15	241
15	242
15	243
15	244
15	245
15	246
16	247
16	248
16	249
16	250
16	251
16	252
16	253
16	254
16	255
16	256
16	257
17	1
17	258
17	259
17	260
17	261
17	262
17	263
17	264
17	265
17	266
18	1
18	267
18	268
19	0
19	1
19	17
19	19
19	20
19	21
19	23
19	24
19	25
19	27
19	29
19	269
19	270
19	271
19	272
19	273
19	274
19	275
19	276
19	277
19	278
19	279
19	280
19	281
19	282
19	283
19	284
19	285
19	286
19	287
19	288
19	289
19	290
19	291
19	292
19	293
19	294
19	295
19	296
19	297
19	298
19	299
19	300
19	301
19	302
19	303
19	304
19	305
19	306
19	307
19	308
19	309
19	310
19	311
19	312
19	313
19	314
19	315
19	316
19	317
19	318
19	319
19	320
19	321
19	322
19	323
19	324
19	325
19	326
19	327
19	328
19	329
19	330
19	331
19	332
19	333
19	334
19	335
19	336
19	337
19	338
19	339
19	340
19	341
19	342
19	343
19	344
19	345
19	346
19	347
19	348
19	349
19	350
19	351
20	0
20	17
20	19
20	20
20	21
20	23
20	24
20	25
20	27
20	29
20	352
20	353
20	354
20	355
20	356
20	357
20	358
20	359
20	360
20	361
20	362
20	363
20	364
20	365
20	366
20	367
20	368
20	369
20	370
20	371
20	372
20	373
20	374
20	375
20	376
20	377
20	378
20	379
20	380
20	381
20	382
20	383
20	384
20	385
20	386
20	387
20	388
20	389
20	390
20	391
20	392
20	393
20	394
20	395
20	396
20	397
20	398
20	399
20	400
20	401
20	402
20	403
20	404
20	405
20	406
20	407
20	408
20	409
20	410
20	411
20	412
20	413
20	414
20	415
20	416
20	417
20	418
20	419
20	420
20	421
20	422
20	423
20	424
20	425
20	426
20	427
20	428
20	429
20	430
20	431
20	432
20	433
20	434
20	435
20	436
20	437
20	438
20	439
20	440
20	441
20	442
20	443
20	444
20	445
20	446
20	447
20	448
20	449
20	450
20	451
20	452
20	453
20	454
20	455
20	456
20	457
20	458
20	459
20	460
20	461
20	462
20	463
20	464
20	465
20	466
20	467
20	468
20	469
20	470
20	471
20	472
20	473
20	474
20	475
20	476
20	477
20	478
20	479
20	480
20	481
20	482
20	483
20	484
20	485
20	486
20	487
20	488
20	489
20	490
20	491
20	492
20	493
20	494
20	495
20	496
20	497
20	498
20	499
20	500
20	501
20	502
20	503
20	504
20	505
20	506
20	507
20	508
20	509
20	510
20	511
20	512
20	513
20	514
20	515
20	516
20	517
20	518
20	519
20	520
20	521
20	522
20	523
20	524
20	525
20	526
20	527
20	528
20	529
20	530
20	531
20	532
20	533
20	534
20	535
20	536
20	537
20	538
20	539
20	540
20	541
20	542
20	543
20	544
20	545
20	546
20	547
20	548
20	549
20	550
20	551
20	552
20	553
20	554
20	555
20	556
20	557
20	558
20	559
20	560
20	561
20	562
20	563
20	564
20	565
20	566
20	567
20	568
20	569
20	570
20	571
20	572
20	573
20	574
20	575
20	576
20	577
20	578
20	579
20	580
20	581
20	582
21	0
21	1
21	21
21	583
21	584
21	585
21	586
21	587
21	588
21	589
21	590
21	591
22	592
22	593
23	0
23	1
23	17
23	19
23	20
23	21
23	23
23	24
23	25
23	27
23	29
23	594
23	595
23	596
24	0
24	1
24	17
24	19
24	20
24	21
24	23
24	24
24	25
24	27
24	29
24	597
24	598
24	599
25	0
25	1
25	17
25	19
25	20
25	21
25	23
25	24
25	25
25	27
25	29
25	600
25	601
25	602
25	603
25	604
25	605
25	606
25	607
25	608
25	609
25	610
25	611
25	612
25	613
25	614
26	0
26	1
26	17
26	19
26	20
26	21
26	23
26	24
26	25
26	27
26	29
27	0
27	1
27	17
27	19
27	20
27	21
27	23
27	24
27	25
27	27
27	29
27	615
27	616
28	1
29	0
29	1
29	617
29	618
29	619
29	620
29	621
29	622
29	623
29	624
29	625
29	626
29	627
29	628
29	629
29	630
30	0
30	1
30	18
30	631
30	632
31	633
32	0
32	132
32	634
32	635
32	636
32	637
32	638
32	639
32	640
33	176
33	641
33	642
33	643
33	644
33	645
34	0
34	34
34	163
34	646
34	647
34	648
34	649
35	0
35	267
35	650
35	651
35	652
35	653
35	654
35	655
35	656
35	657
35	658
36	0
36	1
36	4
36	69
36	156
36	202
36	659
36	660
36	661
36	662
36	663
36	664
37	267
37	665
37	666
37	667
37	668
37	669
37	670
40	0
40	14
40	40
40	73
40	157
40	160
40	161
40	173
40	205
40	210
40	216
40	217
40	235
40	671
40	672
40	673
40	674
40	675
40	676
40	677
40	678
40	679
40	680
40	681
40	682
40	683
40	684
40	685
40	686
40	687
40	688
40	689
40	690
40	691
40	692
40	693
40	694
40	695
40	696
40	697
40	698
40	699
40	700
40	701
40	702
40	703
40	704
40	705
40	706
40	707
40	708
40	709
40	710
40	711
40	712
40	713
40	714
40	715
40	716
40	717
40	718
40	719
40	720
40	721
40	722
40	723
40	724
40	725
40	726
40	727
40	728
40	729
40	730
40	731
40	732
40	733
40	734
40	735
40	736
40	737
40	738
40	739
40	740
40	741
40	742
40	743
40	744
40	745
40	746
40	747
40	748
40	749
40	750
40	751
40	752
40	753
40	754
40	755
40	756
40	757
40	758
40	759
40	760
40	761
40	762
40	763
40	764
40	765
40	766
40	767
40	768
40	769
40	770
40	771
40	772
40	773
40	774
40	775
40	776
40	777
40	778
40	779
40	780
40	781
40	782
40	783
40	784
40	785
40	786
40	787
40	788
40	789
40	790
40	791
40	792
40	793
40	794
40	795
40	796
40	797
40	798
40	799
40	800
40	801
40	802
41	0
41	803
41	804
41	805
41	806
41	807
42	0
42	808
42	809
42	810
42	811
42	812
42	813
42	814
42	815
42	816
42	817
42	818
42	819
42	820
42	821
43	822
43	823
43	824
44	825
44	826
45	827
45	828
45	829
46	14
46	267
46	732
46	830
46	831
46	832
46	833
46	834
46	835
46	836
46	837
46	838
46	839
46	840
46	841
46	842
46	843
46	844
46	845
46	846
46	847
46	848
46	849
46	850
46	851
47	0
47	80
47	81
47	82
47	852
47	853
47	854
47	855
47	856
47	857
47	858
47	859
47	860
47	861
48	0
48	49
48	862
48	863
48	864
48	865
48	866
48	867
48	868
49	0
49	48
49	862
49	863
49	865
49	869
49	870
49	871
49	872
49	873
49	874
49	875
49	876
49	877
50	50
50	55
50	64
50	189
50	878
50	879
51	51
51	189
51	803
51	880
51	881
51	882
51	883
51	884
51	885
51	886
52	52
52	170
52	172
52	189
52	194
52	204
52	649
52	887
52	888
52	889
52	890
52	891
52	892
52	893
52	894
52	895
52	896
52	897
52	898
52	899
53	0
53	900
53	901
53	902
53	903
53	904
53	905
53	906
54	0
54	55
54	907
54	908
54	909
55	0
55	54
55	71
55	910
55	911
55	912
55	913
55	914
55	915
55	916
55	917
55	918
56	0
56	55
56	57
56	913
56	919
57	0
57	55
57	56
57	57
57	913
58	0
58	58
58	59
58	862
58	920
58	921
58	922
58	923
58	924
58	925
58	926
58	927
58	928
58	929
59	58
59	59
59	879
59	920
59	927
60	58
60	59
60	60
60	920
60	927
60	930
60	931
60	932
60	933
60	934
60	935
60	936
60	937
61	0
61	62
61	862
61	938
61	939
61	940
61	941
61	942
61	943
61	944
61	945
61	946
62	0
62	61
62	862
62	947
62	948
62	949
62	950
63	951
63	952
63	953
63	954
64	0
64	67
64	955
64	956
64	957
64	958
64	959
64	960
64	961
64	962
64	963
64	964
64	965
64	966
64	967
64	968
64	969
64	970
64	971
65	64
65	960
65	972
65	973
66	64
67	64
67	75
67	76
67	974
67	975
67	976
67	977
67	978
68	0
68	1
68	4
68	68
68	69
68	156
68	202
68	659
68	660
68	661
68	662
68	663
68	664
69	0
69	1
69	4
69	36
69	68
69	69
69	74
69	107
69	156
69	189
69	202
69	206
69	212
69	228
69	229
69	230
69	231
69	232
69	659
69	660
69	661
69	662
69	663
69	664
69	808
69	979
69	980
69	981
69	982
69	983
69	984
69	985
69	986
69	987
69	988
69	989
69	990
69	991
69	992
69	993
70	0
70	15
70	53
70	55
70	64
70	70
70	169
70	240
70	242
70	243
70	246
70	862
70	994
70	995
70	996
70	997
71	0
71	55
71	998
71	999
71	1000
71	1001
71	1002
71	1003
71	1004
71	1005
71	1006
71	1007
72	1008
72	1009
72	1010
73	1011
73	1012
73	1013
74	1014
74	1015
84	0
84	5
84	85
85	0
85	5
85	84
86	0
86	86
86	1016
86	1017
86	1018
90	0
90	90
90	91
90	92
90	93
90	94
90	95
90	96
90	97
90	98
90	99
90	100
90	1019
90	1020
91	0
91	90
91	91
91	1021
92	0
92	39
92	90
92	92
92	97
92	1022
92	1023
93	0
93	90
93	93
94	0
94	90
94	94
94	111
94	767
94	1024
94	1025
94	1026
94	1027
95	0
95	90
95	95
95	111
95	1028
95	1029
96	1030
96	1031
96	1032
97	0
97	90
97	92
97	96
97	97
97	1033
97	1034
97	1035
97	1036
98	0
98	39
98	45
98	90
98	98
98	108
98	109
98	135
98	162
98	167
98	203
98	1037
98	1038
98	1039
98	1040
98	1041
99	0
99	90
99	99
99	1042
99	1043
100	0
100	90
100	91
100	92
100	93
100	94
100	97
100	98
100	99
100	100
100	1019
100	1024
100	1044
101	0
101	11
101	63
101	103
101	105
101	106
101	111
101	144
101	147
101	163
101	176
101	214
101	1045
101	1046
101	1047
101	1048
101	1049
101	1050
101	1051
101	1052
101	1053
101	1054
101	1055
102	0
102	102
102	103
102	224
102	1054
102	1056
102	1057
102	1058
102	1059
102	1060
102	1061
102	1062
103	0
103	103
103	224
103	1054
103	1057
103	1058
103	1061
103	1062
103	1063
103	1064
103	1065
103	1066
103	1067
103	1068
103	1069
103	1070
103	1071
103	1072
103	1073
103	1074
103	1075
103	1076
103	1077
103	1078
103	1079
103	1080
103	1081
103	1082
103	1083
103	1084
103	1085
103	1086
103	1087
103	1088
103	1089
103	1090
103	1091
103	1092
105	162
106	0
106	994
106	1093
106	1094
106	1095
106	1096
106	1097
106	1098
106	1099
106	1100
106	1101
106	1102
106	1103
106	1104
106	1105
106	1106
106	1107
106	1108
106	1109
106	1110
106	1111
107	0
107	1
107	4
107	69
107	107
107	156
107	202
107	659
107	660
107	661
107	662
107	663
107	664
107	906
107	1112
109	108
109	1041
109	1113
109	1114
110	0
110	140
110	950
110	1115
110	1116
110	1117
110	1118
111	1119
111	1120
112	1121
113	688
113	689
113	710
113	730
113	753
113	754
113	758
113	761
113	767
113	768
113	800
113	1122
113	1123
113	1124
113	1125
113	1126
113	1127
113	1128
113	1129
113	1130
114	1131
115	1132
116	214
116	1133
116	1134
116	1135
116	1136
116	1137
116	1138
116	1139
116	1140
116	1141
116	1142
116	1143
124	0
124	124
124	1144
124	1145
124	1146
124	1147
124	1148
124	1149
124	1150
125	1151
125	1152
126	0
126	14
126	1153
127	0
127	135
127	1154
127	1155
127	1156
127	1157
127	1158
127	1159
127	1160
131	0
131	132
131	634
131	635
131	636
131	637
131	638
131	639
131	640
132	1161
132	1162
132	1163
133	0
133	7
133	33
133	176
133	1164
133	1165
133	1166
133	1167
133	1168
133	1169
134	1170
134	1171
134	1172
134	1173
134	1174
134	1175
134	1176
134	1177
134	1178
134	1179
135	0
135	1180
135	1181
135	1182
135	1183
135	1184
135	1185
135	1186
135	1187
135	1188
135	1189
135	1190
135	1191
135	1192
135	1193
136	199
136	1194
136	1195
136	1196
136	1197
136	1198
137	199
137	200
137	1199
137	1200
137	1201
137	1202
137	1203
137	1204
137	1205
137	1206
137	1207
138	109
138	267
138	1208
138	1209
138	1210
138	1211
139	162
139	171
139	205
139	214
139	215
139	1211
139	1212
139	1213
140	0
140	35
140	39
140	205
140	210
140	995
140	1214
140	1215
140	1216
140	1217
140	1218
140	1219
140	1220
140	1221
140	1222
140	1223
140	1224
140	1225
140	1226
140	1227
140	1228
140	1229
140	1230
140	1231
140	1232
140	1233
140	1234
140	1235
140	1236
141	0
141	39
141	40
141	47
141	53
141	55
141	64
141	127
141	141
141	144
141	169
141	189
141	193
141	195
141	201
141	862
141	994
141	996
141	997
141	1237
141	1238
141	1239
141	1240
141	1241
141	1242
141	1243
141	1244
141	1245
141	1246
141	1247
141	1248
141	1249
141	1250
141	1251
141	1252
141	1253
142	0
142	135
142	140
142	144
142	1254
142	1255
143	0
143	140
143	1249
143	1256
144	0
144	1257
144	1258
144	1259
145	1260
145	1261
145	1262
145	1263
145	1264
145	1265
145	1266
145	1267
146	149
146	1268
146	1269
146	1270
146	1271
146	1272
153	14
153	1273
153	1274
153	1275
153	1276
153	1277
153	1278
153	1279
153	1280
153	1281
153	1282
153	1283
153	1284
153	1285
153	1286
153	1287
153	1288
153	1289
153	1290
153	1291
153	1292
153	1293
153	1294
153	1295
153	1296
153	1297
153	1298
153	1299
153	1300
153	1301
153	1302
154	1303
154	1304
154	1305
155	0
155	11
155	1306
157	1307
157	1308
157	1309
157	1310
158	1311
158	1312
158	1313
158	1314
158	1315
158	1316
158	1317
158	1318
158	1319
158	1320
159	0
159	1321
159	1322
159	1323
159	1324
159	1325
159	1326
159	1327
159	1328
159	1329
159	1330
160	267
160	1331
160	1332
160	1333
160	1334
160	1335
160	1336
160	1337
160	1338
160	1339
160	1340
160	1341
160	1342
160	1343
160	1344
160	1345
161	779
161	1330
161	1346
161	1347
161	1348
161	1349
161	1350
161	1351
161	1352
161	1353
161	1354
161	1355
161	1356
161	1357
161	1358
161	1359
161	1360
161	1361
161	1362
161	1363
161	1364
161	1365
161	1366
161	1367
161	1368
161	1369
161	1370
161	1371
161	1372
161	1373
161	1374
161	1375
161	1376
161	1377
161	1378
161	1379
161	1380
161	1381
161	1382
161	1383
161	1384
161	1385
161	1386
161	1387
162	0
162	105
162	163
162	1388
162	1389
162	1390
162	1391
162	1392
162	1393
162	1394
162	1395
162	1396
162	1397
162	1398
162	1399
162	1400
162	1401
162	1402
162	1403
162	1404
162	1405
162	1406
162	1407
162	1408
162	1409
162	1410
162	1411
162	1412
162	1413
162	1414
162	1415
162	1416
162	1417
162	1418
162	1419
162	1420
162	1421
162	1422
162	1423
162	1424
162	1425
162	1426
162	1427
162	1428
162	1429
162	1430
163	1431
163	1432
164	1433
164	1434
164	1435
164	1436
164	1437
164	1438
164	1439
164	1440
164	1441
164	1442
164	1443
164	1444
164	1445
164	1446
165	1447
165	1448
165	1449
165	1450
165	1451
165	1452
166	1453
167	0
167	105
167	162
167	167
167	1409
167	1454
167	1455
167	1456
168	1457
168	1458
168	1459
168	1460
168	1461
168	1462
168	1463
168	1464
168	1465
168	1466
168	1467
168	1468
169	0
169	86
169	1469
169	1470
169	1471
169	1472
169	1473
169	1474
169	1475
169	1476
169	1477
169	1478
169	1479
169	1480
169	1481
170	0
170	147
170	1482
170	1483
170	1484
170	1485
170	1486
170	1487
170	1488
170	1489
170	1490
170	1491
170	1492
170	1493
170	1494
170	1495
170	1496
170	1497
170	1498
170	1499
170	1500
170	1501
170	1502
170	1503
170	1504
170	1505
170	1506
170	1507
170	1508
170	1509
170	1510
170	1511
170	1512
170	1513
170	1514
170	1515
170	1516
170	1517
170	1518
171	0
171	171
171	1519
172	1520
172	1521
173	1522
173	1523
174	0
174	15
174	198
174	202
174	1524
174	1525
174	1526
174	1527
174	1528
175	175
175	191
175	880
175	1529
175	1530
175	1531
175	1532
175	1533
175	1534
175	1535
176	0
176	11
176	33
176	101
176	133
177	1536
177	1537
177	1538
177	1539
177	1540
177	1541
178	0
178	179
178	180
178	181
178	182
178	183
178	184
178	185
178	1542
178	1543
178	1544
178	1545
178	1546
179	0
179	1547
179	1548
179	1549
179	1550
180	0
180	1551
180	1552
180	1553
181	0
181	155
181	1554
181	1555
181	1556
181	1557
181	1558
181	1559
182	0
182	1560
182	1561
183	0
183	1562
183	1563
184	0
184	71
184	175
184	1564
184	1565
184	1566
184	1567
184	1568
184	1569
184	1570
184	1571
184	1572
184	1573
184	1574
184	1575
185	0
185	181
185	1576
185	1577
185	1578
186	0
186	994
187	238
189	50
189	51
189	52
189	181
189	267
189	878
189	1579
190	51
190	189
190	212
190	267
191	0
191	41
191	86
191	138
191	175
191	191
191	197
191	238
191	880
191	1274
191	1580
191	1581
191	1582
191	1583
191	1584
191	1585
191	1586
191	1587
191	1588
191	1589
191	1590
191	1591
191	1592
191	1593
191	1594
191	1595
191	1596
191	1597
191	1598
191	1599
191	1600
191	1601
191	1602
191	1603
191	1604
191	1605
191	1606
191	1607
191	1608
191	1609
191	1610
191	1611
191	1612
191	1613
191	1614
191	1615
191	1616
191	1617
191	1618
191	1619
192	1620
193	1621
193	1622
194	0
194	204
194	1623
194	1624
194	1625
194	1626
194	1627
194	1628
194	1629
194	1630
194	1631
194	1632
194	1633
194	1634
194	1635
195	1636
196	1637
196	1638
197	1639
197	1640
198	0
198	196
198	198
198	1258
198	1641
199	0
199	136
199	137
199	200
199	1642
199	1643
199	1644
199	1645
199	1646
199	1647
199	1648
199	1649
199	1650
199	1651
200	1652
200	1653
200	1654
200	1655
200	1656
200	1657
200	1658
201	0
201	15
201	43
201	957
201	1659
201	1660
201	1661
201	1662
201	1663
201	1664
201	1665
201	1666
201	1667
201	1668
201	1669
201	1670
201	1671
201	1672
201	1673
201	1674
201	1675
201	1676
201	1677
201	1678
201	1679
201	1680
201	1681
201	1682
201	1683
201	1684
201	1685
201	1686
201	1687
201	1688
201	1689
201	1690
201	1691
201	1692
201	1693
201	1694
201	1695
201	1696
201	1697
201	1698
201	1699
202	0
202	1
202	4
202	36
202	69
202	107
202	156
202	228
202	232
202	659
202	660
202	661
202	662
202	663
202	664
202	1700
202	1701
203	1702
203	1703
203	1704
204	0
204	194
204	1633
204	1634
204	1705
204	1706
204	1707
204	1708
206	1709
206	1710
206	1711
206	1712
206	1713
206	1714
207	1715
207	1716
207	1717
208	0
208	15
208	70
208	164
208	169
208	208
208	240
208	243
208	246
208	1718
208	1719
208	1720
208	1721
208	1722
208	1723
208	1724
208	1725
209	0
209	209
209	1726
210	1727
211	1728
212	155
212	181
212	267
212	1729
212	1730
212	1731
212	1732
212	1733
212	1734
212	1735
212	1736
213	1737
213	1738
213	1739
214	0
214	116
214	214
214	1138
214	1740
214	1741
214	1742
214	1743
214	1744
214	1745
214	1746
214	1747
214	1748
214	1749
214	1750
214	1751
215	1752
215	1753
215	1754
216	1755
216	1756
216	1757
216	1758
216	1759
216	1760
216	1761
216	1762
216	1763
216	1764
216	1765
216	1766
217	1767
218	218
218	1768
218	1769
218	1770
218	1771
218	1772
218	1773
218	1774
218	1775
218	1776
218	1777
218	1778
218	1779
218	1780
218	1781
218	1782
218	1783
218	1784
218	1785
218	1786
218	1787
218	1788
218	1789
219	0
219	1660
219	1790
219	1791
219	1792
219	1793
219	1794
219	1795
219	1796
219	1797
219	1798
219	1799
219	1800
219	1801
219	1802
219	1803
219	1804
219	1805
219	1806
219	1807
219	1808
219	1809
219	1810
219	1811
219	1812
219	1813
219	1814
219	1815
219	1816
219	1817
219	1818
219	1819
219	1820
219	1821
219	1822
219	1823
219	1824
219	1825
219	1826
219	1827
219	1828
219	1829
219	1830
219	1831
219	1832
221	0
221	14
221	53
221	55
221	64
221	671
221	862
221	994
221	996
221	997
221	1274
221	1833
221	1834
221	1835
221	1836
221	1837
221	1838
221	1839
221	1840
221	1841
221	1842
221	1843
221	1844
221	1845
221	1846
221	1847
221	1848
221	1849
221	1850
221	1851
221	1852
221	1853
221	1854
222	14
222	222
222	267
222	1855
222	1856
222	1857
223	0
223	1858
223	1859
223	1860
224	0
224	103
224	224
224	1054
224	1057
224	1058
224	1061
224	1062
224	1063
224	1861
224	1862
224	1863
224	1864
224	1865
224	1866
224	1867
224	1868
224	1869
224	1870
226	1871
226	1872
226	1873
226	1874
226	1875
226	1876
226	1877
227	0
227	227
227	1470
227	1473
227	1474
227	1477
227	1479
227	1480
227	1481
227	1878
227	1879
227	1880
228	0
228	1
228	4
228	7
228	69
228	156
228	202
228	659
228	660
228	661
228	662
228	663
228	664
228	1881
228	1882
228	1883
228	1884
228	1885
228	1886
228	1887
228	1888
228	1889
228	1890
228	1891
228	1892
228	1893
228	1894
228	1895
228	1896
228	1897
228	1898
228	1899
229	0
229	1
229	4
229	69
229	156
229	202
229	659
229	660
229	661
229	662
229	663
229	664
231	0
231	1
231	4
231	69
231	156
231	202
231	659
231	660
231	661
231	662
231	663
231	664
232	0
232	1
232	4
232	69
232	107
232	156
232	202
232	232
232	659
232	660
232	661
232	662
232	663
232	664
232	1900
233	1017
233	1901
233	1902
233	1903
233	1904
233	1905
233	1906
233	1907
233	1908
233	1909
233	1910
233	1911
233	1912
233	1913
233	1914
233	1915
233	1916
234	1017
234	1917
236	1918
236	1919
236	1920
237	1921
237	1922
237	1923
237	1924
237	1925
237	1926
237	1927
238	0
238	13
238	239
238	1928
238	1929
238	1930
238	1931
238	1932
238	1933
238	1934
239	238
240	0
240	15
240	70
240	169
240	240
240	242
240	243
240	246
240	1935
240	1936
240	1937
240	1938
240	1939
240	1940
240	1941
240	1942
241	0
241	4
241	15
241	141
241	202
241	241
241	244
241	245
241	1943
242	0
242	15
242	70
242	163
242	169
242	176
242	192
242	208
242	240
242	243
242	246
242	1719
242	1721
242	1944
242	1945
242	1946
242	1947
242	1948
242	1949
242	1950
242	1951
242	1952
242	1953
242	1954
242	1955
242	1956
242	1957
242	1958
242	1959
243	0
243	15
243	70
243	169
243	201
243	240
243	242
243	243
243	246
243	957
243	1661
243	1662
243	1663
243	1664
243	1668
243	1669
243	1670
243	1671
243	1672
243	1695
243	1960
244	0
244	4
244	15
244	70
244	141
244	202
244	241
244	244
244	245
244	1961
244	1962
245	0
245	4
245	7
245	12
245	15
245	32
245	33
245	36
245	37
245	38
245	40
245	41
245	46
245	53
245	55
245	64
245	74
245	101
245	103
245	107
245	110
245	119
245	121
245	141
245	144
245	156
245	163
245	164
245	169
245	174
245	176
245	192
245	201
245	202
245	203
245	213
245	221
245	233
245	234
245	241
245	244
245	245
245	804
245	862
245	957
245	994
245	995
245	996
245	997
245	1017
245	1237
245	1250
245	1661
245	1662
245	1663
245	1664
245	1668
245	1669
245	1670
245	1671
245	1672
245	1718
245	1719
245	1720
245	1721
245	1897
245	1935
245	1936
245	1937
245	1942
245	1945
245	1948
245	1949
245	1951
245	1952
245	1953
245	1954
245	1955
245	1956
245	1957
245	1958
245	1959
245	1960
245	1963
245	1964
245	1965
245	1966
245	1967
245	1968
245	1969
245	1970
245	1971
245	1972
245	1973
246	0
246	15
246	36
246	53
246	55
246	70
246	74
246	156
246	169
246	202
246	208
246	240
246	243
246	246
246	1974
246	1975
246	1976
246	1977
246	1978
247	254
247	1979
247	1980
247	1981
247	1982
247	1983
247	1984
247	1985
247	1986
248	254
248	1987
248	1988
249	16
249	249
249	250
249	251
249	254
249	1989
249	1990
249	1991
249	1992
249	1993
249	1994
249	1995
250	16
250	254
251	16
251	254
252	1996
252	1997
253	16
253	254
253	1998
253	1999
254	16
254	1979
254	1985
255	16
255	2000
255	2001
255	2002
255	2003
255	2004
255	2005
256	254
256	2006
256	2007
256	2008
256	2009
257	16
257	1470
257	2010
258	17
258	258
258	259
258	260
258	261
258	262
258	2011
258	2012
258	2013
258	2014
258	2015
258	2016
263	1
263	258
263	259
263	260
263	261
263	262
263	264
263	265
263	2017
264	17
264	258
264	259
264	260
264	261
264	262
264	2013
267	0
267	14
268	2018
268	2019
268	2020
268	2021
268	2022
268	2023
268	2024
268	2025
268	2026
268	2027
269	0
269	1
269	18
269	2028
269	2029
270	0
270	1
270	18
270	2030
270	2031
271	0
271	1
271	18
271	2032
271	2033
272	0
272	1
272	18
272	2034
272	2035
273	0
273	1
273	18
273	2036
273	2037
274	0
274	1
274	18
274	2038
274	2039
275	0
275	1
275	18
275	2040
275	2041
276	0
276	1
276	18
276	2042
276	2043
277	0
277	1
277	18
277	2044
277	2045
278	0
278	1
278	18
278	2046
278	2047
279	0
279	1
279	18
279	2048
279	2049
280	0
280	1
280	18
280	2050
280	2051
281	0
281	1
281	18
281	2052
281	2053
282	0
282	1
282	18
282	2054
282	2055
283	0
283	1
283	18
283	2056
283	2057
285	0
285	1
285	18
285	2058
285	2059
286	0
286	1
286	18
286	2060
286	2061
287	0
287	1
287	18
287	2062
287	2063
288	0
288	1
288	18
288	2064
288	2065
289	0
289	1
289	18
289	2066
289	2067
290	0
290	1
290	18
290	2068
290	2069
291	0
291	39
291	2070
291	2071
291	2072
292	0
292	1
292	18
292	2073
292	2074
293	0
293	1
293	18
293	2075
293	2076
294	0
294	1
294	18
294	2077
294	2078
295	0
295	1
295	18
295	2079
295	2080
296	0
296	1
296	18
296	2081
296	2082
297	0
297	1
297	18
297	2083
297	2084
298	0
298	1
298	18
298	2085
298	2086
299	0
299	1
299	18
299	2087
299	2088
300	0
300	1
300	18
300	2089
300	2090
301	0
301	1
301	18
301	2091
301	2092
302	0
302	1
302	18
302	2093
302	2094
303	2095
303	2096
303	2097
303	2098
304	0
304	1
304	18
304	2099
304	2100
305	0
305	1
305	18
305	581
305	2101
305	2102
306	0
306	1
306	18
306	2103
306	2104
307	0
307	1
307	18
307	2105
307	2106
308	0
308	1
308	18
308	2107
308	2108
309	0
309	1
309	18
309	2109
309	2110
310	0
310	1
310	18
310	2111
310	2112
311	0
311	1
311	18
311	2113
311	2114
312	2115
312	2116
313	0
313	1
313	18
313	2117
313	2118
314	2119
314	2120
315	0
315	1
315	18
315	2121
315	2122
316	0
316	1
316	18
316	2123
316	2124
317	0
317	1
317	18
317	2125
317	2126
317	2127
318	0
318	1
318	18
318	2128
318	2129
319	0
319	1
319	18
319	2130
319	2131
320	0
320	1
320	18
320	2132
320	2133
321	0
321	1
321	18
321	2134
321	2135
322	0
322	1
322	18
322	2136
322	2137
323	0
323	1
323	2138
323	2139
323	2140
323	2141
324	0
324	1
324	18
324	2142
324	2143
325	0
325	1
325	18
325	2144
325	2145
326	0
326	1
326	18
326	2146
326	2147
327	1
327	17
327	2148
327	2149
327	2150
327	2151
327	2152
327	2153
327	2154
328	0
328	1
328	18
328	2155
328	2156
329	0
329	1
329	18
329	2157
329	2158
330	0
330	1
330	18
330	2159
330	2160
331	0
331	1
331	18
331	2161
331	2162
332	0
332	1
332	18
332	2163
332	2164
333	0
333	1
333	18
333	2165
333	2166
334	0
334	1
334	18
334	2167
334	2168
335	0
335	1
335	18
335	2169
335	2170
335	2171
335	2172
336	0
336	1
336	18
336	2173
336	2174
338	0
338	1
338	18
338	2175
338	2176
338	2177
339	0
339	1
339	18
339	2178
339	2179
340	340
340	2180
340	2181
340	2182
340	2183
340	2184
340	2185
340	2186
341	2187
341	2188
342	2189
342	2190
342	2191
343	2192
343	2193
344	2194
344	2195
344	2196
344	2197
345	2198
345	2199
346	0
346	1
346	18
346	2200
346	2201
347	0
347	64
347	2202
347	2203
347	2204
348	2205
348	2206
348	2207
349	0
349	1
349	18
349	2208
349	2209
352	0
352	2210
353	2211
353	2212
353	2213
353	2214
353	2215
353	2216
353	2217
354	2218
358	0
358	358
358	2219
358	2220
358	2221
358	2222
358	2223
358	2224
359	0
359	1
359	19
359	20
359	2225
359	2226
360	0
360	1
360	19
360	20
360	2227
360	2228
361	0
361	1
361	19
361	20
361	2229
361	2230
362	0
362	1
362	19
362	20
362	2231
362	2232
363	0
363	1
363	19
363	20
363	2233
363	2234
364	1259
364	2235
364	2236
364	2237
364	2238
364	2239
364	2240
365	0
365	1
365	19
365	20
365	2241
365	2242
366	195
366	2243
366	2244
366	2245
366	2246
366	2247
366	2248
366	2249
366	2250
366	2251
366	2252
366	2253
366	2254
366	2255
366	2256
366	2257
366	2258
367	0
367	1
367	19
367	20
367	2259
367	2260
368	0
368	1
368	19
368	20
368	2261
368	2262
369	2263
369	2264
369	2265
370	0
370	1
370	19
370	20
370	2266
370	2267
371	0
371	1
371	19
371	20
371	2268
371	2269
372	0
372	1
372	19
372	20
372	2270
372	2271
373	0
373	1
373	19
373	20
373	2272
373	2273
374	0
374	1
374	19
374	20
374	2274
374	2275
375	0
375	1
375	19
375	20
375	2276
375	2277
376	0
376	376
376	2278
376	2279
376	2280
376	2281
377	0
377	195
377	2282
377	2283
377	2284
377	2285
379	0
379	1
379	19
379	20
379	2286
379	2287
380	0
380	1
380	19
380	20
380	2288
380	2289
381	0
381	1
381	19
381	20
381	2290
381	2291
382	0
382	1
382	19
382	20
382	2292
382	2293
383	0
383	1
383	19
383	20
383	2294
383	2295
384	0
384	1
384	19
384	20
384	2296
384	2297
385	0
385	1
385	19
385	20
385	2298
385	2299
386	0
386	1
386	18
386	2300
386	2301
387	0
387	1
387	19
387	20
387	2302
387	2303
388	0
388	1
388	19
388	20
388	2304
388	2305
389	0
389	1
389	19
389	20
389	2306
389	2307
390	0
390	1
390	19
390	20
390	2308
390	2309
391	0
391	1
391	391
391	2310
391	2311
391	2312
391	2313
391	2314
391	2315
391	2316
391	2317
391	2318
391	2319
392	0
392	1
392	19
392	20
392	2320
392	2321
393	393
393	2322
393	2323
394	2324
394	2325
394	2326
395	0
395	39
395	2327
395	2328
395	2329
395	2330
395	2331
395	2332
395	2333
395	2334
395	2335
395	2336
395	2337
395	2338
395	2339
395	2340
396	0
396	1
396	19
396	20
396	2341
396	2342
397	0
397	1
397	19
397	20
397	2343
397	2344
398	0
398	1
398	19
398	20
398	2345
398	2346
399	0
399	1
399	19
399	20
399	2347
399	2348
400	0
400	1
400	19
400	20
400	2349
400	2350
401	0
401	1
401	19
401	20
401	2351
401	2352
402	0
402	1
402	19
402	20
402	2353
402	2354
403	0
403	1
403	19
403	20
403	2355
403	2356
404	0
404	1
404	19
404	20
404	2357
404	2358
405	0
405	1
405	19
405	20
405	405
405	2359
405	2360
405	2361
405	2362
406	0
406	1
406	19
406	20
406	2363
406	2364
407	0
407	1
407	19
407	20
407	2365
407	2366
408	0
408	1
408	18
408	2367
408	2368
409	0
409	1
409	19
409	20
409	2369
409	2370
410	0
410	1
410	19
410	20
410	2371
410	2372
411	0
411	1
411	19
411	20
411	2373
411	2374
412	0
412	1
412	19
412	20
412	2375
412	2376
413	0
413	1
413	19
413	20
413	2377
413	2378
414	0
414	1
414	19
414	20
414	2379
414	2380
416	0
416	1
416	19
416	20
416	717
416	2381
416	2382
417	0
417	1
417	19
417	20
417	2383
417	2384
418	0
418	1
418	19
418	20
418	2385
418	2386
419	0
419	1
419	19
419	20
419	2387
419	2388
420	0
420	1
420	19
420	20
420	2389
420	2390
421	0
421	1
421	19
421	20
421	2391
421	2392
422	0
422	1
422	19
422	20
422	2393
422	2394
423	0
423	1
423	19
423	20
423	2395
423	2396
424	0
424	1
424	19
424	20
424	2397
424	2398
425	0
425	1
425	19
425	20
425	2399
425	2400
425	2401
426	0
426	1
426	19
426	20
426	2402
426	2403
427	0
427	1
427	19
427	20
427	2404
427	2405
428	0
428	1
428	19
428	20
428	2406
428	2407
429	0
429	1
429	19
429	20
429	2408
429	2409
430	0
430	1
430	19
430	20
430	2410
430	2411
431	0
431	1
431	19
431	20
431	2412
431	2413
432	0
432	1
432	19
432	20
432	2414
432	2415
433	0
433	1
433	19
433	20
433	2416
433	2417
435	0
435	1
435	19
435	20
435	2418
435	2419
436	0
436	1
436	19
436	20
436	2420
436	2421
437	0
437	1
437	19
437	20
437	2422
437	2423
438	0
438	1
438	19
438	20
438	2424
438	2425
439	0
439	1
439	19
439	20
439	2426
439	2427
440	2428
441	0
441	1
441	19
441	20
441	2429
441	2430
442	0
442	1
442	19
442	20
442	2431
442	2432
443	0
443	1
443	19
443	20
443	2433
443	2434
444	0
444	1
444	19
444	20
444	2435
444	2436
445	0
445	1
445	19
445	20
445	2437
445	2438
446	0
446	1
446	19
446	20
446	2439
446	2440
447	0
447	1
447	19
447	20
447	2441
447	2442
448	0
448	1
448	19
448	20
448	2443
448	2444
450	0
450	1
450	900
450	1038
450	2445
450	2446
450	2447
450	2448
450	2449
450	2450
450	2451
451	0
451	1
451	19
451	20
451	2452
451	2453
452	0
452	1
452	18
452	2454
452	2455
453	0
453	2456
453	2457
453	2458
453	2459
453	2460
453	2461
453	2462
453	2463
453	2464
453	2465
453	2466
453	2467
453	2468
453	2469
454	0
454	1
454	19
454	20
454	2470
454	2471
455	0
455	1
455	19
455	20
455	2472
455	2473
456	0
456	1
456	19
456	20
456	2474
456	2475
457	0
457	1
457	19
457	20
457	2476
457	2477
458	0
458	2478
458	2479
459	0
459	1
459	19
459	20
459	2480
459	2481
460	0
460	1
460	19
460	20
460	2482
460	2483
462	0
462	1
462	19
462	20
462	2484
462	2485
463	0
463	1
463	19
463	20
463	2486
463	2487
464	0
464	20
464	2488
464	2489
464	2490
464	2491
464	2492
464	2493
464	2494
464	2495
464	2496
465	0
465	1
465	19
465	20
465	2497
465	2498
466	0
466	1
466	19
466	20
466	2499
466	2500
467	0
467	1
467	19
467	20
467	2501
467	2502
468	0
468	1
468	19
468	20
468	2503
468	2504
469	0
469	1
469	19
469	20
469	2505
469	2506
469	2507
469	2508
469	2509
469	2510
469	2511
469	2512
469	2513
469	2514
470	0
470	1
470	19
470	20
470	2515
470	2516
471	0
471	1
471	19
471	20
471	2517
471	2518
472	2519
472	2520
472	2521
473	0
473	1
473	19
473	20
473	2522
473	2523
474	0
474	1
474	19
474	20
474	2524
474	2525
475	0
475	1
475	19
475	20
475	2526
475	2527
476	0
476	1
476	19
476	20
476	2528
476	2529
477	0
477	1
477	19
477	20
477	2530
477	2531
478	0
478	1
478	19
478	20
478	2532
478	2533
479	2534
479	2535
479	2536
480	0
480	1
480	19
480	20
480	2537
480	2538
481	0
481	1
481	19
481	20
481	2539
481	2540
482	0
482	1
482	19
482	20
482	2541
482	2542
483	0
483	1
483	19
483	20
483	2543
483	2544
484	0
484	1
484	19
484	20
484	2545
484	2546
485	0
485	1
485	19
485	20
485	2547
485	2548
486	486
487	0
487	1
487	19
487	20
487	2549
487	2550
488	0
488	2551
488	2552
488	2553
488	2554
488	2555
488	2556
488	2557
488	2558
488	2559
489	0
489	1
489	19
489	20
489	2560
489	2561
490	2562
490	2563
490	2564
491	0
491	1
491	19
491	20
491	2565
491	2566
492	0
492	1
492	19
492	20
492	2567
492	2568
493	0
493	1
493	19
493	20
493	2569
493	2570
494	0
494	1
494	19
494	20
494	2571
494	2572
495	0
495	1
495	19
495	20
495	2573
495	2574
496	0
496	1
496	19
496	20
496	2575
496	2576
498	0
498	1
498	19
498	20
498	2577
498	2578
499	0
499	1
499	19
499	20
499	2579
499	2580
500	0
500	1
500	19
500	20
500	2581
500	2582
501	2583
501	2584
502	2585
502	2586
503	0
503	1
503	19
503	20
503	2587
503	2588
504	0
504	1
504	19
504	20
504	2589
504	2590
505	0
505	1
505	19
505	20
505	2591
505	2592
506	0
506	1
506	19
506	20
506	2593
506	2594
507	0
507	1
507	19
507	20
507	2595
507	2596
508	2597
508	2598
509	2018
509	2019
509	2020
509	2021
509	2022
509	2023
509	2024
509	2025
509	2026
509	2027
510	0
510	1
510	19
510	20
510	2599
510	2600
511	0
511	1
511	19
511	20
511	2601
511	2602
512	0
512	1
512	19
512	20
512	2603
512	2604
513	0
513	1
513	19
513	20
513	2605
513	2606
514	0
514	1
514	19
514	20
514	2607
514	2608
515	0
515	1
515	19
515	20
515	2609
515	2610
516	2611
516	2612
516	2613
516	2614
516	2615
516	2616
516	2617
516	2618
516	2619
516	2620
516	2621
516	2622
517	0
517	1
517	19
517	20
517	2623
517	2624
518	0
518	1
518	19
518	20
518	2625
518	2626
519	0
519	1
519	19
519	20
519	2627
519	2628
520	520
521	0
521	521
521	2629
521	2630
521	2631
521	2632
521	2633
521	2634
521	2635
521	2636
521	2637
522	0
522	1
522	19
522	20
522	2638
522	2639
523	0
523	1
523	19
523	20
523	2640
523	2641
524	0
524	1
524	19
524	20
524	2642
524	2643
525	0
525	1
525	19
525	20
525	2644
525	2645
526	526
527	0
527	1
527	19
527	20
527	2646
527	2647
528	2648
528	2649
528	2650
528	2651
529	0
529	1
529	19
529	20
529	2652
529	2653
530	0
530	1
530	19
530	20
530	2654
530	2655
531	2656
531	2657
532	0
532	1
532	19
532	20
532	2658
532	2659
533	0
533	1
533	19
533	20
533	2660
533	2661
534	0
534	1
534	19
534	20
534	2662
534	2663
535	0
535	1
535	19
535	20
535	2664
535	2665
537	0
537	1
537	19
537	20
537	2666
537	2667
538	0
538	1
538	19
538	20
538	2668
538	2669
539	0
539	1
539	19
539	20
539	2670
539	2671
540	0
540	1
540	19
540	20
540	2672
540	2673
541	0
541	1
541	19
541	20
541	2674
541	2675
542	0
542	1
542	19
542	20
542	2676
542	2677
544	0
544	1
544	19
544	20
544	2678
544	2679
545	0
545	1
545	19
545	20
545	2680
545	2681
546	0
546	1
546	19
546	20
546	2682
546	2683
547	0
547	1
547	19
547	20
547	2684
547	2685
548	0
549	0
549	1
549	19
549	20
549	2686
549	2687
550	0
550	1
550	19
550	20
550	2688
550	2689
552	0
552	1
552	19
552	20
552	2690
552	2691
553	0
553	1
553	19
553	20
553	2692
553	2693
554	0
554	1
554	19
554	20
554	2694
554	2695
555	0
555	555
555	2696
555	2697
555	2698
555	2699
555	2700
556	0
556	1
556	19
556	20
556	2701
556	2702
557	557
557	2703
557	2704
557	2705
557	2706
557	2707
557	2708
557	2709
557	2710
558	0
559	559
559	2711
559	2712
559	2713
559	2714
559	2715
559	2716
559	2717
559	2718
559	2719
560	0
560	39
560	560
560	2720
560	2721
560	2722
560	2723
560	2724
560	2725
560	2726
560	2727
560	2728
560	2729
560	2730
560	2731
560	2732
560	2733
560	2734
560	2735
560	2736
560	2737
560	2738
560	2739
560	2740
561	2741
561	2742
562	2743
562	2744
562	2745
563	2746
563	2747
563	2748
564	0
564	2749
564	2750
565	2751
565	2752
566	2753
566	2754
567	567
567	2755
567	2756
567	2757
568	2758
568	2759
569	0
569	577
569	580
569	2760
569	2761
569	2762
569	2763
569	2764
569	2765
569	2766
570	2767
570	2768
570	2769
572	2770
572	2771
572	2772
574	2773
574	2774
574	2775
575	2776
576	576
576	2777
576	2778
576	2779
576	2780
576	2781
576	2782
576	2783
576	2784
576	2785
576	2786
576	2787
576	2788
583	0
583	1
583	21
583	583
583	584
583	585
583	586
583	587
583	588
583	589
583	590
583	591
583	2789
584	0
584	1
584	21
584	583
584	584
584	585
584	586
584	587
584	588
584	589
584	590
584	591
584	2789
584	2790
584	2791
585	0
585	1
585	21
585	583
585	584
585	585
585	586
585	587
585	588
585	589
585	590
585	591
585	2789
585	2790
585	2791
585	2792
585	2793
586	0
586	1
586	21
586	583
586	584
586	585
586	586
586	587
586	588
586	589
586	590
586	591
586	2789
586	2794
586	2795
587	0
587	1
587	21
587	583
587	584
587	585
587	586
587	587
587	588
587	589
587	590
587	591
587	2789
587	2796
587	2797
588	0
588	1
588	21
588	583
588	584
588	585
588	586
588	587
588	588
588	589
588	590
588	591
588	2789
589	0
589	1
589	21
589	583
589	584
589	585
589	586
589	587
589	588
589	589
589	590
589	591
589	2789
589	2798
589	2799
589	2800
590	0
590	1
590	21
590	583
590	584
590	585
590	586
590	587
590	588
590	589
590	590
590	591
590	2789
590	2801
590	2802
590	2803
591	0
591	1
591	21
591	583
591	584
591	585
591	586
591	587
591	588
591	589
591	590
591	591
591	2789
591	2796
591	2797
591	2801
591	2804
592	2805
592	2806
592	2807
593	0
593	1
594	0
594	1
594	17
594	19
594	20
594	21
594	23
594	24
594	25
594	27
594	29
594	594
594	595
594	596
594	2808
594	2809
594	2810
594	2811
594	2812
595	0
595	1
595	23
595	2813
595	2814
595	2815
595	2816
595	2817
595	2818
595	2819
595	2820
595	2821
595	2822
596	2823
596	2824
596	2825
597	0
597	1
597	17
597	19
597	20
597	21
597	23
597	24
597	25
597	27
597	29
598	0
598	1
598	17
598	19
598	20
598	21
598	23
598	24
598	25
598	27
598	29
600	0
600	1
600	17
600	19
600	20
600	21
600	23
600	24
600	25
600	27
600	29
600	600
600	608
600	2826
600	2827
600	2828
600	2829
600	2830
600	2831
600	2832
600	2833
600	2834
600	2835
600	2836
601	0
601	1
601	17
601	19
601	20
601	21
601	23
601	24
601	25
601	27
601	29
601	601
601	608
601	2826
601	2827
601	2828
601	2829
601	2830
601	2831
601	2832
601	2833
601	2834
601	2835
601	2836
602	0
602	1
602	17
602	19
602	20
602	21
602	23
602	24
602	25
602	27
602	29
602	602
602	608
602	2826
602	2827
602	2828
602	2829
602	2830
602	2831
602	2832
602	2833
602	2834
602	2835
602	2836
603	0
603	1
603	17
603	19
603	20
603	21
603	23
603	24
603	25
603	27
603	29
603	603
603	604
603	605
603	606
603	608
603	609
603	610
603	611
603	612
603	613
603	614
603	2837
603	2838
604	0
604	1
604	17
604	19
604	20
604	21
604	23
604	24
604	25
604	27
604	29
604	603
604	604
604	605
604	606
604	608
604	609
604	610
604	611
604	612
604	613
604	614
605	0
605	1
605	17
605	19
605	20
605	21
605	23
605	24
605	25
605	27
605	29
605	603
605	604
605	605
605	606
605	608
605	609
605	610
605	611
605	612
605	613
605	614
605	2839
605	2840
605	2841
606	0
606	1
606	17
606	19
606	20
606	21
606	23
606	24
606	25
606	27
606	29
606	603
606	604
606	605
606	606
606	608
606	609
606	610
606	611
606	612
606	613
606	614
607	0
607	1
607	17
607	19
607	20
607	21
607	23
607	24
607	25
607	27
607	29
607	603
607	604
607	605
607	606
607	608
607	609
607	610
607	611
607	612
607	613
607	614
608	0
608	1
608	17
608	19
608	20
608	21
608	23
608	24
608	25
608	27
608	29
609	0
609	1
609	17
609	19
609	20
609	21
609	23
609	24
609	25
609	27
609	29
609	603
609	604
609	605
609	606
609	608
609	609
609	610
609	611
609	612
609	613
609	614
610	0
610	1
610	17
610	19
610	20
610	21
610	23
610	24
610	25
610	27
610	29
610	603
610	604
610	605
610	606
610	608
610	609
610	610
610	611
610	612
610	613
610	614
610	2842
610	2843
610	2844
611	0
611	1
611	17
611	19
611	20
611	21
611	23
611	24
611	25
611	27
611	29
611	603
611	604
611	605
611	606
611	608
611	609
611	610
611	611
611	612
611	613
611	614
612	0
612	1
612	17
612	19
612	20
612	21
612	23
612	24
612	25
612	27
612	29
612	603
612	604
612	605
612	606
612	608
612	609
612	610
612	611
612	612
612	613
612	614
613	0
613	1
613	25
613	603
613	604
613	605
613	606
613	608
613	609
613	610
613	611
613	612
613	613
613	614
614	0
614	1
614	17
614	19
614	20
614	21
614	23
614	24
614	25
614	27
614	29
614	603
614	604
614	605
614	606
614	608
614	609
614	610
614	611
614	612
614	613
614	614
615	0
615	1
615	17
615	19
615	20
615	21
615	23
615	24
615	25
615	27
615	29
615	615
615	616
616	0
616	1
616	17
616	19
616	20
616	21
616	23
616	24
616	25
616	27
616	29
616	615
616	616
617	0
617	1
617	29
617	618
617	619
617	620
617	623
617	624
617	625
617	628
618	0
618	1
618	29
618	162
618	163
618	617
618	619
618	620
618	623
618	624
618	625
618	628
618	2845
619	0
619	1
619	29
619	617
619	618
619	620
619	623
619	624
619	625
619	628
620	0
620	1
620	29
620	617
620	618
620	619
620	622
620	623
620	624
620	625
620	628
620	2846
620	2847
621	0
621	1
621	29
621	617
621	618
621	619
621	620
621	623
621	624
621	625
621	628
621	2847
621	2848
621	2849
621	2850
622	0
622	1
622	29
622	617
622	618
622	619
622	620
622	623
622	624
622	625
622	628
622	2851
622	2852
622	2853
622	2854
622	2855
622	2856
622	2857
623	0
623	1
623	29
623	617
623	618
623	619
623	620
623	621
623	622
623	624
623	625
623	628
623	2846
623	2847
623	2851
623	2858
623	2859
623	2860
623	2861
624	0
624	1
624	29
624	617
624	618
624	619
624	620
624	623
624	625
624	628
625	0
625	1
625	29
625	618
625	619
625	620
625	623
625	624
625	628
625	2862
625	2863
625	2864
625	2865
625	2866
625	2867
625	2868
625	2869
628	0
628	1
628	29
628	617
628	618
628	619
628	620
628	623
628	624
628	625
628	626
628	627
628	629
628	2870
628	2871
628	2872
628	2873
628	2874
628	2875
628	2876
628	2877
630	2878
630	2879
635	131
636	2880
636	2881
636	2882
637	131
638	2883
638	2884
638	2885
640	2886
640	2887
640	2888
641	33
641	176
641	643
641	644
641	645
643	33
643	176
643	641
643	644
643	645
644	33
644	176
644	641
644	643
644	645
645	33
645	176
645	641
645	643
645	644
646	34
647	34
647	2889
647	2890
647	2891
647	2892
650	35
650	267
650	2893
650	2894
650	2895
650	2896
650	2897
650	2898
650	2899
650	2900
650	2901
650	2902
650	2903
650	2904
650	2905
650	2906
651	35
652	35
652	658
652	2907
652	2908
652	2909
652	2910
652	2911
652	2912
652	2913
652	2914
652	2915
652	2916
652	2917
652	2918
652	2919
653	35
654	656
656	35
657	35
658	35
658	652
659	15
660	0
660	1
660	4
660	36
660	69
660	119
660	156
660	202
660	659
660	660
660	661
660	662
660	663
660	664
660	808
660	990
660	992
660	2920
661	0
661	1
661	4
661	36
661	68
661	69
661	74
661	107
661	156
661	174
661	198
661	202
661	206
661	228
661	229
661	230
661	231
661	232
661	659
661	660
661	661
661	662
661	663
661	664
661	979
661	981
661	982
661	983
661	984
661	985
661	988
661	990
661	991
661	992
661	993
661	2921
661	2922
661	2923
661	2924
662	0
662	1
662	4
662	69
662	156
662	202
662	659
662	660
662	661
662	662
662	663
662	664
663	0
663	1
663	4
663	46
663	53
663	55
663	68
663	69
663	107
663	156
663	202
663	229
663	231
663	232
663	659
663	660
663	661
663	662
663	663
663	664
663	808
663	982
663	985
663	990
663	992
663	2925
663	2926
664	0
664	1
664	4
664	36
664	68
664	69
664	107
664	156
664	202
664	206
664	229
664	231
664	232
664	659
664	660
664	661
664	662
664	663
664	664
664	808
664	980
664	985
664	986
664	987
664	988
664	989
664	990
664	992
664	993
664	1969
664	2920
664	2921
664	2922
664	2923
664	2924
664	2925
664	2927
665	2928
665	2929
666	2930
666	2931
666	2932
666	2933
666	2934
670	37
670	2935
671	14
671	671
671	1273
671	2936
671	2937
671	2938
671	2939
671	2940
671	2941
671	2942
671	2943
671	2944
672	0
672	14
672	222
672	1903
672	2937
672	2945
672	2946
672	2947
672	2948
672	2949
672	2950
672	2951
672	2952
673	0
673	673
673	2953
673	2954
673	2955
673	2956
673	2957
673	2958
673	2959
673	2960
673	2961
673	2962
673	2963
674	170
674	1273
674	2964
674	2965
674	2966
674	2967
674	2968
674	2969
674	2970
674	2971
675	2972
675	2973
675	2974
676	2975
676	2976
676	2977
676	2978
676	2979
676	2980
677	2981
677	2982
677	2983
677	2984
677	2985
678	2986
678	2987
679	0
679	2988
679	2989
679	2990
679	2991
679	2992
679	2993
679	2994
680	2995
681	0
682	2996
682	2997
683	0
683	39
683	683
683	2998
683	2999
683	3000
683	3001
683	3002
684	0
684	3003
684	3004
685	2993
685	3005
685	3006
685	3007
685	3008
685	3009
685	3010
685	3011
686	0
687	0
688	3012
688	3013
689	3014
689	3015
690	58
690	3016
690	3017
690	3018
690	3019
690	3020
691	740
692	3021
692	3022
692	3023
692	3024
692	3025
692	3026
692	3027
693	0
694	3028
694	3029
695	3030
695	3031
696	3032
696	3033
696	3034
696	3035
696	3036
696	3037
696	3038
696	3039
696	3040
696	3041
696	3042
696	3043
696	3044
696	3045
696	3046
696	3047
697	0
697	3048
697	3049
697	3050
697	3051
697	3052
697	3053
698	698
698	3054
698	3055
698	3056
698	3057
698	3058
698	3059
698	3060
698	3061
698	3062
699	3063
699	3064
700	3065
700	3066
700	3067
700	3068
700	3069
701	0
701	3070
701	3071
701	3072
701	3073
701	3074
702	0
704	0
704	704
704	3075
704	3076
704	3077
704	3078
704	3079
704	3080
705	0
706	0
707	3081
707	3082
707	3083
708	3084
709	0
709	709
709	1040
709	1191
709	3085
709	3086
709	3087
710	0
710	113
710	3088
710	3089
710	3090
710	3091
710	3092
710	3093
710	3094
710	3095
710	3096
710	3097
710	3098
710	3099
710	3100
711	3101
711	3102
711	3103
712	0
713	3104
713	3105
713	3106
713	3107
713	3108
714	0
715	3109
715	3110
715	3111
715	3112
716	3113
716	3114
717	3115
718	0
719	3116
719	3117
719	3118
721	3119
721	3120
721	3121
721	3122
721	3123
721	3124
721	3125
721	3126
721	3127
721	3128
721	3129
721	3130
721	3131
721	3132
722	1273
722	3133
722	3134
722	3135
722	3136
722	3137
723	3138
723	3139
723	3140
723	3141
723	3142
723	3143
724	0
725	0
726	0
727	0
727	3144
727	3145
728	0
729	0
730	3146
730	3147
730	3148
730	3149
730	3150
731	3151
731	3152
731	3153
731	3154
731	3155
731	3156
731	3157
731	3158
731	3159
731	3160
731	3161
731	3162
731	3163
732	3164
732	3165
732	3166
732	3167
732	3168
732	3169
732	3170
732	3171
733	0
734	3172
734	3173
734	3174
734	3175
734	3176
734	3177
735	3178
735	3179
735	3180
735	3181
735	3182
735	3183
735	3184
735	3185
735	3186
735	3187
735	3188
735	3189
736	3190
736	3191
736	3192
737	3193
737	3194
738	0
739	0
739	3195
739	3196
739	3197
739	3198
739	3199
739	3200
740	0
740	6
740	155
740	201
740	205
740	740
740	1542
740	3201
740	3202
740	3203
740	3204
740	3205
740	3206
740	3207
740	3208
740	3209
741	740
743	743
743	3210
743	3211
743	3212
743	3213
743	3214
743	3215
743	3216
743	3217
743	3218
744	0
745	0
746	3219
746	3220
747	3221
747	3222
748	3223
748	3224
749	0
749	3225
749	3226
749	3227
749	3228
749	3229
749	3230
749	3231
749	3232
749	3233
749	3234
749	3235
750	0
751	1152
751	3236
751	3237
751	3238
751	3239
752	0
753	3240
753	3241
753	3242
753	3243
753	3244
753	3245
753	3246
753	3247
755	45
755	103
755	149
755	206
755	1037
755	1153
755	3248
755	3249
755	3250
755	3251
755	3252
755	3253
755	3254
755	3255
755	3256
755	3257
755	3258
755	3259
755	3260
755	3261
755	3262
755	3263
755	3264
755	3265
755	3266
755	3267
755	3268
755	3269
755	3270
755	3271
755	3272
755	3273
755	3274
755	3275
755	3276
755	3277
755	3278
755	3279
755	3280
755	3281
755	3282
755	3283
755	3284
755	3285
756	3286
757	0
758	3287
758	3288
758	3289
758	3290
758	3291
758	3292
758	3293
758	3294
758	3295
758	3296
758	3297
758	3298
759	0
759	3299
759	3300
759	3301
760	3302
761	3303
761	3304
762	3305
762	3306
763	0
764	3307
764	3308
765	0
765	3309
765	3310
765	3311
765	3312
765	3313
765	3314
765	3315
765	3316
765	3317
766	766
766	3318
766	3319
766	3320
766	3321
766	3322
766	3323
766	3324
766	3325
766	3326
766	3327
766	3328
766	3329
766	3330
766	3331
766	3332
766	3333
766	3334
766	3335
766	3336
766	3337
766	3338
766	3339
767	767
767	3340
767	3341
767	3342
767	3343
767	3344
767	3345
767	3346
767	3347
768	0
768	3348
768	3349
768	3350
768	3351
768	3352
768	3353
768	3354
768	3355
768	3356
768	3357
768	3358
768	3359
768	3360
768	3361
769	0
770	0
772	0
773	3362
773	3363
773	3364
773	3365
773	3366
774	0
775	0
776	3367
776	3368
776	3369
776	3370
776	3371
776	3372
776	3373
776	3374
777	0
778	0
779	779
779	3133
779	3375
779	3376
779	3377
779	3378
779	3379
779	3380
780	3381
780	3382
781	0
782	0
783	0
784	3383
785	0
786	3384
786	3385
786	3386
786	3387
786	3388
787	0
787	3389
787	3390
787	3391
787	3392
787	3393
787	3394
787	3395
787	3396
787	3397
787	3398
787	3399
787	3400
787	3401
787	3402
787	3403
788	0
790	3404
790	3405
790	3406
790	3407
790	3408
791	0
792	0
793	0
793	793
793	996
793	3409
793	3410
793	3411
793	3412
793	3413
794	1273
794	3414
794	3415
794	3416
794	3417
794	3418
794	3419
795	740
796	0
797	0
797	797
797	3420
797	3421
797	3422
797	3423
797	3424
797	3425
797	3426
797	3427
797	3428
798	3429
798	3430
799	0
800	0
800	3431
800	3432
800	3433
800	3434
800	3435
800	3436
800	3437
800	3438
800	3439
800	3440
800	3441
800	3442
800	3443
801	0
802	3444
803	41
803	51
803	803
803	3445
804	41
805	3446
806	3447
808	0
808	1
808	4
808	69
808	156
808	202
808	659
808	660
808	661
808	662
808	663
808	664
812	3448
813	0
820	3449
820	3450
820	3451
820	3452
820	3453
820	3454
822	1660
822	1686
822	3455
822	3456
822	3457
822	3458
822	3459
822	3460
824	3461
825	0
825	55
825	826
825	3462
825	3463
825	3464
825	3465
825	3466
825	3467
825	3468
825	3469
825	3470
825	3471
825	3472
825	3473
826	2742
826	3462
826	3463
826	3465
826	3466
826	3468
826	3469
826	3471
826	3474
826	3475
826	3476
826	3477
826	3478
826	3479
826	3480
826	3481
826	3482
826	3483
826	3484
829	3485
829	3486
829	3487
829	3488
829	3489
829	3490
829	3491
829	3492
829	3493
829	3494
829	3495
829	3496
829	3497
829	3498
829	3499
829	3500
829	3501
829	3502
829	3503
829	3504
829	3505
829	3506
829	3507
829	3508
829	3509
829	3510
829	3511
829	3512
829	3513
829	3514
829	3515
829	3516
829	3517
829	3518
829	3519
829	3520
829	3521
829	3522
829	3523
829	3524
829	3525
829	3526
829	3527
829	3528
829	3529
829	3530
829	3531
829	3532
829	3533
829	3534
829	3535
829	3536
829	3537
829	3538
829	3539
829	3540
829	3541
829	3542
829	3543
829	3544
829	3545
829	3546
829	3547
829	3548
829	3549
829	3550
829	3551
829	3552
829	3553
829	3554
829	3555
829	3556
829	3557
829	3558
829	3559
829	3560
829	3561
829	3562
829	3563
829	3564
829	3565
829	3566
829	3567
829	3568
829	3569
829	3570
829	3571
829	3572
829	3573
829	3574
829	3575
829	3576
829	3577
829	3578
829	3579
829	3580
829	3581
829	3582
829	3583
829	3584
829	3585
829	3586
829	3587
829	3588
829	3589
829	3590
829	3591
829	3592
829	3593
829	3594
829	3595
830	46
830	3596
830	3597
830	3598
830	3599
830	3600
830	3601
831	3602
831	3603
832	831
832	3604
832	3605
832	3606
832	3607
832	3608
832	3609
832	3610
832	3611
832	3612
832	3613
832	3614
833	3615
834	0
834	3616
834	3617
834	3618
834	3619
834	3620
834	3621
834	3622
834	3623
835	835
835	2730
835	3624
835	3625
835	3626
835	3627
835	3628
835	3629
835	3630
836	3631
836	3632
836	3633
837	1150
837	3634
837	3635
837	3636
838	0
838	3637
838	3638
838	3639
838	3640
838	3641
839	3642
839	3643
839	3644
839	3645
840	3646
840	3647
840	3648
840	3649
841	0
841	3650
841	3651
841	3652
841	3653
841	3654
841	3655
842	3656
843	3657
844	3658
845	3659
846	3660
847	3661
847	3662
848	3663
848	3664
849	3665
849	3666
849	3667
849	3668
849	3669
849	3670
849	3671
849	3672
850	3673
850	3674
851	3675
851	3676
862	0
862	3677
862	3678
863	0
863	49
863	862
863	875
863	3679
863	3680
863	3681
863	3682
863	3683
863	3684
865	0
865	49
865	862
865	863
865	3685
865	3686
865	3687
865	3688
865	3689
865	3690
865	3691
865	3692
870	0
870	49
870	862
870	863
871	0
871	49
871	195
871	862
871	863
871	3681
872	0
872	49
872	862
872	863
873	0
873	49
873	862
873	863
873	874
874	0
874	862
874	863
874	3682
874	3693
874	3694
875	0
875	862
875	863
875	874
875	3684
875	3695
876	0
876	49
876	862
876	863
877	0
877	49
877	862
877	863
878	189
878	649
878	889
878	890
878	891
878	892
878	895
878	897
878	899
878	3696
878	3697
878	3698
878	3699
878	3700
879	58
879	59
879	879
879	920
879	927
879	3701
879	3702
879	3703
879	3704
879	3705
879	3706
879	3707
879	3708
879	3709
879	3710
879	3711
879	3712
879	3713
879	3714
879	3715
879	3716
879	3717
879	3718
879	3719
879	3720
879	3721
879	3722
879	3723
879	3724
879	3725
880	3726
887	189
888	189
901	47
901	997
901	3727
901	3728
901	3729
901	3730
902	900
902	904
902	906
902	3731
902	3732
903	906
903	3733
903	3734
904	3735
904	3736
904	3737
904	3738
904	3739
904	3740
904	3741
904	3742
905	155
905	904
905	3728
905	3730
905	3731
905	3743
906	0
906	1
906	4
906	69
906	107
906	156
906	202
906	659
906	660
906	661
906	662
906	663
906	664
906	906
906	1112
907	0
907	54
907	55
907	908
907	3744
907	3745
908	0
908	54
908	55
908	907
908	909
908	3744
908	3745
908	3746
909	0
909	54
909	55
909	74
909	908
911	0
911	44
911	55
911	3747
911	3748
911	3749
911	3750
911	3751
912	0
912	55
912	3752
912	3753
912	3754
912	3755
912	3756
912	3757
912	3758
912	3759
912	3760
912	3761
912	3762
912	3763
912	3764
913	0
913	55
913	56
913	57
913	919
913	3765
913	3766
913	3767
913	3768
914	0
914	55
914	3756
914	3759
914	3760
914	3761
914	3762
914	3764
914	3765
914	3767
914	3769
914	3770
914	3771
914	3772
914	3773
914	3774
914	3775
914	3776
914	3777
914	3778
914	3779
914	3780
915	0
915	55
915	1238
915	3781
915	3782
915	3783
915	3784
915	3785
915	3786
915	3787
915	3788
915	3789
915	3790
915	3791
915	3792
915	3793
915	3794
915	3795
915	3796
915	3797
915	3798
915	3799
915	3800
915	3801
915	3802
915	3803
915	3804
915	3805
915	3806
915	3807
916	0
916	55
916	3808
917	0
917	55
917	918
917	3752
918	0
918	55
918	917
918	3752
918	3779
918	3780
918	3809
919	0
919	55
919	56
919	913
919	3767
920	58
920	59
920	64
920	189
920	206
920	207
920	863
920	920
920	1542
920	3684
920	3810
920	3811
921	58
921	59
921	920
921	921
921	3812
922	58
922	59
922	920
922	922
922	3813
923	58
923	59
923	920
923	923
923	1214
927	58
927	59
927	60
927	879
927	920
927	927
927	3814
927	3815
927	3816
927	3817
927	3818
927	3819
927	3820
927	3821
927	3822
927	3823
928	58
928	59
928	920
928	927
928	928
928	3823
930	58
930	59
930	60
930	920
930	927
930	930
931	58
931	59
931	60
931	920
931	927
931	931
932	58
932	59
932	60
932	920
932	927
932	932
933	58
933	59
933	60
933	189
933	920
933	927
933	933
934	58
934	59
934	60
934	649
934	920
934	927
934	934
935	58
935	59
935	60
935	189
935	920
935	927
935	935
936	58
936	59
936	60
936	920
936	927
936	936
937	58
937	59
937	60
937	920
937	927
937	937
938	0
938	61
938	862
939	0
939	61
939	862
940	0
940	61
940	862
941	0
941	61
941	862
942	0
942	61
942	862
943	0
943	61
943	862
944	0
944	61
944	862
945	0
945	61
945	862
946	0
946	61
946	862
946	939
951	3636
951	3824
951	3825
951	3826
951	3827
952	3636
952	3827
952	3828
952	3829
952	3830
953	3636
953	3827
953	3831
953	3832
953	3833
955	0
955	3
955	14
956	955
956	3834
956	3835
956	3836
956	3837
956	3838
956	3839
956	3840
956	3841
956	3842
956	3843
956	3844
956	3845
956	3846
956	3847
956	3848
956	3849
957	0
957	64
957	201
957	3455
957	3850
957	3851
957	3852
957	3853
958	64
958	958
958	3854
958	3855
958	3856
959	64
959	960
959	3857
959	3858
959	3859
959	3860
959	3861
959	3862
959	3863
959	3864
959	3865
960	64
960	3866
960	3867
960	3868
961	2707
961	3869
962	64
962	3870
962	3871
962	3872
962	3873
962	3874
962	3875
962	3876
962	3877
962	3878
962	3879
962	3880
962	3881
962	3882
962	3883
962	3884
962	3885
962	3886
962	3887
962	3888
962	3889
962	3890
962	3891
962	3892
962	3893
962	3894
962	3895
962	3896
962	3897
962	3898
962	3899
963	64
965	65
965	66
965	960
965	3900
965	3901
965	3902
965	3903
967	64
967	956
967	3904
967	3905
967	3906
967	3907
967	3908
967	3909
968	3910
968	3911
969	64
969	3912
969	3913
970	0
970	9
970	39
970	40
970	64
970	103
970	156
970	205
970	1156
970	3914
970	3915
970	3916
970	3917
979	0
979	1
979	4
979	69
979	156
979	202
979	660
979	661
979	662
979	664
979	3918
979	3919
980	0
980	1
980	4
980	69
980	156
980	202
980	659
980	660
980	661
980	662
980	663
980	664
980	3920
981	0
981	1
981	4
981	69
981	156
981	202
981	660
981	661
981	662
981	664
981	3918
981	3919
982	0
982	1
982	4
982	69
982	156
982	202
982	659
982	660
982	661
982	662
982	663
982	664
983	0
983	1
983	4
983	69
983	156
983	202
983	659
983	660
983	661
983	662
983	663
983	664
983	984
983	2742
983	3921
983	3922
983	3923
983	3924
983	3925
983	3926
983	3927
983	3928
983	3929
983	3930
983	3931
985	0
985	1
985	4
985	69
985	156
985	202
985	659
985	660
985	661
985	662
985	663
985	664
985	1601
985	3932
985	3933
986	0
986	1
986	4
986	69
986	156
986	202
986	659
986	660
986	661
986	662
986	663
986	664
987	0
987	1
987	4
987	69
987	156
987	202
987	659
987	660
987	661
987	662
987	663
987	664
988	0
988	1
988	4
988	53
988	68
988	69
988	156
988	202
988	212
988	229
988	659
988	660
988	661
988	662
988	663
988	664
989	0
989	1
989	4
989	69
989	156
989	202
989	659
989	660
989	661
989	662
989	663
989	664
992	0
992	1
992	4
992	69
992	156
992	202
992	659
992	660
992	661
992	662
992	663
992	664
993	0
993	1
993	4
993	69
993	156
993	202
993	659
993	660
993	661
993	662
993	663
993	664
994	3727
994	3934
994	3935
995	0
995	678
995	995
995	1661
995	3936
995	3937
995	3938
995	3939
995	3940
995	3941
997	0
997	1958
997	1959
997	3200
997	3335
997	3942
997	3943
997	3944
997	3945
997	3946
997	3947
997	3948
997	3949
997	3950
997	3951
997	3952
997	3953
998	0
998	71
998	1007
998	3954
998	3955
998	3956
998	3957
998	3958
998	3959
998	3960
998	3961
998	3962
998	3963
998	3964
998	3965
998	3966
998	3967
998	3968
999	0
999	71
999	1007
999	3969
999	3970
999	3971
999	3972
999	3973
999	3974
999	3975
999	3976
999	3977
999	3978
1000	0
1000	71
1000	1006
1000	1007
1000	3953
1000	3979
1000	3980
1000	3981
1000	3982
1000	3983
1000	3984
1000	3985
1000	3986
1000	3987
1000	3988
1001	0
1001	71
1001	1007
1001	3989
1002	0
1002	71
1002	3990
1002	3991
1002	3992
1002	3993
1002	3994
1002	3995
1002	3996
1002	3997
1002	3998
1002	3999
1002	4000
1002	4001
1002	4002
1003	0
1003	71
1003	101
1003	1007
1003	4003
1003	4004
1003	4005
1004	0
1004	71
1004	3970
1004	3971
1004	3973
1004	4006
1004	4007
1004	4008
1004	4009
1004	4010
1005	0
1005	71
1005	1005
1005	1564
1005	3338
1005	4011
1005	4012
1005	4013
1005	4014
1005	4015
1005	4016
1005	4017
1005	4018
1005	4019
1005	4020
1005	4021
1005	4022
1005	4023
1005	4024
1005	4025
1005	4026
1005	4027
1005	4028
1005	4029
1005	4030
1005	4031
1005	4032
1005	4033
1005	4034
1005	4035
1005	4036
1005	4037
1005	4038
1005	4039
1007	0
1007	71
1007	998
1007	999
1007	1000
1007	1001
1007	1002
1007	1004
1007	1005
1007	3953
1007	3967
1007	3979
1007	3980
1007	3982
1007	3983
1007	3984
1007	3985
1007	3986
1007	3987
1007	3988
1007	3989
1007	3991
1007	3993
1007	3995
1007	3997
1007	3998
1007	3999
1007	4000
1007	4001
1007	4002
1007	4006
1007	4008
1007	4009
1007	4040
1007	4041
1007	4042
1007	4043
1007	4044
1007	4045
1007	4046
1007	4047
1008	0
1008	4048
1008	4049
1008	4050
1008	4051
1008	4052
1008	4053
1011	803
1011	4054
1011	4055
1011	4056
1011	4057
1011	4058
1012	73
1012	235
1012	4059
1014	1014
1014	1015
1014	4060
1015	4061
1015	4062
1015	4063
1015	4064
1015	4065
1015	4066
1015	4067
1015	4068
1015	4069
1015	4070
1015	4071
1015	4072
1015	4073
1015	4074
1015	4075
1015	4076
1015	4077
1015	4078
1015	4079
1015	4080
1015	4081
1015	4082
1015	4083
1015	4084
1015	4085
1015	4086
1015	4087
1015	4088
1015	4089
1015	4090
1015	4091
1015	4092
1015	4093
1015	4094
1015	4095
1015	4096
1015	4097
1015	4098
1015	4099
1015	4100
1015	4101
1015	4102
1015	4103
1015	4104
1015	4105
1015	4106
1015	4107
1016	0
1016	86
1016	1469
1016	1470
1016	1471
1016	1472
1016	1473
1016	1474
1016	1475
1016	1476
1016	1477
1016	1478
1016	1479
1016	1480
1016	1481
1017	0
1017	233
1017	1016
1017	1017
1017	1901
1017	2000
1017	2742
1017	4108
1017	4109
1017	4110
1017	4111
1017	4112
1017	4113
1017	4114
1017	4115
1017	4116
1017	4117
1017	4118
1017	4119
1017	4120
1017	4121
1017	4122
1017	4123
1018	0
1018	1273
1018	4124
1018	4125
1018	4126
1018	4127
1018	4128
1018	4129
1018	4130
1018	4131
1018	4132
1018	4133
1018	4134
1022	0
1022	39
1022	90
1022	92
1022	1022
1022	4135
1022	4136
1023	0
1023	39
1023	90
1023	92
1023	1023
1023	4135
1024	4137
1024	4138
1026	0
1026	111
1026	4139
1029	1029
1029	4140
1030	0
1030	90
1030	1031
1030	1032
1030	3087
1030	4141
1030	4142
1030	4143
1030	4144
1030	4145
1030	4146
1030	4147
1031	1031
1032	1032
1033	0
1033	90
1033	92
1033	96
1033	97
1033	1033
1033	1034
1033	1035
1033	1036
1034	0
1034	90
1034	92
1034	96
1034	97
1034	1033
1034	1034
1034	1035
1034	1036
1037	0
1037	4148
1037	4149
1037	4150
1037	4151
1037	4152
1038	45
1038	103
1038	147
1038	1153
1038	1518
1038	3264
1038	3269
1038	3276
1038	3281
1038	4153
1038	4154
1038	4155
1038	4156
1040	709
1040	4157
1047	0
1048	0
1049	0
1049	4158
1050	0
1050	4159
1051	0
1051	4160
1052	0
1052	176
1053	0
1053	4161
1054	0
1054	102
1054	103
1054	224
1054	1054
1054	1057
1054	1058
1054	1061
1054	1062
1054	4162
1054	4163
1054	4164
1057	0
1057	103
1057	224
1057	1054
1057	1057
1057	1058
1057	1061
1057	1062
1057	4162
1057	4165
1057	4166
1057	4167
1057	4168
1057	4169
1057	4170
1057	4171
1057	4172
1057	4173
1057	4174
1057	4175
1057	4176
1057	4177
1057	4178
1057	4179
1057	4180
1057	4181
1057	4182
1057	4183
1057	4184
1057	4185
1057	4186
1057	4187
1058	0
1058	103
1058	224
1058	1054
1058	1057
1058	1058
1058	1061
1058	1062
1058	4168
1058	4188
1058	4189
1061	0
1061	103
1061	224
1061	1057
1061	1058
1061	1061
1061	1062
1061	4153
1063	4163
1064	103
1064	224
1064	1054
1064	1057
1064	1058
1064	1061
1064	1062
1064	4185
1064	4190
1064	4191
1093	0
1093	106
1093	994
1093	1107
1093	1108
1093	1109
1093	1110
1093	4192
1093	4193
1094	0
1094	106
1094	994
1094	1093
1094	1094
1094	1095
1094	1096
1094	1097
1094	1098
1094	1099
1094	1100
1094	1101
1094	1102
1094	1107
1094	1108
1094	1109
1094	1110
1094	4194
1094	4195
1095	0
1095	106
1095	994
1095	1093
1095	1094
1095	1095
1095	1096
1095	1097
1095	1098
1095	1099
1095	1100
1095	1101
1095	1102
1095	1107
1095	1108
1095	1109
1095	1110
1095	4196
1095	4197
1095	4198
1095	4199
1095	4200
1095	4201
1096	0
1096	106
1096	994
1096	1093
1096	1094
1096	1095
1096	1096
1096	1097
1096	1098
1096	1099
1096	1100
1096	1101
1096	1102
1096	1107
1096	1108
1096	1109
1096	1110
1096	4202
1096	4203
1096	4204
1096	4205
1096	4206
1096	4207
1096	4208
1097	0
1097	106
1097	994
1097	1093
1097	1094
1097	1095
1097	1096
1097	1097
1097	1098
1097	1099
1097	1100
1097	1101
1097	1102
1097	1107
1097	1108
1097	1109
1097	1110
1097	4209
1097	4210
1097	4211
1097	4212
1097	4213
1098	0
1098	106
1098	994
1098	1093
1098	1094
1098	1095
1098	1096
1098	1097
1098	1098
1098	1099
1098	1100
1098	1101
1098	1102
1098	1107
1098	1108
1098	1109
1098	1110
1098	4214
1099	0
1099	106
1099	994
1099	1093
1099	1094
1099	1095
1099	1096
1099	1097
1099	1098
1099	1099
1099	1100
1099	1101
1099	1102
1099	1107
1099	1108
1099	1109
1099	1110
1099	4215
1099	4216
1099	4217
1099	4218
1099	4219
1099	4220
1100	0
1100	106
1100	994
1100	1093
1100	1094
1100	1095
1100	1096
1100	1097
1100	1098
1100	1099
1100	1100
1100	1101
1100	1102
1100	1107
1100	1108
1100	1109
1100	1110
1100	4221
1100	4222
1100	4223
1100	4224
1100	4225
1100	4226
1100	4227
1100	4228
1100	4229
1100	4230
1100	4231
1100	4232
1101	0
1101	106
1101	994
1101	1093
1101	1094
1101	1095
1101	1096
1101	1097
1101	1098
1101	1099
1101	1100
1101	1101
1101	1102
1101	1107
1101	1108
1101	1109
1101	1110
1101	4233
1101	4234
1101	4235
1101	4236
1101	4237
1101	4238
1101	4239
1101	4240
1101	4241
1102	0
1102	106
1102	994
1102	1093
1102	1094
1102	1095
1102	1096
1102	1097
1102	1098
1102	1099
1102	1100
1102	1101
1102	1102
1102	1107
1102	1108
1102	1109
1102	1110
1103	0
1103	106
1103	994
1103	1093
1103	1103
1103	1107
1103	1108
1103	1109
1103	1110
1103	4242
1103	4243
1103	4244
1103	4245
1103	4246
1103	4247
1103	4248
1103	4249
1103	4250
1103	4251
1103	4252
1103	4253
1103	4254
1103	4255
1103	4256
1103	4257
1103	4258
1103	4259
1104	0
1104	695
1104	994
1104	1093
1104	1104
1104	1109
1104	4260
1104	4261
1104	4262
1104	4263
1104	4264
1104	4265
1104	4266
1105	0
1105	106
1105	994
1105	1093
1105	1105
1105	1107
1105	1108
1105	1109
1105	1110
1105	4267
1105	4268
1105	4269
1105	4270
1105	4271
1105	4272
1105	4273
1105	4274
1105	4275
1105	4276
1105	4277
1105	4278
1105	4279
1105	4280
1105	4281
1105	4282
1105	4283
1105	4284
1105	4285
1105	4286
1105	4287
1105	4288
1105	4289
1105	4290
1105	4291
1105	4292
1105	4293
1105	4294
1105	4295
1105	4296
1105	4297
1105	4298
1105	4299
1105	4300
1105	4301
1105	4302
1106	4303
1107	0
1107	106
1107	994
1107	1093
1107	1108
1107	1109
1107	1110
1107	4304
1107	4305
1107	4306
1107	4307
1107	4308
1107	4309
1107	4310
1107	4311
1107	4312
1107	4313
1107	4314
1107	4315
1108	0
1108	106
1108	994
1108	1093
1108	1107
1108	1109
1108	1110
1108	4316
1108	4317
1108	4318
1108	4319
1109	0
1109	106
1109	158
1109	160
1109	165
1109	695
1109	787
1109	797
1109	994
1109	1093
1109	1107
1109	1108
1109	1109
1109	1110
1109	1155
1109	4261
1109	4320
1110	0
1110	106
1110	994
1110	1093
1110	1107
1110	1108
1110	1109
1110	1110
1110	4321
1110	4322
1110	4323
1110	4324
1110	4325
1110	4326
1110	4327
1110	4328
1110	4329
1110	4330
1110	4331
1110	4332
1110	4333
1110	4334
1110	4335
1110	4336
1110	4337
1110	4338
1110	4339
1110	4340
1110	4341
1110	4342
1112	0
1112	1
1112	4
1112	69
1112	107
1112	156
1112	202
1112	659
1112	660
1112	661
1112	662
1112	663
1112	664
1112	906
1112	1112
1115	0
1115	140
1117	0
1117	140
1119	0
1119	39
1119	90
1119	112
1119	113
1119	114
1119	115
1119	1120
1119	4343
1119	4344
1120	4345
1120	4346
1120	4347
1120	4348
1120	4349
1120	4350
1120	4351
1125	1125
1125	1126
1125	1127
1125	1128
1125	1129
1126	1125
1126	1126
1126	1127
1126	1128
1126	1129
1127	1125
1127	1126
1127	1127
1127	1128
1127	1129
1128	1125
1128	1126
1128	1127
1128	1128
1128	1129
1129	1125
1129	1126
1129	1127
1129	1128
1129	1129
1130	4352
1133	214
1133	1133
1133	4353
1134	214
1134	1134
1135	171
1135	214
1135	1743
1135	4354
1135	4355
1135	4356
1135	4357
1135	4358
1135	4359
1135	4360
1135	4361
1135	4362
1135	4363
1136	214
1136	4364
1136	4365
1136	4366
1136	4367
1136	4368
1136	4369
1136	4370
1136	4371
1136	4372
1136	4373
1137	214
1137	1136
1138	214
1138	1138
1139	116
1139	214
1140	214
1140	1140
1140	4374
1140	4375
1140	4376
1140	4377
1141	214
1141	4378
1141	4379
1141	4380
1141	4381
1141	4382
1141	4383
1141	4384
1141	4385
1141	4386
1141	4387
1142	214
1142	4388
1143	214
1143	4389
1143	4390
1144	0
1144	4391
1144	4392
1144	4393
1144	4394
1144	4395
1144	4396
1144	4397
1144	4398
1144	4399
1144	4400
1144	4401
1144	4402
1145	0
1145	124
1145	1144
1145	1145
1145	1147
1145	1148
1145	1149
1148	124
1148	1144
1148	1146
1148	1147
1148	1149
1148	4399
1148	4403
1148	4404
1148	4405
1148	4406
1148	4407
1148	4408
1148	4409
1148	4410
1148	4411
1148	4412
1148	4413
1148	4414
1148	4415
1148	4416
1148	4417
1148	4418
1148	4419
1148	4420
1148	4421
1148	4422
1148	4423
1148	4424
1148	4425
1148	4426
1148	4427
1149	4428
1151	1152
1151	3236
1151	3237
1151	3238
1151	3239
1152	127
1152	751
1152	3236
1152	4429
1152	4430
1152	4431
1152	4432
1152	4433
1152	4434
1152	4435
1152	4436
1152	4437
1152	4438
1152	4439
1152	4440
1152	4441
1152	4442
1152	4443
1152	4444
1152	4445
1152	4446
1152	4447
1152	4448
1152	4449
1152	4450
1152	4451
1152	4452
1152	4453
1152	4454
1152	4455
1152	4456
1152	4457
1152	4458
1152	4459
1152	4460
1152	4461
1152	4462
1152	4463
1152	4464
1152	4465
1153	45
1153	128
1153	129
1153	130
1153	4466
1154	0
1154	14
1154	169
1154	4467
1155	1152
1155	3237
1155	3238
1155	3239
1155	4468
1160	0
1160	124
1160	1144
1160	1145
1160	1146
1160	1147
1160	1148
1160	1149
1160	1150
1161	131
1161	4469
1161	4470
1161	4471
1161	4472
1161	4473
1161	4474
1161	4475
1161	4476
1161	4477
1164	0
1164	176
1165	0
1165	176
1165	4478
1165	4479
1165	4480
1165	4481
1166	0
1166	176
1167	0
1167	176
1168	0
1168	176
1169	0
1169	176
1170	134
1170	1170
1170	1171
1170	1172
1170	1173
1170	1174
1170	1175
1170	1176
1170	4482
1170	4483
1170	4484
1170	4485
1171	0
1171	134
1171	147
1171	148
1171	167
1171	168
1171	1170
1171	1171
1171	1172
1171	1173
1171	1174
1171	1175
1171	1176
1171	1177
1171	4486
1171	4487
1171	4488
1171	4489
1171	4490
1171	4491
1171	4492
1171	4493
1171	4494
1171	4495
1171	4496
1171	4497
1171	4498
1171	4499
1171	4500
1171	4501
1171	4502
1171	4503
1171	4504
1171	4505
1171	4506
1171	4507
1171	4508
1171	4509
1171	4510
1171	4511
1171	4512
1171	4513
1171	4514
1171	4515
1171	4516
1172	134
1172	1170
1172	1171
1172	1172
1172	1173
1172	1174
1172	1175
1172	1176
1172	1177
1173	134
1173	1170
1173	1171
1173	1172
1173	1173
1173	1174
1173	1175
1173	1176
1173	4517
1173	4518
1173	4519
1173	4520
1174	134
1174	1170
1174	1171
1174	1172
1174	1173
1174	1174
1174	1175
1174	1176
1174	1177
1174	4486
1175	134
1175	1170
1175	1171
1175	1172
1175	1173
1175	1174
1175	1175
1175	1177
1175	4482
1175	4483
1175	4484
1175	4485
1175	4521
1175	4522
1175	4523
1175	4524
1175	4525
1175	4526
1175	4527
1176	134
1176	1170
1176	1171
1176	1172
1176	1173
1176	1174
1176	1175
1176	1176
1176	1177
1176	4528
1176	4529
1176	4530
1176	4531
1176	4532
1176	4533
1176	4534
1176	4535
1176	4536
1176	4537
1176	4538
1176	4539
1176	4540
1176	4541
1176	4542
1176	4543
1176	4544
1176	4545
1176	4546
1176	4547
1176	4548
1176	4549
1176	4550
1176	4551
1176	4552
1176	4553
1177	134
1177	1170
1177	1171
1177	1172
1177	1173
1177	1174
1177	1175
1177	1177
1180	135
1180	4554
1180	4555
1182	1180
1182	1182
1182	1183
1182	1188
1182	1189
1182	1190
1182	1193
1182	4556
1182	4557
1183	1180
1183	1182
1183	1188
1183	1189
1183	1190
1183	1193
1183	4558
1184	1193
1185	1180
1185	1182
1185	1183
1185	1185
1185	1188
1185	1189
1185	1190
1185	1193
1185	4558
1186	135
1186	4559
1186	4560
1186	4561
1186	4562
1186	4563
1186	4564
1186	4565
1186	4566
1186	4567
1186	4568
1186	4569
1186	4570
1186	4571
1186	4572
1186	4573
1186	4574
1186	4575
1186	4576
1186	4577
1186	4578
1186	4579
1186	4580
1186	4581
1186	4582
1186	4583
1186	4584
1186	4585
1186	4586
1186	4587
1186	4588
1186	4589
1186	4590
1186	4591
1186	4592
1186	4593
1186	4594
1187	135
1187	4595
1187	4596
1187	4597
1187	4598
1187	4599
1187	4600
1187	4601
1187	4602
1187	4603
1187	4604
1187	4605
1187	4606
1187	4607
1187	4608
1187	4609
1187	4610
1187	4611
1187	4612
1187	4613
1187	4614
1187	4615
1187	4616
1187	4617
1187	4618
1187	4619
1187	4620
1187	4621
1187	4622
1187	4623
1187	4624
1187	4625
1187	4626
1187	4627
1187	4628
1187	4629
1187	4630
1187	4631
1188	1180
1188	1181
1188	1189
1188	1190
1188	4557
1188	4632
1189	135
1189	4633
1189	4634
1189	4635
1189	4636
1189	4637
1189	4638
1189	4639
1189	4640
1189	4641
1189	4642
1189	4643
1189	4644
1189	4645
1189	4646
1189	4647
1189	4648
1189	4649
1189	4650
1189	4651
1189	4652
1189	4653
1189	4654
1189	4655
1189	4656
1189	4657
1189	4658
1189	4659
1189	4660
1189	4661
1189	4662
1189	4663
1189	4664
1189	4665
1189	4666
1189	4667
1189	4668
1189	4669
1189	4670
1189	4671
1189	4672
1189	4673
1189	4674
1189	4675
1189	4676
1189	4677
1189	4678
1189	4679
1189	4680
1189	4681
1189	4682
1189	4683
1189	4684
1189	4685
1189	4686
1189	4687
1189	4688
1189	4689
1189	4690
1189	4691
1189	4692
1189	4693
1189	4694
1189	4695
1189	4696
1189	4697
1189	4698
1189	4699
1189	4700
1189	4701
1189	4702
1189	4703
1189	4704
1189	4705
1189	4706
1189	4707
1189	4708
1189	4709
1189	4710
1189	4711
1189	4712
1189	4713
1189	4714
1189	4715
1189	4716
1189	4717
1189	4718
1189	4719
1189	4720
1189	4721
1189	4722
1189	4723
1189	4724
1189	4725
1189	4726
1189	4727
1189	4728
1189	4729
1189	4730
1189	4731
1189	4732
1189	4733
1189	4734
1189	4735
1189	4736
1189	4737
1189	4738
1189	4739
1189	4740
1189	4741
1189	4742
1189	4743
1189	4744
1189	4745
1189	4746
1189	4747
1189	4748
1189	4749
1189	4750
1189	4751
1189	4752
1189	4753
1189	4754
1189	4755
1189	4756
1189	4757
1189	4758
1189	4759
1189	4760
1189	4761
1189	4762
1189	4763
1189	4764
1189	4765
1189	4766
1189	4767
1189	4768
1189	4769
1192	39
1192	4770
1192	4771
1193	1192
1193	4772
1194	136
1195	136
1196	136
1197	136
1198	136
1199	137
1200	137
1201	137
1202	137
1203	137
1204	137
1205	137
1206	137
1207	137
1209	4773
1212	225
1212	267
1212	4774
1212	4775
1216	0
1216	140
1216	1229
1216	1230
1216	1231
1216	1232
1216	1233
1216	1234
1216	1830
1216	1898
1216	1899
1216	1979
1216	3942
1216	4776
1216	4777
1216	4778
1216	4779
1216	4780
1216	4781
1216	4782
1216	4783
1216	4784
1216	4785
1216	4786
1216	4787
1216	4788
1216	4789
1216	4790
1216	4791
1216	4792
1216	4793
1216	4794
1216	4795
1216	4796
1216	4797
1216	4798
1216	4799
1216	4800
1216	4801
1216	4802
1216	4803
1216	4804
1216	4805
1216	4806
1216	4807
1216	4808
1216	4809
1216	4810
1216	4811
1216	4812
1216	4813
1216	4814
1216	4815
1216	4816
1216	4817
1216	4818
1216	4819
1216	4820
1216	4821
1216	4822
1216	4823
1216	4824
1216	4825
1216	4826
1216	4827
1216	4828
1216	4829
1216	4830
1216	4831
1216	4832
1216	4833
1216	4834
1216	4835
1216	4836
1216	4837
1216	4838
1216	4839
1216	4840
1216	4841
1216	4842
1216	4843
1216	4844
1216	4845
1216	4846
1216	4847
1216	4848
1216	4849
1216	4850
1216	4851
1216	4852
1216	4853
1216	4854
1216	4855
1216	4856
1216	4857
1216	4858
1216	4859
1216	4860
1216	4861
1216	4862
1216	4863
1216	4864
1216	4865
1216	4866
1216	4867
1216	4868
1216	4869
1216	4870
1216	4871
1216	4872
1216	4873
1216	4874
1216	4875
1216	4876
1216	4877
1216	4878
1216	4879
1216	4880
1216	4881
1216	4882
1216	4883
1216	4884
1216	4885
1216	4886
1216	4887
1216	4888
1216	4889
1216	4890
1216	4891
1216	4892
1216	4893
1216	4894
1216	4895
1216	4896
1216	4897
1216	4898
1216	4899
1216	4900
1216	4901
1216	4902
1216	4903
1216	4904
1216	4905
1216	4906
1216	4907
1216	4908
1216	4909
1216	4910
1216	4911
1216	4912
1216	4913
1216	4914
1216	4915
1216	4916
1216	4917
1216	4918
1216	4919
1216	4920
1216	4921
1216	4922
1216	4923
1216	4924
1216	4925
1216	4926
1216	4927
1216	4928
1216	4929
1216	4930
1216	4931
1216	4932
1216	4933
1216	4934
1216	4935
1216	4936
1216	4937
1216	4938
1216	4939
1216	4940
1216	4941
1216	4942
1216	4943
1216	4944
1216	4945
1216	4946
1216	4947
1216	4948
1216	4949
1216	4950
1216	4951
1216	4952
1216	4953
1216	4954
1216	4955
1216	4956
1216	4957
1216	4958
1216	4959
1216	4960
1216	4961
1216	4962
1216	4963
1216	4964
1216	4965
1216	4966
1216	4967
1216	4968
1216	4969
1216	4970
1216	4971
1216	4972
1216	4973
1216	4974
1216	4975
1216	4976
1216	4977
1216	4978
1216	4979
1216	4980
1216	4981
1216	4982
1216	4983
1216	4984
1216	4985
1216	4986
1216	4987
1216	4988
1216	4989
1216	4990
1216	4991
1216	4992
1216	4993
1216	4994
1216	4995
1216	4996
1216	4997
1216	4998
1216	4999
1216	5000
1216	5001
1216	5002
1216	5003
1216	5004
1216	5005
1216	5006
1216	5007
1216	5008
1216	5009
1216	5010
1216	5011
1216	5012
1216	5013
1216	5014
1216	5015
1216	5016
1216	5017
1216	5018
1216	5019
1216	5020
1216	5021
1216	5022
1216	5023
1216	5024
1216	5025
1216	5026
1216	5027
1216	5028
1216	5029
1216	5030
1216	5031
1216	5032
1216	5033
1216	5034
1216	5035
1216	5036
1216	5037
1216	5038
1216	5039
1216	5040
1216	5041
1216	5042
1216	5043
1216	5044
1216	5045
1216	5046
1216	5047
1216	5048
1216	5049
1216	5050
1216	5051
1216	5052
1216	5053
1216	5054
1216	5055
1229	0
1229	140
1230	0
1230	140
1231	0
1231	140
1232	0
1232	140
1233	0
1233	140
1234	0
1234	140
1235	0
1235	71
1235	140
1235	1944
1235	1945
1235	1957
1235	3953
1235	5056
1235	5057
1235	5058
1235	5059
1235	5060
1235	5061
1235	5062
1235	5063
1235	5064
1235	5065
1235	5066
1235	5067
1235	5068
1235	5069
1235	5070
1236	0
1236	140
1237	170
1237	172
1237	194
1237	204
1237	267
1237	1634
1238	163
1238	164
1238	176
1238	267
1238	1237
1238	1718
1238	1719
1238	1720
1238	1945
1238	1948
1238	1951
1238	1952
1238	1953
1238	1954
1238	1955
1238	1956
1238	1957
1238	1963
1239	0
1239	71
1239	671
1239	1144
1239	1154
1239	1274
1239	1968
1239	5058
1239	5071
1239	5072
1239	5073
1239	5074
1239	5075
1239	5076
1239	5077
1239	5078
1239	5079
1239	5080
1239	5081
1239	5082
1239	5083
1240	0
1240	1251
1241	0
1241	1251
1242	0
1242	1251
1243	0
1243	1251
1244	0
1244	1251
1245	0
1245	1251
1246	0
1246	1251
1247	0
1247	1251
1248	0
1248	1251
1249	0
1249	140
1250	218
1250	1768
1250	1769
1250	1770
1250	1771
1250	1772
1250	1773
1250	1776
1250	1779
1250	1780
1250	1781
1250	1782
1250	1785
1250	1786
1250	1787
1250	1788
1250	1789
1250	5084
1250	5085
1250	5086
1250	5087
1250	5088
1250	5089
1250	5090
1250	5091
1250	5092
1250	5093
1250	5094
1250	5095
1250	5096
1250	5097
1250	5098
1250	5099
1250	5100
1250	5101
1250	5102
1250	5103
1250	5104
1250	5105
1250	5106
1250	5107
1250	5108
1256	0
1256	140
1257	0
1257	5109
1257	5110
1257	5111
1257	5112
1257	5113
1257	5114
1257	5115
1257	5116
1257	5117
1257	5118
1257	5119
1260	145
1261	145
1262	145
1263	145
1264	145
1265	145
1266	145
1267	145
1269	5120
1269	5121
1269	5122
1269	5123
1269	5124
1269	5125
1269	5126
1269	5127
1270	5121
1270	5128
1270	5129
1270	5130
1270	5131
1270	5132
1270	5133
1270	5134
1270	5135
1270	5136
1270	5137
1270	5138
1270	5139
1270	5140
1270	5141
1270	5142
1270	5143
1270	5144
1270	5145
1270	5146
1271	5147
1271	5148
1271	5149
1273	0
1273	14
1274	0
1274	14
1274	222
1274	1903
1274	2937
1274	2945
1274	2946
1274	2947
1274	2948
1274	2949
1274	2950
1274	2951
1274	2952
1275	153
1275	755
1275	3071
1275	5150
1275	5151
1275	5152
1275	5153
1275	5154
1275	5155
1275	5156
1275	5157
1275	5158
1275	5159
1275	5160
1275	5161
1275	5162
1275	5163
1275	5164
1275	5165
1275	5166
1275	5167
1275	5168
1275	5169
1275	5170
1275	5171
1275	5172
1275	5173
1275	5174
1275	5175
1275	5176
1275	5177
1275	5178
1275	5179
1275	5180
1275	5181
1275	5182
1275	5183
1275	5184
1275	5185
1275	5186
1275	5187
1275	5188
1275	5189
1275	5190
1275	5191
1275	5192
1275	5193
1275	5194
1275	5195
1275	5196
1275	5197
1275	5198
1275	5199
1275	5200
1275	5201
1275	5202
1275	5203
1275	5204
1275	5205
1275	5206
1275	5207
1275	5208
1275	5209
1275	5210
1275	5211
1275	5212
1276	153
1276	1567
1276	3133
1276	5213
1276	5214
1276	5215
1276	5216
1276	5217
1276	5218
1276	5219
1276	5220
1276	5221
1276	5222
1276	5223
1276	5224
1276	5225
1276	5226
1276	5227
1276	5228
1276	5229
1276	5230
1276	5231
1276	5232
1276	5233
1276	5234
1276	5235
1276	5236
1276	5237
1276	5238
1276	5239
1276	5240
1276	5241
1276	5242
1276	5243
1276	5244
1276	5245
1276	5246
1276	5247
1276	5248
1276	5249
1276	5250
1276	5251
1276	5252
1276	5253
1276	5254
1276	5255
1276	5256
1276	5257
1276	5258
1276	5259
1276	5260
1276	5261
1276	5262
1276	5263
1276	5264
1276	5265
1276	5266
1276	5267
1276	5268
1276	5269
1276	5270
1276	5271
1276	5272
1276	5273
1276	5274
1276	5275
1276	5276
1276	5277
1276	5278
1276	5279
1276	5280
1276	5281
1276	5282
1276	5283
1276	5284
1276	5285
1276	5286
1276	5287
1276	5288
1276	5289
1276	5290
1276	5291
1276	5292
1276	5293
1276	5294
1276	5295
1276	5296
1276	5297
1276	5298
1276	5299
1276	5300
1276	5301
1276	5302
1276	5303
1276	5304
1276	5305
1276	5306
1276	5307
1276	5308
1276	5309
1276	5310
1276	5311
1276	5312
1276	5313
1276	5314
1276	5315
1276	5316
1276	5317
1276	5318
1276	5319
1276	5320
1276	5321
1276	5322
1276	5323
1276	5324
1276	5325
1276	5326
1276	5327
1276	5328
1276	5329
1276	5330
1276	5331
1276	5332
1276	5333
1276	5334
1276	5335
1276	5336
1276	5337
1276	5338
1276	5339
1276	5340
1276	5341
1276	5342
1276	5343
1276	5344
1276	5345
1276	5346
1276	5347
1276	5348
1276	5349
1276	5350
1276	5351
1276	5352
1276	5353
1276	5354
1276	5355
1276	5356
1276	5357
1276	5358
1276	5359
1276	5360
1276	5361
1276	5362
1276	5363
1276	5364
1276	5365
1276	5366
1276	5367
1276	5368
1276	5369
1276	5370
1276	5371
1276	5372
1276	5373
1276	5374
1276	5375
1276	5376
1276	5377
1276	5378
1276	5379
1276	5380
1276	5381
1276	5382
1276	5383
1276	5384
1276	5385
1276	5386
1276	5387
1276	5388
1276	5389
1276	5390
1276	5391
1276	5392
1276	5393
1276	5394
1276	5395
1276	5396
1276	5397
1276	5398
1276	5399
1276	5400
1276	5401
1276	5402
1276	5403
1276	5404
1276	5405
1276	5406
1276	5407
1276	5408
1276	5409
1276	5410
1276	5411
1276	5412
1276	5413
1276	5414
1277	153
1277	226
1277	700
1277	3678
1277	5415
1277	5416
1277	5417
1277	5418
1277	5419
1277	5420
1277	5421
1277	5422
1277	5423
1277	5424
1277	5425
1277	5426
1277	5427
1277	5428
1277	5429
1277	5430
1277	5431
1277	5432
1277	5433
1277	5434
1277	5435
1277	5436
1277	5437
1277	5438
1277	5439
1277	5440
1277	5441
1277	5442
1277	5443
1277	5444
1277	5445
1277	5446
1277	5447
1277	5448
1277	5449
1277	5450
1277	5451
1277	5452
1277	5453
1277	5454
1277	5455
1277	5456
1277	5457
1277	5458
1277	5459
1277	5460
1277	5461
1277	5462
1277	5463
1277	5464
1277	5465
1277	5466
1277	5467
1277	5468
1277	5469
1277	5470
1277	5471
1277	5472
1277	5473
1277	5474
1277	5475
1277	5476
1277	5477
1277	5478
1277	5479
1277	5480
1277	5481
1277	5482
1277	5483
1277	5484
1277	5485
1277	5486
1277	5487
1277	5488
1277	5489
1277	5490
1277	5491
1277	5492
1277	5493
1277	5494
1277	5495
1277	5496
1277	5497
1277	5498
1277	5499
1277	5500
1277	5501
1277	5502
1277	5503
1277	5504
1277	5505
1277	5506
1277	5507
1277	5508
1277	5509
1277	5510
1277	5511
1277	5512
1277	5513
1277	5514
1277	5515
1277	5516
1277	5517
1277	5518
1277	5519
1277	5520
1277	5521
1277	5522
1277	5523
1277	5524
1277	5525
1277	5526
1277	5527
1277	5528
1277	5529
1277	5530
1277	5531
1277	5532
1277	5533
1277	5534
1277	5535
1277	5536
1277	5537
1277	5538
1277	5539
1277	5540
1277	5541
1277	5542
1277	5543
1277	5544
1277	5545
1277	5546
1277	5547
1277	5548
1277	5549
1277	5550
1277	5551
1277	5552
1277	5553
1277	5554
1277	5555
1277	5556
1277	5557
1277	5558
1277	5559
1277	5560
1277	5561
1277	5562
1277	5563
1277	5564
1277	5565
1277	5566
1277	5567
1277	5568
1277	5569
1277	5570
1277	5571
1277	5572
1277	5573
1277	5574
1277	5575
1277	5576
1277	5577
1277	5578
1277	5579
1277	5580
1277	5581
1277	5582
1278	153
1278	5583
1278	5584
1279	153
1279	1568
1279	3650
1279	3666
1279	5585
1279	5586
1279	5587
1279	5588
1279	5589
1279	5590
1279	5591
1279	5592
1279	5593
1279	5594
1279	5595
1279	5596
1279	5597
1279	5598
1279	5599
1279	5600
1279	5601
1279	5602
1279	5603
1279	5604
1279	5605
1279	5606
1279	5607
1279	5608
1279	5609
1279	5610
1279	5611
1279	5612
1279	5613
1279	5614
1280	153
1280	697
1280	797
1280	5615
1280	5616
1280	5617
1280	5618
1280	5619
1280	5620
1280	5621
1280	5622
1280	5623
1280	5624
1280	5625
1280	5626
1280	5627
1280	5628
1280	5629
1280	5630
1280	5631
1280	5632
1280	5633
1280	5634
1280	5635
1280	5636
1280	5637
1280	5638
1280	5639
1280	5640
1280	5641
1280	5642
1280	5643
1280	5644
1280	5645
1280	5646
1280	5647
1280	5648
1280	5649
1280	5650
1280	5651
1280	5652
1280	5653
1280	5654
1280	5655
1280	5656
1280	5657
1280	5658
1280	5659
1280	5660
1280	5661
1280	5662
1280	5663
1280	5664
1280	5665
1280	5666
1280	5667
1280	5668
1280	5669
1280	5670
1280	5671
1280	5672
1280	5673
1280	5674
1280	5675
1280	5676
1280	5677
1280	5678
1280	5679
1280	5680
1280	5681
1280	5682
1280	5683
1280	5684
1280	5685
1280	5686
1280	5687
1280	5688
1280	5689
1280	5690
1280	5691
1280	5692
1280	5693
1280	5694
1280	5695
1280	5696
1280	5697
1280	5698
1280	5699
1280	5700
1280	5701
1280	5702
1280	5703
1280	5704
1280	5705
1280	5706
1280	5707
1280	5708
1280	5709
1280	5710
1280	5711
1280	5712
1280	5713
1280	5714
1280	5715
1280	5716
1280	5717
1280	5718
1280	5719
1281	153
1281	755
1281	1567
1281	3071
1281	3133
1281	5150
1281	5151
1281	5152
1281	5153
1281	5154
1281	5155
1281	5156
1281	5157
1281	5158
1281	5159
1281	5160
1281	5161
1281	5162
1281	5163
1281	5164
1281	5165
1281	5166
1281	5167
1281	5168
1281	5169
1281	5170
1281	5171
1281	5172
1281	5173
1281	5174
1281	5175
1281	5176
1281	5177
1281	5178
1281	5179
1281	5180
1281	5181
1281	5182
1281	5183
1281	5184
1281	5185
1281	5186
1281	5187
1281	5188
1281	5189
1281	5190
1281	5191
1281	5192
1281	5193
1281	5194
1281	5195
1281	5196
1281	5197
1281	5198
1281	5199
1281	5200
1281	5201
1281	5202
1281	5203
1281	5204
1281	5205
1281	5206
1281	5207
1281	5208
1281	5209
1281	5210
1281	5211
1281	5212
1281	5213
1281	5214
1281	5215
1281	5216
1281	5217
1281	5218
1281	5219
1281	5220
1281	5221
1281	5222
1281	5223
1281	5224
1281	5225
1281	5226
1281	5227
1281	5228
1281	5229
1281	5230
1281	5231
1281	5232
1281	5233
1281	5234
1281	5235
1281	5236
1281	5237
1281	5238
1281	5239
1281	5240
1281	5241
1281	5242
1281	5243
1281	5244
1281	5245
1281	5246
1281	5247
1281	5248
1281	5249
1281	5250
1281	5251
1281	5252
1281	5253
1281	5254
1281	5255
1281	5256
1281	5257
1281	5258
1281	5259
1281	5260
1281	5261
1281	5262
1281	5263
1281	5264
1281	5265
1281	5266
1281	5267
1281	5268
1281	5269
1281	5270
1281	5271
1281	5272
1281	5273
1281	5274
1281	5275
1281	5276
1281	5277
1281	5278
1281	5279
1281	5280
1281	5281
1281	5282
1281	5283
1281	5284
1281	5285
1281	5286
1281	5287
1281	5288
1281	5289
1281	5290
1281	5291
1281	5292
1281	5293
1281	5294
1281	5295
1281	5296
1281	5297
1281	5298
1281	5299
1281	5300
1281	5301
1281	5302
1281	5303
1281	5304
1281	5305
1281	5306
1281	5307
1281	5308
1281	5309
1281	5310
1281	5311
1281	5312
1281	5313
1281	5314
1281	5315
1281	5316
1281	5317
1281	5318
1281	5319
1281	5320
1281	5321
1281	5322
1281	5323
1281	5324
1281	5325
1281	5326
1281	5327
1281	5328
1281	5329
1281	5330
1281	5331
1281	5332
1281	5333
1281	5334
1281	5335
1281	5336
1281	5337
1281	5338
1281	5339
1281	5340
1281	5341
1281	5342
1281	5343
1281	5344
1281	5345
1281	5346
1281	5347
1281	5348
1281	5349
1281	5350
1281	5351
1281	5352
1281	5353
1281	5354
1281	5355
1281	5356
1281	5357
1281	5358
1281	5359
1281	5360
1281	5361
1281	5362
1281	5363
1281	5364
1281	5365
1281	5366
1281	5367
1281	5368
1281	5369
1281	5370
1281	5371
1281	5372
1281	5373
1281	5374
1281	5375
1281	5376
1281	5377
1281	5378
1281	5379
1281	5380
1281	5381
1281	5382
1281	5383
1281	5384
1281	5385
1281	5386
1281	5387
1281	5388
1281	5389
1281	5390
1281	5391
1281	5392
1281	5393
1281	5394
1281	5395
1281	5396
1281	5397
1281	5398
1281	5399
1281	5400
1281	5401
1281	5402
1281	5403
1281	5404
1281	5405
1281	5406
1281	5407
1281	5408
1281	5409
1281	5410
1281	5411
1281	5412
1281	5413
1281	5414
1281	5583
1281	5584
1281	5720
1281	5721
1281	5722
1281	5723
1281	5724
1281	5725
1281	5726
1281	5727
1281	5728
1282	153
1282	5722
1282	5726
1283	153
1283	2980
1283	3011
1283	5729
1283	5730
1283	5731
1283	5732
1283	5733
1283	5734
1283	5735
1283	5736
1283	5737
1283	5738
1283	5739
1283	5740
1283	5741
1283	5742
1283	5743
1283	5744
1283	5745
1283	5746
1283	5747
1283	5748
1283	5749
1283	5750
1283	5751
1283	5752
1283	5753
1283	5754
1283	5755
1283	5756
1283	5757
1283	5758
1283	5759
1283	5760
1283	5761
1283	5762
1283	5763
1283	5764
1283	5765
1283	5766
1283	5767
1283	5768
1283	5769
1283	5770
1283	5771
1283	5772
1283	5773
1283	5774
1283	5775
1283	5776
1283	5777
1283	5778
1283	5779
1283	5780
1283	5781
1283	5782
1283	5783
1283	5784
1283	5785
1283	5786
1283	5787
1283	5788
1283	5789
1283	5790
1283	5791
1283	5792
1283	5793
1283	5794
1283	5795
1283	5796
1283	5797
1283	5798
1283	5799
1283	5800
1283	5801
1283	5802
1283	5803
1283	5804
1283	5805
1283	5806
1283	5807
1283	5808
1283	5809
1283	5810
1283	5811
1283	5812
1283	5813
1283	5814
1283	5815
1283	5816
1283	5817
1283	5818
1283	5819
1283	5820
1283	5821
1283	5822
1283	5823
1283	5824
1283	5825
1283	5826
1283	5827
1283	5828
1283	5829
1283	5830
1283	5831
1283	5832
1283	5833
1283	5834
1283	5835
1283	5836
1283	5837
1283	5838
1283	5839
1283	5840
1283	5841
1283	5842
1283	5843
1283	5844
1283	5845
1283	5846
1283	5847
1283	5848
1283	5849
1283	5850
1283	5851
1283	5852
1283	5853
1283	5854
1283	5855
1283	5856
1283	5857
1283	5858
1283	5859
1283	5860
1283	5861
1283	5862
1283	5863
1283	5864
1283	5865
1283	5866
1283	5867
1283	5868
1283	5869
1283	5870
1283	5871
1283	5872
1283	5873
1283	5874
1283	5875
1283	5876
1283	5877
1283	5878
1283	5879
1283	5880
1283	5881
1283	5882
1283	5883
1283	5884
1283	5885
1283	5886
1283	5887
1283	5888
1283	5889
1283	5890
1283	5891
1283	5892
1283	5893
1283	5894
1283	5895
1283	5896
1283	5897
1283	5898
1283	5899
1283	5900
1283	5901
1283	5902
1283	5903
1283	5904
1283	5905
1283	5906
1283	5907
1283	5908
1284	153
1284	5909
1284	5910
1284	5911
1284	5912
1284	5913
1284	5914
1284	5915
1284	5916
1284	5917
1284	5918
1284	5919
1284	5920
1284	5921
1284	5922
1285	153
1285	5923
1285	5924
1285	5925
1285	5926
1285	5927
1285	5928
1285	5929
1285	5930
1285	5931
1285	5932
1285	5933
1285	5934
1285	5935
1285	5936
1285	5937
1285	5938
1285	5939
1285	5940
1285	5941
1285	5942
1285	5943
1285	5944
1285	5945
1285	5946
1285	5947
1285	5948
1285	5949
1285	5950
1285	5951
1285	5952
1285	5953
1285	5954
1285	5955
1285	5956
1285	5957
1285	5958
1285	5959
1285	5960
1285	5961
1285	5962
1285	5963
1285	5964
1285	5965
1285	5966
1285	5967
1285	5968
1285	5969
1285	5970
1285	5971
1285	5972
1286	153
1286	5973
1286	5974
1286	5975
1286	5976
1286	5977
1286	5978
1286	5979
1286	5980
1286	5981
1286	5982
1286	5983
1286	5984
1286	5985
1286	5986
1286	5987
1286	5988
1286	5989
1286	5990
1286	5991
1286	5992
1286	5993
1286	5994
1286	5995
1286	5996
1286	5997
1286	5998
1286	5999
1286	6000
1286	6001
1286	6002
1286	6003
1286	6004
1286	6005
1286	6006
1286	6007
1286	6008
1286	6009
1286	6010
1286	6011
1286	6012
1286	6013
1286	6014
1286	6015
1286	6016
1286	6017
1286	6018
1286	6019
1286	6020
1286	6021
1286	6022
1286	6023
1286	6024
1286	6025
1286	6026
1286	6027
1286	6028
1286	6029
1286	6030
1286	6031
1286	6032
1286	6033
1286	6034
1286	6035
1286	6036
1286	6037
1286	6038
1286	6039
1286	6040
1286	6041
1286	6042
1286	6043
1286	6044
1286	6045
1286	6046
1286	6047
1286	6048
1286	6049
1286	6050
1286	6051
1286	6052
1286	6053
1286	6054
1286	6055
1286	6056
1286	6057
1286	6058
1286	6059
1286	6060
1286	6061
1286	6062
1286	6063
1286	6064
1286	6065
1286	6066
1286	6067
1286	6068
1286	6069
1286	6070
1286	6071
1286	6072
1286	6073
1286	6074
1286	6075
1286	6076
1286	6077
1286	6078
1286	6079
1286	6080
1286	6081
1286	6082
1286	6083
1286	6084
1286	6085
1286	6086
1286	6087
1286	6088
1286	6089
1286	6090
1286	6091
1286	6092
1286	6093
1286	6094
1286	6095
1286	6096
1286	6097
1286	6098
1286	6099
1286	6100
1286	6101
1286	6102
1286	6103
1286	6104
1286	6105
1286	6106
1286	6107
1286	6108
1286	6109
1286	6110
1286	6111
1286	6112
1286	6113
1286	6114
1286	6115
1286	6116
1286	6117
1286	6118
1286	6119
1286	6120
1286	6121
1286	6122
1286	6123
1286	6124
1286	6125
1286	6126
1286	6127
1286	6128
1286	6129
1286	6130
1286	6131
1286	6132
1286	6133
1286	6134
1286	6135
1286	6136
1286	6137
1286	6138
1286	6139
1286	6140
1286	6141
1286	6142
1286	6143
1287	153
1287	5728
1288	153
1288	5723
1288	5727
1289	153
1289	6144
1289	6145
1289	6146
1289	6147
1289	6148
1289	6149
1289	6150
1289	6151
1289	6152
1289	6153
1289	6154
1289	6155
1289	6156
1289	6157
1289	6158
1289	6159
1289	6160
1289	6161
1289	6162
1289	6163
1289	6164
1289	6165
1289	6166
1289	6167
1289	6168
1289	6169
1290	153
1290	6170
1290	6171
1290	6172
1290	6173
1290	6174
1290	6175
1290	6176
1290	6177
1290	6178
1290	6179
1290	6180
1290	6181
1290	6182
1290	6183
1290	6184
1290	6185
1290	6186
1290	6187
1290	6188
1290	6189
1290	6190
1290	6191
1290	6192
1290	6193
1290	6194
1290	6195
1290	6196
1290	6197
1290	6198
1290	6199
1290	6200
1290	6201
1290	6202
1290	6203
1290	6204
1290	6205
1290	6206
1290	6207
1290	6208
1290	6209
1290	6210
1290	6211
1290	6212
1290	6213
1290	6214
1290	6215
1290	6216
1290	6217
1290	6218
1290	6219
1290	6220
1290	6221
1290	6222
1290	6223
1290	6224
1290	6225
1290	6226
1290	6227
1290	6228
1290	6229
1290	6230
1290	6231
1291	153
1291	6232
1291	6233
1291	6234
1291	6235
1291	6236
1291	6237
1291	6238
1291	6239
1291	6240
1291	6241
1291	6242
1291	6243
1291	6244
1291	6245
1291	6246
1291	6247
1291	6248
1291	6249
1291	6250
1291	6251
1291	6252
1291	6253
1291	6254
1291	6255
1291	6256
1291	6257
1291	6258
1291	6259
1291	6260
1291	6261
1291	6262
1291	6263
1291	6264
1291	6265
1291	6266
1291	6267
1291	6268
1291	6269
1291	6270
1291	6271
1291	6272
1291	6273
1291	6274
1291	6275
1291	6276
1291	6277
1291	6278
1291	6279
1291	6280
1291	6281
1291	6282
1291	6283
1291	6284
1291	6285
1291	6286
1291	6287
1291	6288
1291	6289
1291	6290
1291	6291
1291	6292
1291	6293
1291	6294
1291	6295
1291	6296
1291	6297
1291	6298
1291	6299
1291	6300
1291	6301
1291	6302
1291	6303
1291	6304
1291	6305
1291	6306
1291	6307
1291	6308
1291	6309
1291	6310
1291	6311
1291	6312
1291	6313
1291	6314
1291	6315
1291	6316
1291	6317
1291	6318
1291	6319
1291	6320
1291	6321
1291	6322
1291	6323
1291	6324
1291	6325
1291	6326
1291	6327
1291	6328
1291	6329
1291	6330
1291	6331
1291	6332
1291	6333
1291	6334
1291	6335
1291	6336
1291	6337
1291	6338
1291	6339
1291	6340
1291	6341
1291	6342
1291	6343
1291	6344
1291	6345
1291	6346
1291	6347
1291	6348
1291	6349
1291	6350
1291	6351
1291	6352
1291	6353
1291	6354
1292	153
1292	6355
1292	6356
1292	6357
1292	6358
1292	6359
1292	6360
1292	6361
1292	6362
1292	6363
1293	153
1293	5724
1294	1740
1294	3137
1294	6364
1294	6365
1294	6366
1294	6367
1294	6368
1294	6369
1294	6370
1294	6371
1294	6372
1294	6373
1294	6374
1294	6375
1294	6376
1294	6377
1294	6378
1294	6379
1294	6380
1294	6381
1294	6382
1294	6383
1294	6384
1294	6385
1294	6386
1294	6387
1294	6388
1294	6389
1294	6390
1294	6391
1294	6392
1294	6393
1294	6394
1294	6395
1294	6396
1294	6397
1294	6398
1294	6399
1294	6400
1294	6401
1294	6402
1294	6403
1294	6404
1294	6405
1294	6406
1294	6407
1294	6408
1294	6409
1294	6410
1294	6411
1294	6412
1294	6413
1294	6414
1294	6415
1294	6416
1294	6417
1294	6418
1294	6419
1294	6420
1294	6421
1294	6422
1294	6423
1294	6424
1294	6425
1294	6426
1294	6427
1294	6428
1294	6429
1294	6430
1294	6431
1294	6432
1294	6433
1294	6434
1294	6435
1294	6436
1294	6437
1294	6438
1294	6439
1294	6440
1294	6441
1294	6442
1294	6443
1294	6444
1294	6445
1294	6446
1294	6447
1294	6448
1294	6449
1294	6450
1294	6451
1294	6452
1294	6453
1294	6454
1294	6455
1294	6456
1294	6457
1294	6458
1294	6459
1294	6460
1294	6461
1294	6462
1294	6463
1294	6464
1294	6465
1294	6466
1294	6467
1294	6468
1294	6469
1294	6470
1294	6471
1294	6472
1294	6473
1294	6474
1294	6475
1294	6476
1294	6477
1294	6478
1294	6479
1294	6480
1294	6481
1294	6482
1294	6483
1294	6484
1294	6485
1294	6486
1294	6487
1294	6488
1294	6489
1294	6490
1294	6491
1294	6492
1294	6493
1294	6494
1294	6495
1294	6496
1295	153
1295	5720
1296	153
1296	3409
1296	6497
1296	6498
1296	6499
1296	6500
1296	6501
1296	6502
1296	6503
1296	6504
1296	6505
1296	6506
1296	6507
1296	6508
1296	6509
1297	153
1297	5725
1298	153
1298	3145
1298	6510
1298	6511
1298	6512
1298	6513
1298	6514
1298	6515
1298	6516
1298	6517
1298	6518
1298	6519
1298	6520
1298	6521
1298	6522
1298	6523
1298	6524
1298	6525
1298	6526
1298	6527
1298	6528
1298	6529
1298	6530
1298	6531
1298	6532
1298	6533
1298	6534
1298	6535
1298	6536
1298	6537
1298	6538
1298	6539
1298	6540
1298	6541
1298	6542
1298	6543
1298	6544
1298	6545
1298	6546
1298	6547
1298	6548
1298	6549
1298	6550
1298	6551
1298	6552
1298	6553
1298	6554
1298	6555
1298	6556
1298	6557
1298	6558
1298	6559
1298	6560
1298	6561
1298	6562
1298	6563
1298	6564
1298	6565
1298	6566
1298	6567
1298	6568
1298	6569
1298	6570
1298	6571
1298	6572
1298	6573
1298	6574
1298	6575
1298	6576
1298	6577
1298	6578
1298	6579
1298	6580
1298	6581
1298	6582
1298	6583
1298	6584
1298	6585
1298	6586
1298	6587
1298	6588
1298	6589
1298	6590
1298	6591
1298	6592
1298	6593
1298	6594
1298	6595
1298	6596
1298	6597
1298	6598
1298	6599
1298	6600
1298	6601
1298	6602
1298	6603
1298	6604
1298	6605
1298	6606
1298	6607
1298	6608
1298	6609
1298	6610
1298	6611
1298	6612
1298	6613
1298	6614
1298	6615
1298	6616
1298	6617
1298	6618
1298	6619
1298	6620
1298	6621
1298	6622
1298	6623
1298	6624
1298	6625
1298	6626
1298	6627
1298	6628
1298	6629
1298	6630
1299	153
1299	3250
1299	6631
1299	6632
1299	6633
1299	6634
1299	6635
1299	6636
1300	153
1300	6637
1300	6638
1300	6639
1300	6640
1300	6641
1300	6642
1300	6643
1300	6644
1300	6645
1300	6646
1300	6647
1300	6648
1300	6649
1300	6650
1300	6651
1300	6652
1300	6653
1300	6654
1300	6655
1300	6656
1301	153
1301	6657
1301	6658
1301	6659
1301	6660
1301	6661
1301	6662
1301	6663
1301	6664
1301	6665
1301	6666
1301	6667
1301	6668
1301	6669
1301	6670
1301	6671
1301	6672
1301	6673
1301	6674
1301	6675
1301	6676
1301	6677
1301	6678
1301	6679
1301	6680
1301	6681
1301	6682
1301	6683
1301	6684
1301	6685
1301	6686
1302	2950
1303	0
1303	6687
1303	6688
1304	1303
1305	155
1305	1017
1305	6687
1306	155
1306	202
1306	1901
1306	4120
1307	157
1307	6689
1307	6690
1308	157
1309	157
1311	6691
1312	1320
1312	6692
1312	6693
1312	6694
1312	6695
1312	6696
1312	6697
1312	6698
1312	6699
1312	6700
1312	6701
1312	6702
1312	6703
1312	6704
1312	6705
1312	6706
1312	6707
1312	6708
1312	6709
1312	6710
1312	6711
1312	6712
1312	6713
1312	6714
1312	6715
1312	6716
1312	6717
1312	6718
1312	6719
1312	6720
1312	6721
1312	6722
1312	6723
1312	6724
1312	6725
1312	6726
1312	6727
1312	6728
1312	6729
1312	6730
1312	6731
1312	6732
1312	6733
1312	6734
1312	6735
1312	6736
1312	6737
1313	162
1315	131
1315	900
1315	1313
1319	1312
1320	1312
1320	1320
1321	0
1321	159
1322	0
1322	159
1322	6738
1322	6739
1322	6740
1322	6741
1322	6742
1322	6743
1322	6744
1322	6745
1322	6746
1322	6747
1322	6748
1322	6749
1322	6750
1322	6751
1322	6752
1322	6753
1322	6754
1322	6755
1322	6756
1322	6757
1322	6758
1322	6759
1322	6760
1322	6761
1322	6762
1322	6763
1322	6764
1322	6765
1322	6766
1322	6767
1322	6768
1322	6769
1322	6770
1322	6771
1323	0
1323	159
1323	1323
1324	0
1324	159
1324	1322
1324	1324
1324	6772
1324	6773
1324	6774
1324	6775
1324	6776
1324	6777
1324	6778
1324	6779
1324	6780
1324	6781
1324	6782
1324	6783
1324	6784
1324	6785
1325	0
1325	159
1325	6786
1325	6787
1325	6788
1325	6789
1326	0
1326	159
1327	0
1327	159
1327	168
1327	1330
1327	1371
1327	1382
1327	6790
1327	6791
1327	6792
1327	6793
1327	6794
1327	6795
1327	6796
1327	6797
1327	6798
1327	6799
1327	6800
1327	6801
1327	6802
1327	6803
1327	6804
1327	6805
1327	6806
1327	6807
1327	6808
1327	6809
1327	6810
1327	6811
1327	6812
1327	6813
1327	6814
1327	6815
1327	6816
1327	6817
1327	6818
1327	6819
1328	0
1328	159
1328	6783
1328	6820
1328	6821
1328	6822
1329	0
1329	159
1329	6823
1329	6824
1329	6825
1329	6826
1329	6827
1329	6828
1329	6829
1329	6830
1332	160
1332	6831
1332	6832
1332	6833
1332	6834
1333	160
1333	6835
1333	6836
1334	160
1334	162
1334	6837
1334	6838
1336	160
1336	1255
1336	1346
1336	6839
1336	6840
1336	6841
1336	6842
1336	6843
1336	6844
1336	6845
1336	6846
1336	6847
1336	6848
1336	6849
1336	6850
1337	160
1337	1332
1337	1333
1337	1336
1337	1338
1337	1339
1337	1340
1337	1341
1337	1342
1337	1343
1337	1344
1337	1345
1337	6831
1337	6832
1337	6833
1337	6834
1337	6839
1337	6840
1337	6841
1337	6842
1337	6843
1337	6844
1337	6845
1337	6846
1337	6848
1337	6849
1337	6850
1337	6851
1337	6852
1337	6853
1337	6854
1337	6855
1337	6856
1337	6857
1337	6858
1337	6859
1337	6860
1337	6861
1337	6862
1337	6863
1337	6864
1337	6865
1337	6866
1337	6867
1337	6868
1338	160
1339	160
1339	1338
1339	1341
1339	1342
1339	1343
1339	1344
1339	6834
1339	6837
1339	6858
1340	160
1340	6869
1341	160
1341	1341
1341	1343
1341	6859
1341	6861
1341	6862
1342	160
1342	1330
1342	6870
1342	6871
1342	6872
1342	6873
1342	6874
1342	6875
1343	160
1343	1341
1343	6859
1343	6860
1343	6861
1343	6862
1344	160
1344	6864
1344	6865
1344	6866
1344	6867
1344	6868
1344	6876
1344	6877
1345	160
1345	1340
1345	6859
1345	6878
1345	6879
1345	6880
1345	6881
1345	6882
1345	6883
1345	6884
1345	6885
1345	6886
1345	6887
1345	6888
1345	6889
1348	161
1348	6890
1348	6891
1348	6892
1348	6893
1348	6894
1348	6895
1348	6896
1348	6897
1348	6898
1348	6899
1348	6900
1348	6901
1350	6902
1350	6903
1350	6904
1350	6905
1350	6906
1350	6907
1350	6908
1350	6909
1353	1380
1353	6890
1353	6895
1353	6899
1353	6900
1353	6903
1353	6910
1353	6911
1353	6912
1353	6913
1353	6914
1353	6915
1353	6916
1353	6917
1353	6918
1353	6919
1353	6920
1353	6921
1353	6922
1353	6923
1353	6924
1353	6925
1353	6926
1353	6927
1353	6928
1353	6929
1353	6930
1353	6931
1353	6932
1353	6933
1353	6934
1353	6935
1353	6936
1353	6937
1353	6938
1353	6939
1353	6940
1353	6941
1353	6942
1353	6943
1353	6944
1353	6945
1353	6946
1353	6947
1353	6948
1353	6949
1353	6950
1353	6951
1353	6952
1353	6953
1353	6954
1353	6955
1353	6956
1353	6957
1353	6958
1353	6959
1353	6960
1353	6961
1353	6962
1353	6963
1353	6964
1353	6965
1353	6966
1353	6967
1353	6968
1353	6969
1353	6970
1353	6971
1353	6972
1353	6973
1353	6974
1353	6975
1353	6976
1353	6977
1353	6978
1353	6979
1353	6980
1353	6981
1353	6982
1353	6983
1353	6984
1353	6985
1353	6986
1360	6892
1360	6987
1360	6988
1362	6989
1362	6990
1362	6991
1365	6992
1388	162
1388	1390
1389	162
1389	6993
1390	162
1390	6994
1391	162
1391	6995
1392	162
1392	1392
1393	162
1394	162
1395	162
1396	162
1399	162
1401	162
1401	1393
1401	1399
1401	1402
1401	1413
1401	1416
1401	1423
1402	162
1403	162
1403	1400
1403	1404
1403	1410
1403	1415
1403	1425
1403	1429
1403	6996
1404	162
1405	162
1406	162
1406	6997
1407	162
1407	6998
1408	162
1409	162
1410	162
1412	162
1413	162
1415	162
1416	162
1417	162
1418	162
1419	162
1420	162
1420	1396
1420	1407
1422	162
1423	162
1424	162
1425	162
1426	162
1427	162
1427	1394
1427	1405
1427	1418
1427	6999
1428	162
1429	162
1430	162
1430	1404
1430	1410
1430	1415
1430	1429
1430	6996
1431	7000
1431	7001
1431	7002
1431	7003
1431	7004
1431	7005
1431	7006
1431	7007
1431	7008
1431	7009
1431	7010
1433	164
1433	1433
1433	1434
1433	1438
1433	1441
1433	1442
1433	1443
1433	1444
1433	1445
1433	7011
1433	7012
1433	7013
1433	7014
1433	7015
1434	164
1434	1437
1434	1438
1434	1441
1434	1442
1434	1443
1434	1444
1434	1445
1434	7016
1434	7017
1434	7018
1434	7019
1434	7020
1434	7021
1434	7022
1434	7023
1434	7024
1434	7025
1434	7026
1434	7027
1434	7028
1434	7029
1434	7030
1434	7031
1434	7032
1434	7033
1434	7034
1434	7035
1434	7036
1434	7037
1434	7038
1434	7039
1434	7040
1434	7041
1434	7042
1434	7043
1434	7044
1435	164
1435	1434
1435	1435
1435	1438
1435	1441
1435	1442
1435	1443
1435	1444
1435	1445
1435	7045
1435	7046
1435	7047
1436	164
1436	1434
1436	1438
1436	1441
1436	1442
1436	1443
1436	1444
1436	1445
1436	7045
1436	7048
1436	7049
1437	164
1437	1433
1437	1434
1437	1438
1437	1441
1437	1442
1437	1443
1437	1444
1437	1445
1437	7011
1437	7012
1437	7013
1437	7014
1437	7015
1438	164
1438	1433
1438	1434
1438	1441
1438	1442
1438	1443
1438	1444
1438	1445
1438	7037
1438	7045
1438	7050
1438	7051
1439	164
1439	1434
1439	1438
1439	1441
1439	1442
1439	1443
1439	1444
1439	1445
1439	7045
1439	7052
1440	164
1440	1434
1440	1437
1440	1438
1440	1441
1440	1442
1440	1443
1440	1444
1440	1445
1441	0
1441	164
1441	1434
1441	1438
1441	1442
1441	1443
1441	1444
1441	1445
1441	7045
1441	7053
1441	7054
1441	7055
1441	7056
1442	164
1442	1433
1442	1434
1442	1438
1442	1441
1442	1443
1442	1444
1442	1445
1442	7045
1442	7057
1442	7058
1443	164
1443	1434
1443	1437
1443	1438
1443	1441
1443	1442
1443	1443
1443	1444
1443	1445
1444	164
1444	1433
1444	1434
1444	1438
1444	1441
1444	1442
1444	1443
1444	1445
1444	7057
1444	7059
1445	164
1445	1433
1445	1434
1445	1438
1445	1441
1445	1442
1445	1443
1445	1444
1446	164
1446	1434
1446	1437
1446	1438
1446	1441
1446	1442
1446	1443
1446	1444
1446	1445
1446	7060
1447	165
1448	165
1448	1449
1449	165
1449	7061
1449	7062
1450	165
1450	7063
1450	7064
1451	165
1452	0
1452	160
1452	165
1452	7065
1452	7066
1452	7067
1453	7068
1453	7069
1454	167
1454	1454
1454	1455
1454	1456
1454	7070
1455	167
1455	1454
1455	1456
1456	167
1456	1454
1456	1455
1456	1456
1457	168
1457	1457
1457	1459
1457	1460
1457	1461
1457	1462
1457	1463
1457	7071
1457	7072
1458	168
1459	168
1459	7073
1459	7074
1459	7075
1459	7076
1459	7077
1459	7078
1460	168
1460	1460
1460	7079
1460	7080
1461	168
1461	1461
1461	7081
1461	7082
1461	7083
1461	7084
1462	168
1462	1330
1462	1457
1462	1459
1462	1460
1462	1461
1462	1462
1462	1463
1462	6790
1462	6809
1462	7054
1462	7071
1462	7085
1462	7086
1462	7087
1462	7088
1463	168
1469	0
1469	7089
1469	7090
1469	7091
1469	7092
1469	7093
1469	7094
1469	7095
1469	7096
1469	7097
1469	7098
1469	7099
1469	7100
1469	7101
1469	7102
1469	7103
1470	0
1470	86
1470	1469
1470	1470
1470	1471
1470	1472
1470	1473
1470	1474
1470	1475
1470	1476
1470	1477
1470	1478
1470	1479
1470	1480
1470	1481
1471	0
1471	86
1471	1470
1471	1471
1471	1472
1471	1473
1471	1474
1471	1477
1471	1479
1471	1480
1471	1481
1471	7104
1471	7105
1471	7106
1471	7107
1471	7108
1471	7109
1471	7110
1471	7111
1472	0
1472	86
1472	234
1472	1470
1472	1471
1472	1472
1472	1473
1472	1474
1472	1477
1472	1479
1472	1480
1472	1481
1472	1917
1472	1965
1472	1970
1472	1972
1472	7110
1472	7112
1472	7113
1472	7114
1472	7115
1472	7116
1472	7117
1472	7118
1472	7119
1472	7120
1472	7121
1472	7122
1472	7123
1472	7124
1472	7125
1472	7126
1473	0
1473	86
1473	1470
1473	1471
1473	1472
1473	1473
1473	1474
1473	1477
1473	1479
1473	1480
1473	1481
1473	1902
1473	3445
1473	3447
1473	7127
1473	7128
1474	0
1474	86
1474	1470
1474	1471
1474	1472
1474	1473
1474	1474
1474	1477
1474	1479
1474	1480
1474	1481
1475	0
1475	86
1475	1470
1475	1471
1475	1472
1475	1473
1475	1474
1475	1476
1475	1477
1475	1478
1475	1479
1475	1480
1475	1481
1475	7129
1476	0
1476	86
1476	1470
1476	1471
1476	1472
1476	1473
1476	1474
1476	1477
1476	1479
1476	1480
1476	1481
1477	7130
1477	7131
1478	0
1478	86
1478	1470
1478	1471
1478	1472
1478	1473
1478	1474
1478	1477
1478	1479
1478	1480
1478	1481
1479	0
1479	86
1479	955
1479	1470
1479	1471
1479	1472
1479	1473
1479	1474
1479	1477
1479	1479
1479	1480
1479	1481
1480	7132
1480	7133
1481	0
1481	16
1481	86
1481	233
1481	234
1481	1017
1481	1470
1481	1471
1481	1472
1481	1473
1481	1474
1481	1476
1481	1477
1481	1478
1481	1479
1481	1480
1481	1481
1481	1880
1481	1965
1481	1970
1481	1972
1481	2000
1481	4108
1481	4121
1481	4467
1481	7115
1481	7116
1481	7121
1481	7124
1481	7134
1481	7135
1481	7136
1481	7137
1481	7138
1481	7139
1481	7140
1481	7141
1481	7142
1481	7143
1481	7144
1481	7145
1481	7146
1481	7147
1481	7148
1481	7149
1481	7150
1481	7151
1482	7152
1482	7153
1483	1500
1484	7153
1484	7154
1485	7153
1485	7155
1486	170
1486	1486
1486	7156
1486	7157
1486	7158
1486	7159
1486	7160
1486	7161
1486	7162
1486	7163
1486	7164
1486	7165
1486	7166
1490	1500
1490	7167
1490	7168
1490	7169
1490	7170
1490	7171
1490	7172
1490	7173
1490	7174
1490	7175
1490	7176
1490	7177
1490	7178
1490	7179
1490	7180
1490	7181
1490	7182
1490	7183
1490	7184
1490	7185
1490	7186
1491	7153
1491	7187
1492	7153
1492	7188
1493	7153
1493	7189
1494	7153
1494	7190
1495	7153
1495	7191
1496	7153
1496	7192
1497	7193
1497	7194
1497	7195
1497	7196
1497	7197
1497	7198
1498	7153
1498	7199
1499	7153
1499	7200
1501	7153
1501	7201
1502	7153
1502	7202
1503	7153
1503	7203
1504	7153
1504	7204
1505	7153
1505	7205
1506	7153
1506	7206
1507	7153
1507	7207
1508	7153
1508	7208
1509	170
1509	172
1509	204
1509	674
1509	1500
1509	1509
1509	1634
1509	2968
1509	4019
1509	7209
1509	7210
1509	7211
1509	7212
1509	7213
1509	7214
1509	7215
1509	7216
1509	7217
1509	7218
1509	7219
1509	7220
1509	7221
1509	7222
1509	7223
1509	7224
1509	7225
1509	7226
1509	7227
1509	7228
1509	7229
1509	7230
1509	7231
1509	7232
1509	7233
1509	7234
1509	7235
1509	7236
1509	7237
1509	7238
1509	7239
1509	7240
1509	7241
1509	7242
1509	7243
1509	7244
1509	7245
1509	7246
1509	7247
1509	7248
1509	7249
1509	7250
1509	7251
1509	7252
1509	7253
1509	7254
1509	7255
1509	7256
1509	7257
1509	7258
1509	7259
1509	7260
1509	7261
1509	7262
1509	7263
1509	7264
1509	7265
1509	7266
1509	7267
1509	7268
1509	7269
1509	7270
1509	7271
1509	7272
1509	7273
1509	7274
1509	7275
1509	7276
1509	7277
1509	7278
1509	7279
1510	7153
1510	7280
1511	7153
1511	7281
1512	7153
1512	7282
1513	7153
1513	7283
1514	7153
1514	7284
1515	170
1515	1515
1515	7285
1515	7286
1516	7153
1516	7287
1520	7288
1521	0
1521	1520
1521	7289
1521	7290
1521	7291
1521	7292
1521	7293
1521	7294
1522	7295
1522	7296
1522	7297
1522	7298
1522	7299
1522	7300
1522	7301
1523	0
1523	7295
1523	7296
1523	7298
1523	7299
1523	7300
1523	7301
1523	7302
1524	0
1524	15
1524	174
1524	198
1524	202
1524	1524
1524	1525
1524	1526
1524	1527
1524	1528
1525	0
1525	15
1525	174
1525	198
1525	202
1525	1524
1525	1525
1525	1526
1525	1527
1525	1528
1525	7303
1525	7304
1525	7305
1525	7306
1525	7307
1525	7308
1525	7309
1525	7310
1525	7311
1525	7312
1525	7313
1525	7314
1525	7315
1525	7316
1525	7317
1525	7318
1525	7319
1525	7320
1525	7321
1525	7322
1525	7323
1525	7324
1525	7325
1525	7326
1525	7327
1525	7328
1525	7329
1525	7330
1525	7331
1525	7332
1525	7333
1525	7334
1525	7335
1525	7336
1525	7337
1525	7338
1525	7339
1525	7340
1525	7341
1525	7342
1525	7343
1525	7344
1525	7345
1525	7346
1525	7347
1525	7348
1525	7349
1525	7350
1525	7351
1525	7352
1525	7353
1525	7354
1525	7355
1525	7356
1525	7357
1525	7358
1525	7359
1525	7360
1525	7361
1525	7362
1525	7363
1525	7364
1525	7365
1525	7366
1525	7367
1525	7368
1525	7369
1525	7370
1525	7371
1525	7372
1525	7373
1525	7374
1525	7375
1525	7376
1525	7377
1525	7378
1525	7379
1525	7380
1525	7381
1525	7382
1525	7383
1525	7384
1525	7385
1525	7386
1525	7387
1525	7388
1525	7389
1525	7390
1525	7391
1525	7392
1525	7393
1525	7394
1525	7395
1525	7396
1525	7397
1525	7398
1525	7399
1525	7400
1525	7401
1525	7402
1525	7403
1525	7404
1526	0
1526	15
1526	174
1526	198
1526	202
1526	1524
1526	1525
1526	1526
1526	1527
1526	1528
1527	0
1527	15
1527	174
1527	198
1527	202
1527	1524
1527	1525
1527	1526
1527	1527
1527	1528
1528	0
1528	15
1528	174
1528	198
1528	202
1528	1524
1528	1525
1528	1526
1528	1527
1528	1528
1528	7405
1528	7406
1530	7407
1530	7408
1530	7409
1530	7410
1531	175
1531	7411
1535	135
1535	153
1535	191
1535	2000
1535	7116
1535	7412
1535	7413
1535	7414
1535	7415
1535	7416
1535	7417
1535	7418
1535	7419
1535	7420
1535	7421
1535	7422
1535	7423
1535	7424
1535	7425
1535	7426
1535	7427
1535	7428
1535	7429
1535	7430
1535	7431
1535	7432
1535	7433
1535	7434
1535	7435
1535	7436
1535	7437
1535	7438
1535	7439
1535	7440
1535	7441
1535	7442
1535	7443
1535	7444
1535	7445
1536	177
1536	7446
1537	177
1537	7447
1538	177
1539	177
1539	195
1539	2857
1539	7448
1540	177
1540	7449
1541	7450
1541	7451
1541	7452
1541	7453
1542	14
1542	7454
1543	0
1543	7455
1544	1566
1544	7456
1544	7457
1544	7458
1544	7459
1544	7460
1544	7461
1545	1547
1545	1553
1545	1563
1545	7456
1545	7461
1546	7462
1546	7463
1546	7464
1550	7465
1552	7458
1560	7466
1561	7463
1565	0
1567	0
1567	3440
1567	7467
1567	7468
1567	7469
1568	0
1568	148
1568	1518
1568	3440
1568	7468
1568	7470
1568	7471
1568	7472
1568	7473
1568	7474
1569	0
1570	0
1570	1570
1570	3440
1570	7475
1571	0
1577	7457
1578	7462
1578	7464
1579	189
1580	7476
1580	7477
1580	7478
1580	7479
1580	7480
1580	7481
1580	7482
1580	7483
1580	7484
1580	7485
1580	7486
1580	7487
1580	7488
1581	191
1581	1581
1581	7489
1581	7490
1582	0
1582	191
1582	1582
1582	7491
1582	7492
1582	7493
1582	7494
1582	7495
1582	7496
1582	7497
1582	7498
1582	7499
1582	7500
1582	7501
1582	7502
1582	7503
1582	7504
1582	7505
1582	7506
1582	7507
1582	7508
1582	7509
1596	191
1597	191
1600	191
1600	1600
1601	191
1602	191
1603	191
1604	191
1605	191
1606	191
1607	191
1610	1610
1610	7510
1610	7511
1610	7512
1610	7513
1610	7514
1610	7515
1610	7516
1610	7517
1610	7518
1610	7519
1610	7520
1610	7521
1611	213
1612	7522
1612	7523
1620	0
1620	15
1620	1967
1620	7524
1620	7525
1620	7526
1620	7527
1620	7528
1620	7529
1621	1622
1621	7530
1621	7531
1622	267
1622	7530
1622	7531
1622	7532
1622	7533
1622	7534
1622	7535
1622	7536
1625	7537
1625	7538
1625	7539
1625	7540
1625	7541
1625	7542
1625	7543
1625	7544
1625	7545
1625	7546
1625	7547
1625	7548
1626	0
1626	194
1627	7549
1627	7550
1628	7551
1628	7552
1629	7553
1629	7554
1630	1633
1630	1705
1630	1707
1630	7555
1630	7556
1631	1633
1631	1705
1631	1707
1632	1633
1632	1705
1632	1707
1633	1633
1633	1705
1633	1707
1633	7557
1633	7558
1633	7559
1633	7560
1634	0
1634	170
1634	172
1634	194
1634	204
1634	7561
1634	7562
1636	0
1636	7
1636	17
1636	18
1636	19
1636	20
1636	21
1636	22
1636	23
1636	24
1636	25
1636	26
1636	27
1636	28
1636	29
1636	30
1636	31
1636	32
1636	33
1636	34
1636	35
1636	36
1636	37
1636	38
1636	39
1637	33
1637	38
1637	188
1637	197
1637	198
1637	199
1637	209
1637	211
1637	213
1637	7563
1638	0
1638	1638
1638	1728
1638	7564
1638	7565
1641	4
1641	15
1641	16
1641	33
1641	35
1641	37
1641	38
1641	44
1641	47
1641	49
1641	51
1641	55
1641	58
1641	61
1641	63
1641	64
1641	72
1641	74
1641	140
1641	141
1641	162
1641	169
1641	171
1641	174
1641	175
1641	177
1641	178
1641	179
1641	180
1641	181
1641	182
1641	183
1641	184
1641	185
1641	187
1641	188
1641	189
1641	190
1641	191
1641	192
1641	195
1641	196
1641	197
1641	198
1641	199
1641	202
1641	203
1641	206
1641	207
1641	209
1641	211
1641	212
1641	213
1641	214
1641	215
1641	218
1641	219
1641	267
1641	1641
1641	6998
1642	199
1642	7566
1642	7567
1642	7568
1642	7569
1642	7570
1642	7571
1642	7572
1642	7573
1642	7574
1642	7575
1642	7576
1642	7577
1642	7578
1642	7579
1642	7580
1642	7581
1643	199
1643	7582
1644	199
1644	7582
1645	199
1646	199
1646	7583
1647	199
1649	199
1649	7582
1650	7584
1650	7585
1652	200
1653	200
1654	200
1654	1658
1654	7586
1654	7587
1654	7588
1654	7589
1654	7590
1654	7591
1654	7592
1654	7593
1654	7594
1654	7595
1654	7596
1654	7597
1654	7598
1654	7599
1655	200
1656	200
1656	7600
1657	200
1658	200
1658	7601
1658	7602
1659	0
1659	201
1659	1659
1659	1661
1659	1662
1659	1663
1659	1664
1659	1668
1659	1669
1659	1670
1659	1671
1659	1673
1659	1675
1659	1688
1659	1693
1659	1973
1659	7124
1659	7603
1659	7604
1659	7605
1659	7606
1659	7607
1659	7608
1659	7609
1659	7610
1659	7611
1659	7612
1659	7613
1660	0
1660	201
1660	1828
1660	7614
1660	7615
1660	7616
1660	7617
1660	7618
1660	7619
1660	7620
1660	7621
1660	7622
1661	0
1661	201
1661	995
1661	1659
1661	7623
1661	7624
1661	7625
1661	7626
1661	7627
1661	7628
1662	0
1662	43
1662	58
1662	61
1662	201
1662	862
1662	863
1662	1659
1662	1675
1662	1681
1662	1682
1662	1688
1662	1693
1662	3677
1662	7610
1662	7629
1662	7630
1662	7631
1662	7632
1662	7633
1662	7634
1662	7635
1662	7636
1662	7637
1662	7638
1663	0
1663	43
1663	201
1663	997
1663	1055
1663	1659
1663	7639
1663	7640
1663	7641
1663	7642
1663	7643
1663	7644
1663	7645
1663	7646
1663	7647
1663	7648
1663	7649
1663	7650
1663	7651
1663	7652
1663	7653
1663	7654
1663	7655
1663	7656
1664	201
1664	267
1664	1659
1664	7657
1664	7658
1664	7659
1664	7660
1665	0
1665	201
1665	1665
1665	1666
1665	1667
1665	1675
1665	1688
1665	1689
1665	1693
1665	7610
1665	7624
1665	7644
1665	7661
1665	7662
1665	7663
1665	7664
1665	7665
1665	7666
1665	7667
1665	7668
1665	7669
1665	7670
1665	7671
1665	7672
1665	7673
1665	7674
1665	7675
1665	7676
1665	7677
1665	7678
1665	7679
1666	0
1666	201
1666	267
1666	1661
1666	1662
1666	1663
1666	1664
1666	1665
1666	1666
1666	1667
1666	1668
1666	1669
1666	1670
1666	1672
1666	1675
1666	1688
1666	1689
1666	1693
1666	7610
1666	7611
1666	7612
1666	7671
1666	7680
1666	7681
1666	7682
1666	7683
1666	7684
1666	7685
1666	7686
1666	7687
1666	7688
1666	7689
1666	7690
1666	7691
1666	7692
1666	7693
1666	7694
1666	7695
1666	7696
1666	7697
1666	7698
1666	7699
1666	7700
1666	7701
1666	7702
1666	7703
1666	7704
1666	7705
1666	7706
1667	0
1667	201
1667	1665
1667	1666
1667	1672
1667	1675
1667	1688
1667	1689
1667	1693
1667	7610
1667	7671
1667	7684
1667	7685
1667	7686
1667	7687
1667	7688
1667	7689
1667	7690
1667	7691
1667	7692
1667	7693
1667	7694
1667	7695
1667	7697
1667	7698
1667	7699
1667	7700
1667	7701
1667	7702
1667	7703
1667	7704
1667	7705
1667	7707
1667	7708
1667	7709
1667	7710
1667	7711
1667	7712
1668	0
1668	43
1668	201
1668	996
1668	1659
1668	1691
1668	1698
1668	7640
1668	7648
1668	7649
1668	7650
1668	7652
1668	7676
1668	7703
1668	7713
1668	7714
1668	7715
1668	7716
1668	7717
1668	7718
1668	7719
1668	7720
1668	7721
1669	0
1669	43
1669	201
1669	659
1669	1673
1669	1675
1669	1677
1669	1681
1669	1682
1669	1685
1669	1687
1669	1688
1669	1689
1669	1691
1669	1693
1669	1698
1669	1951
1669	1952
1669	7610
1669	7649
1669	7650
1669	7651
1669	7656
1669	7677
1669	7681
1669	7722
1669	7723
1669	7724
1669	7725
1669	7726
1669	7727
1669	7728
1669	7729
1669	7730
1670	43
1670	201
1670	267
1670	1659
1670	1691
1670	1958
1670	7678
1670	7731
1670	7732
1670	7733
1671	0
1671	43
1671	201
1671	997
1671	1659
1671	1673
1671	1675
1671	1679
1671	1681
1671	1683
1671	1685
1671	1688
1671	1689
1671	1693
1671	1694
1671	3200
1671	7649
1671	7650
1671	7651
1671	7652
1671	7654
1671	7655
1671	7679
1671	7734
1671	7735
1671	7736
1671	7737
1671	7738
1671	7739
1671	7740
1671	7741
1671	7742
1672	0
1672	201
1672	1659
1672	1721
1672	6497
1672	7611
1672	7743
1672	7744
1672	7745
1672	7746
1672	7747
1672	7748
1672	7749
1673	0
1673	201
1673	1659
1673	1674
1673	1675
1673	1676
1673	1677
1673	1678
1673	1681
1673	1688
1673	1689
1673	1693
1673	7610
1673	7750
1674	0
1674	201
1674	1659
1674	1661
1674	1662
1674	1668
1674	1669
1674	1670
1674	1671
1674	1672
1674	1673
1674	1674
1674	1675
1674	1681
1674	1688
1674	1689
1674	1693
1674	1699
1674	7607
1674	7608
1674	7609
1674	7610
1674	7612
1674	7613
1674	7671
1674	7706
1674	7751
1674	7752
1674	7753
1674	7754
1674	7755
1674	7756
1674	7757
1674	7758
1674	7759
1674	7760
1674	7761
1674	7762
1674	7763
1674	7764
1674	7765
1674	7766
1675	0
1675	201
1675	1153
1675	1659
1675	1673
1675	1675
1675	1681
1675	1688
1675	1689
1675	1693
1675	7610
1675	7651
1675	7767
1675	7768
1675	7769
1675	7770
1675	7771
1675	7772
1675	7773
1675	7774
1676	0
1676	201
1676	1673
1676	1675
1676	1681
1676	1688
1676	1689
1676	1693
1676	7610
1676	7651
1676	7767
1676	7769
1676	7775
1676	7776
1677	0
1677	201
1677	1665
1677	1673
1677	1675
1677	1681
1677	1688
1677	1689
1677	1693
1677	1698
1677	7610
1677	7768
1677	7777
1677	7778
1677	7779
1678	0
1678	201
1678	1673
1678	1675
1678	1681
1678	1688
1678	1689
1678	1693
1678	7610
1678	7750
1678	7780
1679	0
1679	201
1679	1675
1679	1688
1679	1693
1679	7610
1680	0
1680	43
1680	201
1680	1673
1680	1675
1680	1681
1680	1688
1680	1689
1680	1693
1680	7781
1681	0
1681	43
1681	201
1681	1673
1681	1675
1681	1682
1681	1684
1681	1685
1681	1686
1681	1688
1681	1689
1681	1693
1681	1698
1681	7782
1681	7783
1681	7784
1682	0
1682	201
1682	1675
1682	1682
1682	1688
1682	1693
1682	7610
1682	7638
1682	7652
1682	7741
1682	7782
1682	7783
1682	7785
1682	7786
1682	7787
1682	7788
1682	7789
1682	7790
1682	7791
1682	7792
1682	7793
1682	7794
1682	7795
1682	7796
1682	7797
1682	7798
1682	7799
1682	7800
1682	7801
1682	7802
1682	7803
1682	7804
1682	7805
1682	7806
1682	7807
1682	7808
1682	7809
1682	7810
1682	7811
1682	7812
1682	7813
1683	0
1683	201
1683	7638
1683	7652
1683	7656
1683	7782
1683	7789
1683	7791
1683	7793
1683	7794
1683	7795
1683	7796
1683	7798
1683	7799
1683	7800
1683	7801
1683	7814
1683	7815
1683	7816
1683	7817
1684	0
1684	43
1684	201
1684	1673
1684	1675
1684	1681
1684	1688
1684	1689
1684	1693
1684	7818
1684	7819
1684	7820
1684	7821
1684	7822
1684	7823
1684	7824
1684	7825
1684	7826
1684	7827
1684	7828
1685	0
1685	201
1685	1673
1685	1675
1685	1681
1685	1688
1685	1689
1685	1693
1685	7610
1685	7829
1685	7830
1685	7831
1685	7832
1685	7833
1685	7834
1685	7835
1685	7836
1685	7837
1685	7838
1685	7839
1685	7840
1685	7841
1686	0
1686	201
1686	957
1686	1673
1686	1675
1686	1681
1686	1688
1686	1689
1686	1693
1686	3269
1686	7610
1686	7842
1686	7843
1686	7844
1686	7845
1686	7846
1686	7847
1686	7848
1686	7849
1686	7850
1686	7851
1686	7852
1686	7853
1686	7854
1686	7855
1686	7856
1686	7857
1686	7858
1686	7859
1686	7860
1686	7861
1686	7862
1686	7863
1686	7864
1686	7865
1686	7866
1686	7867
1686	7868
1686	7869
1686	7870
1686	7871
1686	7872
1686	7873
1686	7874
1686	7875
1686	7876
1686	7877
1686	7878
1686	7879
1686	7880
1686	7881
1686	7882
1687	0
1687	201
1687	1659
1687	1673
1687	1675
1687	1681
1687	1688
1687	1689
1687	1693
1687	1697
1687	7610
1687	7651
1687	7767
1687	7769
1687	7772
1687	7883
1688	0
1688	201
1688	1675
1688	1681
1688	1688
1688	1693
1688	7610
1688	7770
1688	7784
1688	7884
1688	7885
1688	7886
1688	7887
1689	0
1689	201
1689	1665
1689	1667
1689	1673
1689	1675
1689	1681
1689	1688
1689	1690
1689	1691
1689	1692
1689	1693
1689	7610
1690	0
1690	201
1690	1661
1690	1662
1690	1663
1690	1664
1690	1668
1690	1669
1690	1670
1690	1671
1690	1672
1690	1673
1690	1675
1690	1681
1690	1682
1690	1688
1690	1689
1690	1693
1690	1698
1690	1960
1690	7607
1690	7609
1690	7610
1690	7611
1690	7613
1690	7705
1690	7760
1690	7762
1690	7763
1690	7888
1690	7889
1691	0
1691	201
1691	1675
1691	1688
1691	1689
1691	1692
1691	1693
1691	7607
1691	7608
1691	7610
1691	7613
1691	7647
1691	7648
1691	7649
1691	7650
1691	7654
1691	7655
1691	7671
1691	7681
1691	7706
1691	7751
1691	7755
1691	7761
1691	7763
1691	7886
1691	7890
1691	7891
1691	7892
1692	0
1692	201
1692	1662
1692	1666
1692	1671
1692	1673
1692	1674
1692	1675
1692	1681
1692	1688
1692	1689
1692	1693
1692	7610
1692	7612
1692	7627
1692	7714
1692	7732
1692	7886
1693	0
1693	201
1693	1673
1693	1675
1693	1681
1693	1688
1693	1689
1693	1693
1693	7610
1693	7893
1693	7894
1693	7895
1693	7896
1693	7897
1693	7898
1693	7899
1693	7900
1693	7901
1693	7902
1693	7903
1693	7904
1693	7905
1693	7906
1693	7907
1694	0
1694	43
1694	201
1694	1673
1694	1675
1694	1681
1694	1683
1694	1688
1694	1689
1694	1693
1694	1697
1694	1698
1694	7750
1694	7908
1694	7909
1694	7910
1695	0
1695	15
1695	70
1695	169
1695	240
1695	242
1695	243
1695	246
1695	957
1695	1017
1695	1695
1695	1965
1695	1968
1695	1973
1696	201
1696	1676
1696	1696
1696	7612
1696	7770
1696	7887
1696	7911
1696	7912
1696	7913
1696	7914
1696	7915
1696	7916
1697	0
1697	43
1697	201
1697	1675
1697	1688
1697	1693
1697	7917
1697	7918
1697	7919
1697	7920
1697	7921
1697	7922
1697	7923
1697	7924
1697	7925
1697	7926
1697	7927
1697	7928
1697	7929
1698	0
1698	201
1698	1675
1698	1681
1698	1688
1698	1693
1698	1698
1698	7610
1698	7930
1698	7931
1698	7932
1698	7933
1698	7934
1698	7935
1698	7936
1698	7937
1698	7938
1698	7939
1698	7940
1698	7941
1698	7942
1698	7943
1698	7944
1698	7945
1698	7946
1698	7947
1698	7948
1698	7949
1698	7950
1698	7951
1698	7952
1698	7953
1698	7954
1698	7955
1698	7956
1698	7957
1698	7958
1698	7959
1698	7960
1698	7961
1698	7962
1698	7963
1698	7964
1698	7965
1698	7966
1698	7967
1698	7968
1698	7969
1698	7970
1698	7971
1698	7972
1698	7973
1698	7974
1698	7975
1698	7976
1698	7977
1698	7978
1698	7979
1698	7980
1698	7981
1698	7982
1698	7983
1698	7984
1698	7985
1698	7986
1698	7987
1698	7988
1698	7989
1698	7990
1698	7991
1698	7992
1698	7993
1698	7994
1698	7995
1698	7996
1698	7997
1698	7998
1698	7999
1698	8000
1698	8001
1698	8002
1698	8003
1698	8004
1698	8005
1698	8006
1698	8007
1698	8008
1698	8009
1698	8010
1698	8011
1698	8012
1698	8013
1698	8014
1698	8015
1698	8016
1698	8017
1698	8018
1698	8019
1698	8020
1698	8021
1698	8022
1698	8023
1698	8024
1698	8025
1698	8026
1698	8027
1698	8028
1698	8029
1698	8030
1698	8031
1698	8032
1698	8033
1698	8034
1698	8035
1698	8036
1698	8037
1698	8038
1698	8039
1698	8040
1698	8041
1698	8042
1698	8043
1698	8044
1698	8045
1698	8046
1698	8047
1698	8048
1698	8049
1698	8050
1698	8051
1698	8052
1698	8053
1698	8054
1698	8055
1698	8056
1698	8057
1698	8058
1698	8059
1698	8060
1698	8061
1698	8062
1698	8063
1698	8064
1698	8065
1698	8066
1698	8067
1698	8068
1698	8069
1698	8070
1698	8071
1698	8072
1698	8073
1698	8074
1698	8075
1698	8076
1698	8077
1698	8078
1698	8079
1698	8080
1698	8081
1698	8082
1698	8083
1698	8084
1698	8085
1698	8086
1698	8087
1698	8088
1698	8089
1698	8090
1698	8091
1698	8092
1698	8093
1698	8094
1698	8095
1698	8096
1698	8097
1698	8098
1698	8099
1698	8100
1698	8101
1698	8102
1698	8103
1698	8104
1698	8105
1698	8106
1698	8107
1698	8108
1698	8109
1698	8110
1698	8111
1698	8112
1698	8113
1698	8114
1698	8115
1698	8116
1698	8117
1698	8118
1698	8119
1698	8120
1698	8121
1698	8122
1698	8123
1698	8124
1698	8125
1698	8126
1698	8127
1698	8128
1698	8129
1698	8130
1698	8131
1698	8132
1698	8133
1698	8134
1698	8135
1698	8136
1698	8137
1698	8138
1698	8139
1698	8140
1698	8141
1698	8142
1698	8143
1698	8144
1698	8145
1698	8146
1698	8147
1698	8148
1698	8149
1698	8150
1698	8151
1698	8152
1698	8153
1698	8154
1698	8155
1698	8156
1698	8157
1698	8158
1698	8159
1698	8160
1698	8161
1698	8162
1698	8163
1698	8164
1698	8165
1698	8166
1698	8167
1698	8168
1698	8169
1698	8170
1698	8171
1698	8172
1698	8173
1698	8174
1698	8175
1698	8176
1698	8177
1698	8178
1698	8179
1698	8180
1698	8181
1698	8182
1698	8183
1698	8184
1698	8185
1699	0
1699	201
1699	1660
1699	1667
1699	1672
1699	1675
1699	1688
1699	7610
1699	7706
1699	8186
1699	8187
1699	8188
1699	8189
1699	8190
1699	8191
1699	8192
1699	8193
1699	8194
1700	0
1700	1
1700	4
1700	69
1700	156
1700	202
1700	659
1700	660
1700	661
1700	662
1700	663
1700	664
1701	0
1701	1
1701	4
1701	69
1701	156
1701	202
1701	659
1701	660
1701	661
1701	662
1701	663
1701	664
1703	0
1703	39
1703	45
1703	138
1703	139
1703	1038
1703	1212
1703	1704
1703	8195
1703	8196
1703	8197
1703	8198
1703	8199
1703	8200
1703	8201
1705	1630
1705	1631
1705	1632
1705	1633
1705	1705
1705	1707
1705	8202
1705	8203
1705	8204
1705	8205
1705	8206
1706	8207
1706	8208
1706	8209
1707	1633
1707	1705
1707	1707
1707	8210
1707	8211
1707	8212
1707	8213
1707	8214
1707	8215
1707	8216
1707	8217
1707	8218
1707	8219
1707	8220
1707	8221
1707	8222
1708	170
1708	172
1708	204
1708	1633
1708	1705
1708	1707
1708	1708
1708	7213
1708	7214
1708	7220
1708	7222
1708	7223
1708	7227
1708	7232
1708	7243
1708	7263
1708	7267
1708	8223
1708	8224
1708	8225
1708	8226
1708	8227
1708	8228
1708	8229
1708	8230
1708	8231
1708	8232
1708	8233
1708	8234
1708	8235
1708	8236
1708	8237
1708	8238
1708	8239
1708	8240
1708	8241
1708	8242
1708	8243
1708	8244
1708	8245
1708	8246
1708	8247
1708	8248
1708	8249
1708	8250
1708	8251
1708	8252
1708	8253
1708	8254
1708	8255
1708	8256
1708	8257
1708	8258
1708	8259
1708	8260
1708	8261
1708	8262
1708	8263
1708	8264
1708	8265
1708	8266
1708	8267
1708	8268
1708	8269
1708	8270
1708	8271
1708	8272
1708	8273
1708	8274
1708	8275
1708	8276
1708	8277
1708	8278
1708	8279
1708	8280
1708	8281
1708	8282
1708	8283
1709	206
1709	1710
1709	1711
1709	1712
1709	1713
1709	1714
1709	8284
1710	206
1710	1709
1710	1711
1710	1712
1710	1713
1710	1714
1711	206
1711	1709
1711	1712
1711	1713
1711	1714
1711	8285
1711	8286
1711	8287
1711	8288
1711	8289
1711	8290
1712	206
1712	1709
1712	1711
1712	1713
1712	1714
1712	8291
1712	8292
1713	0
1713	169
1713	202
1713	206
1713	207
1713	659
1713	899
1713	1641
1713	1709
1713	1711
1713	1712
1713	1714
1713	8293
1713	8294
1713	8295
1713	8296
1713	8297
1713	8298
1713	8299
1713	8300
1713	8301
1713	8302
1713	8303
1713	8304
1713	8305
1713	8306
1713	8307
1713	8308
1713	8309
1713	8310
1713	8311
1713	8312
1713	8313
1713	8314
1713	8315
1713	8316
1713	8317
1713	8318
1713	8319
1713	8320
1713	8321
1713	8322
1713	8323
1714	206
1714	1709
1714	1710
1714	1711
1714	1712
1714	1713
1714	8324
1714	8325
1714	8326
1714	8327
1716	8328
1716	8329
1716	8330
1718	8331
1718	8332
1718	8333
1718	8334
1718	8335
1718	8336
1719	8337
1719	8338
1719	8339
1719	8340
1719	8341
1719	8342
1719	8343
1720	8344
1720	8345
1720	8346
1720	8347
1720	8348
1720	8349
1721	8350
1721	8351
1722	0
1722	15
1722	70
1722	169
1722	208
1722	240
1722	243
1722	246
1722	1722
1722	1723
1722	1724
1722	1725
1722	1949
1722	1951
1722	1952
1722	1953
1723	0
1723	15
1723	70
1723	163
1723	169
1723	176
1723	192
1723	208
1723	240
1723	243
1723	246
1723	1722
1723	1723
1723	1724
1723	1725
1723	1946
1723	1948
1723	1950
1723	1954
1724	0
1724	15
1724	70
1724	144
1724	169
1724	208
1724	240
1724	243
1724	246
1724	1250
1724	1722
1724	1723
1724	1724
1724	1725
1724	1966
1725	0
1725	15
1725	70
1725	169
1725	208
1725	240
1725	243
1725	246
1725	1722
1725	1723
1725	1724
1725	1725
1725	1944
1725	1945
1725	1955
1725	1956
1725	1957
1725	1958
1725	1959
1727	0
1727	950
1727	8352
1727	8353
1727	8354
1727	8355
1727	8356
1727	8357
1727	8358
1727	8359
1727	8360
1727	8361
1727	8362
1727	8363
1727	8364
1727	8365
1727	8366
1727	8367
1727	8368
1727	8369
1727	8370
1727	8371
1727	8372
1728	1651
1728	8373
1728	8374
1728	8375
1728	8376
1728	8377
1728	8378
1728	8379
1728	8380
1728	8381
1728	8382
1728	8383
1728	8384
1728	8385
1728	8386
1728	8387
1728	8388
1731	155
1731	212
1731	8389
1732	155
1732	8390
1735	155
1740	8391
1740	8392
1740	8393
1740	8394
1740	8395
1740	8396
1740	8397
1740	8398
1740	8399
1740	8400
1740	8401
1740	8402
1740	8403
1741	214
1741	1741
1741	8404
1742	214
1742	1742
1742	1745
1743	214
1743	1744
1743	1745
1743	8405
1743	8406
1744	214
1744	1743
1745	214
1745	8407
1745	8408
1745	8409
1745	8410
1746	214
1746	8411
1747	214
1747	1583
1747	1747
1747	1749
1748	214
1748	1134
1748	1135
1748	1136
1748	1140
1748	1141
1748	4388
1748	4390
1749	214
1749	8412
1749	8413
1749	8414
1750	214
1750	8415
1750	8416
1751	214
1751	1746
1751	1749
1751	1750
1751	8417
1752	0
1752	1752
1753	0
1753	1753
1753	8418
1753	8419
1754	0
1754	1752
1754	8420
1754	8421
1754	8422
1754	8423
1754	8424
1754	8425
1754	8426
1754	8427
1755	1761
1755	8428
1756	1761
1756	1764
1756	8429
1756	8430
1756	8431
1757	235
1757	838
1757	1760
1757	1761
1757	8432
1757	8433
1757	8434
1757	8435
1757	8436
1758	1755
1758	1756
1758	1757
1758	1759
1758	1760
1758	1761
1758	1762
1758	1763
1758	1764
1758	1765
1758	1766
1759	1761
1759	1764
1760	8437
1760	8438
1760	8439
1760	8440
1761	1760
1761	8434
1761	8441
1761	8442
1762	1761
1762	8432
1762	8433
1762	8436
1762	8443
1762	8444
1762	8445
1762	8446
1762	8447
1762	8448
1762	8449
1763	1757
1763	8432
1763	8450
1764	1760
1764	1761
1764	8429
1764	8430
1764	8431
1765	1757
1765	1761
1765	8434
1765	8451
1766	1761
1779	218
1779	1779
1779	1780
1779	1781
1779	1782
1779	1785
1779	1786
1779	1787
1779	1788
1779	5084
1779	5085
1779	5086
1779	5087
1779	5095
1779	5096
1779	8452
1779	8453
1779	8454
1779	8455
1780	218
1780	1768
1780	1769
1780	1770
1780	1771
1780	1779
1780	1780
1780	1781
1780	1782
1780	1783
1780	1784
1780	1785
1780	1786
1780	1787
1780	1788
1780	5084
1780	5085
1780	5086
1780	5087
1780	5096
1780	8456
1781	218
1781	1768
1781	1769
1781	1770
1781	1771
1781	1779
1781	1780
1781	1781
1781	1782
1781	1783
1781	1784
1781	1785
1781	1786
1781	1787
1781	1788
1781	5084
1781	5085
1781	5086
1781	5087
1781	5096
1781	8456
1782	218
1782	1768
1782	1769
1782	1770
1782	1771
1782	1779
1782	1780
1782	1781
1782	1782
1782	1783
1782	1784
1782	1785
1782	1786
1782	1787
1782	1788
1782	5084
1782	5085
1782	5086
1782	5087
1782	5096
1782	8456
1783	218
1783	1768
1783	1769
1783	1770
1783	1771
1783	1779
1783	1780
1783	1781
1783	1782
1783	1783
1783	1784
1783	1785
1783	1786
1783	1787
1783	1788
1783	8456
1783	8457
1784	1781
1785	0
1785	218
1785	1768
1785	1769
1785	1770
1785	1771
1785	1779
1785	1780
1785	1781
1785	1782
1785	1783
1785	1784
1785	1785
1785	1786
1785	1787
1785	1788
1785	1951
1785	1952
1785	3697
1785	5084
1785	5085
1785	5086
1785	5087
1785	5096
1785	6809
1785	7427
1785	7433
1785	7702
1785	7708
1785	8456
1785	8458
1785	8459
1785	8460
1785	8461
1785	8462
1785	8463
1785	8464
1785	8465
1785	8466
1785	8467
1785	8468
1785	8469
1785	8470
1785	8471
1786	218
1786	1768
1786	1769
1786	1770
1786	1771
1786	1779
1786	1780
1786	1781
1786	1782
1786	1783
1786	1784
1786	1785
1786	1786
1786	1787
1786	1788
1786	5084
1786	5085
1786	5086
1786	5087
1786	5096
1786	8456
1787	218
1787	1768
1787	1769
1787	1770
1787	1771
1787	1779
1787	1780
1787	1781
1787	1782
1787	1783
1787	1784
1787	1785
1787	1786
1787	1787
1787	1788
1787	5084
1787	5085
1787	5086
1787	5087
1787	5096
1787	8456
1787	8472
1787	8473
1787	8474
1787	8475
1787	8476
1788	218
1788	1768
1788	1769
1788	1770
1788	1771
1788	1779
1788	1780
1788	1781
1788	1782
1788	1783
1788	1784
1788	1785
1788	1786
1788	1787
1788	1788
1788	8456
1788	8477
1788	8478
1788	8479
1788	8480
1788	8481
1788	8482
1788	8483
1788	8484
1788	8485
1788	8486
1788	8487
1788	8488
1788	8489
1788	8490
1788	8491
1788	8492
1788	8493
1788	8494
1788	8495
1788	8496
1788	8497
1788	8498
1788	8499
1788	8500
1788	8501
1788	8502
1788	8503
1788	8504
1788	8505
1788	8506
1788	8507
1788	8508
1788	8509
1788	8510
1788	8511
1788	8512
1788	8513
1788	8514
1788	8515
1790	1973
1790	8516
1790	8517
1790	8518
1790	8519
1790	8520
1790	8521
1790	8522
1790	8523
1790	8524
1790	8525
1790	8526
1790	8527
1790	8528
1790	8529
1790	8530
1790	8531
1790	8532
1790	8533
1790	8534
1790	8535
1790	8536
1790	8537
1790	8538
1790	8539
1790	8540
1790	8541
1790	8542
1790	8543
1790	8544
1790	8545
1790	8546
1790	8547
1790	8548
1790	8549
1790	8550
1790	8551
1790	8552
1790	8553
1790	8554
1790	8555
1790	8556
1790	8557
1790	8558
1790	8559
1790	8560
1790	8561
1790	8562
1790	8563
1790	8564
1790	8565
1790	8566
1790	8567
1790	8568
1790	8569
1790	8570
1790	8571
1790	8572
1790	8573
1790	8574
1790	8575
1790	8576
1790	8577
1790	8578
1790	8579
1790	8580
1790	8581
1790	8582
1790	8583
1790	8584
1790	8585
1790	8586
1790	8587
1790	8588
1790	8589
1790	8590
1790	8591
1790	8592
1790	8593
1790	8594
1790	8595
1790	8596
1790	8597
1790	8598
1790	8599
1790	8600
1790	8601
1790	8602
1790	8603
1790	8604
1790	8605
1790	8606
1790	8607
1790	8608
1790	8609
1790	8610
1790	8611
1790	8612
1790	8613
1790	8614
1790	8615
1790	8616
1790	8617
1790	8618
1790	8619
1790	8620
1790	8621
1790	8622
1790	8623
1790	8624
1790	8625
1790	8626
1790	8627
1790	8628
1790	8629
1790	8630
1790	8631
1790	8632
1790	8633
1790	8634
1790	8635
1790	8636
1790	8637
1790	8638
1790	8639
1790	8640
1790	8641
1790	8642
1790	8643
1790	8644
1790	8645
1790	8646
1790	8647
1790	8648
1790	8649
1790	8650
1790	8651
1790	8652
1790	8653
1790	8654
1790	8655
1790	8656
1791	1973
1791	8516
1791	8657
1791	8658
1791	8659
1791	8660
1791	8661
1791	8662
1791	8663
1791	8664
1791	8665
1791	8666
1791	8667
1791	8668
1791	8669
1791	8670
1791	8671
1791	8672
1791	8673
1791	8674
1791	8675
1791	8676
1791	8677
1791	8678
1791	8679
1791	8680
1791	8681
1791	8682
1791	8683
1791	8684
1791	8685
1791	8686
1791	8687
1791	8688
1791	8689
1791	8690
1791	8691
1791	8692
1791	8693
1791	8694
1791	8695
1791	8696
1791	8697
1791	8698
1791	8699
1791	8700
1791	8701
1791	8702
1791	8703
1791	8704
1791	8705
1791	8706
1791	8707
1791	8708
1791	8709
1791	8710
1791	8711
1791	8712
1791	8713
1791	8714
1791	8715
1791	8716
1791	8717
1791	8718
1791	8719
1791	8720
1791	8721
1791	8722
1791	8723
1791	8724
1791	8725
1791	8726
1791	8727
1791	8728
1791	8729
1791	8730
1791	8731
1791	8732
1791	8733
1791	8734
1791	8735
1791	8736
1791	8737
1791	8738
1791	8739
1791	8740
1791	8741
1791	8742
1791	8743
1791	8744
1791	8745
1791	8746
1791	8747
1791	8748
1791	8749
1791	8750
1791	8751
1791	8752
1791	8753
1791	8754
1791	8755
1791	8756
1791	8757
1791	8758
1791	8759
1791	8760
1791	8761
1791	8762
1791	8763
1791	8764
1791	8765
1791	8766
1791	8767
1791	8768
1791	8769
1791	8770
1791	8771
1791	8772
1791	8773
1791	8774
1791	8775
1791	8776
1791	8777
1791	8778
1791	8779
1791	8780
1791	8781
1791	8782
1791	8783
1791	8784
1791	8785
1791	8786
1791	8787
1791	8788
1791	8789
1791	8790
1791	8791
1791	8792
1791	8793
1791	8794
1791	8795
1791	8796
1791	8797
1791	8798
1791	8799
1791	8800
1791	8801
1791	8802
1791	8803
1791	8804
1791	8805
1791	8806
1791	8807
1791	8808
1791	8809
1791	8810
1791	8811
1791	8812
1791	8813
1791	8814
1791	8815
1791	8816
1791	8817
1791	8818
1791	8819
1791	8820
1791	8821
1791	8822
1791	8823
1791	8824
1791	8825
1791	8826
1791	8827
1791	8828
1791	8829
1791	8830
1791	8831
1791	8832
1791	8833
1791	8834
1791	8835
1791	8836
1791	8837
1791	8838
1791	8839
1791	8840
1791	8841
1791	8842
1791	8843
1791	8844
1791	8845
1791	8846
1791	8847
1791	8848
1791	8849
1791	8850
1791	8851
1791	8852
1791	8853
1791	8854
1791	8855
1791	8856
1791	8857
1791	8858
1791	8859
1791	8860
1791	8861
1791	8862
1791	8863
1791	8864
1791	8865
1791	8866
1791	8867
1791	8868
1791	8869
1791	8870
1791	8871
1791	8872
1791	8873
1791	8874
1791	8875
1791	8876
1791	8877
1791	8878
1791	8879
1791	8880
1791	8881
1791	8882
1791	8883
1791	8884
1791	8885
1791	8886
1791	8887
1791	8888
1791	8889
1791	8890
1791	8891
1791	8892
1791	8893
1791	8894
1791	8895
1791	8896
1791	8897
1791	8898
1791	8899
1791	8900
1791	8901
1791	8902
1791	8903
1791	8904
1791	8905
1791	8906
1791	8907
1791	8908
1791	8909
1791	8910
1791	8911
1791	8912
1791	8913
1791	8914
1791	8915
1791	8916
1791	8917
1791	8918
1791	8919
1791	8920
1791	8921
1791	8922
1791	8923
1791	8924
1791	8925
1791	8926
1791	8927
1791	8928
1791	8929
1791	8930
1791	8931
1791	8932
1791	8933
1791	8934
1791	8935
1791	8936
1791	8937
1791	8938
1791	8939
1791	8940
1791	8941
1791	8942
1791	8943
1791	8944
1791	8945
1791	8946
1791	8947
1791	8948
1791	8949
1791	8950
1791	8951
1791	8952
1791	8953
1791	8954
1791	8955
1791	8956
1791	8957
1791	8958
1791	8959
1791	8960
1791	8961
1791	8962
1791	8963
1791	8964
1791	8965
1791	8966
1791	8967
1791	8968
1791	8969
1791	8970
1791	8971
1791	8972
1791	8973
1791	8974
1791	8975
1791	8976
1791	8977
1791	8978
1791	8979
1791	8980
1791	8981
1791	8982
1791	8983
1791	8984
1791	8985
1791	8986
1791	8987
1791	8988
1791	8989
1791	8990
1791	8991
1791	8992
1791	8993
1791	8994
1791	8995
1791	8996
1791	8997
1791	8998
1791	8999
1791	9000
1791	9001
1791	9002
1791	9003
1791	9004
1791	9005
1791	9006
1791	9007
1791	9008
1791	9009
1791	9010
1791	9011
1791	9012
1791	9013
1791	9014
1791	9015
1791	9016
1791	9017
1791	9018
1791	9019
1791	9020
1791	9021
1791	9022
1791	9023
1791	9024
1791	9025
1791	9026
1791	9027
1791	9028
1791	9029
1791	9030
1791	9031
1791	9032
1791	9033
1791	9034
1791	9035
1791	9036
1791	9037
1791	9038
1791	9039
1791	9040
1791	9041
1791	9042
1791	9043
1791	9044
1791	9045
1791	9046
1791	9047
1791	9048
1791	9049
1791	9050
1791	9051
1791	9052
1791	9053
1791	9054
1791	9055
1791	9056
1791	9057
1791	9058
1791	9059
1791	9060
1791	9061
1791	9062
1791	9063
1791	9064
1791	9065
1791	9066
1791	9067
1791	9068
1791	9069
1791	9070
1791	9071
1791	9072
1791	9073
1791	9074
1791	9075
1791	9076
1791	9077
1791	9078
1791	9079
1791	9080
1791	9081
1791	9082
1791	9083
1791	9084
1791	9085
1791	9086
1791	9087
1791	9088
1791	9089
1791	9090
1791	9091
1791	9092
1791	9093
1791	9094
1791	9095
1791	9096
1791	9097
1791	9098
1791	9099
1791	9100
1791	9101
1791	9102
1791	9103
1791	9104
1791	9105
1791	9106
1791	9107
1791	9108
1791	9109
1791	9110
1791	9111
1791	9112
1791	9113
1791	9114
1791	9115
1791	9116
1791	9117
1791	9118
1791	9119
1791	9120
1791	9121
1791	9122
1791	9123
1791	9124
1791	9125
1791	9126
1791	9127
1791	9128
1791	9129
1791	9130
1791	9131
1791	9132
1791	9133
1791	9134
1791	9135
1791	9136
1791	9137
1791	9138
1791	9139
1791	9140
1791	9141
1791	9142
1791	9143
1791	9144
1791	9145
1791	9146
1791	9147
1791	9148
1791	9149
1791	9150
1791	9151
1791	9152
1791	9153
1791	9154
1791	9155
1791	9156
1791	9157
1791	9158
1791	9159
1791	9160
1791	9161
1791	9162
1791	9163
1791	9164
1791	9165
1791	9166
1791	9167
1791	9168
1791	9169
1791	9170
1791	9171
1791	9172
1791	9173
1791	9174
1791	9175
1791	9176
1791	9177
1791	9178
1791	9179
1791	9180
1791	9181
1791	9182
1791	9183
1791	9184
1791	9185
1791	9186
1791	9187
1791	9188
1791	9189
1791	9190
1791	9191
1791	9192
1791	9193
1791	9194
1791	9195
1791	9196
1791	9197
1791	9198
1791	9199
1791	9200
1791	9201
1791	9202
1791	9203
1791	9204
1791	9205
1791	9206
1791	9207
1791	9208
1791	9209
1791	9210
1791	9211
1791	9212
1791	9213
1791	9214
1791	9215
1791	9216
1791	9217
1791	9218
1791	9219
1791	9220
1791	9221
1791	9222
1791	9223
1791	9224
1791	9225
1791	9226
1791	9227
1791	9228
1791	9229
1791	9230
1791	9231
1791	9232
1791	9233
1791	9234
1792	1973
1793	1973
1793	9235
1793	9236
1793	9237
1793	9238
1793	9239
1793	9240
1793	9241
1793	9242
1793	9243
1793	9244
1793	9245
1793	9246
1793	9247
1793	9248
1793	9249
1793	9250
1793	9251
1793	9252
1793	9253
1793	9254
1793	9255
1793	9256
1793	9257
1793	9258
1793	9259
1793	9260
1793	9261
1794	1790
1794	1791
1794	1793
1794	1795
1794	1797
1794	1798
1794	1827
1794	1828
1794	1829
1794	1830
1794	1831
1794	1973
1794	9224
1794	9262
1794	9263
1794	9264
1795	1797
1795	1973
1795	8638
1795	8639
1795	8640
1795	8641
1795	8642
1795	8643
1795	8644
1795	8645
1795	8646
1795	8647
1795	8648
1795	8649
1795	8650
1795	8651
1795	8652
1795	8653
1795	8654
1795	8655
1795	8656
1795	8662
1795	8664
1795	8676
1795	8697
1795	8699
1795	8700
1795	8701
1795	8711
1795	8713
1795	8714
1795	8728
1795	8729
1795	8737
1795	8743
1795	8753
1795	8764
1795	8768
1795	8785
1795	8790
1795	8801
1795	8802
1795	8812
1795	8819
1795	8824
1795	8837
1795	8848
1795	8851
1795	8862
1795	8875
1795	8884
1795	8888
1795	8889
1795	8897
1795	8914
1795	8925
1795	8946
1795	8947
1795	8952
1795	8961
1795	8968
1795	8969
1795	8972
1795	9008
1795	9010
1795	9015
1795	9017
1795	9018
1795	9019
1795	9020
1795	9022
1795	9023
1795	9024
1795	9029
1795	9030
1795	9031
1795	9044
1795	9048
1795	9050
1795	9059
1795	9064
1795	9065
1795	9071
1795	9072
1795	9077
1795	9080
1795	9085
1795	9092
1795	9093
1795	9101
1795	9108
1795	9174
1795	9175
1795	9179
1795	9189
1795	9194
1795	9203
1795	9209
1795	9220
1795	9265
1795	9266
1795	9267
1795	9268
1795	9269
1795	9270
1795	9271
1795	9272
1795	9273
1795	9274
1795	9275
1795	9276
1795	9277
1795	9278
1795	9279
1795	9280
1795	9281
1795	9282
1795	9283
1795	9284
1795	9285
1795	9286
1795	9287
1795	9288
1795	9289
1795	9290
1795	9291
1795	9292
1795	9293
1795	9294
1795	9295
1795	9296
1795	9297
1795	9298
1795	9299
1795	9300
1795	9301
1795	9302
1795	9303
1795	9304
1795	9305
1795	9306
1795	9307
1795	9308
1795	9309
1795	9310
1795	9311
1795	9312
1795	9313
1795	9314
1795	9315
1795	9316
1795	9317
1795	9318
1795	9319
1795	9320
1795	9321
1795	9322
1795	9323
1795	9324
1795	9325
1795	9326
1795	9327
1795	9328
1795	9329
1795	9330
1795	9331
1795	9332
1795	9333
1795	9334
1795	9335
1795	9336
1795	9337
1795	9338
1795	9339
1795	9340
1795	9341
1795	9342
1795	9343
1795	9344
1795	9345
1795	9346
1795	9347
1795	9348
1795	9349
1795	9350
1795	9351
1795	9352
1795	9353
1795	9354
1795	9355
1795	9356
1795	9357
1795	9358
1795	9359
1795	9360
1795	9361
1795	9362
1795	9363
1795	9364
1795	9365
1795	9366
1795	9367
1795	9368
1795	9369
1795	9370
1795	9371
1795	9372
1795	9373
1795	9374
1795	9375
1795	9376
1795	9377
1795	9378
1795	9379
1795	9380
1795	9381
1795	9382
1795	9383
1795	9384
1795	9385
1795	9386
1795	9387
1795	9388
1795	9389
1795	9390
1795	9391
1795	9392
1795	9393
1795	9394
1795	9395
1795	9396
1795	9397
1795	9398
1795	9399
1795	9400
1795	9401
1795	9402
1795	9403
1795	9404
1795	9405
1795	9406
1795	9407
1795	9408
1795	9409
1795	9410
1795	9411
1795	9412
1795	9413
1795	9414
1795	9415
1795	9416
1795	9417
1795	9418
1795	9419
1795	9420
1795	9421
1795	9422
1795	9423
1795	9424
1795	9425
1795	9426
1795	9427
1795	9428
1795	9429
1795	9430
1795	9431
1795	9432
1795	9433
1795	9434
1795	9435
1795	9436
1795	9437
1795	9438
1795	9439
1795	9440
1795	9441
1795	9442
1795	9443
1795	9444
1795	9445
1795	9446
1795	9447
1795	9448
1795	9449
1795	9450
1795	9451
1795	9452
1795	9453
1795	9454
1795	9455
1795	9456
1795	9457
1795	9458
1795	9459
1795	9460
1795	9461
1795	9462
1795	9463
1795	9464
1795	9465
1795	9466
1795	9467
1795	9468
1795	9469
1795	9470
1795	9471
1795	9472
1795	9473
1795	9474
1795	9475
1795	9476
1795	9477
1795	9478
1795	9479
1795	9480
1795	9481
1795	9482
1795	9483
1795	9484
1795	9485
1795	9486
1795	9487
1795	9488
1795	9489
1795	9490
1795	9491
1795	9492
1795	9493
1795	9494
1795	9495
1795	9496
1795	9497
1795	9498
1795	9499
1795	9500
1795	9501
1795	9502
1795	9503
1795	9504
1795	9505
1795	9506
1795	9507
1795	9508
1795	9509
1795	9510
1795	9511
1795	9512
1795	9513
1795	9514
1795	9515
1795	9516
1795	9517
1795	9518
1795	9519
1795	9520
1795	9521
1795	9522
1795	9523
1795	9524
1795	9525
1795	9526
1795	9527
1795	9528
1795	9529
1795	9530
1795	9531
1795	9532
1795	9533
1795	9534
1795	9535
1795	9536
1795	9537
1795	9538
1795	9539
1795	9540
1795	9541
1795	9542
1795	9543
1795	9544
1795	9545
1795	9546
1795	9547
1795	9548
1795	9549
1795	9550
1795	9551
1795	9552
1795	9553
1795	9554
1795	9555
1795	9556
1795	9557
1795	9558
1795	9559
1795	9560
1795	9561
1795	9562
1795	9563
1795	9564
1795	9565
1795	9566
1795	9567
1795	9568
1795	9569
1795	9570
1795	9571
1795	9572
1795	9573
1795	9574
1795	9575
1795	9576
1795	9577
1795	9578
1795	9579
1795	9580
1795	9581
1795	9582
1795	9583
1795	9584
1795	9585
1795	9586
1795	9587
1795	9588
1795	9589
1795	9590
1795	9591
1795	9592
1795	9593
1795	9594
1795	9595
1795	9596
1795	9597
1795	9598
1795	9599
1795	9600
1795	9601
1795	9602
1795	9603
1795	9604
1795	9605
1795	9606
1795	9607
1795	9608
1795	9609
1795	9610
1795	9611
1795	9612
1795	9613
1795	9614
1795	9615
1795	9616
1795	9617
1795	9618
1795	9619
1795	9620
1795	9621
1795	9622
1795	9623
1795	9624
1795	9625
1795	9626
1795	9627
1795	9628
1795	9629
1795	9630
1795	9631
1795	9632
1795	9633
1795	9634
1795	9635
1795	9636
1795	9637
1795	9638
1795	9639
1795	9640
1795	9641
1795	9642
1795	9643
1795	9644
1795	9645
1795	9646
1795	9647
1795	9648
1795	9649
1795	9650
1795	9651
1795	9652
1795	9653
1795	9654
1795	9655
1795	9656
1795	9657
1795	9658
1795	9659
1795	9660
1795	9661
1795	9662
1795	9663
1795	9664
1795	9665
1795	9666
1795	9667
1795	9668
1795	9669
1795	9670
1795	9671
1795	9672
1795	9673
1795	9674
1795	9675
1795	9676
1795	9677
1795	9678
1795	9679
1795	9680
1795	9681
1795	9682
1795	9683
1795	9684
1795	9685
1795	9686
1795	9687
1795	9688
1795	9689
1795	9690
1795	9691
1795	9692
1795	9693
1795	9694
1795	9695
1795	9696
1795	9697
1795	9698
1795	9699
1795	9700
1795	9701
1795	9702
1795	9703
1795	9704
1795	9705
1795	9706
1795	9707
1795	9708
1795	9709
1795	9710
1795	9711
1795	9712
1795	9713
1795	9714
1795	9715
1795	9716
1795	9717
1795	9718
1795	9719
1795	9720
1795	9721
1795	9722
1795	9723
1795	9724
1795	9725
1795	9726
1795	9727
1795	9728
1795	9729
1795	9730
1795	9731
1795	9732
1795	9733
1795	9734
1795	9735
1795	9736
1795	9737
1795	9738
1795	9739
1795	9740
1795	9741
1795	9742
1795	9743
1795	9744
1795	9745
1795	9746
1795	9747
1795	9748
1795	9749
1795	9750
1795	9751
1795	9752
1795	9753
1795	9754
1795	9755
1795	9756
1795	9757
1795	9758
1795	9759
1795	9760
1795	9761
1795	9762
1795	9763
1795	9764
1795	9765
1795	9766
1795	9767
1795	9768
1795	9769
1795	9770
1795	9771
1795	9772
1795	9773
1795	9774
1795	9775
1795	9776
1795	9777
1795	9778
1795	9779
1795	9780
1795	9781
1795	9782
1795	9783
1795	9784
1795	9785
1795	9786
1795	9787
1795	9788
1795	9789
1795	9790
1795	9791
1795	9792
1795	9793
1795	9794
1795	9795
1795	9796
1795	9797
1795	9798
1795	9799
1796	1973
1796	9263
1796	9800
1797	1973
1797	8657
1797	8659
1797	8661
1797	8663
1797	8670
1797	8677
1797	8679
1797	8680
1797	8681
1797	8683
1797	8684
1797	8687
1797	8688
1797	8692
1797	8693
1797	8694
1797	8702
1797	8706
1797	8727
1797	8732
1797	8734
1797	8735
1797	8739
1797	8740
1797	8741
1797	8744
1797	8745
1797	8746
1797	8747
1797	8748
1797	8752
1797	8759
1797	8760
1797	8762
1797	8945
1797	9021
1797	9034
1797	9070
1797	9098
1797	9166
1797	9169
1797	9173
1797	9201
1797	9222
1797	9224
1797	9225
1797	9226
1797	9227
1797	9228
1797	9229
1797	9230
1797	9232
1797	9233
1797	9234
1797	9801
1798	1827
1798	1973
1798	9802
1798	9803
1798	9804
1798	9805
1798	9806
1798	9807
1798	9808
1798	9809
1798	9810
1798	9811
1798	9812
1798	9813
1798	9814
1798	9815
1798	9816
1798	9817
1798	9818
1798	9819
1798	9820
1798	9821
1798	9822
1798	9823
1798	9824
1798	9825
1798	9826
1798	9827
1798	9828
1799	1973
1799	8638
1799	8639
1799	8641
1799	8648
1799	8650
1799	8652
1799	9266
1799	9267
1799	9268
1799	9270
1799	9278
1799	9282
1799	9283
1799	9288
1799	9289
1799	9294
1799	9295
1799	9296
1799	9299
1799	9303
1799	9308
1799	9310
1799	9313
1799	9315
1799	9318
1799	9319
1799	9321
1799	9322
1799	9324
1799	9329
1799	9332
1799	9335
1799	9336
1799	9339
1799	9341
1799	9344
1799	9345
1799	9346
1799	9347
1799	9348
1799	9350
1799	9354
1799	9356
1799	9362
1799	9363
1799	9374
1799	9379
1799	9380
1799	9382
1799	9392
1799	9402
1799	9407
1799	9412
1799	9416
1799	9419
1799	9422
1799	9424
1799	9425
1799	9429
1799	9432
1799	9436
1799	9439
1799	9440
1799	9441
1799	9445
1799	9446
1799	9447
1799	9453
1799	9454
1799	9456
1799	9459
1799	9460
1799	9461
1799	9467
1799	9477
1799	9479
1799	9483
1799	9486
1799	9488
1799	9489
1799	9495
1799	9498
1799	9502
1799	9504
1799	9510
1799	9511
1799	9512
1799	9519
1799	9528
1799	9531
1799	9533
1799	9536
1799	9537
1799	9539
1799	9542
1799	9545
1799	9549
1799	9551
1799	9556
1799	9559
1799	9565
1799	9567
1799	9571
1799	9574
1799	9577
1799	9578
1799	9582
1799	9584
1799	9586
1799	9590
1799	9599
1799	9600
1799	9610
1799	9614
1799	9617
1799	9618
1799	9621
1799	9627
1799	9629
1799	9630
1799	9631
1799	9638
1799	9642
1799	9645
1799	9648
1799	9649
1799	9652
1799	9656
1799	9657
1799	9658
1799	9664
1799	9668
1799	9672
1799	9673
1799	9674
1799	9677
1799	9681
1799	9682
1799	9689
1799	9692
1799	9695
1799	9697
1799	9699
1799	9701
1799	9703
1799	9705
1799	9707
1799	9708
1799	9717
1799	9720
1799	9721
1799	9725
1799	9726
1799	9729
1799	9731
1799	9732
1799	9733
1799	9734
1799	9738
1799	9739
1799	9747
1799	9748
1799	9754
1799	9757
1799	9758
1799	9759
1799	9764
1799	9765
1799	9767
1799	9768
1799	9769
1799	9774
1799	9775
1799	9776
1799	9779
1799	9780
1799	9785
1799	9791
1799	9794
1799	9829
1800	1797
1800	1973
1800	8638
1800	8639
1800	8640
1800	8642
1800	8644
1800	8645
1800	8647
1800	8649
1800	8650
1800	8652
1800	8653
1800	9272
1800	9278
1800	9279
1800	9282
1800	9291
1800	9292
1800	9295
1800	9296
1800	9298
1800	9300
1800	9308
1800	9314
1800	9321
1800	9322
1800	9333
1800	9334
1800	9340
1800	9343
1800	9345
1800	9347
1800	9348
1800	9350
1800	9352
1800	9353
1800	9357
1800	9361
1800	9363
1800	9364
1800	9368
1800	9372
1800	9375
1800	9382
1800	9386
1800	9388
1800	9390
1800	9393
1800	9397
1800	9398
1800	9399
1800	9406
1800	9407
1800	9408
1800	9411
1800	9413
1800	9419
1800	9422
1800	9423
1800	9430
1800	9432
1800	9435
1800	9438
1800	9440
1800	9450
1800	9451
1800	9454
1800	9455
1800	9457
1800	9458
1800	9459
1800	9460
1800	9461
1800	9463
1800	9472
1800	9475
1800	9476
1800	9481
1800	9483
1800	9484
1800	9485
1800	9491
1800	9492
1800	9495
1800	9500
1800	9506
1800	9509
1800	9511
1800	9512
1800	9516
1800	9519
1800	9520
1800	9526
1800	9531
1800	9533
1800	9535
1800	9536
1800	9542
1800	9545
1800	9547
1800	9548
1800	9549
1800	9554
1800	9558
1800	9559
1800	9561
1800	9565
1800	9569
1800	9572
1800	9574
1800	9575
1800	9580
1800	9586
1800	9588
1800	9590
1800	9591
1800	9602
1800	9605
1800	9607
1800	9608
1800	9613
1800	9614
1800	9618
1800	9622
1800	9624
1800	9625
1800	9632
1800	9634
1800	9635
1800	9638
1800	9643
1800	9646
1800	9647
1800	9648
1800	9649
1800	9652
1800	9656
1800	9657
1800	9658
1800	9662
1800	9664
1800	9666
1800	9667
1800	9668
1800	9671
1800	9673
1800	9677
1800	9679
1800	9682
1800	9683
1800	9684
1800	9686
1800	9688
1800	9696
1800	9698
1800	9699
1800	9700
1800	9710
1800	9713
1800	9716
1800	9718
1800	9722
1800	9726
1800	9730
1800	9732
1800	9735
1800	9736
1800	9737
1800	9739
1800	9741
1800	9742
1800	9743
1800	9744
1800	9745
1800	9749
1800	9750
1800	9751
1800	9752
1800	9753
1800	9755
1800	9756
1800	9759
1800	9761
1800	9764
1800	9767
1800	9769
1800	9770
1800	9771
1800	9772
1800	9773
1800	9774
1800	9775
1800	9776
1800	9777
1800	9780
1800	9784
1800	9786
1800	9789
1800	9791
1800	9792
1800	9794
1800	9829
1801	1797
1801	1973
1801	8638
1801	8639
1801	8640
1801	8641
1801	8643
1801	8645
1801	8646
1801	8647
1801	8648
1801	8649
1801	8650
1801	8653
1801	9267
1801	9268
1801	9269
1801	9270
1801	9271
1801	9272
1801	9273
1801	9274
1801	9275
1801	9276
1801	9277
1801	9278
1801	9279
1801	9280
1801	9281
1801	9282
1801	9283
1801	9284
1801	9285
1801	9286
1801	9287
1801	9288
1801	9290
1801	9291
1801	9292
1801	9293
1801	9294
1801	9295
1801	9296
1801	9297
1801	9298
1801	9299
1801	9300
1801	9301
1801	9302
1801	9303
1801	9304
1801	9305
1801	9306
1801	9307
1801	9308
1801	9309
1801	9310
1801	9311
1801	9312
1801	9313
1801	9314
1801	9315
1801	9316
1801	9317
1801	9318
1801	9319
1801	9320
1801	9321
1801	9324
1801	9327
1801	9328
1801	9329
1801	9331
1801	9334
1801	9335
1801	9337
1801	9339
1801	9341
1801	9342
1801	9343
1801	9344
1801	9345
1801	9347
1801	9348
1801	9352
1801	9354
1801	9357
1801	9359
1801	9361
1801	9362
1801	9365
1801	9366
1801	9369
1801	9370
1801	9371
1801	9372
1801	9373
1801	9375
1801	9377
1801	9379
1801	9380
1801	9382
1801	9383
1801	9384
1801	9386
1801	9387
1801	9390
1801	9391
1801	9392
1801	9394
1801	9395
1801	9397
1801	9398
1801	9399
1801	9402
1801	9403
1801	9405
1801	9407
1801	9408
1801	9409
1801	9411
1801	9412
1801	9415
1801	9416
1801	9417
1801	9419
1801	9420
1801	9421
1801	9424
1801	9425
1801	9426
1801	9428
1801	9429
1801	9430
1801	9432
1801	9433
1801	9435
1801	9436
1801	9437
1801	9441
1801	9442
1801	9443
1801	9444
1801	9445
1801	9447
1801	9448
1801	9449
1801	9451
1801	9452
1801	9453
1801	9454
1801	9457
1801	9458
1801	9459
1801	9463
1801	9465
1801	9466
1801	9467
1801	9470
1801	9472
1801	9474
1801	9479
1801	9480
1801	9481
1801	9484
1801	9485
1801	9486
1801	9487
1801	9491
1801	9492
1801	9493
1801	9495
1801	9496
1801	9499
1801	9500
1801	9501
1801	9502
1801	9503
1801	9504
1801	9505
1801	9506
1801	9507
1801	9510
1801	9511
1801	9517
1801	9518
1801	9519
1801	9520
1801	9521
1801	9524
1801	9530
1801	9531
1801	9532
1801	9536
1801	9537
1801	9538
1801	9539
1801	9541
1801	9542
1801	9543
1801	9544
1801	9545
1801	9547
1801	9548
1801	9550
1801	9551
1801	9552
1801	9555
1801	9557
1801	9558
1801	9559
1801	9560
1801	9561
1801	9562
1801	9563
1801	9565
1801	9566
1801	9567
1801	9571
1801	9574
1801	9575
1801	9577
1801	9578
1801	9579
1801	9586
1801	9588
1801	9589
1801	9590
1801	9593
1801	9594
1801	9600
1801	9602
1801	9604
1801	9605
1801	9608
1801	9611
1801	9614
1801	9615
1801	9616
1801	9617
1801	9618
1801	9620
1801	9622
1801	9624
1801	9625
1801	9626
1801	9627
1801	9628
1801	9629
1801	9632
1801	9636
1801	9637
1801	9638
1801	9639
1801	9640
1801	9642
1801	9643
1801	9646
1801	9647
1801	9649
1801	9651
1801	9652
1801	9653
1801	9656
1801	9657
1801	9658
1801	9659
1801	9662
1801	9663
1801	9664
1801	9665
1801	9667
1801	9668
1801	9670
1801	9673
1801	9677
1801	9678
1801	9680
1801	9682
1801	9683
1801	9684
1801	9685
1801	9688
1801	9691
1801	9692
1801	9694
1801	9695
1801	9696
1801	9697
1801	9698
1801	9699
1801	9702
1801	9705
1801	9706
1801	9707
1801	9709
1801	9713
1801	9714
1801	9715
1801	9716
1801	9717
1801	9718
1801	9719
1801	9720
1801	9723
1801	9726
1801	9727
1801	9728
1801	9730
1801	9732
1801	9734
1801	9736
1801	9737
1801	9738
1801	9739
1801	9742
1801	9743
1801	9745
1801	9746
1801	9748
1801	9749
1801	9750
1801	9752
1801	9756
1801	9757
1801	9758
1801	9759
1801	9760
1801	9761
1801	9762
1801	9763
1801	9764
1801	9766
1801	9767
1801	9768
1801	9769
1801	9770
1801	9771
1801	9772
1801	9773
1801	9774
1801	9775
1801	9776
1801	9778
1801	9779
1801	9780
1801	9781
1801	9782
1801	9783
1801	9784
1801	9785
1801	9786
1801	9787
1801	9788
1801	9790
1801	9791
1801	9792
1801	9794
1801	9795
1801	9829
1802	1797
1802	1973
1802	8639
1802	8640
1802	8645
1802	8647
1802	8650
1802	8652
1802	8653
1802	9272
1802	9276
1802	9278
1802	9280
1802	9288
1802	9290
1802	9291
1802	9295
1802	9297
1802	9299
1802	9300
1802	9305
1802	9310
1802	9314
1802	9317
1802	9319
1802	9320
1802	9321
1802	9322
1802	9323
1802	9324
1802	9325
1802	9326
1802	9327
1802	9328
1802	9329
1802	9330
1802	9331
1802	9332
1802	9333
1802	9334
1802	9335
1802	9336
1802	9337
1802	9338
1802	9339
1802	9340
1802	9341
1802	9347
1802	9349
1802	9355
1802	9357
1802	9367
1802	9369
1802	9370
1802	9386
1802	9393
1802	9395
1802	9398
1802	9399
1802	9404
1802	9406
1802	9412
1802	9416
1802	9421
1802	9432
1802	9433
1802	9434
1802	9435
1802	9447
1802	9451
1802	9453
1802	9454
1802	9458
1802	9461
1802	9466
1802	9468
1802	9469
1802	9474
1802	9475
1802	9476
1802	9484
1802	9485
1802	9486
1802	9487
1802	9491
1802	9492
1802	9493
1802	9495
1802	9497
1802	9500
1802	9502
1802	9505
1802	9510
1802	9511
1802	9519
1802	9521
1802	9531
1802	9532
1802	9537
1802	9538
1802	9540
1802	9541
1802	9545
1802	9546
1802	9549
1802	9558
1802	9560
1802	9561
1802	9562
1802	9567
1802	9569
1802	9570
1802	9575
1802	9580
1802	9583
1802	9586
1802	9593
1802	9597
1802	9607
1802	9611
1802	9614
1802	9657
1802	9658
1802	9662
1802	9667
1802	9668
1802	9670
1802	9673
1802	9679
1802	9682
1802	9683
1802	9684
1802	9692
1802	9695
1802	9698
1802	9699
1802	9701
1802	9719
1802	9723
1802	9727
1802	9728
1802	9730
1802	9738
1802	9743
1802	9745
1802	9747
1802	9750
1802	9753
1802	9757
1802	9761
1802	9768
1802	9769
1802	9770
1802	9771
1802	9772
1802	9773
1802	9774
1802	9776
1802	9777
1802	9778
1802	9780
1802	9781
1802	9782
1802	9783
1802	9784
1802	9785
1802	9786
1802	9787
1802	9788
1802	9789
1802	9790
1802	9791
1802	9792
1802	9793
1802	9794
1802	9795
1802	9829
1803	1973
1803	8638
1803	8639
1803	8641
1803	8645
1803	8650
1803	9277
1803	9279
1803	9282
1803	9289
1803	9290
1803	9295
1803	9299
1803	9301
1803	9308
1803	9311
1803	9313
1803	9316
1803	9317
1803	9321
1803	9324
1803	9331
1803	9333
1803	9335
1803	9342
1803	9344
1803	9345
1803	9346
1803	9347
1803	9348
1803	9349
1803	9350
1803	9351
1803	9362
1803	9382
1803	9394
1803	9402
1803	9405
1803	9407
1803	9408
1803	9409
1803	9416
1803	9420
1803	9437
1803	9438
1803	9446
1803	9449
1803	9455
1803	9463
1803	9479
1803	9481
1803	9500
1803	9505
1803	9520
1803	9523
1803	9539
1803	9541
1803	9542
1803	9547
1803	9550
1803	9559
1803	9565
1803	9576
1803	9582
1803	9586
1803	9593
1803	9603
1803	9604
1803	9610
1803	9618
1803	9622
1803	9624
1803	9627
1803	9639
1803	9645
1803	9647
1803	9648
1803	9652
1803	9657
1803	9658
1803	9660
1803	9661
1803	9664
1803	9667
1803	9687
1803	9689
1803	9693
1803	9698
1803	9703
1803	9708
1803	9710
1803	9714
1803	9717
1803	9718
1803	9720
1803	9725
1803	9735
1803	9736
1803	9738
1803	9742
1803	9748
1803	9750
1803	9757
1803	9758
1803	9761
1803	9762
1803	9769
1803	9770
1803	9776
1803	9781
1803	9785
1803	9786
1803	9788
1803	9829
1804	1797
1804	1973
1804	8640
1804	8644
1804	8645
1804	8651
1804	9269
1804	9271
1804	9272
1804	9285
1804	9286
1804	9288
1804	9289
1804	9291
1804	9294
1804	9297
1804	9298
1804	9299
1804	9311
1804	9312
1804	9317
1804	9319
1804	9328
1804	9335
1804	9344
1804	9350
1804	9351
1804	9352
1804	9354
1804	9355
1804	9356
1804	9357
1804	9358
1804	9359
1804	9360
1804	9361
1804	9362
1804	9363
1804	9365
1804	9366
1804	9367
1804	9368
1804	9369
1804	9370
1804	9371
1804	9396
1804	9401
1804	9405
1804	9406
1804	9407
1804	9416
1804	9417
1804	9420
1804	9426
1804	9430
1804	9436
1804	9438
1804	9439
1804	9445
1804	9448
1804	9452
1804	9470
1804	9471
1804	9472
1804	9475
1804	9476
1804	9477
1804	9481
1804	9487
1804	9493
1804	9497
1804	9500
1804	9506
1804	9514
1804	9519
1804	9521
1804	9529
1804	9533
1804	9541
1804	9542
1804	9548
1804	9560
1804	9563
1804	9564
1804	9565
1804	9567
1804	9576
1804	9577
1804	9580
1804	9584
1804	9586
1804	9593
1804	9607
1804	9611
1804	9614
1804	9615
1804	9619
1804	9620
1804	9621
1804	9624
1804	9628
1804	9631
1804	9651
1804	9652
1804	9657
1804	9658
1804	9665
1804	9667
1804	9668
1804	9673
1804	9675
1804	9677
1804	9682
1804	9683
1804	9684
1804	9697
1804	9701
1804	9705
1804	9707
1804	9718
1804	9726
1804	9727
1804	9731
1804	9748
1804	9756
1804	9759
1804	9760
1804	9767
1804	9769
1804	9771
1804	9772
1804	9774
1804	9784
1804	9785
1804	9791
1804	9794
1804	9829
1805	1797
1805	1973
1805	8647
1805	9267
1805	9272
1805	9278
1805	9280
1805	9295
1805	9298
1805	9299
1805	9308
1805	9328
1805	9329
1805	9333
1805	9349
1805	9350
1805	9352
1805	9372
1805	9373
1805	9376
1805	9377
1805	9378
1805	9379
1805	9380
1805	9381
1805	9382
1805	9383
1805	9384
1805	9385
1805	9386
1805	9387
1805	9388
1805	9389
1805	9390
1805	9391
1805	9392
1805	9393
1805	9394
1805	9395
1805	9396
1805	9398
1805	9399
1805	9400
1805	9401
1805	9402
1805	9412
1805	9415
1805	9416
1805	9418
1805	9422
1805	9429
1805	9431
1805	9433
1805	9436
1805	9444
1805	9459
1805	9479
1805	9502
1805	9510
1805	9511
1805	9512
1805	9529
1805	9542
1805	9543
1805	9548
1805	9554
1805	9561
1805	9562
1805	9567
1805	9577
1805	9593
1805	9607
1805	9615
1805	9618
1805	9622
1805	9626
1805	9639
1805	9652
1805	9656
1805	9657
1805	9658
1805	9667
1805	9668
1805	9669
1805	9673
1805	9678
1805	9679
1805	9682
1805	9683
1805	9698
1805	9707
1805	9718
1805	9719
1805	9722
1805	9730
1805	9732
1805	9743
1805	9755
1805	9759
1805	9761
1805	9762
1805	9767
1805	9768
1805	9770
1805	9775
1805	9781
1805	9782
1805	9785
1805	9791
1805	9792
1805	9794
1805	9829
1806	1797
1806	1973
1806	8638
1806	8641
1806	8645
1806	8648
1806	8650
1806	8652
1806	8653
1806	9279
1806	9280
1806	9282
1806	9285
1806	9288
1806	9289
1806	9290
1806	9295
1806	9299
1806	9301
1806	9308
1806	9310
1806	9312
1806	9313
1806	9321
1806	9323
1806	9335
1806	9341
1806	9344
1806	9345
1806	9347
1806	9350
1806	9355
1806	9362
1806	9370
1806	9382
1806	9384
1806	9391
1806	9398
1806	9402
1806	9403
1806	9404
1806	9405
1806	9406
1806	9407
1806	9408
1806	9409
1806	9410
1806	9411
1806	9412
1806	9413
1806	9414
1806	9415
1806	9416
1806	9417
1806	9418
1806	9420
1806	9421
1806	9422
1806	9423
1806	9424
1806	9425
1806	9426
1806	9427
1806	9428
1806	9429
1806	9431
1806	9432
1806	9433
1806	9434
1806	9435
1806	9438
1806	9440
1806	9444
1806	9451
1806	9454
1806	9466
1806	9478
1806	9479
1806	9481
1806	9484
1806	9492
1806	9493
1806	9499
1806	9502
1806	9504
1806	9505
1806	9510
1806	9511
1806	9519
1806	9520
1806	9525
1806	9529
1806	9530
1806	9541
1806	9542
1806	9545
1806	9546
1806	9548
1806	9552
1806	9571
1806	9578
1806	9585
1806	9588
1806	9593
1806	9616
1806	9617
1806	9618
1806	9624
1806	9628
1806	9639
1806	9643
1806	9652
1806	9656
1806	9657
1806	9658
1806	9664
1806	9667
1806	9670
1806	9671
1806	9676
1806	9682
1806	9683
1806	9685
1806	9689
1806	9692
1806	9699
1806	9702
1806	9707
1806	9714
1806	9717
1806	9727
1806	9732
1806	9739
1806	9740
1806	9741
1806	9745
1806	9746
1806	9750
1806	9752
1806	9756
1806	9757
1806	9759
1806	9761
1806	9769
1806	9773
1806	9776
1806	9782
1806	9785
1806	9787
1806	9793
1806	9794
1806	9829
1807	1973
1807	8640
1807	8652
1807	9271
1807	9276
1807	9277
1807	9289
1807	9290
1807	9296
1807	9299
1807	9305
1807	9307
1807	9317
1807	9324
1807	9335
1807	9336
1807	9350
1807	9362
1807	9364
1807	9367
1807	9372
1807	9373
1807	9386
1807	9400
1807	9405
1807	9407
1807	9408
1807	9410
1807	9412
1807	9416
1807	9417
1807	9419
1807	9423
1807	9432
1807	9433
1807	9435
1807	9436
1807	9437
1807	9438
1807	9441
1807	9449
1807	9457
1807	9459
1807	9467
1807	9472
1807	9477
1807	9486
1807	9492
1807	9493
1807	9496
1807	9503
1807	9510
1807	9514
1807	9515
1807	9518
1807	9520
1807	9537
1807	9538
1807	9544
1807	9546
1807	9547
1807	9548
1807	9552
1807	9571
1807	9584
1807	9586
1807	9594
1807	9599
1807	9605
1807	9617
1807	9618
1807	9621
1807	9626
1807	9627
1807	9629
1807	9632
1807	9638
1807	9664
1807	9671
1807	9689
1807	9707
1807	9729
1807	9732
1807	9747
1807	9754
1807	9758
1807	9768
1807	9769
1807	9777
1807	9785
1807	9791
1807	9792
1807	9794
1807	9829
1808	1797
1808	1973
1808	8653
1808	9273
1808	9274
1808	9279
1808	9287
1808	9294
1808	9296
1808	9299
1808	9304
1808	9324
1808	9348
1808	9362
1808	9371
1808	9379
1808	9394
1808	9408
1808	9414
1808	9416
1808	9423
1808	9439
1808	9440
1808	9441
1808	9442
1808	9443
1808	9444
1808	9445
1808	9446
1808	9447
1808	9451
1808	9473
1808	9481
1808	9485
1808	9486
1808	9495
1808	9502
1808	9510
1808	9512
1808	9518
1808	9523
1808	9541
1808	9542
1808	9544
1808	9571
1808	9579
1808	9582
1808	9593
1808	9607
1808	9614
1808	9636
1808	9656
1808	9664
1808	9677
1808	9683
1808	9684
1808	9688
1808	9692
1808	9702
1808	9705
1808	9708
1808	9734
1808	9737
1808	9741
1808	9743
1808	9746
1808	9760
1808	9829
1809	1797
1809	1973
1809	8645
1809	8650
1809	8652
1809	9268
1809	9272
1809	9275
1809	9291
1809	9292
1809	9294
1809	9295
1809	9311
1809	9315
1809	9329
1809	9336
1809	9354
1809	9368
1809	9397
1809	9410
1809	9416
1809	9433
1809	9436
1809	9437
1809	9441
1809	9448
1809	9449
1809	9451
1809	9452
1809	9453
1809	9454
1809	9455
1809	9456
1809	9457
1809	9458
1809	9459
1809	9460
1809	9462
1809	9463
1809	9478
1809	9479
1809	9492
1809	9511
1809	9512
1809	9519
1809	9531
1809	9541
1809	9542
1809	9546
1809	9574
1809	9585
1809	9587
1809	9588
1809	9589
1809	9595
1809	9604
1809	9607
1809	9615
1809	9616
1809	9626
1809	9631
1809	9649
1809	9651
1809	9652
1809	9657
1809	9658
1809	9664
1809	9665
1809	9666
1809	9667
1809	9668
1809	9671
1809	9673
1809	9677
1809	9683
1809	9684
1809	9689
1809	9702
1809	9727
1809	9733
1809	9743
1809	9750
1809	9757
1809	9760
1809	9761
1809	9768
1809	9769
1809	9770
1809	9774
1809	9776
1809	9777
1809	9785
1809	9787
1809	9788
1809	9792
1809	9794
1809	9795
1809	9829
1809	9830
1810	1973
1810	8646
1810	8652
1810	8653
1810	9276
1810	9284
1810	9285
1810	9286
1810	9290
1810	9291
1810	9296
1810	9299
1810	9308
1810	9313
1810	9315
1810	9317
1810	9318
1810	9320
1810	9321
1810	9324
1810	9329
1810	9339
1810	9345
1810	9347
1810	9351
1810	9364
1810	9368
1810	9376
1810	9386
1810	9406
1810	9407
1810	9411
1810	9417
1810	9425
1810	9432
1810	9433
1810	9447
1810	9449
1810	9454
1810	9457
1810	9464
1810	9465
1810	9466
1810	9467
1810	9468
1810	9469
1810	9470
1810	9471
1810	9473
1810	9474
1810	9475
1810	9476
1810	9477
1810	9478
1810	9479
1810	9480
1810	9481
1810	9482
1810	9485
1810	9486
1810	9487
1810	9488
1810	9489
1810	9490
1810	9492
1810	9493
1810	9494
1810	9500
1810	9502
1810	9505
1810	9506
1810	9509
1810	9510
1810	9515
1810	9519
1810	9520
1810	9531
1810	9532
1810	9541
1810	9542
1810	9544
1810	9545
1810	9547
1810	9552
1810	9569
1810	9575
1810	9579
1810	9586
1810	9597
1810	9599
1810	9602
1810	9604
1810	9618
1810	9631
1810	9639
1810	9646
1810	9653
1810	9657
1810	9658
1810	9667
1810	9668
1810	9673
1810	9674
1810	9677
1810	9678
1810	9682
1810	9683
1810	9684
1810	9685
1810	9689
1810	9691
1810	9693
1810	9699
1810	9714
1810	9719
1810	9720
1810	9725
1810	9727
1810	9734
1810	9739
1810	9745
1810	9746
1810	9747
1810	9748
1810	9752
1810	9762
1810	9768
1810	9769
1810	9770
1810	9773
1810	9774
1810	9775
1810	9777
1810	9781
1810	9784
1810	9785
1810	9789
1810	9793
1810	9829
1811	1797
1811	1973
1811	8640
1811	8641
1811	8643
1811	8644
1811	8645
1811	8648
1811	8650
1811	8651
1811	8652
1811	9272
1811	9278
1811	9282
1811	9285
1811	9286
1811	9289
1811	9291
1811	9293
1811	9295
1811	9296
1811	9297
1811	9298
1811	9299
1811	9300
1811	9301
1811	9308
1811	9310
1811	9315
1811	9316
1811	9318
1811	9321
1811	9323
1811	9324
1811	9329
1811	9330
1811	9334
1811	9335
1811	9336
1811	9338
1811	9341
1811	9343
1811	9344
1811	9345
1811	9348
1811	9350
1811	9353
1811	9359
1811	9367
1811	9370
1811	9376
1811	9383
1811	9387
1811	9388
1811	9392
1811	9399
1811	9400
1811	9411
1811	9412
1811	9416
1811	9418
1811	9422
1811	9424
1811	9425
1811	9434
1811	9436
1811	9442
1811	9444
1811	9451
1811	9454
1811	9457
1811	9463
1811	9470
1811	9472
1811	9476
1811	9477
1811	9479
1811	9481
1811	9485
1811	9491
1811	9492
1811	9493
1811	9494
1811	9495
1811	9496
1811	9497
1811	9498
1811	9499
1811	9500
1811	9501
1811	9502
1811	9503
1811	9504
1811	9505
1811	9506
1811	9507
1811	9508
1811	9509
1811	9510
1811	9511
1811	9512
1811	9513
1811	9514
1811	9515
1811	9517
1811	9518
1811	9519
1811	9520
1811	9521
1811	9522
1811	9523
1811	9524
1811	9525
1811	9527
1811	9528
1811	9529
1811	9530
1811	9531
1811	9532
1811	9533
1811	9534
1811	9535
1811	9536
1811	9537
1811	9538
1811	9539
1811	9540
1811	9541
1811	9542
1811	9544
1811	9548
1811	9553
1811	9558
1811	9560
1811	9562
1811	9574
1811	9577
1811	9582
1811	9585
1811	9586
1811	9588
1811	9592
1811	9593
1811	9594
1811	9602
1811	9604
1811	9605
1811	9606
1811	9607
1811	9608
1811	9614
1811	9615
1811	9616
1811	9626
1811	9628
1811	9632
1811	9639
1811	9643
1811	9644
1811	9645
1811	9646
1811	9652
1811	9657
1811	9658
1811	9664
1811	9667
1811	9668
1811	9669
1811	9670
1811	9673
1811	9677
1811	9678
1811	9679
1811	9682
1811	9683
1811	9688
1811	9691
1811	9695
1811	9699
1811	9702
1811	9713
1811	9718
1811	9719
1811	9725
1811	9726
1811	9727
1811	9728
1811	9731
1811	9732
1811	9735
1811	9739
1811	9742
1811	9743
1811	9744
1811	9750
1811	9757
1811	9759
1811	9761
1811	9767
1811	9768
1811	9769
1811	9770
1811	9772
1811	9774
1811	9775
1811	9784
1811	9785
1811	9786
1811	9791
1811	9792
1811	9793
1811	9794
1811	9829
1812	1797
1812	1973
1812	8639
1812	8640
1812	8641
1812	8644
1812	8650
1812	8651
1812	8652
1812	8653
1812	9266
1812	9267
1812	9268
1812	9272
1812	9273
1812	9274
1812	9275
1812	9276
1812	9277
1812	9282
1812	9283
1812	9287
1812	9288
1812	9289
1812	9291
1812	9292
1812	9294
1812	9295
1812	9296
1812	9297
1812	9298
1812	9299
1812	9300
1812	9302
1812	9303
1812	9304
1812	9305
1812	9308
1812	9309
1812	9310
1812	9312
1812	9313
1812	9314
1812	9316
1812	9317
1812	9319
1812	9320
1812	9321
1812	9322
1812	9324
1812	9326
1812	9332
1812	9333
1812	9334
1812	9335
1812	9336
1812	9341
1812	9344
1812	9345
1812	9346
1812	9347
1812	9348
1812	9350
1812	9352
1812	9354
1812	9355
1812	9356
1812	9360
1812	9361
1812	9362
1812	9363
1812	9364
1812	9365
1812	9366
1812	9368
1812	9370
1812	9372
1812	9375
1812	9376
1812	9377
1812	9380
1812	9382
1812	9383
1812	9384
1812	9385
1812	9387
1812	9388
1812	9389
1812	9391
1812	9392
1812	9393
1812	9396
1812	9399
1812	9400
1812	9401
1812	9402
1812	9407
1812	9408
1812	9409
1812	9410
1812	9412
1812	9413
1812	9414
1812	9416
1812	9419
1812	9420
1812	9422
1812	9425
1812	9426
1812	9427
1812	9431
1812	9432
1812	9434
1812	9439
1812	9442
1812	9444
1812	9445
1812	9446
1812	9449
1812	9450
1812	9451
1812	9452
1812	9453
1812	9454
1812	9455
1812	9456
1812	9458
1812	9460
1812	9461
1812	9462
1812	9467
1812	9469
1812	9470
1812	9474
1812	9475
1812	9476
1812	9477
1812	9479
1812	9480
1812	9481
1812	9482
1812	9484
1812	9487
1812	9488
1812	9490
1812	9494
1812	9496
1812	9498
1812	9500
1812	9501
1812	9502
1812	9504
1812	9505
1812	9508
1812	9510
1812	9511
1812	9512
1812	9513
1812	9515
1812	9517
1812	9519
1812	9520
1812	9527
1812	9530
1812	9534
1812	9539
1812	9541
1812	9542
1812	9543
1812	9544
1812	9545
1812	9546
1812	9547
1812	9548
1812	9549
1812	9550
1812	9551
1812	9552
1812	9553
1812	9554
1812	9555
1812	9556
1812	9557
1812	9558
1812	9559
1812	9560
1812	9561
1812	9562
1812	9563
1812	9564
1812	9565
1812	9567
1812	9568
1812	9570
1812	9571
1812	9573
1812	9574
1812	9575
1812	9576
1812	9577
1812	9578
1812	9583
1812	9584
1812	9585
1812	9586
1812	9587
1812	9588
1812	9590
1812	9593
1812	9595
1812	9597
1812	9598
1812	9602
1812	9603
1812	9604
1812	9606
1812	9608
1812	9609
1812	9613
1812	9614
1812	9615
1812	9619
1812	9620
1812	9621
1812	9625
1812	9627
1812	9628
1812	9631
1812	9632
1812	9638
1812	9642
1812	9645
1812	9647
1812	9652
1812	9654
1812	9655
1812	9658
1812	9659
1812	9660
1812	9663
1812	9664
1812	9665
1812	9666
1812	9667
1812	9668
1812	9669
1812	9670
1812	9672
1812	9673
1812	9675
1812	9676
1812	9679
1812	9681
1812	9682
1812	9683
1812	9687
1812	9689
1812	9690
1812	9692
1812	9693
1812	9697
1812	9698
1812	9701
1812	9702
1812	9703
1812	9704
1812	9707
1812	9708
1812	9709
1812	9710
1812	9711
1812	9714
1812	9716
1812	9717
1812	9725
1812	9726
1812	9727
1812	9728
1812	9731
1812	9732
1812	9735
1812	9736
1812	9738
1812	9739
1812	9740
1812	9747
1812	9750
1812	9751
1812	9754
1812	9758
1812	9759
1812	9761
1812	9762
1812	9764
1812	9765
1812	9766
1812	9767
1812	9768
1812	9769
1812	9770
1812	9775
1812	9776
1812	9777
1812	9783
1812	9785
1812	9786
1812	9788
1812	9789
1812	9790
1812	9795
1812	9829
1813	1797
1813	1973
1813	8638
1813	8640
1813	8646
1813	8651
1813	8652
1813	8653
1813	9268
1813	9275
1813	9285
1813	9292
1813	9295
1813	9302
1813	9307
1813	9321
1813	9343
1813	9344
1813	9375
1813	9382
1813	9385
1813	9386
1813	9388
1813	9416
1813	9426
1813	9445
1813	9449
1813	9450
1813	9452
1813	9454
1813	9459
1813	9469
1813	9479
1813	9485
1813	9487
1813	9500
1813	9502
1813	9504
1813	9514
1813	9518
1813	9519
1813	9530
1813	9535
1813	9541
1813	9542
1813	9551
1813	9552
1813	9553
1813	9554
1813	9560
1813	9565
1813	9566
1813	9567
1813	9568
1813	9569
1813	9570
1813	9571
1813	9572
1813	9573
1813	9574
1813	9575
1813	9576
1813	9577
1813	9578
1813	9579
1813	9581
1813	9582
1813	9583
1813	9584
1813	9585
1813	9588
1813	9604
1813	9609
1813	9610
1813	9612
1813	9617
1813	9623
1813	9652
1813	9653
1813	9659
1813	9665
1813	9668
1813	9671
1813	9673
1813	9682
1813	9693
1813	9698
1813	9699
1813	9700
1813	9707
1813	9709
1813	9713
1813	9727
1813	9732
1813	9738
1813	9741
1813	9754
1813	9769
1813	9772
1813	9774
1813	9785
1813	9792
1813	9793
1813	9829
1814	1973
1814	8639
1814	8641
1814	8644
1814	8652
1814	8653
1814	9267
1814	9268
1814	9272
1814	9273
1814	9278
1814	9279
1814	9280
1814	9282
1814	9287
1814	9288
1814	9290
1814	9291
1814	9292
1814	9296
1814	9297
1814	9299
1814	9308
1814	9310
1814	9313
1814	9317
1814	9319
1814	9323
1814	9324
1814	9327
1814	9328
1814	9331
1814	9334
1814	9338
1814	9340
1814	9343
1814	9344
1814	9346
1814	9349
1814	9350
1814	9355
1814	9357
1814	9358
1814	9359
1814	9363
1814	9366
1814	9372
1814	9375
1814	9378
1814	9385
1814	9386
1814	9391
1814	9392
1814	9394
1814	9398
1814	9399
1814	9404
1814	9407
1814	9408
1814	9410
1814	9411
1814	9412
1814	9415
1814	9416
1814	9417
1814	9419
1814	9420
1814	9423
1814	9428
1814	9429
1814	9431
1814	9432
1814	9433
1814	9434
1814	9435
1814	9436
1814	9437
1814	9438
1814	9440
1814	9442
1814	9444
1814	9445
1814	9447
1814	9451
1814	9453
1814	9454
1814	9458
1814	9459
1814	9461
1814	9462
1814	9463
1814	9466
1814	9470
1814	9471
1814	9472
1814	9476
1814	9479
1814	9481
1814	9482
1814	9486
1814	9487
1814	9489
1814	9493
1814	9497
1814	9500
1814	9502
1814	9505
1814	9506
1814	9508
1814	9510
1814	9511
1814	9515
1814	9519
1814	9520
1814	9523
1814	9526
1814	9541
1814	9542
1814	9544
1814	9545
1814	9547
1814	9550
1814	9551
1814	9552
1814	9553
1814	9559
1814	9560
1814	9562
1814	9565
1814	9569
1814	9570
1814	9572
1814	9573
1814	9574
1814	9575
1814	9576
1814	9578
1814	9584
1814	9586
1814	9587
1814	9588
1814	9589
1814	9592
1814	9593
1814	9594
1814	9595
1814	9596
1814	9597
1814	9598
1814	9599
1814	9600
1814	9601
1814	9603
1814	9604
1814	9605
1814	9606
1814	9607
1814	9608
1814	9609
1814	9614
1814	9615
1814	9617
1814	9618
1814	9622
1814	9627
1814	9628
1814	9629
1814	9630
1814	9633
1814	9642
1814	9646
1814	9651
1814	9652
1814	9656
1814	9657
1814	9658
1814	9667
1814	9668
1814	9673
1814	9674
1814	9677
1814	9683
1814	9686
1814	9689
1814	9691
1814	9693
1814	9694
1814	9701
1814	9702
1814	9708
1814	9709
1814	9712
1814	9720
1814	9726
1814	9727
1814	9728
1814	9731
1814	9732
1814	9738
1814	9743
1814	9746
1814	9754
1814	9755
1814	9757
1814	9759
1814	9761
1814	9764
1814	9767
1814	9769
1814	9771
1814	9772
1814	9774
1814	9776
1814	9777
1814	9778
1814	9779
1814	9782
1814	9783
1814	9784
1814	9785
1814	9789
1814	9790
1814	9791
1814	9794
1814	9829
1815	1973
1815	9375
1815	9603
1815	9628
1815	9709
1815	9772
1815	9780
1815	9782
1815	9791
1816	1797
1816	1973
1816	8641
1816	8645
1816	8650
1816	8651
1816	8652
1816	8653
1816	9270
1816	9273
1816	9276
1816	9279
1816	9282
1816	9287
1816	9288
1816	9294
1816	9295
1816	9299
1816	9318
1816	9321
1816	9322
1816	9323
1816	9327
1816	9330
1816	9331
1816	9332
1816	9343
1816	9344
1816	9350
1816	9356
1816	9359
1816	9362
1816	9364
1816	9367
1816	9373
1816	9379
1816	9381
1816	9389
1816	9394
1816	9403
1816	9405
1816	9408
1816	9416
1816	9417
1816	9419
1816	9422
1816	9425
1816	9429
1816	9432
1816	9433
1816	9436
1816	9448
1816	9451
1816	9470
1816	9476
1816	9479
1816	9485
1816	9493
1816	9500
1816	9502
1816	9510
1816	9530
1816	9531
1816	9541
1816	9542
1816	9544
1816	9545
1816	9548
1816	9555
1816	9557
1816	9559
1816	9575
1816	9577
1816	9578
1816	9586
1816	9599
1816	9607
1816	9610
1816	9611
1816	9612
1816	9615
1816	9616
1816	9617
1816	9618
1816	9619
1816	9620
1816	9621
1816	9622
1816	9623
1816	9625
1816	9626
1816	9627
1816	9628
1816	9629
1816	9630
1816	9631
1816	9646
1816	9649
1816	9658
1816	9664
1816	9667
1816	9668
1816	9670
1816	9673
1816	9682
1816	9692
1816	9698
1816	9705
1816	9708
1816	9716
1816	9718
1816	9720
1816	9722
1816	9724
1816	9726
1816	9727
1816	9730
1816	9743
1816	9744
1816	9745
1816	9748
1816	9757
1816	9767
1816	9768
1816	9769
1816	9776
1816	9777
1816	9782
1816	9783
1816	9784
1816	9791
1816	9792
1816	9794
1816	9829
1817	1797
1817	1973
1817	8638
1817	8641
1817	8645
1817	8647
1817	8648
1817	8650
1817	8652
1817	8653
1817	9266
1817	9279
1817	9280
1817	9282
1817	9286
1817	9288
1817	9291
1817	9295
1817	9298
1817	9300
1817	9301
1817	9303
1817	9306
1817	9307
1817	9310
1817	9312
1817	9315
1817	9317
1817	9319
1817	9320
1817	9321
1817	9326
1817	9329
1817	9332
1817	9341
1817	9343
1817	9345
1817	9349
1817	9353
1817	9354
1817	9355
1817	9357
1817	9371
1817	9372
1817	9375
1817	9376
1817	9379
1817	9381
1817	9382
1817	9385
1817	9388
1817	9394
1817	9397
1817	9403
1817	9407
1817	9408
1817	9409
1817	9410
1817	9416
1817	9417
1817	9420
1817	9421
1817	9428
1817	9432
1817	9433
1817	9436
1817	9440
1817	9441
1817	9443
1817	9445
1817	9446
1817	9447
1817	9453
1817	9455
1817	9457
1817	9459
1817	9467
1817	9470
1817	9476
1817	9477
1817	9479
1817	9481
1817	9484
1817	9485
1817	9489
1817	9491
1817	9492
1817	9493
1817	9496
1817	9500
1817	9507
1817	9508
1817	9510
1817	9515
1817	9519
1817	9523
1817	9525
1817	9527
1817	9529
1817	9530
1817	9531
1817	9532
1817	9539
1817	9540
1817	9541
1817	9545
1817	9548
1817	9553
1817	9556
1817	9557
1817	9558
1817	9559
1817	9560
1817	9561
1817	9563
1817	9566
1817	9567
1817	9570
1817	9571
1817	9579
1817	9580
1817	9585
1817	9586
1817	9587
1817	9588
1817	9594
1817	9597
1817	9605
1817	9606
1817	9607
1817	9611
1817	9612
1817	9614
1817	9624
1817	9626
1817	9628
1817	9632
1817	9633
1817	9634
1817	9636
1817	9637
1817	9638
1817	9639
1817	9640
1817	9641
1817	9642
1817	9643
1817	9644
1817	9645
1817	9646
1817	9647
1817	9648
1817	9649
1817	9650
1817	9651
1817	9652
1817	9653
1817	9654
1817	9655
1817	9657
1817	9658
1817	9659
1817	9660
1817	9661
1817	9662
1817	9663
1817	9664
1817	9665
1817	9667
1817	9668
1817	9669
1817	9670
1817	9671
1817	9672
1817	9673
1817	9674
1817	9675
1817	9676
1817	9677
1817	9678
1817	9679
1817	9680
1817	9681
1817	9682
1817	9683
1817	9684
1817	9685
1817	9686
1817	9687
1817	9689
1817	9690
1817	9691
1817	9692
1817	9693
1817	9694
1817	9695
1817	9696
1817	9697
1817	9698
1817	9701
1817	9702
1817	9705
1817	9707
1817	9714
1817	9717
1817	9719
1817	9721
1817	9722
1817	9723
1817	9729
1817	9731
1817	9732
1817	9733
1817	9735
1817	9740
1817	9741
1817	9742
1817	9743
1817	9747
1817	9748
1817	9750
1817	9752
1817	9758
1817	9759
1817	9763
1817	9768
1817	9769
1817	9770
1817	9772
1817	9774
1817	9776
1817	9777
1817	9781
1817	9782
1817	9784
1817	9785
1817	9788
1817	9790
1817	9791
1817	9793
1817	9794
1817	9795
1817	9829
1818	1797
1818	1973
1818	8638
1818	8650
1818	8651
1818	9268
1818	9285
1818	9294
1818	9301
1818	9304
1818	9305
1818	9313
1818	9320
1818	9329
1818	9332
1818	9333
1818	9339
1818	9348
1818	9361
1818	9362
1818	9377
1818	9386
1818	9389
1818	9398
1818	9410
1818	9413
1818	9416
1818	9417
1818	9440
1818	9477
1818	9480
1818	9485
1818	9486
1818	9491
1818	9506
1818	9511
1818	9519
1818	9531
1818	9541
1818	9542
1818	9558
1818	9560
1818	9561
1818	9574
1818	9584
1818	9586
1818	9588
1818	9598
1818	9605
1818	9614
1818	9621
1818	9622
1818	9629
1818	9643
1818	9648
1818	9651
1818	9662
1818	9667
1818	9668
1818	9673
1818	9677
1818	9682
1818	9683
1818	9692
1818	9703
1818	9704
1818	9705
1818	9706
1818	9707
1818	9708
1818	9709
1818	9710
1818	9711
1818	9712
1818	9720
1818	9726
1818	9727
1818	9730
1818	9733
1818	9741
1818	9746
1818	9755
1818	9769
1818	9771
1818	9774
1818	9777
1818	9791
1818	9793
1818	9829
1819	1973
1819	8645
1819	9278
1819	9280
1819	9313
1819	9316
1819	9324
1819	9328
1819	9335
1819	9351
1819	9361
1819	9362
1819	9364
1819	9367
1819	9379
1819	9384
1819	9386
1819	9395
1819	9399
1819	9408
1819	9416
1819	9420
1819	9423
1819	9431
1819	9432
1819	9446
1819	9454
1819	9469
1819	9470
1819	9486
1819	9491
1819	9510
1819	9512
1819	9513
1819	9522
1819	9526
1819	9541
1819	9564
1819	9574
1819	9614
1819	9617
1819	9618
1819	9627
1819	9628
1819	9637
1819	9645
1819	9646
1819	9658
1819	9664
1819	9670
1819	9685
1819	9699
1819	9705
1819	9713
1819	9715
1819	9725
1819	9727
1819	9736
1819	9741
1819	9747
1819	9748
1819	9765
1819	9778
1820	1797
1820	1973
1820	8650
1820	8651
1820	9284
1820	9294
1820	9296
1820	9297
1820	9317
1820	9324
1820	9347
1820	9352
1820	9364
1820	9391
1820	9399
1820	9433
1820	9464
1820	9478
1820	9481
1820	9500
1820	9502
1820	9506
1820	9509
1820	9511
1820	9520
1820	9526
1820	9540
1820	9562
1820	9586
1820	9593
1820	9614
1820	9618
1820	9628
1820	9664
1820	9668
1820	9673
1820	9682
1820	9687
1820	9713
1820	9717
1820	9718
1820	9719
1820	9720
1820	9721
1820	9722
1820	9723
1820	9769
1820	9772
1820	9781
1820	9788
1820	9792
1820	9794
1820	9829
1821	1797
1821	1973
1821	8639
1821	8645
1821	8646
1821	8647
1821	9280
1821	9292
1821	9295
1821	9296
1821	9297
1821	9304
1821	9308
1821	9310
1821	9316
1821	9328
1821	9340
1821	9345
1821	9350
1821	9363
1821	9372
1821	9399
1821	9407
1821	9416
1821	9429
1821	9431
1821	9432
1821	9441
1821	9443
1821	9451
1821	9452
1821	9457
1821	9463
1821	9470
1821	9485
1821	9486
1821	9493
1821	9496
1821	9500
1821	9501
1821	9502
1821	9510
1821	9511
1821	9513
1821	9519
1821	9531
1821	9533
1821	9535
1821	9539
1821	9541
1821	9542
1821	9543
1821	9548
1821	9562
1821	9567
1821	9573
1821	9574
1821	9586
1821	9602
1821	9606
1821	9615
1821	9627
1821	9637
1821	9640
1821	9650
1821	9656
1821	9657
1821	9658
1821	9669
1821	9670
1821	9673
1821	9677
1821	9678
1821	9679
1821	9688
1821	9698
1821	9699
1821	9700
1821	9701
1821	9702
1821	9707
1821	9709
1821	9718
1821	9722
1821	9724
1821	9725
1821	9726
1821	9727
1821	9728
1821	9729
1821	9731
1821	9732
1821	9733
1821	9734
1821	9735
1821	9736
1821	9737
1821	9738
1821	9739
1821	9740
1821	9742
1821	9744
1821	9747
1821	9748
1821	9754
1821	9759
1821	9760
1821	9765
1821	9769
1821	9770
1821	9771
1821	9772
1821	9774
1821	9775
1821	9776
1821	9778
1821	9789
1821	9792
1821	9794
1821	9795
1821	9829
1822	1973
1822	9316
1822	9317
1822	9743
1822	9744
1823	1973
1823	9317
1823	9417
1823	9506
1823	9519
1823	9673
1823	9745
1823	9746
1823	9761
1823	9829
1824	1973
1824	9280
1824	9295
1824	9298
1824	9575
1824	9593
1824	9600
1824	9657
1824	9678
1824	9689
1824	9698
1824	9709
1824	9747
1824	9748
1824	9750
1824	9785
1824	9792
1824	9793
1824	9829
1825	1973
1825	9831
1825	9832
1825	9833
1825	9834
1825	9835
1825	9836
1825	9837
1825	9838
1825	9839
1825	9840
1825	9841
1825	9842
1825	9843
1825	9844
1825	9845
1825	9846
1825	9847
1825	9848
1825	9849
1825	9850
1825	9851
1825	9852
1825	9853
1825	9854
1826	1973
1826	7620
1826	9023
1826	9855
1826	9856
1826	9857
1826	9858
1826	9859
1826	9860
1826	9861
1826	9862
1826	9863
1826	9864
1826	9865
1826	9866
1826	9867
1826	9868
1826	9869
1826	9870
1826	9871
1826	9872
1826	9873
1826	9874
1826	9875
1826	9876
1826	9877
1826	9878
1827	1973
1827	9879
1827	9880
1827	9881
1827	9882
1827	9883
1827	9884
1827	9885
1827	9886
1827	9887
1827	9888
1827	9889
1827	9890
1827	9891
1827	9892
1827	9893
1827	9894
1827	9895
1827	9896
1827	9897
1827	9898
1827	9899
1827	9900
1827	9901
1827	9902
1827	9903
1827	9904
1827	9905
1827	9906
1833	1154
1833	1273
1833	9907
1833	9908
1833	9909
1834	1154
1834	1273
1834	9910
1834	9911
1834	9912
1834	9913
1834	9914
1834	9915
1834	9916
1834	9917
1834	9918
1834	9919
1834	9920
1834	9921
1835	1154
1835	1273
1835	9922
1835	9923
1835	9924
1835	9925
1835	9926
1835	9927
1836	0
1836	1154
1836	3026
1836	6648
1836	9928
1836	9929
1837	1154
1837	1273
1837	9930
1837	9931
1837	9932
1838	1154
1838	1273
1838	9933
1838	9934
1838	9935
1839	1154
1839	1273
1839	9936
1839	9937
1840	1154
1840	1273
1840	9938
1840	9939
1840	9940
1841	1154
1841	1273
1841	9941
1841	9942
1841	9943
1841	9944
1842	1154
1842	1273
1842	9945
1842	9946
1843	1154
1843	1273
1843	5363
1843	9947
1843	9948
1843	9949
1843	9950
1843	9951
1843	9952
1843	9953
1843	9954
1843	9955
1843	9956
1844	1154
1844	1273
1844	9957
1844	9958
1844	9959
1844	9960
1844	9961
1844	9962
1845	0
1845	1154
1845	9963
1845	9964
1845	9965
1846	1154
1846	1273
1846	9966
1847	1154
1847	1273
1847	9967
1847	9968
1847	9969
1847	9970
1847	9971
1847	9972
1847	9973
1848	1154
1848	1273
1848	9974
1848	9975
1849	1154
1849	1273
1849	7190
1850	1154
1850	1273
1850	9976
1850	9977
1850	9978
1850	9979
1850	9980
1850	9981
1851	2992
1851	9982
1851	9983
1851	9984
1851	9985
1851	9986
1851	9987
1851	9988
1851	9989
1851	9990
1851	9991
1851	9992
1851	9993
1851	9994
1851	9995
1851	9996
1851	9997
1851	9998
1851	9999
1851	10000
1851	10001
1851	10002
1851	10003
1851	10004
1851	10005
1851	10006
1851	10007
1851	10008
1851	10009
1851	10010
1852	10011
1852	10012
1852	10013
1852	10014
1852	10015
1852	10016
1852	10017
1852	10018
1852	10019
1852	10020
1852	10021
1852	10022
1852	10023
1852	10024
1852	10025
1852	10026
1852	10027
1852	10028
1852	10029
1852	10030
1852	10031
1852	10032
1852	10033
1852	10034
1853	2769
1853	10035
1853	10036
1853	10037
1854	10038
1854	10039
1854	10040
1854	10041
1854	10042
1854	10043
1854	10044
1854	10045
1854	10046
1854	10047
1854	10048
1854	10049
1862	10050
1862	10051
1862	10052
1863	4163
1863	10053
1863	10054
1863	10055
1863	10056
1863	10057
1866	4163
1870	0
1870	1064
1870	1863
1870	2877
1870	4184
1870	10058
1870	10059
1870	10060
1870	10061
1870	10062
1870	10063
1870	10064
1870	10065
1871	226
1871	1873
1871	1874
1871	1875
1871	1876
1871	1877
1872	226
1872	1871
1872	1873
1872	1874
1872	1875
1872	1876
1872	1877
1872	10066
1872	10067
1873	226
1873	1871
1873	1874
1873	1875
1873	1876
1873	1877
1873	10067
1874	226
1874	1871
1874	1873
1874	1874
1874	1875
1874	1876
1874	1877
1874	10068
1874	10069
1874	10070
1874	10071
1874	10072
1874	10073
1875	226
1875	1871
1875	1873
1875	1874
1875	1876
1875	1877
1876	226
1876	1871
1876	1873
1876	1874
1876	1875
1876	1877
1876	10074
1876	10075
1877	10076
1877	10077
1878	0
1878	1470
1878	1473
1878	1474
1878	1477
1878	1479
1878	1480
1878	1481
1878	1878
1878	1879
1878	1880
1878	10078
1879	0
1879	1470
1879	1473
1879	1474
1879	1477
1879	1479
1879	1480
1879	1481
1879	1880
1879	5355
1879	5798
1879	5836
1879	5885
1879	6604
1879	7124
1879	10079
1879	10080
1880	0
1880	86
1880	1470
1880	1471
1880	1472
1880	1473
1880	1474
1880	1477
1880	1479
1880	1480
1880	1481
1880	7139
1880	7148
1880	7149
1880	7151
1881	0
1881	1
1881	4
1881	69
1881	156
1881	202
1881	659
1881	660
1881	661
1881	662
1881	663
1881	664
1882	0
1882	1
1882	4
1882	69
1882	156
1882	202
1882	659
1882	660
1882	661
1882	662
1882	663
1882	664
1883	0
1883	1
1883	4
1883	69
1883	156
1883	202
1883	659
1883	660
1883	661
1883	662
1883	663
1883	664
1884	0
1884	1
1884	4
1884	7
1884	69
1884	156
1884	202
1884	659
1884	660
1884	661
1884	662
1884	663
1884	664
1884	1897
1885	0
1885	1
1885	4
1885	7
1885	69
1885	156
1885	202
1885	659
1885	660
1885	661
1885	662
1885	663
1885	664
1885	1897
1886	0
1886	1
1886	4
1886	69
1886	156
1886	202
1886	659
1886	660
1886	661
1886	662
1886	663
1886	664
1887	0
1887	1
1887	4
1887	7
1887	69
1887	156
1887	202
1887	659
1887	660
1887	661
1887	662
1887	663
1887	664
1887	1897
1889	0
1889	1
1889	4
1889	69
1889	156
1889	202
1889	659
1889	660
1889	661
1889	662
1889	663
1889	664
1890	0
1890	1
1890	4
1890	69
1890	156
1890	202
1890	659
1890	660
1890	661
1890	662
1890	663
1890	664
1891	0
1891	1
1891	4
1891	69
1891	156
1891	202
1891	659
1891	660
1891	661
1891	662
1891	663
1891	664
1892	0
1892	1
1892	4
1892	69
1892	156
1892	202
1892	659
1892	660
1892	661
1892	662
1892	663
1892	664
1893	0
1893	1
1893	4
1893	69
1893	156
1893	202
1893	659
1893	660
1893	661
1893	662
1893	663
1893	664
1894	0
1894	1
1894	4
1894	69
1894	156
1894	202
1894	659
1894	660
1894	661
1894	662
1894	663
1894	664
1896	0
1896	1
1896	4
1896	7
1896	69
1896	156
1896	202
1896	659
1896	660
1896	661
1896	662
1896	663
1896	664
1896	1897
1897	0
1897	45
1897	140
1897	950
1897	10081
1897	10082
1897	10083
1898	0
1898	140
1899	0
1899	140
1901	1470
1902	1902
1903	0
1903	1016
1903	1017
1903	1018
1903	1903
1904	1017
1904	7140
1904	10084
1904	10085
1905	1905
1905	10086
1905	10087
1905	10088
1905	10089
1905	10090
1906	0
1906	233
1906	1906
1907	0
1907	233
1908	0
1908	233
1908	1909
1908	1910
1908	10021
1908	10091
1908	10092
1908	10093
1908	10094
1908	10095
1908	10096
1908	10097
1908	10098
1908	10099
1909	0
1909	169
1909	233
1909	4120
1909	7420
1910	0
1910	233
1910	10100
1910	10101
1911	0
1911	233
1911	1911
1912	0
1912	233
1912	1904
1912	10101
1912	10102
1912	10103
1912	10104
1912	10105
1912	10106
1912	10107
1913	0
1913	233
1913	1904
1913	10108
1913	10109
1913	10110
1913	10111
1913	10112
1913	10113
1913	10114
1913	10115
1913	10116
1913	10117
1914	0
1914	233
1914	1904
1914	10110
1914	10118
1914	10119
1914	10120
1914	10121
1914	10122
1917	10123
1918	10124
1918	10125
1918	10126
1918	10127
1918	10128
1918	10129
1918	10130
1918	10131
1919	0
1921	0
1921	147
1921	237
1922	237
1922	10132
1923	195
1923	237
1924	237
1924	10133
1924	10134
1924	10135
1924	10136
1924	10137
1925	237
1925	10132
1926	237
1927	237
1927	10132
1928	238
1928	10138
1928	10139
1928	10140
1928	10141
1928	10142
1929	0
1929	187
1929	10143
1929	10144
1929	10145
1929	10146
1929	10147
1929	10148
1929	10149
1930	238
1930	10150
1930	10151
1930	10152
1931	238
1932	238
1933	238
1933	10153
1933	10154
1933	10155
1933	10156
1934	238
1934	10157
1934	10158
1934	10159
1934	10160
1934	10161
1934	10162
1934	10163
1934	10164
1935	267
1935	4267
1935	10165
1935	10166
1935	10167
1935	10168
1935	10169
1935	10170
1935	10171
1935	10172
1935	10173
1935	10174
1935	10175
1935	10176
1935	10177
1936	201
1936	267
1936	8035
1936	10178
1936	10179
1936	10180
1937	10181
1937	10182
1937	10183
1937	10184
1937	10185
1937	10186
1937	10187
1937	10188
1937	10189
1937	10190
1937	10191
1938	0
1938	15
1938	70
1938	101
1938	107
1938	121
1938	169
1938	208
1938	240
1938	243
1938	246
1938	1938
1938	1939
1938	1940
1938	1941
1938	1964
1938	1969
1939	0
1939	15
1939	41
1939	70
1939	156
1939	169
1939	174
1939	192
1939	202
1939	203
1939	208
1939	213
1939	240
1939	243
1939	246
1939	804
1939	1938
1939	1939
1939	1940
1939	1941
1940	0
1940	15
1940	16
1940	70
1940	169
1940	208
1940	221
1940	240
1940	243
1940	246
1940	1938
1940	1939
1940	1940
1940	1941
1940	1970
1940	7122
1941	0
1941	7
1941	15
1941	32
1941	33
1941	37
1941	70
1941	110
1941	169
1941	208
1941	240
1941	243
1941	246
1941	1897
1941	1938
1941	1939
1941	1940
1941	1941
1941	1966
1943	0
1943	4
1943	15
1943	141
1943	202
1943	241
1943	244
1943	245
1943	1943
1944	10192
1944	10193
1944	10194
1945	10195
1945	10196
1946	10197
1946	10198
1946	10199
1947	10200
1948	0
1948	10201
1948	10202
1948	10203
1948	10204
1948	10205
1949	10206
1949	10207
1950	10208
1950	10209
1950	10210
1950	10211
1950	10212
1950	10213
1950	10214
1950	10215
1950	10216
1950	10217
1950	10218
1950	10219
1950	10220
1951	0
1951	1669
1951	10221
1951	10222
1951	10223
1951	10224
1951	10225
1951	10226
1951	10227
1951	10228
1951	10229
1951	10230
1951	10231
1951	10232
1951	10233
1951	10234
1951	10235
1952	0
1952	1952
1952	10236
1952	10237
1952	10238
1952	10239
1952	10240
1952	10241
1952	10242
1952	10243
1952	10244
1952	10245
1952	10246
1952	10247
1952	10248
1953	10249
1953	10250
1953	10251
1954	10252
1954	10253
1954	10254
1954	10255
1954	10256
1954	10257
1954	10258
1954	10259
1954	10260
1955	0
1955	55
1955	10261
1955	10262
1955	10263
1955	10264
1955	10265
1955	10266
1955	10267
1955	10268
1955	10269
1955	10270
1955	10271
1955	10272
1955	10273
1955	10274
1955	10275
1956	0
1956	4
1956	7
1956	10276
1956	10277
1956	10278
1956	10279
1956	10280
1956	10281
1956	10282
1956	10283
1956	10284
1957	0
1957	10285
1957	10286
1957	10287
1957	10288
1957	10289
1957	10290
1957	10291
1957	10292
1957	10293
1957	10294
1957	10295
1958	1670
1958	1835
1958	10296
1958	10297
1958	10298
1958	10299
1958	10300
1958	10301
1958	10302
1958	10303
1958	10304
1958	10305
1958	10306
1958	10307
1958	10308
1958	10309
1958	10310
1959	997
1959	10301
1959	10311
1959	10312
1959	10313
1959	10314
1959	10315
1959	10316
1959	10317
1959	10318
1959	10319
1959	10320
1959	10321
1959	10322
1959	10323
1959	10324
1959	10325
1959	10326
1960	0
1960	201
1960	1660
1960	1667
1960	1672
1960	1675
1960	1688
1960	1693
1960	1960
1960	7610
1960	7706
1960	7749
1960	7902
1960	8188
1960	8189
1960	10327
1960	10328
1960	10329
1960	10330
1963	10331
1963	10332
1963	10333
1963	10334
1963	10335
1963	10336
1963	10337
1965	10338
1965	10339
1966	192
1966	2742
1967	0
1967	15
1967	1620
1967	1967
1967	2742
1967	7524
1967	7525
1967	7526
1967	7527
1967	7528
1967	7529
1967	10340
1967	10341
1967	10342
1968	10343
1968	10344
1968	10345
1969	0
1969	1
1969	4
1969	7
1969	69
1969	156
1969	202
1969	659
1969	660
1969	661
1969	662
1969	663
1969	664
1969	1897
1969	10346
1969	10347
1969	10348
1969	10349
1969	10350
1969	10351
1969	10352
1969	10353
1969	10354
1969	10355
1970	0
1970	233
1970	1016
1970	1017
1970	1901
1970	3445
1970	3917
1970	10356
1970	10357
1970	10358
1970	10359
1970	10360
1970	10361
1970	10362
1970	10363
1970	10364
1970	10365
1970	10366
1970	10367
1972	0
1972	16
1972	7147
1972	10368
1972	10369
1972	10370
1972	10371
1973	0
1973	1660
1973	1790
1973	1791
1973	1792
1973	1793
1973	1794
1973	1795
1973	1796
1973	1797
1973	1798
1973	1799
1973	1800
1973	1801
1973	1802
1973	1803
1973	1804
1973	1805
1973	1806
1973	1807
1973	1808
1973	1809
1973	1810
1973	1811
1973	1812
1973	1813
1973	1814
1973	1815
1973	1816
1973	1817
1973	1818
1973	1819
1973	1820
1973	1821
1973	1822
1973	1823
1973	1824
1973	1825
1973	1826
1973	1827
1973	1828
1973	1829
1973	1830
1973	1831
1973	1832
1974	0
1974	15
1974	70
1974	101
1974	107
1974	121
1974	169
1974	208
1974	240
1974	243
1974	246
1974	1969
1974	1974
1974	1975
1974	1976
1974	1977
1974	1978
1975	0
1975	15
1975	38
1975	46
1975	70
1975	169
1975	203
1975	208
1975	240
1975	243
1975	246
1975	1250
1975	1897
1975	1974
1975	1975
1975	1976
1975	1977
1975	1978
1976	0
1976	15
1976	53
1976	55
1976	64
1976	70
1976	169
1976	208
1976	221
1976	233
1976	234
1976	240
1976	243
1976	246
1976	862
1976	994
1976	1970
1976	1972
1976	1974
1976	1975
1976	1976
1976	1977
1976	1978
1977	0
1977	12
1977	15
1977	40
1977	70
1977	169
1977	208
1977	240
1977	243
1977	246
1977	1237
1977	1951
1977	1974
1977	1975
1977	1976
1977	1977
1977	1978
1978	0
1978	15
1978	32
1978	37
1978	70
1978	103
1978	110
1978	119
1978	169
1978	208
1978	240
1978	243
1978	246
1978	1974
1978	1975
1978	1976
1978	1977
1978	1978
1979	0
1979	140
1980	16
1980	254
1981	254
1981	1986
1981	1987
1981	1988
1982	16
1982	254
1983	16
1983	254
1983	1980
1983	2007
1984	16
1984	254
1984	1979
1984	1986
1984	10372
1984	10373
1984	10374
1985	16
1985	254
1986	16
1986	254
1987	16
1987	254
1988	16
1988	254
1989	16
1989	249
1989	254
1990	16
1990	254
1992	16
1992	1982
1992	10375
1993	16
1993	1982
1993	10375
1994	16
1994	1982
1994	10375
1995	16
1995	1982
1995	10375
2000	1017
2000	10376
2000	10377
2000	10378
2000	10379
2000	10380
2000	10381
2000	10382
2000	10383
2000	10384
2000	10385
2000	10386
2000	10387
2000	10388
2000	10389
2000	10390
2001	252
2001	255
2001	1470
2001	2001
2001	2002
2001	2003
2001	2004
2002	255
2002	2002
2002	2005
2003	255
2003	2003
2003	2005
2004	255
2004	2002
2004	2003
2004	2004
2006	16
2006	254
2006	10391
2006	10392
2007	16
2007	10393
2007	10394
2007	10395
2007	10396
2007	10397
2009	16
2009	254
2009	2005
2009	10398
2009	10399
2009	10400
2009	10401
2009	10402
2009	10403
2009	10404
2009	10405
2009	10406
2009	10407
2009	10408
2009	10409
2009	10410
2009	10411
2009	10412
2009	10413
2009	10414
2009	10415
2009	10416
2009	10417
2009	10418
2009	10419
2009	10420
2009	10421
2009	10422
2009	10423
2009	10424
2009	10425
2009	10426
2009	10427
2009	10428
2009	10429
2009	10430
2009	10431
2009	10432
2009	10433
2009	10434
2009	10435
2009	10436
2009	10437
2009	10438
2009	10439
2009	10440
2009	10441
2009	10442
2009	10443
2009	10444
2009	10445
2009	10446
2009	10447
2009	10448
2009	10449
2009	10450
2009	10451
2009	10452
2009	10453
2009	10454
2009	10455
2009	10456
2009	10457
2009	10458
2009	10459
2009	10460
2009	10461
2009	10462
2009	10463
2009	10464
2009	10465
2009	10466
2009	10467
2009	10468
2009	10469
2009	10470
2009	10471
2009	10472
2009	10473
2009	10474
2009	10475
2009	10476
2009	10477
2009	10478
2009	10479
2009	10480
2009	10481
2009	10482
2009	10483
2009	10484
2009	10485
2009	10486
2009	10487
2009	10488
2009	10489
2009	10490
2009	10491
2009	10492
2009	10493
2009	10494
2009	10495
2009	10496
2009	10497
2009	10498
2009	10499
2009	10500
2009	10501
2009	10502
2009	10503
2009	10504
2009	10505
2009	10506
2009	10507
2009	10508
2009	10509
2009	10510
2009	10511
2009	10512
2009	10513
2009	10514
2009	10515
2009	10516
2009	10517
2009	10518
2009	10519
2010	257
2011	17
2011	258
2011	259
2011	260
2011	261
2011	262
2011	263
2011	2013
2011	10520
2012	17
2012	258
2012	259
2012	260
2012	261
2012	262
2012	2013
2012	10521
2013	17
2013	258
2013	259
2013	260
2013	261
2013	262
2013	2013
2014	17
2014	258
2014	259
2014	260
2014	261
2014	262
2014	2013
2014	10522
2014	10523
2014	10524
2014	10525
2014	10526
2014	10527
2014	10528
2015	17
2015	258
2015	259
2015	260
2015	261
2015	262
2015	2013
2016	1
2016	258
2016	259
2016	260
2016	261
2016	262
2016	265
2016	2013
2017	1
2017	258
2017	259
2017	260
2017	261
2017	262
2017	264
2017	265
2017	10529
2018	2263
2018	2264
2018	2265
2027	10530
2027	10531
2027	10532
2028	17
2095	303
2119	0
2119	1
2120	10533
2120	10534
2126	10535
2126	10536
2126	10537
2126	10538
2126	10539
2126	10540
2126	10541
2126	10542
2126	10543
2126	10544
2126	10545
2126	10546
2126	10547
2126	10548
2126	10549
2132	10550
2140	10551
2148	1
2148	327
2148	2149
2148	2150
2148	2151
2148	2152
2149	1
2149	327
2149	2148
2149	2150
2149	2151
2149	2152
2150	1
2150	327
2150	2148
2150	2149
2150	2151
2150	2152
2150	10552
2150	10553
2151	1
2151	327
2151	2148
2151	2149
2151	2150
2151	2152
2152	1
2152	327
2152	2148
2152	2149
2152	2150
2152	2151
2153	0
2153	38
2153	10554
2171	2171
2171	2172
2177	10555
2177	10556
2180	340
2180	2180
2180	2181
2180	2182
2180	2183
2180	2184
2180	10557
2181	0
2181	135
2181	205
2181	340
2181	1160
2181	2180
2181	2181
2181	2182
2181	2183
2181	2184
2181	10558
2181	10559
2181	10560
2181	10561
2181	10562
2181	10563
2182	340
2182	2180
2182	2181
2182	2182
2182	2183
2182	2184
2182	3440
2183	340
2183	2180
2183	2181
2183	2182
2183	2183
2183	2184
2184	340
2184	2180
2184	2181
2184	2182
2184	2183
2184	2184
2187	341
2188	10564
2188	10565
2189	0
2189	39
2189	2191
2189	10566
2189	10567
2189	10568
2189	10569
2192	10570
2192	10571
2193	0
2193	2192
2193	10572
2193	10573
2193	10574
2193	10575
2193	10576
2195	2194
2195	10577
2195	10578
2195	10579
2195	10580
2195	10581
2195	10582
2195	10583
2198	630
2198	10584
2199	2198
2199	10585
2199	10586
2199	10587
2199	10588
2199	10589
2199	10590
2202	0
2202	10591
2202	10592
2202	10593
2202	10594
2202	10595
2202	10596
2202	10597
2202	10598
2202	10599
2202	10600
2202	10601
2202	10602
2202	10603
2202	10604
2202	10605
2205	0
2205	39
2205	2207
2205	10606
2205	10607
2205	10608
2205	10609
2210	10610
2211	10611
2213	0
2214	2707
2215	2215
2217	10611
2217	10612
2217	10613
2217	10614
2217	10615
2217	10616
2219	0
2219	358
2219	2219
2219	2220
2219	2221
2219	2222
2219	2223
2219	2224
2220	0
2220	358
2220	2219
2220	2220
2220	2221
2220	2222
2220	2223
2220	2224
2221	0
2221	358
2221	2219
2221	2220
2221	2221
2221	2222
2221	2223
2221	2224
2221	10617
2222	0
2222	358
2222	2219
2222	2220
2222	2221
2222	2222
2222	2223
2222	2224
2222	10618
2222	10619
2222	10620
2222	10621
2222	10622
2223	0
2223	358
2223	2219
2223	2220
2223	2221
2223	2222
2223	2223
2223	2224
2223	10619
2223	10623
2223	10624
2223	10625
2223	10626
2237	364
2237	2235
2237	2236
2237	2238
2237	2239
2237	2240
2238	0
2238	17
2238	39
2238	364
2238	2235
2238	2236
2238	2237
2238	2239
2238	2240
2238	10627
2238	10628
2238	10629
2238	10630
2239	364
2239	2235
2239	2236
2239	2237
2239	2238
2239	2240
2240	364
2240	2235
2240	2236
2240	2237
2240	2238
2240	2239
2243	366
2243	2250
2244	366
2245	366
2245	2250
2246	366
2246	10631
2247	366
2248	366
2249	366
2249	2250
2250	366
2251	366
2252	366
2252	2250
2252	2254
2253	366
2253	2250
2254	366
2254	2250
2255	366
2255	2250
2256	366
2256	2250
2257	366
2257	2250
2264	2263
2264	10632
2264	10633
2264	10634
2264	10635
2264	10636
2264	10637
2264	10638
2264	10639
2264	10640
2264	10641
2282	0
2282	195
2282	377
2282	2283
2282	10642
2283	0
2283	195
2283	377
2283	2283
2284	0
2284	195
2284	377
2284	2284
2285	0
2285	195
2285	377
2310	391
2310	2310
2310	2311
2310	2312
2310	2313
2310	2314
2310	2315
2310	2316
2310	2317
2310	2318
2310	2319
2310	10643
2311	391
2311	2310
2311	2311
2311	2312
2311	2313
2311	2314
2311	2315
2311	2316
2311	2317
2311	2318
2311	2319
2311	10643
2311	10644
2311	10645
2311	10646
2311	10647
2311	10648
2311	10649
2312	391
2312	2310
2312	2311
2312	2312
2312	2313
2312	2314
2312	2315
2312	2316
2312	2317
2312	2318
2312	2319
2312	10643
2313	391
2313	2310
2313	2311
2313	2312
2313	2313
2313	2314
2313	2315
2313	2316
2313	2317
2313	2318
2313	2319
2313	10643
2314	391
2314	2310
2314	2311
2314	2312
2314	2313
2314	2314
2314	2315
2314	2316
2314	2317
2314	2318
2314	2319
2314	10643
2315	391
2315	2310
2315	2311
2315	2312
2315	2313
2315	2314
2315	2315
2315	2316
2315	2317
2315	2318
2315	2319
2315	10643
2316	391
2316	2310
2316	2311
2316	2312
2316	2313
2316	2314
2316	2315
2316	2316
2316	2317
2316	2318
2316	2319
2316	10643
2316	10650
2317	391
2317	2310
2317	2311
2317	2312
2317	2313
2317	2314
2317	2315
2317	2316
2317	2317
2317	2318
2317	2319
2317	10643
2318	1
2318	35
2318	39
2318	124
2318	127
2318	135
2318	144
2318	158
2318	160
2318	201
2318	205
2318	210
2318	219
2318	391
2318	713
2318	955
2318	1155
2318	1192
2318	2310
2318	2311
2318	2312
2318	2313
2318	2314
2318	2315
2318	2316
2318	2317
2318	2318
2318	2319
2318	4261
2318	10643
2318	10651
2318	10652
2318	10653
2318	10654
2318	10655
2318	10656
2318	10657
2318	10658
2318	10659
2318	10660
2318	10661
2318	10662
2318	10663
2318	10664
2318	10665
2318	10666
2318	10667
2319	391
2319	2310
2319	2311
2319	2312
2319	2313
2319	2314
2319	2315
2319	2316
2319	2317
2319	2318
2319	2319
2319	10643
2323	2322
2323	10668
2323	10669
2323	10670
2323	10671
2323	10672
2323	10673
2323	10674
2325	2324
2325	10675
2325	10676
2325	10677
2325	10678
2328	0
2328	39
2328	2328
2328	2329
2328	2330
2328	2331
2328	2332
2328	2333
2328	2335
2328	2336
2328	2337
2328	2338
2328	2339
2328	2340
2328	10679
2328	10680
2328	10681
2328	10682
2329	0
2329	39
2329	2328
2329	2329
2329	2330
2329	2331
2329	2332
2329	2333
2329	2335
2329	2336
2329	2337
2329	2338
2329	2339
2329	2340
2330	0
2330	39
2330	2328
2330	2329
2330	2330
2330	2331
2330	2332
2330	2333
2330	2335
2330	2336
2330	2337
2330	2338
2330	2339
2330	2340
2331	0
2331	39
2331	2327
2331	2328
2331	2329
2331	2330
2331	2331
2331	2332
2331	2333
2331	2335
2331	2336
2331	2337
2331	2338
2331	2339
2331	2340
2331	2742
2331	10683
2331	10684
2332	0
2332	39
2332	2328
2332	2329
2332	2330
2332	2331
2332	2332
2332	2333
2332	2335
2332	2336
2332	2337
2332	2338
2332	2339
2332	2340
2333	0
2333	39
2333	2328
2333	2329
2333	2330
2333	2331
2333	2332
2333	2333
2333	2334
2333	2335
2333	2336
2333	2337
2333	2338
2333	2339
2333	2340
2333	10685
2335	0
2335	39
2335	2327
2335	2328
2335	2329
2335	2330
2335	2331
2335	2332
2335	2333
2335	2334
2335	2335
2335	2336
2335	2337
2335	2338
2335	2339
2335	2340
2336	0
2336	39
2336	2328
2336	2329
2336	2330
2336	2331
2336	2332
2336	2333
2336	2335
2336	2336
2336	2337
2336	2338
2336	2339
2336	2340
2336	10686
2337	0
2337	39
2337	2328
2337	2329
2337	2330
2337	2331
2337	2332
2337	2333
2337	2335
2337	2336
2337	2337
2337	2338
2337	2339
2337	2340
2337	10686
2337	10687
2338	0
2338	39
2338	124
2338	205
2338	219
2338	2328
2338	2329
2338	2330
2338	2331
2338	2332
2338	2333
2338	2335
2338	2336
2338	2337
2338	2338
2338	2339
2338	2340
2338	10688
2338	10689
2338	10690
2339	0
2339	39
2339	2328
2339	2329
2339	2330
2339	2331
2339	2332
2339	2333
2339	2335
2339	2336
2339	2337
2339	2338
2339	2339
2339	2340
2340	0
2340	39
2340	2328
2340	2329
2340	2330
2340	2331
2340	2332
2340	2333
2340	2335
2340	2336
2340	2337
2340	2338
2340	2339
2340	2340
2340	10691
2340	10692
2340	10693
2340	10694
2340	10695
2340	10696
2361	10697
2448	1160
2448	10698
2456	453
2456	2456
2456	2458
2456	2459
2456	2460
2456	2461
2456	2463
2456	2464
2456	2465
2456	2466
2456	2467
2456	2468
2456	2469
2457	453
2457	2461
2458	453
2458	2456
2458	2459
2458	2460
2458	2461
2458	2462
2458	2463
2458	2464
2458	2465
2458	2466
2458	2467
2458	2468
2458	2469
2459	453
2459	2456
2459	2458
2459	2460
2459	2461
2459	2462
2459	2463
2459	2464
2459	2465
2459	2466
2459	2467
2459	2468
2459	2469
2460	453
2460	2456
2460	2458
2460	2459
2460	2461
2460	2462
2460	2463
2460	2464
2460	2465
2460	2466
2460	2467
2460	2468
2460	2469
2460	2742
2460	10699
2460	10700
2460	10701
2460	10702
2461	453
2461	2456
2461	2457
2461	2458
2461	2459
2461	2460
2461	2462
2461	2463
2461	2464
2461	2465
2461	2466
2461	2467
2461	2468
2461	2469
2462	453
2462	2456
2462	2458
2462	2459
2462	2460
2462	2461
2462	2463
2462	2464
2462	2465
2462	2466
2462	2467
2462	2468
2462	2469
2463	453
2463	2456
2463	2458
2463	2459
2463	2460
2463	2461
2463	2462
2463	2464
2463	2465
2463	2466
2463	2467
2463	2468
2463	2469
2463	10703
2463	10704
2463	10705
2463	10706
2463	10707
2463	10708
2463	10709
2463	10710
2464	0
2464	1
2464	35
2464	39
2464	124
2464	127
2464	140
2464	205
2464	210
2464	216
2464	217
2464	453
2464	490
2464	528
2464	572
2464	578
2464	1155
2464	2456
2464	2458
2464	2459
2464	2460
2464	2461
2464	2462
2464	2463
2464	2465
2464	2466
2464	2467
2464	2468
2464	2469
2464	4261
2464	10563
2464	10690
2464	10704
2464	10705
2464	10706
2464	10707
2464	10708
2464	10709
2464	10710
2464	10711
2464	10712
2464	10713
2464	10714
2464	10715
2464	10716
2464	10717
2464	10718
2464	10719
2464	10720
2464	10721
2464	10722
2464	10723
2464	10724
2464	10725
2464	10726
2464	10727
2464	10728
2464	10729
2464	10730
2464	10731
2464	10732
2464	10733
2464	10734
2464	10735
2464	10736
2465	453
2465	2456
2465	2458
2465	2459
2465	2460
2465	2461
2465	2462
2465	2463
2465	2464
2465	2466
2465	2467
2465	2468
2465	2469
2465	10737
2466	453
2466	2456
2466	2458
2466	2459
2466	2460
2466	2461
2466	2462
2466	2463
2466	2464
2466	2465
2466	2467
2466	2468
2466	2469
2467	453
2467	2456
2467	2458
2467	2459
2467	2460
2467	2461
2467	2462
2467	2463
2467	2464
2467	2465
2467	2466
2467	2468
2467	2469
2468	453
2468	2456
2468	2458
2468	2459
2468	2460
2468	2461
2468	2462
2468	2463
2468	2464
2468	2465
2468	2466
2468	2467
2468	2469
2469	453
2469	2456
2469	2458
2469	2459
2469	2460
2469	2461
2469	2462
2469	2463
2469	2464
2469	2465
2469	2466
2469	2467
2469	2468
2488	0
2488	1
2488	464
2488	2489
2488	2491
2488	2492
2488	2493
2488	2494
2489	0
2489	1
2489	464
2489	2488
2489	2489
2489	2491
2489	2492
2489	2493
2489	2494
2490	464
2490	2488
2490	2489
2490	2491
2490	2492
2490	2494
2490	10738
2490	10739
2491	0
2491	1
2491	20
2491	21
2491	37
2491	38
2491	39
2491	45
2491	121
2491	124
2491	127
2491	135
2491	142
2491	464
2491	1155
2491	2488
2491	2489
2491	2491
2491	2492
2491	2493
2491	2494
2491	4261
2491	10563
2491	10667
2491	10690
2491	10722
2491	10726
2491	10740
2491	10741
2491	10742
2491	10743
2491	10744
2492	0
2492	1
2492	464
2492	2488
2492	2489
2492	2491
2492	2492
2492	2493
2492	2494
2492	10738
2492	10745
2492	10746
2493	0
2493	1
2493	464
2493	2488
2493	2489
2493	2491
2493	2492
2493	2494
2494	0
2494	1
2494	20
2494	464
2494	2488
2494	2489
2494	2491
2494	2492
2494	2493
2494	10747
2494	10748
2494	10749
2494	10750
2494	10751
2494	10752
2494	10753
2494	10754
2494	10755
2494	10756
2494	10757
2494	10758
2494	10759
2494	10760
2494	10761
2501	17
2506	0
2506	1
2506	19
2506	20
2506	469
2506	2505
2506	2507
2506	2508
2506	2509
2506	2510
2506	2511
2506	2512
2506	2514
2506	10762
2508	469
2508	2509
2508	2510
2508	2511
2508	2512
2508	2514
2509	469
2509	2508
2509	2510
2509	2511
2509	2512
2509	2514
2509	10763
2509	10764
2510	469
2510	2508
2510	2509
2510	2511
2510	2512
2510	2514
2511	469
2511	2508
2511	2509
2511	2510
2511	2512
2511	2514
2511	10765
2512	469
2512	2508
2512	2509
2512	2510
2512	2511
2512	2512
2512	2514
2520	2519
2520	10766
2520	10767
2534	479
2534	10768
2534	10769
2534	10770
2534	10771
2534	10772
2534	10773
2534	10774
2534	10775
2534	10776
2534	10777
2534	10778
2535	2534
2535	10779
2535	10780
2535	10781
2536	2534
2536	10780
2536	10781
2536	10782
2536	10783
2552	10784
2552	10785
2553	10785
2562	0
2562	1
2562	10786
2562	10787
2562	10788
2562	10789
2562	10790
2562	10791
2562	10792
2562	10793
2563	0
2563	2564
2563	10794
2564	10795
2564	10796
2564	10797
2564	10798
2564	10799
2584	0
2584	2742
2584	10800
2584	10801
2584	10802
2584	10803
2584	10804
2584	10805
2584	10806
2584	10807
2584	10808
2585	10809
2585	10810
2586	0
2586	20
2586	2585
2586	10809
2586	10810
2586	10811
2586	10812
2597	10813
2598	10814
2598	10815
2598	10816
2598	10817
2598	10818
2598	10819
2598	10820
2598	10821
2598	10822
2598	10823
2598	10824
2598	10825
2598	10826
2616	0
2616	39
2616	10827
2629	521
2630	521
2630	2630
2630	2631
2631	17
2631	521
2631	584
2631	2629
2631	2630
2631	2631
2631	2634
2631	2636
2632	521
2632	2631
2632	2633
2632	2637
2633	521
2633	2629
2633	2631
2633	2634
2633	2636
2633	2637
2634	1
2634	521
2634	586
2634	2634
2634	10828
2634	10829
2635	20
2635	521
2635	2635
2636	521
2636	2630
2636	2631
2636	2633
2637	47
2637	189
2637	521
2637	890
2637	2630
2637	2632
2637	2637
2648	0
2649	2651
2649	10830
2649	10831
2649	10832
2649	10833
2649	10834
2649	10835
2649	10836
2649	10837
2656	0
2656	1
2656	39
2657	10838
2657	10839
2696	0
2696	555
2696	2696
2696	2697
2696	2698
2696	2699
2696	2700
2697	0
2697	555
2697	2696
2697	2697
2697	2698
2697	2699
2697	2700
2698	0
2698	555
2698	2696
2698	2697
2698	2698
2698	2699
2698	2700
2699	0
2699	555
2699	2696
2699	2697
2699	2698
2699	2699
2699	2700
2700	0
2700	555
2700	2696
2700	2697
2700	2698
2700	2699
2700	2700
2703	0
2703	557
2703	2704
2703	2705
2703	2706
2704	0
2704	557
2704	2703
2704	2704
2704	2705
2704	2706
2705	0
2705	557
2705	2703
2705	2704
2705	2706
2706	0
2706	557
2706	2703
2706	2704
2706	2705
2707	0
2707	7
2707	17
2707	18
2707	19
2707	20
2707	21
2707	22
2707	23
2707	24
2707	25
2707	26
2707	27
2707	28
2707	29
2707	30
2707	31
2707	32
2707	33
2707	34
2707	35
2707	36
2707	37
2707	38
2707	39
2708	0
2708	557
2708	2704
2708	2705
2708	2706
2709	0
2709	557
2709	2703
2709	2704
2709	2706
2710	0
2710	557
2710	2703
2710	2704
2710	2705
2711	559
2711	2711
2711	2712
2711	2713
2711	2714
2711	2715
2711	2716
2711	2717
2711	2718
2711	2719
2712	559
2712	2711
2712	2712
2712	2713
2712	2714
2712	2715
2712	2716
2712	2717
2712	2718
2712	2719
2713	559
2713	2711
2713	2712
2713	2713
2713	2714
2713	2715
2713	2716
2713	2717
2713	2718
2713	2719
2714	559
2714	2711
2714	2712
2714	2713
2714	2714
2714	2715
2714	2716
2714	2717
2714	2718
2714	2719
2715	559
2715	2711
2715	2712
2715	2713
2715	2714
2715	2715
2715	2716
2715	2717
2715	2718
2715	2719
2716	559
2716	2711
2716	2712
2716	2713
2716	2714
2716	2715
2716	2716
2716	2717
2716	2718
2716	2719
2716	2742
2716	10840
2716	10841
2716	10842
2717	559
2717	2711
2717	2712
2717	2713
2717	2714
2717	2715
2717	2716
2717	2717
2717	2718
2717	2719
2718	559
2718	2711
2718	2712
2718	2713
2718	2714
2718	2715
2718	2716
2718	2717
2718	2718
2718	2719
2719	559
2719	2711
2719	2712
2719	2713
2719	2714
2719	2715
2719	2716
2719	2717
2719	2718
2719	2719
2720	560
2720	10843
2721	560
2723	560
2724	560
2725	10844
2726	560
2727	560
2727	2721
2744	2745
2744	10845
2744	10846
2744	10847
2744	10848
2747	0
2747	20
2747	2746
2747	10849
2747	10850
2747	10851
2749	10852
2750	10852
2751	2752
2751	10853
2751	10854
2751	10855
2751	10856
2753	0
2754	566
2754	2753
2754	10857
2754	10858
2754	10859
2754	10860
2754	10861
2755	0
2755	567
2755	2755
2755	2756
2755	2757
2756	0
2756	35
2756	124
2756	127
2756	135
2756	144
2756	158
2756	160
2756	195
2756	201
2756	205
2756	210
2756	219
2756	567
2756	713
2756	955
2756	1155
2756	2755
2756	2756
2756	2757
2756	4261
2756	10652
2756	10661
2756	10662
2756	10663
2756	10664
2756	10665
2756	10666
2756	10667
2756	10862
2756	10863
2756	10864
2756	10865
2756	10866
2756	10867
2757	567
2757	2755
2757	2756
2757	2757
2759	10868
2759	10869
2759	10870
2759	10871
2759	10872
2760	569
2761	10873
2761	10874
2762	569
2763	569
2764	0
2764	358
2764	2219
2764	2220
2764	2221
2764	2222
2764	2223
2764	2224
2765	0
2765	39
2765	2327
2765	2328
2765	2329
2765	2330
2765	2331
2765	2332
2765	2333
2765	2334
2765	2335
2765	2336
2765	2337
2765	2338
2765	2339
2765	2340
2767	2768
2767	10875
2767	10876
2767	10877
2767	10878
2767	10879
2767	10880
2768	0
2768	19
2768	39
2768	10876
2768	10877
2768	10878
2768	10879
2768	10880
2768	10881
2768	10882
2772	0
2772	2770
2772	10883
2772	10884
2772	10885
2772	10886
2772	10887
2772	10888
2772	10889
2772	10890
2773	574
2773	2707
2773	10891
2773	10892
2773	10893
2773	10894
2773	10895
2775	0
2775	2773
2775	10891
2775	10892
2775	10893
2775	10894
2775	10896
2777	576
2777	2777
2777	10897
2778	10898
2779	10899
2779	10900
2781	10901
2781	10902
2782	576
2783	576
2784	576
2784	10903
2784	10904
2784	10905
2784	10906
2784	10907
2784	10908
2784	10909
2784	10910
2784	10911
2784	10912
2785	576
2786	576
2787	576
2787	2787
2788	576
2789	0
2789	1
2789	21
2789	583
2789	584
2789	585
2789	586
2789	587
2789	588
2789	589
2789	590
2789	591
2790	0
2790	1
2790	21
2790	583
2790	584
2790	585
2790	586
2790	587
2790	588
2790	589
2790	590
2790	591
2790	2789
2791	0
2791	1
2791	17
2791	19
2791	20
2791	21
2791	23
2791	24
2791	25
2791	27
2791	29
2791	600
2791	601
2791	602
2791	603
2791	604
2791	605
2791	606
2791	607
2791	608
2791	609
2791	610
2791	611
2791	612
2791	613
2791	614
2796	0
2796	1
2796	21
2796	583
2796	584
2796	585
2796	586
2796	587
2796	588
2796	589
2796	590
2796	591
2796	2789
2796	2797
2796	2804
2796	10913
2796	10914
2796	10915
2796	10916
2796	10917
2796	10918
2796	10919
2796	10920
2796	10921
2796	10922
2796	10923
2796	10924
2796	10925
2796	10926
2797	0
2797	1
2797	21
2797	583
2797	584
2797	585
2797	586
2797	587
2797	588
2797	589
2797	590
2797	591
2797	2789
2798	0
2798	1
2798	21
2798	583
2798	584
2798	585
2798	586
2798	587
2798	588
2798	589
2798	590
2798	591
2798	2742
2798	2789
2798	10927
2799	0
2799	1
2799	21
2799	583
2799	584
2799	585
2799	586
2799	587
2799	588
2799	589
2799	590
2799	591
2799	2742
2799	2789
2799	10928
2801	0
2801	1
2801	21
2801	583
2801	584
2801	585
2801	586
2801	587
2801	588
2801	589
2801	590
2801	591
2801	2789
2802	0
2802	1
2802	21
2802	583
2802	584
2802	585
2802	586
2802	587
2802	588
2802	589
2802	590
2802	591
2802	10929
2804	0
2804	1
2804	21
2804	583
2804	584
2804	585
2804	586
2804	587
2804	588
2804	589
2804	590
2804	591
2804	2789
2804	2796
2804	2797
2804	2801
2805	10930
2807	2806
2808	0
2808	1
2808	17
2808	19
2808	20
2808	21
2808	23
2808	24
2808	25
2808	27
2808	29
2808	594
2808	595
2808	596
2809	0
2809	1
2809	17
2809	19
2809	20
2809	21
2809	23
2809	24
2809	25
2809	27
2809	29
2809	594
2809	595
2809	596
2810	0
2810	1
2810	17
2810	19
2810	20
2810	21
2810	23
2810	24
2810	25
2810	27
2810	29
2810	594
2810	595
2810	596
2811	0
2811	1
2811	17
2811	19
2811	20
2811	21
2811	23
2811	24
2811	25
2811	27
2811	29
2811	594
2811	595
2811	596
2812	0
2812	1
2812	17
2812	19
2812	20
2812	21
2812	23
2812	24
2812	25
2812	27
2812	29
2812	594
2812	595
2812	596
2814	0
2814	1
2814	17
2814	19
2814	20
2814	21
2814	23
2814	24
2814	25
2814	27
2814	29
2814	594
2814	595
2814	596
2815	0
2815	1
2815	17
2815	19
2815	20
2815	21
2815	23
2815	24
2815	25
2815	27
2815	29
2815	594
2815	595
2815	596
2815	2815
2816	0
2816	1
2816	17
2816	19
2816	20
2816	21
2816	23
2816	24
2816	25
2816	27
2816	29
2816	594
2816	595
2816	596
2817	0
2817	1
2817	17
2817	19
2817	20
2817	21
2817	23
2817	24
2817	25
2817	27
2817	29
2817	594
2817	595
2817	596
2818	0
2818	1
2818	17
2818	19
2818	20
2818	21
2818	23
2818	24
2818	25
2818	27
2818	29
2818	594
2818	595
2818	596
2818	10931
2820	0
2820	1
2820	17
2820	19
2820	20
2820	21
2820	23
2820	24
2820	25
2820	27
2820	29
2820	594
2820	595
2820	596
2820	10932
2821	0
2821	1
2821	17
2821	19
2821	20
2821	21
2821	23
2821	24
2821	25
2821	27
2821	29
2821	594
2821	595
2821	596
2821	10933
2821	10934
2821	10935
2821	10936
2821	10937
2821	10938
2821	10939
2821	10940
2821	10941
2821	10942
2821	10943
2821	10944
2822	0
2822	1
2822	17
2822	19
2822	20
2822	21
2822	23
2822	24
2822	25
2822	27
2822	29
2822	594
2822	595
2822	596
2824	2825
2824	10945
2824	10946
2824	10947
2824	10948
2824	10949
2824	10950
2824	10951
2824	10952
2824	10953
2839	0
2839	1
2839	17
2839	19
2839	20
2839	21
2839	23
2839	24
2839	25
2839	27
2839	29
2839	603
2839	604
2839	605
2839	606
2839	608
2839	609
2839	610
2839	611
2839	612
2839	613
2839	614
2839	2839
2839	2840
2839	2841
2840	0
2840	1
2840	17
2840	19
2840	20
2840	21
2840	23
2840	24
2840	25
2840	27
2840	29
2840	603
2840	604
2840	605
2840	606
2840	608
2840	609
2840	610
2840	611
2840	612
2840	613
2840	614
2840	2839
2840	2840
2840	2841
2841	0
2841	1
2841	17
2841	19
2841	20
2841	21
2841	23
2841	24
2841	25
2841	27
2841	29
2841	603
2841	604
2841	605
2841	606
2841	608
2841	609
2841	610
2841	611
2841	612
2841	613
2841	614
2841	2839
2841	2840
2841	2841
2842	0
2842	1
2842	17
2842	19
2842	20
2842	21
2842	23
2842	24
2842	25
2842	27
2842	29
2842	603
2842	604
2842	605
2842	606
2842	608
2842	609
2842	610
2842	611
2842	612
2842	613
2842	614
2842	2842
2843	0
2843	1
2843	17
2843	19
2843	20
2843	21
2843	23
2843	24
2843	25
2843	27
2843	29
2843	603
2843	604
2843	605
2843	606
2843	608
2843	609
2843	610
2843	611
2843	612
2843	613
2843	614
2843	2843
2844	0
2844	1
2844	17
2844	19
2844	20
2844	21
2844	23
2844	24
2844	25
2844	27
2844	29
2844	603
2844	604
2844	605
2844	606
2844	608
2844	609
2844	610
2844	611
2844	612
2844	613
2844	614
2844	2844
2846	0
2846	1
2846	29
2846	617
2846	618
2846	619
2846	620
2846	623
2846	624
2846	625
2846	628
2846	2858
2846	10954
2846	10955
2846	10956
2847	0
2847	1
2847	29
2847	617
2847	618
2847	619
2847	620
2847	622
2847	623
2847	624
2847	625
2847	628
2847	7446
2851	0
2851	1
2851	29
2851	617
2851	618
2851	619
2851	620
2851	623
2851	624
2851	625
2851	628
2851	2860
2851	10957
2852	622
2855	0
2855	1
2855	29
2855	617
2855	618
2855	619
2855	620
2855	622
2855	623
2855	624
2855	625
2855	628
2858	0
2858	1
2858	12
2858	29
2858	617
2858	618
2858	619
2858	620
2858	623
2858	624
2858	625
2858	628
2858	2859
2859	0
2859	1
2859	29
2859	617
2859	618
2859	619
2859	620
2859	623
2859	624
2859	625
2859	628
2860	0
2860	1
2860	29
2860	163
2860	617
2860	618
2860	619
2860	620
2860	623
2860	624
2860	625
2860	628
2860	2861
2860	10958
2861	0
2861	1
2861	29
2861	617
2861	618
2861	619
2861	620
2861	623
2861	624
2861	625
2861	628
2861	2846
2863	0
2863	1
2863	29
2863	617
2863	618
2863	619
2863	620
2863	623
2863	624
2863	625
2863	628
2863	2868
2864	0
2864	1
2864	29
2864	617
2864	618
2864	619
2864	620
2864	623
2864	624
2864	625
2864	628
2864	10959
2864	10960
2864	10961
2864	10962
2864	10963
2864	10964
2864	10965
2864	10966
2864	10967
2865	0
2865	1
2865	29
2865	617
2865	618
2865	619
2865	620
2865	623
2865	624
2865	625
2865	628
2865	2866
2865	10968
2865	10969
2865	10970
2865	10971
2866	0
2866	1
2866	29
2866	617
2866	618
2866	619
2866	620
2866	623
2866	624
2866	625
2866	628
2866	2867
2867	0
2867	1
2867	29
2867	617
2867	618
2867	619
2867	620
2867	623
2867	624
2867	625
2867	628
2867	2869
2868	0
2868	1
2868	29
2868	617
2868	618
2868	619
2868	620
2868	623
2868	624
2868	625
2868	628
2868	2864
2869	0
2869	1
2869	29
2869	617
2869	618
2869	619
2869	620
2869	623
2869	624
2869	625
2869	628
2869	2863
2870	0
2870	1
2870	29
2870	617
2870	618
2870	619
2870	620
2870	623
2870	624
2870	625
2870	628
2870	2871
2870	2872
2870	2873
2870	2874
2870	2875
2870	2876
2870	10972
2871	0
2871	1
2871	29
2871	617
2871	618
2871	619
2871	620
2871	623
2871	624
2871	625
2871	628
2871	2870
2871	2872
2871	2873
2871	2874
2871	2875
2871	2876
2871	10973
2872	0
2872	1
2872	29
2872	617
2872	618
2872	619
2872	620
2872	623
2872	624
2872	625
2872	628
2872	2870
2872	2871
2872	2873
2872	2874
2872	2875
2872	2876
2872	10974
2873	0
2873	1
2873	29
2873	617
2873	618
2873	619
2873	620
2873	623
2873	624
2873	625
2873	628
2873	2870
2873	2871
2873	2872
2873	2874
2873	2875
2873	2876
2873	10975
2874	0
2874	1
2874	29
2874	617
2874	618
2874	619
2874	620
2874	623
2874	624
2874	625
2874	628
2874	2870
2874	2871
2874	2872
2874	2873
2874	2875
2874	2876
2874	10976
2875	0
2875	1
2875	29
2875	617
2875	618
2875	619
2875	620
2875	623
2875	624
2875	625
2875	628
2875	2870
2875	2871
2875	2872
2875	2873
2875	2874
2875	2876
2875	10977
2876	0
2876	1
2876	29
2876	617
2876	618
2876	619
2876	620
2876	623
2876	624
2876	625
2876	628
2876	2870
2876	2871
2876	2872
2876	2873
2876	2874
2876	2875
2876	10978
2878	630
2881	131
2881	2880
2881	10979
2881	10980
2881	10981
2881	10982
2881	10983
2881	10984
2881	10985
2883	160
2884	131
2884	2883
2884	10986
2884	10987
2884	10988
2884	10989
2884	10990
2886	162
2887	131
2887	2886
2887	10991
2887	10992
2887	10993
2887	10994
2887	10995
2887	10996
2887	10997
2887	10998
2887	10999
2887	11000
2887	11001
2893	35
2893	653
2893	11002
2893	11003
2893	11004
2893	11005
2893	11006
2893	11007
2894	35
2894	653
2894	11008
2894	11009
2894	11010
2894	11011
2894	11012
2894	11013
2894	11014
2894	11015
2894	11016
2894	11017
2895	35
2895	653
2895	11018
2895	11019
2895	11020
2895	11021
2895	11022
2895	11023
2895	11024
2895	11025
2896	35
2896	11026
2896	11027
2896	11028
2896	11029
2896	11030
2896	11031
2896	11032
2896	11033
2897	35
2897	653
2897	11034
2897	11035
2897	11036
2897	11037
2897	11038
2897	11039
2897	11040
2897	11041
2898	35
2898	653
2898	11042
2898	11043
2898	11044
2898	11045
2898	11046
2898	11047
2898	11048
2898	11049
2898	11050
2898	11051
2899	35
2899	653
2899	11052
2899	11053
2899	11054
2899	11055
2899	11056
2899	11057
2899	11058
2899	11059
2899	11060
2899	11061
2899	11062
2899	11063
2900	35
2900	653
2900	11064
2900	11065
2900	11066
2900	11067
2900	11068
2900	11069
2901	35
2901	653
2901	11070
2901	11071
2901	11072
2901	11073
2901	11074
2901	11075
2901	11076
2901	11077
2901	11078
2902	35
2902	653
2902	11079
2902	11080
2902	11081
2902	11082
2902	11083
2902	11084
2902	11085
2903	35
2903	653
2903	11086
2903	11087
2903	11088
2903	11089
2903	11090
2903	11091
2903	11092
2903	11093
2903	11094
2903	11095
2903	11096
2904	35
2904	653
2904	11097
2904	11098
2904	11099
2904	11100
2904	11101
2904	11102
2904	11103
2905	35
2905	653
2905	11104
2905	11105
2905	11106
2905	11107
2905	11108
2905	11109
2905	11110
2905	11111
2905	11112
2905	11113
2906	35
2906	653
2906	11063
2906	11114
2906	11115
2906	11116
2906	11117
2906	11118
2906	11119
2906	11120
2906	11121
2906	11122
2906	11123
2906	11124
2907	652
2907	11125
2907	11126
2907	11127
2907	11128
2907	11129
2907	11130
2907	11131
2907	11132
2907	11133
2907	11134
2907	11135
2907	11136
2908	151
2908	652
2908	10142
2908	11137
2908	11138
2908	11139
2908	11140
2909	0
2909	652
2909	11141
2909	11142
2910	652
2910	1250
2910	7772
2910	11143
2910	11144
2911	652
2911	689
2911	995
2912	652
2912	11145
2912	11146
2912	11147
2913	143
2913	147
2913	652
2913	1257
2913	1973
2913	11148
2913	11149
2914	652
2915	4
2915	47
2915	53
2915	652
2915	11150
2915	11151
2916	652
2916	2992
2916	11152
2916	11153
2917	652
2917	1249
2917	11154
2917	11155
2918	652
2918	1719
2918	2919
2918	11156
2918	11157
2918	11158
2918	11159
2919	0
2919	652
2919	2918
2919	3751
2919	11160
2919	11161
2919	11162
2919	11163
2919	11164
2919	11165
2919	11166
2919	11167
2919	11168
2919	11169
2919	11170
2919	11171
2919	11172
2919	11173
2919	11174
2919	11175
2919	11176
2919	11177
2919	11178
2920	0
2920	1
2920	4
2920	69
2920	156
2920	202
2920	659
2920	660
2920	661
2920	662
2920	663
2920	664
2921	0
2921	1
2921	4
2921	69
2921	156
2921	202
2921	659
2921	660
2921	661
2921	662
2921	663
2921	664
2922	0
2922	1
2922	4
2922	69
2922	156
2922	202
2922	659
2922	660
2922	661
2922	662
2922	663
2922	664
2923	0
2923	1
2923	4
2923	69
2923	156
2923	202
2923	659
2923	660
2923	661
2923	662
2923	663
2923	664
2923	7304
2923	11179
2924	0
2924	1
2924	4
2924	69
2924	107
2924	156
2924	202
2924	659
2924	660
2924	661
2924	662
2924	663
2924	664
2924	1701
2929	0
2929	1
2929	483
2929	11180
2929	11181
2929	11182
2929	11183
2937	1154
2937	1273
2937	11184
2937	11185
2937	11186
2937	11187
2937	11188
2937	11189
2937	11190
2945	0
2945	671
2945	1154
2945	2945
2945	2947
2945	11191
2945	11192
2945	11193
2945	11194
2945	11195
2945	11196
2946	0
2946	1154
2946	11197
2947	40
2947	221
2947	671
2947	672
2947	955
2947	1154
2947	1239
2947	1273
2947	2937
2947	2947
2947	2949
2947	11198
2947	11199
2947	11200
2947	11201
2948	1274
2948	2948
2948	2950
2948	5329
2948	11202
2948	11203
2949	11204
2949	11205
2950	11206
2953	0
2953	2953
2953	11207
2953	11208
2954	11209
2954	11210
2954	11211
2964	11212
2964	11213
2964	11214
2964	11215
2964	11216
2964	11217
2965	674
2966	170
2966	674
2966	7223
2967	11218
2968	674
2968	11219
2968	11220
2968	11221
2968	11222
2968	11223
2968	11224
2968	11225
2969	674
2969	11222
2970	674
2970	2970
2971	11226
2973	207
2973	11227
2973	11228
2973	11229
2973	11230
2975	11231
2975	11232
2975	11233
2977	11234
2979	2975
2979	2976
2979	2977
2979	11235
2979	11236
2980	0
2980	1258
2980	11237
2980	11238
2980	11239
2980	11240
2980	11241
2980	11242
2980	11243
2980	11244
2980	11245
2980	11246
2980	11247
2981	1273
2981	11248
2981	11249
2981	11250
2981	11251
2981	11252
2981	11253
2981	11254
2981	11255
2981	11256
2981	11257
2981	11258
2981	11259
2986	0
2986	205
2986	995
2986	11260
2986	11261
2987	0
2987	678
2987	995
2987	11262
2987	11263
2987	11264
2987	11265
2987	11266
2988	679
2988	11267
2989	2989
2990	679
2991	679
2992	11268
2992	11269
2992	11270
2993	0
2993	731
2993	2992
2993	11271
2993	11272
2993	11273
2993	11274
2993	11275
2993	11276
2993	11277
2993	11278
2993	11279
2993	11280
2993	11281
2993	11282
2995	11283
2995	11284
2995	11285
2995	11286
2995	11287
2995	11288
2995	11289
2995	11290
2995	11291
2996	2997
2996	11292
2996	11293
2996	11294
2996	11295
2996	11296
2998	11297
2998	11298
2999	3002
3000	11299
3000	11300
3001	0
3001	11301
3001	11302
3001	11303
3001	11304
3001	11305
3001	11306
3001	11307
3001	11308
3001	11309
3005	0
3005	685
3005	1153
3005	3005
3005	4156
3005	11310
3005	11311
3005	11312
3005	11313
3005	11314
3005	11315
3005	11316
3006	685
3006	11317
3007	685
3008	685
3008	11318
3008	11319
3008	11320
3008	11321
3008	11322
3008	11323
3008	11324
3008	11325
3009	685
3010	830
3010	11326
3010	11327
3010	11328
3010	11329
3011	11330
3011	11331
3011	11332
3011	11333
3011	11334
3011	11335
3011	11336
3011	11337
3011	11338
3011	11339
3011	11340
3011	11341
3011	11342
3011	11343
3011	11344
3013	3012
3013	11345
3013	11346
3013	11347
3014	630
3015	2185
3015	3014
3015	11348
3015	11349
3015	11350
3015	11351
3015	11352
3015	11353
3018	11354
3018	11355
3018	11356
3018	11357
3018	11358
3018	11359
3018	11360
3024	3025
3026	0
3026	692
3026	1836
3026	11361
3026	11362
3026	11363
3026	11364
3026	11365
3026	11366
3026	11367
3026	11368
3028	3029
3028	11369
3028	11370
3028	11371
3028	11372
3028	11373
3028	11374
3028	11375
3028	11376
3028	11377
3028	11378
3028	11379
3030	3031
3030	11380
3030	11381
3031	0
3031	3031
3031	11382
3031	11383
3031	11384
3031	11385
3031	11386
3031	11387
3031	11388
3031	11389
3031	11390
3031	11391
3031	11392
3031	11393
3031	11394
3031	11395
3031	11396
3031	11397
3031	11398
3031	11399
3032	696
3032	11400
3033	696
3034	696
3034	11401
3034	11402
3034	11403
3034	11404
3034	11405
3034	11406
3034	11407
3034	11408
3035	696
3036	696
3036	11409
3036	11410
3036	11411
3036	11412
3036	11413
3036	11414
3036	11415
3037	0
3037	163
3037	696
3037	11412
3037	11414
3037	11416
3037	11417
3037	11418
3037	11419
3037	11420
3037	11421
3038	696
3038	11422
3039	696
3039	3040
3040	696
3041	696
3042	696
3042	11423
3042	11424
3042	11425
3042	11426
3042	11427
3042	11428
3042	11429
3042	11430
3042	11431
3042	11432
3042	11433
3042	11434
3043	696
3043	3033
3044	696
3044	11435
3044	11436
3044	11437
3045	696
3045	3046
3045	11401
3045	11436
3045	11438
3046	696
3046	3045
3046	11401
3047	696
3049	11439
3049	11440
3052	11441
3052	11442
3052	11443
3054	698
3054	3055
3054	11444
3054	11445
3054	11446
3054	11447
3054	11448
3054	11449
3054	11450
3054	11451
3056	73
3056	235
3056	4059
3057	698
3058	3058
3058	11452
3058	11453
3058	11454
3059	698
3061	698
3061	11455
3061	11456
3064	3063
3064	11457
3064	11458
3064	11459
3064	11460
3064	11461
3069	11462
3069	11463
3070	701
3070	6791
3070	6799
3070	11464
3070	11465
3070	11466
3070	11467
3070	11468
3070	11469
3070	11470
3071	0
3071	697
3071	701
3071	779
3071	838
3071	994
3071	11471
3071	11472
3071	11473
3071	11474
3071	11475
3071	11476
3071	11477
3071	11478
3071	11479
3071	11480
3071	11481
3071	11482
3071	11483
3071	11484
3071	11485
3073	11486
3073	11487
3075	11488
3081	163
3083	163
3083	11489
3083	11490
3083	11491
3083	11492
3083	11493
3083	11494
3084	11495
3084	11496
3087	11497
3087	11498
3087	11499
3087	11500
3087	11501
3087	11502
3087	11503
3088	710
3089	710
3090	710
3090	3091
3091	710
3092	710
3101	711
3102	711
3102	3101
3103	711
3104	11504
3104	11505
3104	11506
3104	11507
3104	11508
3104	11509
3104	11510
3104	11511
3104	11512
3106	3108
3106	11504
3106	11505
3106	11506
3106	11507
3106	11508
3106	11509
3106	11510
3106	11513
3106	11514
3106	11515
3106	11516
3106	11517
3106	11518
3106	11519
3106	11520
3106	11521
3106	11522
3106	11523
3106	11524
3106	11525
3106	11526
3106	11527
3106	11528
3106	11529
3106	11530
3106	11531
3106	11532
3106	11533
3106	11534
3106	11535
3106	11536
3106	11537
3106	11538
3106	11539
3106	11540
3106	11541
3106	11542
3106	11543
3106	11544
3106	11545
3106	11546
3106	11547
3106	11548
3106	11549
3106	11550
3106	11551
3106	11552
3107	11553
3107	11554
3109	715
3110	715
3110	11555
3110	11556
3110	11557
3111	715
3111	11558
3111	11559
3112	715
3112	11560
3112	11561
3112	11562
3113	0
3113	2857
3113	11563
3113	11564
3113	11565
3113	11566
3113	11567
3113	11568
3113	11569
3113	11570
3113	11571
3113	11572
3113	11573
3113	11574
3113	11575
3113	11576
3113	11577
3114	3113
3114	11578
3114	11579
3115	0
3115	11580
3115	11581
3115	11582
3115	11583
3115	11584
3115	11585
3115	11586
3115	11587
3115	11588
3116	3118
3118	3117
3121	3119
3121	3120
3121	3121
3121	3122
3121	3123
3121	3124
3121	3125
3121	3127
3121	3128
3121	3129
3121	3130
3121	3131
3121	3132
3123	3119
3123	3120
3123	3121
3123	3122
3123	3123
3123	3124
3123	3125
3123	3127
3123	3128
3123	3129
3123	3130
3123	3131
3123	3132
3124	3119
3124	3120
3124	3121
3124	3122
3124	3123
3124	3124
3124	3125
3124	3127
3124	3128
3124	3129
3124	3130
3124	3131
3124	3132
3124	11589
3124	11590
3124	11591
3124	11592
3124	11593
3124	11594
3124	11595
3124	11596
3124	11597
3124	11598
3124	11599
3124	11600
3124	11601
3124	11602
3124	11603
3124	11604
3124	11605
3124	11606
3124	11607
3124	11608
3124	11609
3124	11610
3124	11611
3124	11612
3124	11613
3124	11614
3124	11615
3124	11616
3124	11617
3124	11618
3124	11619
3124	11620
3124	11621
3124	11622
3124	11623
3124	11624
3125	3119
3125	3120
3125	3121
3125	3122
3125	3123
3125	3124
3125	3125
3125	3126
3125	3127
3125	3128
3125	3129
3125	3130
3125	3131
3125	3132
3125	5214
3125	6650
3126	3119
3126	3120
3126	3121
3126	3122
3126	3123
3126	3124
3126	3125
3126	3127
3126	3128
3126	3129
3126	3130
3126	3131
3126	3132
3129	3119
3129	3120
3129	3121
3129	3122
3129	3123
3129	3124
3129	3125
3129	3127
3129	3128
3129	3129
3129	3130
3129	3131
3129	3132
3132	11625
3133	722
3133	779
3133	3133
3133	11626
3133	11627
3133	11628
3133	11629
3133	11630
3133	11631
3133	11632
3134	722
3134	3636
3134	11633
3134	11634
3134	11635
3134	11636
3134	11637
3134	11638
3134	11639
3134	11640
3134	11641
3134	11642
3134	11643
3134	11644
3134	11645
3134	11646
3134	11647
3134	11648
3134	11649
3134	11650
3134	11651
3134	11652
3134	11653
3134	11654
3134	11655
3134	11656
3134	11657
3134	11658
3134	11659
3134	11660
3134	11661
3134	11662
3134	11663
3134	11664
3134	11665
3134	11666
3134	11667
3134	11668
3134	11669
3134	11670
3134	11671
3134	11672
3134	11673
3134	11674
3134	11675
3134	11676
3134	11677
3134	11678
3134	11679
3134	11680
3134	11681
3134	11682
3134	11683
3134	11684
3135	722
3136	722
3136	3133
3136	5283
3136	5357
3136	5560
3136	5867
3136	6032
3136	11685
3136	11686
3136	11687
3137	11688
3137	11689
3138	723
3138	3139
3138	3140
3138	3141
3138	3142
3138	3143
3139	723
3139	3138
3139	3140
3139	3141
3139	3142
3139	3143
3139	11690
3139	11691
3139	11692
3139	11693
3139	11694
3139	11695
3139	11696
3139	11697
3139	11698
3139	11699
3139	11700
3139	11701
3139	11702
3139	11703
3139	11704
3139	11705
3139	11706
3139	11707
3139	11708
3139	11709
3139	11710
3139	11711
3139	11712
3139	11713
3139	11714
3139	11715
3139	11716
3139	11717
3139	11718
3139	11719
3140	723
3140	3138
3140	3139
3140	3141
3140	3142
3140	3143
3141	723
3141	3138
3141	3139
3141	3140
3141	3142
3141	3143
3142	723
3142	3138
3142	3139
3142	3140
3142	3141
3142	3143
3143	723
3143	3138
3143	3139
3143	3140
3143	3141
3143	3142
3143	3143
3143	10684
3143	11171
3143	11720
3143	11721
3143	11722
3143	11723
3143	11724
3143	11725
3143	11726
3143	11727
3143	11728
3143	11729
3143	11730
3143	11731
3143	11732
3143	11733
3143	11734
3143	11735
3143	11736
3143	11737
3143	11738
3143	11739
3143	11740
3143	11741
3143	11742
3143	11743
3143	11744
3143	11745
3145	843
3145	11746
3145	11747
3145	11748
3145	11749
3145	11750
3145	11751
3145	11752
3145	11753
3145	11754
3145	11755
3145	11756
3146	11757
3147	730
3148	11758
3148	11759
3148	11760
3148	11761
3149	730
3150	730
3150	11762
3151	11763
3152	731
3154	3154
3154	3155
3154	3156
3154	3157
3154	3158
3154	3159
3154	3160
3154	3161
3154	3162
3155	3154
3155	3155
3155	3156
3155	3157
3155	3158
3155	3159
3155	3160
3155	3161
3155	3162
3156	3154
3156	3155
3156	3156
3156	3157
3156	3158
3156	3159
3156	3160
3156	3161
3156	3162
3156	11764
3157	3154
3157	3155
3157	3156
3157	3157
3157	3158
3157	3159
3157	3160
3157	3161
3157	3162
3157	11765
3157	11766
3157	11767
3157	11768
3158	129
3158	3151
3158	3154
3158	3155
3158	3156
3158	3157
3158	3158
3158	3159
3158	3160
3158	3161
3158	3162
3158	4466
3158	11769
3158	11770
3159	3154
3159	3155
3159	3156
3159	3157
3159	3158
3159	3159
3159	3160
3159	3161
3159	3162
3159	11771
3160	3154
3160	3155
3160	3156
3160	3157
3160	3158
3160	3159
3160	3160
3160	3161
3160	3162
3160	11772
3160	11773
3160	11774
3161	3154
3161	3155
3161	3156
3161	3157
3161	3158
3161	3159
3161	3160
3161	3161
3161	3162
3161	11775
3161	11776
3161	11777
3161	11778
3161	11779
3161	11780
3161	11781
3161	11782
3161	11783
3161	11784
3161	11785
3161	11786
3161	11787
3161	11788
3161	11789
3161	11790
3161	11791
3161	11792
3161	11793
3161	11794
3161	11795
3161	11796
3161	11797
3161	11798
3161	11799
3161	11800
3161	11801
3161	11802
3161	11803
3161	11804
3161	11805
3161	11806
3161	11807
3162	3154
3162	3155
3162	3156
3162	3157
3162	3158
3162	3159
3162	3160
3162	3161
3162	3162
3162	11808
3163	731
3164	732
3164	3165
3164	3166
3164	3167
3164	3168
3164	3169
3164	3170
3164	3171
3164	11809
3164	11810
3164	11811
3164	11812
3164	11813
3164	11814
3164	11815
3164	11816
3164	11817
3164	11818
3165	732
3165	3164
3165	3166
3165	3167
3165	3168
3165	3169
3165	3170
3165	3171
3165	11819
3165	11820
3165	11821
3165	11822
3166	732
3166	3164
3166	3165
3166	3167
3166	3168
3166	3169
3166	3170
3166	3171
3166	11823
3167	732
3167	3164
3167	3165
3167	3166
3167	3168
3167	3169
3167	3170
3167	3171
3168	3164
3168	3165
3168	3166
3168	3167
3168	3168
3168	3169
3168	3170
3168	3171
3169	732
3169	3164
3169	3165
3169	3166
3169	3167
3169	3168
3169	3170
3169	3171
3170	732
3170	3164
3170	3165
3170	3166
3170	3167
3170	3168
3170	3169
3170	3171
3170	11824
3171	732
3171	3164
3171	3165
3171	3166
3171	3167
3171	3168
3171	3169
3171	3170
3182	430
3182	11825
3182	11826
3182	11827
3182	11828
3183	11829
3184	1273
3184	11830
3184	11831
3184	11832
3184	11833
3184	11834
3184	11835
3184	11836
3184	11837
3184	11838
3184	11839
3184	11840
3184	11841
3184	11842
3184	11843
3191	3191
3192	11844
3192	11845
3192	11846
3193	11847
3193	11848
3194	3193
3194	11849
3194	11850
3194	11851
3194	11852
3195	739
3196	739
3197	739
3197	11853
3197	11854
3197	11855
3197	11856
3198	739
3198	5422
3198	5806
3198	6006
3198	6680
3198	11857
3198	11858
3198	11859
3198	11860
3198	11861
3198	11862
3198	11863
3198	11864
3199	5422
3199	11865
3199	11866
3199	11867
3200	10298
3200	11868
3200	11869
3200	11870
3201	0
3201	862
3201	955
3201	3201
3201	7636
3201	11871
3201	11872
3201	11873
3201	11874
3201	11875
3201	11876
3201	11877
3201	11878
3201	11879
3201	11880
3201	11881
3202	691
3202	740
3202	795
3202	11882
3203	740
3203	11883
3204	740
3204	11884
3204	11885
3204	11886
3204	11887
3204	11888
3205	740
3205	11884
3205	11885
3205	11886
3206	740
3206	5681
3206	6102
3206	9945
3206	9949
3206	9961
3206	11889
3206	11890
3206	11891
3206	11892
3206	11893
3206	11894
3206	11895
3207	691
3207	740
3208	740
3208	11896
3208	11897
3208	11898
3208	11899
3208	11900
3208	11901
3210	743
3210	11902
3210	11903
3210	11904
3210	11905
3210	11906
3210	11907
3210	11908
3210	11909
3210	11910
3213	11911
3213	11912
3213	11913
3216	743
3217	11914
3220	3219
3220	11915
3220	11916
3220	11917
3220	11918
3220	11919
3223	11920
3223	11921
3223	11922
3223	11923
3223	11924
3223	11925
3223	11926
3223	11927
3223	11928
3223	11929
3223	11930
3223	11931
3224	11925
3224	11930
3224	11932
3224	11933
3224	11934
3226	749
3226	3233
3227	3232
3227	11935
3227	11936
3227	11937
3227	11938
3227	11939
3228	749
3228	3228
3229	749
3230	749
3230	11940
3230	11941
3230	11942
3230	11943
3230	11944
3230	11945
3230	11946
3231	749
3231	11947
3231	11948
3231	11949
3231	11950
3231	11951
3231	11952
3231	11953
3232	749
3233	103
3233	749
3233	3233
3233	11954
3233	11955
3233	11956
3233	11957
3233	11958
3234	749
3236	751
3237	1151
3237	11959
3237	11960
3237	11961
3237	11962
3238	1
3238	751
3238	11963
3238	11964
3239	751
3239	4266
3239	11965
3240	3240
3240	3241
3240	3242
3240	3243
3240	3244
3240	3245
3240	3246
3241	3240
3241	3241
3241	3242
3241	3243
3241	3244
3241	3245
3241	3246
3241	11966
3242	3240
3242	3241
3242	3242
3242	3243
3242	3244
3242	3245
3242	3246
3242	10806
3242	11967
3243	3240
3243	3241
3243	3242
3243	3243
3243	3244
3243	3245
3243	3246
3244	11968
3244	11969
3244	11970
3245	11971
3245	11972
3246	3240
3246	3241
3246	3242
3246	3243
3246	3244
3246	3245
3246	3246
3246	11973
3246	11974
3246	11975
3249	3249
3249	11976
3249	11977
3249	11978
3249	11979
3249	11980
3250	0
3250	3282
3250	11981
3250	11982
3250	11983
3250	11984
3250	11985
3250	11986
3250	11987
3250	11988
3250	11989
3250	11990
3251	11991
3251	11992
3251	11993
3251	11994
3251	11995
3251	11996
3251	11997
3251	11998
3251	11999
3251	12000
3251	12001
3251	12002
3251	12003
3251	12004
3251	12005
3251	12006
3251	12007
3251	12008
3251	12009
3251	12010
3251	12011
3251	12012
3251	12013
3251	12014
3251	12015
3252	755
3252	4111
3253	755
3253	12016
3254	755
3254	3253
3254	12016
3255	755
3255	12016
3256	12017
3257	1302
3258	755
3258	12016
3258	12018
3259	7140
3260	12019
3261	12020
3262	5814
3262	12021
3263	12022
3263	12023
3263	12024
3263	12025
3263	12026
3263	12027
3263	12028
3263	12029
3263	12030
3263	12031
3263	12032
3263	12033
3263	12034
3263	12035
3263	12036
3264	1192
3264	12037
3266	0
3266	12038
3266	12039
3266	12040
3266	12041
3266	12042
3266	12043
3266	12044
3266	12045
3266	12046
3266	12047
3266	12048
3266	12049
3266	12050
3266	12051
3266	12052
3266	12053
3268	12054
3268	12055
3268	12056
3270	3270
3270	5903
3270	12057
3270	12058
3270	12059
3270	12060
3270	12061
3270	12062
3270	12063
3270	12064
3270	12065
3270	12066
3270	12067
3270	12068
3270	12069
3270	12070
3270	12071
3270	12072
3270	12073
3270	12074
3270	12075
3270	12076
3270	12077
3270	12078
3270	12079
3270	12080
3270	12081
3270	12082
3270	12083
3270	12084
3270	12085
3270	12086
3270	12087
3270	12088
3270	12089
3270	12090
3270	12091
3270	12092
3270	12093
3270	12094
3270	12095
3270	12096
3270	12097
3270	12098
3270	12099
3270	12100
3270	12101
3270	12102
3270	12103
3270	12104
3270	12105
3270	12106
3270	12107
3270	12108
3270	12109
3270	12110
3270	12111
3270	12112
3270	12113
3270	12114
3270	12115
3270	12116
3270	12117
3270	12118
3270	12119
3270	12120
3270	12121
3270	12122
3270	12123
3270	12124
3270	12125
3270	12126
3270	12127
3270	12128
3270	12129
3270	12130
3270	12131
3270	12132
3270	12133
3270	12134
3270	12135
3270	12136
3270	12137
3270	12138
3270	12139
3270	12140
3270	12141
3270	12142
3270	12143
3270	12144
3270	12145
3270	12146
3270	12147
3270	12148
3270	12149
3270	12150
3286	12151
3286	12152
3286	12153
3288	758
3290	758
3290	12154
3290	12155
3290	12156
3290	12157
3290	12158
3290	12159
3290	12160
3290	12161
3290	12162
3290	12163
3290	12164
3290	12165
3290	12166
3290	12167
3290	12168
3290	12169
3290	12170
3290	12171
3290	12172
3290	12173
3290	12174
3290	12175
3290	12176
3290	12177
3290	12178
3290	12179
3290	12180
3290	12181
3290	12182
3290	12183
3290	12184
3290	12185
3290	12186
3290	12187
3290	12188
3290	12189
3290	12190
3290	12191
3290	12192
3290	12193
3290	12194
3290	12195
3290	12196
3290	12197
3290	12198
3290	12199
3290	12200
3290	12201
3290	12202
3290	12203
3290	12204
3290	12205
3290	12206
3290	12207
3290	12208
3290	12209
3290	12210
3290	12211
3290	12212
3290	12213
3290	12214
3290	12215
3290	12216
3290	12217
3290	12218
3290	12219
3290	12220
3290	12221
3290	12222
3290	12223
3290	12224
3290	12225
3290	12226
3290	12227
3290	12228
3290	12229
3290	12230
3293	12231
3293	12232
3296	12233
3296	12234
3299	759
3299	12235
3299	12236
3299	12237
3302	12238
3302	12239
3302	12240
3302	12241
3302	12242
3303	3304
3303	12243
3303	12244
3303	12245
3303	12246
3303	12247
3303	12248
3306	3305
3306	12249
3307	0
3308	0
3308	3307
3308	12250
3308	12251
3308	12252
3308	12253
3308	12254
3308	12255
3311	765
3311	12256
3311	12257
3311	12258
3311	12259
3312	765
3313	765
3315	765
3315	786
3315	12260
3315	12261
3315	12262
3315	12263
3315	12264
3315	12265
3315	12266
3315	12267
3315	12268
3316	3316
3317	765
3320	766
3323	12269
3323	12270
3323	12271
3323	12272
3323	12273
3326	766
3327	3323
3327	3327
3328	12274
3330	766
3335	1663
3335	1838
3335	10297
3335	10298
3335	10308
3335	10325
3335	12275
3335	12276
3335	12277
3335	12278
3335	12279
3335	12280
3335	12281
3335	12282
3335	12283
3335	12284
3335	12285
3335	12286
3340	767
3340	3340
3340	3341
3340	3342
3340	3343
3340	3344
3340	3345
3340	3346
3340	3347
3340	12287
3341	767
3341	3340
3341	3341
3341	3342
3341	3343
3341	3344
3341	3345
3341	3346
3341	3347
3341	12287
3342	767
3342	3340
3342	3341
3342	3342
3342	3343
3342	3345
3342	3346
3342	3347
3342	12288
3342	12289
3342	12290
3342	12291
3343	767
3343	3340
3343	3341
3343	3342
3343	3343
3343	3345
3343	3346
3343	3347
3344	767
3344	3340
3344	3341
3344	3342
3344	3343
3344	3344
3344	3345
3344	3346
3344	3347
3344	12287
3345	767
3345	3340
3345	3341
3345	3342
3345	3343
3345	3344
3345	3345
3345	3346
3345	3347
3345	12287
3346	767
3346	3340
3346	3341
3346	3342
3346	3343
3346	3344
3346	3345
3346	3346
3346	3347
3346	12287
3347	767
3347	3340
3347	3341
3347	3342
3347	3343
3347	3344
3347	3345
3347	3346
3347	3347
3347	12287
3348	672
3348	1154
3348	1273
3350	3359
3351	768
3351	12292
3351	12293
3351	12294
3351	12295
3351	12296
3351	12297
3352	768
3352	12298
3352	12299
3353	768
3353	12300
3353	12301
3353	12302
3353	12303
3353	12304
3353	12305
3353	12306
3353	12307
3353	12308
3353	12309
3353	12310
3354	12311
3354	12312
3354	12313
3354	12314
3354	12315
3354	12316
3354	12317
3355	12318
3355	12319
3355	12320
3355	12321
3356	768
3356	12322
3356	12323
3356	12324
3356	12325
3356	12326
3357	12327
3357	12328
3357	12329
3357	12330
3357	12331
3357	12332
3357	12333
3357	12334
3357	12335
3357	12336
3358	768
3362	773
3363	773
3363	3366
3363	12337
3363	12338
3363	12339
3363	12340
3363	12341
3363	12342
3363	12343
3363	12344
3363	12345
3363	12346
3363	12347
3363	12348
3363	12349
3364	773
3368	776
3368	3367
3368	3369
3368	3370
3368	3371
3368	3372
3368	3373
3368	3374
3370	776
3370	12350
3370	12351
3370	12352
3371	12353
3371	12354
3371	12355
3371	12356
3371	12357
3371	12358
3371	12359
3372	776
3372	3367
3372	3374
3372	5376
3372	5422
3372	5516
3372	5607
3372	6051
3372	6294
3372	6680
3372	12360
3372	12361
3372	12362
3372	12363
3372	12364
3373	776
3375	779
3375	3133
3375	3375
3375	3376
3375	3377
3375	3378
3375	3379
3375	3380
3376	779
3376	3375
3376	3376
3376	3377
3376	3378
3376	3379
3376	3380
3377	779
3377	1351
3377	3133
3377	3375
3377	3376
3377	3377
3377	3378
3377	3379
3377	3380
3377	6816
3377	7087
3377	12365
3377	12366
3377	12367
3377	12368
3377	12369
3377	12370
3377	12371
3377	12372
3377	12373
3377	12374
3377	12375
3377	12376
3377	12377
3377	12378
3377	12379
3377	12380
3377	12381
3377	12382
3377	12383
3377	12384
3377	12385
3377	12386
3377	12387
3377	12388
3377	12389
3377	12390
3377	12391
3377	12392
3377	12393
3378	779
3378	3375
3378	3376
3378	3377
3378	3378
3378	3379
3378	3380
3379	779
3379	3375
3379	3376
3379	3377
3379	3378
3379	3379
3379	3380
3380	779
3381	3382
3381	12394
3381	12395
3381	12396
3381	12397
3382	12398
3387	765
3387	790
3387	12261
3387	12399
3387	12400
3387	12401
3387	12402
3387	12403
3387	12404
3387	12405
3387	12406
3387	12407
3387	12408
3387	12409
3387	12410
3387	12411
3387	12412
3387	12413
3387	12414
3387	12415
3388	12416
3388	12417
3388	12418
3388	12419
3388	12420
3388	12421
3388	12422
3389	787
3389	12423
3389	12424
3389	12425
3389	12426
3389	12427
3389	12428
3389	12429
3389	12430
3389	12431
3389	12432
3389	12433
3389	12434
3389	12435
3389	12436
3389	12437
3389	12438
3390	787
3390	12439
3390	12440
3390	12441
3390	12442
3390	12443
3390	12444
3390	12445
3390	12446
3390	12447
3390	12448
3390	12449
3390	12450
3390	12451
3390	12452
3390	12453
3390	12454
3390	12455
3390	12456
3390	12457
3390	12458
3390	12459
3390	12460
3390	12461
3390	12462
3390	12463
3390	12464
3390	12465
3390	12466
3390	12467
3390	12468
3390	12469
3390	12470
3390	12471
3390	12472
3390	12473
3390	12474
3390	12475
3390	12476
3390	12477
3390	12478
3392	787
3392	3393
3393	787
3393	12479
3393	12480
3393	12481
3393	12482
3393	12483
3393	12484
3393	12485
3393	12486
3393	12487
3394	787
3394	12488
3394	12489
3394	12490
3394	12491
3394	12492
3394	12493
3394	12494
3394	12495
3394	12496
3394	12497
3394	12498
3394	12499
3395	787
3395	3394
3396	787
3397	787
3398	160
3398	695
3398	787
3398	4261
3399	160
3399	695
3399	787
3399	4261
3399	12500